ISO-10303-21;
HEADER;
/* Generated by software containing ST-Developer
 * from STEP Tools, Inc. (www.steptools.com) 
 */

FILE_DESCRIPTION(
/* description */ (''),
/* implementation_level */ '2;1');

FILE_NAME(
/* name */ 'Fume Extractor_Case3.step',
/* time_stamp */ '2026-04-22T11:24:43+08:00',
/* author */ (''),
/* organization */ (''),
/* preprocessor_version */ 'ST-DEVELOPER v20.1',
/* originating_system */ 'Autodesk Translation Framework v15.8.0.0',
/* authorisation */ '');

FILE_SCHEMA (('AUTOMOTIVE_DESIGN { 1 0 10303 214 3 1 1 }'));
ENDSEC;

DATA;
#10=MECHANICAL_DESIGN_GEOMETRIC_PRESENTATION_REPRESENTATION('',(#13),#7697);
#11=SHAPE_REPRESENTATION_RELATIONSHIP('SRR','None',#7704,#12);
#12=ADVANCED_BREP_SHAPE_REPRESENTATION('',(#14),#7696);
#13=STYLED_ITEM('',(#7713),#14);
#14=MANIFOLD_SOLID_BREP('Body1',#4295);
#15=ELLIPSE('',#4347,0.707106781186516,0.5);
#16=ELLIPSE('',#4348,0.707106781186553,0.5);
#17=ELLIPSE('',#4350,0.707106781186575,0.5);
#18=ELLIPSE('',#4351,0.707106781186548,0.5);
#19=FACE_BOUND('',#437,.T.);
#20=FACE_BOUND('',#445,.T.);
#21=FACE_BOUND('',#447,.T.);
#22=FACE_BOUND('',#451,.T.);
#23=FACE_BOUND('',#452,.T.);
#24=FACE_BOUND('',#617,.T.);
#25=FACE_BOUND('',#633,.T.);
#26=FACE_BOUND('',#635,.T.);
#27=FACE_BOUND('',#638,.T.);
#28=FACE_BOUND('',#641,.T.);
#29=FACE_BOUND('',#643,.T.);
#30=FACE_BOUND('',#644,.T.);
#31=FACE_BOUND('',#645,.T.);
#32=FACE_BOUND('',#646,.T.);
#33=FACE_BOUND('',#649,.T.);
#34=FACE_BOUND('',#651,.T.);
#35=B_SPLINE_CURVE_WITH_KNOTS('',3,(#6027,#6028,#6029,#6030,#6031,#6032),
 .UNSPECIFIED.,.F.,.F.,(4,2,4),(0.465985984466959,0.507303278247067,0.590978847253235),
 .UNSPECIFIED.);
#36=B_SPLINE_CURVE_WITH_KNOTS('',3,(#6047,#6048,#6049,#6050,#6051,#6052),
 .UNSPECIFIED.,.F.,.F.,(4,2,4),(0.590978847253235,0.674654416259404,0.715971710039512),
 .UNSPECIFIED.);
#37=B_SPLINE_CURVE_WITH_KNOTS('',3,(#6149,#6150,#6151,#6152),
 .UNSPECIFIED.,.F.,.F.,(4,4),(-0.563301284798372,-0.458391852810691),
 .UNSPECIFIED.);
#38=B_SPLINE_CURVE_WITH_KNOTS('',3,(#6161,#6162,#6163,#6164),
 .UNSPECIFIED.,.F.,.F.,(4,4),(0.458391852810691,0.563301284748753),
 .UNSPECIFIED.);
#39=B_SPLINE_CURVE_WITH_KNOTS('',3,(#6169,#6170,#6171,#6172,#6173,#6174),
 .UNSPECIFIED.,.F.,.F.,(4,2,4),(-0.116692410237314,0.,0.000850233555687917),
 .UNSPECIFIED.);
#40=B_SPLINE_CURVE_WITH_KNOTS('',3,(#6181,#6182,#6183,#6184,#6185,#6186,
#6187,#6188,#6189,#6190),.UNSPECIFIED.,.F.,.F.,(4,2,2,2,4),(-0.118273465611936,
-0.117579597253726,-0.0934702527734129,-0.0839819127534358,0.),
 .UNSPECIFIED.);
#41=B_SPLINE_CURVE_WITH_KNOTS('',3,(#6191,#6192,#6193,#6194),
 .UNSPECIFIED.,.F.,.F.,(4,4),(2.57097590663958,2.74263329812859),
 .UNSPECIFIED.);
#42=B_SPLINE_CURVE_WITH_KNOTS('',3,(#6198,#6199,#6200,#6201,#6202,#6203),
 .UNSPECIFIED.,.F.,.F.,(4,2,4),(0.444350367712669,0.459655658222698,0.547827043796238),
 .UNSPECIFIED.);
#43=B_SPLINE_CURVE_WITH_KNOTS('',3,(#6207,#6208,#6209,#6210),
 .UNSPECIFIED.,.F.,.F.,(4,4),(0.458391852810691,0.563301284748753),
 .UNSPECIFIED.);
#44=B_SPLINE_CURVE_WITH_KNOTS('',3,(#6254,#6255,#6256,#6257),
 .UNSPECIFIED.,.F.,.F.,(4,4),(-0.563301284798372,-0.458391852810691),
 .UNSPECIFIED.);
#45=B_SPLINE_CURVE_WITH_KNOTS('',3,(#6261,#6262,#6263,#6264,#6265,#6266),
 .UNSPECIFIED.,.F.,.F.,(4,2,4),(0.,0.0881713855735401,0.103476676083569),
 .UNSPECIFIED.);
#46=B_SPLINE_CURVE_WITH_KNOTS('',3,(#6270,#6271,#6272,#6273,#6274,#6275),
 .UNSPECIFIED.,.F.,.F.,(4,2,4),(0.44435036771267,0.459655658222698,0.547827043796238),
 .UNSPECIFIED.);
#47=B_SPLINE_CURVE_WITH_KNOTS('',3,(#6282,#6283,#6284,#6285,#6286,#6287),
 .UNSPECIFIED.,.F.,.F.,(4,2,4),(0.,0.0881713855735407,0.10347667608357),
 .UNSPECIFIED.);
#48=B_SPLINE_CURVE_WITH_KNOTS('',3,(#6292,#6293,#6294,#6295,#6296,#6297,
#6298,#6299),.UNSPECIFIED.,.F.,.F.,(4,2,2,4),(-0.155750329924571,-0.0736118130482143,
0.,0.000783951179041092),.UNSPECIFIED.);
#49=B_SPLINE_CURVE_WITH_KNOTS('',3,(#6308,#6309,#6310,#6311,#6312,#6313),
 .UNSPECIFIED.,.F.,.F.,(4,2,4),(-0.109576187188168,-0.108822383887453,0.),
 .UNSPECIFIED.);
#50=B_SPLINE_CURVE_WITH_KNOTS('',3,(#6314,#6315,#6316,#6317),
 .UNSPECIFIED.,.F.,.F.,(4,4),(0.0787016575869738,0.253064039172612),
 .UNSPECIFIED.);
#51=B_SPLINE_CURVE_WITH_KNOTS('',3,(#6320,#6321,#6322,#6323),
 .UNSPECIFIED.,.F.,.F.,(4,4),(-0.563301284798371,-0.458391852810691),
 .UNSPECIFIED.);
#52=B_SPLINE_CURVE_WITH_KNOTS('',3,(#6331,#6332,#6333,#6334),
 .UNSPECIFIED.,.F.,.F.,(4,4),(0.458391852810691,0.563301284748753),
 .UNSPECIFIED.);
#53=B_SPLINE_CURVE_WITH_KNOTS('',3,(#6338,#6339,#6340,#6341,#6342,#6343),
 .UNSPECIFIED.,.F.,.F.,(4,2,4),(-0.127459954019741,0.,0.000882904147250768),
 .UNSPECIFIED.);
#54=B_SPLINE_CURVE_WITH_KNOTS('',3,(#6352,#6353,#6354,#6355,#6356,#6357,
#6358,#6359,#6360,#6361),.UNSPECIFIED.,.F.,.F.,(4,2,2,2,4),(-0.134915080590536,
-0.134247198966306,-0.100560559584014,-0.0866617589902822,0.),
 .UNSPECIFIED.);
#55=B_SPLINE_CURVE_WITH_KNOTS('',3,(#6362,#6363,#6364,#6365),
 .UNSPECIFIED.,.F.,.F.,(4,4),(2.50303442003919,2.67739680162483),
 .UNSPECIFIED.);
#56=B_SPLINE_CURVE_WITH_KNOTS('',3,(#6649,#6650,#6651,#6652),
 .UNSPECIFIED.,.F.,.F.,(4,4),(0.458391852810691,0.563301284748752),
 .UNSPECIFIED.);
#57=B_SPLINE_CURVE_WITH_KNOTS('',3,(#6656,#6657,#6658,#6659,#6660,#6661,
#6662,#6663,#6664,#6665,#6666,#6667),.UNSPECIFIED.,.F.,.F.,(4,2,2,2,2,4),
(0.0909203469570577,0.119173179047151,0.147426011137245,0.166178528739108,
0.175554787540039,0.184931046340971),.UNSPECIFIED.);
#58=B_SPLINE_CURVE_WITH_KNOTS('',3,(#6671,#6672,#6673,#6674,#6675,#6676,
#6677,#6678,#6679,#6680,#6681,#6682),.UNSPECIFIED.,.F.,.F.,(4,2,2,2,2,4),
(0.,0.0093762588009314,0.0187525176018628,0.0375050352037256,0.0657578672938192,
0.0940106993839128),.UNSPECIFIED.);
#59=B_SPLINE_CURVE_WITH_KNOTS('',3,(#6686,#6687,#6688,#6689,#6690,#6691,
#6692,#6693,#6694,#6695),.UNSPECIFIED.,.F.,.F.,(4,2,2,2,4),(-0.0859103303715378,
-0.0615430031827954,-0.0371756759940531,-0.0185878379970266,0.),
 .UNSPECIFIED.);
#60=B_SPLINE_CURVE_WITH_KNOTS('',3,(#6699,#6700,#6701,#6702,#6703,#6704,
#6705,#6706,#6707,#6708),.UNSPECIFIED.,.F.,.F.,(4,2,2,2,4),(0.173782222612926,
0.192370060609952,0.210957898606979,0.235325225795721,0.259692552984464),
 .UNSPECIFIED.);
#61=B_SPLINE_CURVE_WITH_KNOTS('',3,(#6712,#6713,#6714,#6715,#6716,#6717,
#6718,#6719,#6720,#6721),.UNSPECIFIED.,.F.,.F.,(4,2,2,2,4),(0.0756475168058295,
0.0947364091218441,0.113825301437859,0.132656170462175,0.151487039486491),
 .UNSPECIFIED.);
#62=B_SPLINE_CURVE_WITH_KNOTS('',3,(#6725,#6726,#6727,#6728,#6729,#6730,
#6731,#6732,#6733,#6734),.UNSPECIFIED.,.F.,.F.,(4,2,2,2,4),(0.,0.0188308690243163,
0.0376617380486325,0.0567506303646471,0.0758395226806618),.UNSPECIFIED.);
#63=B_SPLINE_CURVE_WITH_KNOTS('',3,(#6738,#6739,#6740,#6741,#6742,#6743,
#6744,#6745,#6746,#6747),.UNSPECIFIED.,.F.,.F.,(4,2,2,2,4),(-0.0753818398615284,
-0.0565235333888956,-0.0376652269162627,-0.0188326134581314,0.),
 .UNSPECIFIED.);
#64=B_SPLINE_CURVE_WITH_KNOTS('',3,(#6751,#6752,#6753,#6754,#6755,#6756,
#6757,#6758,#6759,#6760),.UNSPECIFIED.,.F.,.F.,(4,2,2,2,4),(0.150846523807772,
0.169679137265903,0.188511750724034,0.207370057196667,0.2262283636693),
 .UNSPECIFIED.);
#65=B_SPLINE_CURVE_WITH_KNOTS('',3,(#6766,#6767,#6768,#6769,#6770,#6771,
#6772,#6773,#6774,#6775),.UNSPECIFIED.,.F.,.F.,(4,2,2,2,4),(0.,0.0188326134581314,
0.0376652269162627,0.0565235333888956,0.0753818398615284),.UNSPECIFIED.);
#66=B_SPLINE_CURVE_WITH_KNOTS('',3,(#6787,#6788,#6789,#6790,#6791,#6792,
#6793,#6794,#6795,#6796),.UNSPECIFIED.,.F.,.F.,(4,2,2,2,4),(0.0754646839462431,
0.094322990418876,0.113181296891509,0.13201391034964,0.150846523807772),
 .UNSPECIFIED.);
#67=B_SPLINE_CURVE_WITH_KNOTS('',3,(#6802,#6803,#6804,#6805,#6806,#6807,
#6808,#6809,#6810,#6811),.UNSPECIFIED.,.F.,.F.,(4,2,2,2,4),(0.151487039486491,
0.170317908510807,0.189148777535124,0.208237669851138,0.227326562167153),
 .UNSPECIFIED.);
#68=B_SPLINE_CURVE_WITH_KNOTS('',3,(#6836,#6837,#6838,#6839,#6840,#6841,
#6842,#6843,#6844,#6845),.UNSPECIFIED.,.F.,.F.,(4,2,2,2,4),(-0.0758395226806618,
-0.0567506303646471,-0.0376617380486325,-0.0188308690243162,0.),
 .UNSPECIFIED.);
#69=B_SPLINE_CURVE_WITH_KNOTS('',3,(#6969,#6970,#6971,#6972,#6973,#6974,
#6975,#6976,#6977,#6978),.UNSPECIFIED.,.F.,.F.,(4,2,2,2,4),(0.0878718922413875,
0.11223921943013,0.136606546618872,0.155194384615899,0.173782222612925),
 .UNSPECIFIED.);
#70=B_SPLINE_CURVE_WITH_KNOTS('',3,(#6982,#6983,#6984,#6985,#6986,#6987,
#6988,#6989,#6990,#6991),.UNSPECIFIED.,.F.,.F.,(4,2,2,2,4),(0.,0.0185878379970265,
0.0371756759940531,0.0615430031827954,0.0859103303715378),.UNSPECIFIED.);
#71=B_SPLINE_CURVE_WITH_KNOTS('',3,(#6995,#6996,#6997,#6998,#6999,#7000,
#7001,#7002,#7003,#7004,#7005,#7006),.UNSPECIFIED.,.F.,.F.,(4,2,2,2,2,4),
(-0.0940106993839128,-0.0657578672938192,-0.0375050352037256,-0.0187525176018628,
-0.0093762588009314,0.),.UNSPECIFIED.);
#72=B_SPLINE_CURVE_WITH_KNOTS('',3,(#7010,#7011,#7012,#7013,#7014,#7015,
#7016,#7017,#7018,#7019,#7020,#7021),.UNSPECIFIED.,.F.,.F.,(4,2,2,2,2,4),
(0.184931046340971,0.194307305141903,0.203683563942834,0.222436081544697,
0.25068891363479,0.278941745724884),.UNSPECIFIED.);
#73=B_SPLINE_CURVE_WITH_KNOTS('',3,(#7027,#7028,#7029,#7030,#7031,#7032),
 .UNSPECIFIED.,.F.,.F.,(4,2,4),(0.444350367712665,0.459655658222699,0.54782704379624),
 .UNSPECIFIED.);
#74=B_SPLINE_CURVE_WITH_KNOTS('',3,(#7040,#7041,#7042,#7043,#7044,#7045),
 .UNSPECIFIED.,.F.,.F.,(4,2,4),(0.,0.0881713855735407,0.103476676083573),
 .UNSPECIFIED.);
#75=B_SPLINE_CURVE_WITH_KNOTS('',3,(#7049,#7050,#7051,#7052,#7053,#7054),
 .UNSPECIFIED.,.F.,.F.,(4,2,4),(0.444350367712665,0.459655658222698,0.547827043796239),
 .UNSPECIFIED.);
#76=B_SPLINE_CURVE_WITH_KNOTS('',3,(#7081,#7082,#7083,#7084),
 .UNSPECIFIED.,.F.,.F.,(4,4),(-0.56330128479837,-0.458391852810691),
 .UNSPECIFIED.);
#77=B_SPLINE_CURVE_WITH_KNOTS('',3,(#7088,#7089,#7090,#7091,#7092,#7093),
 .UNSPECIFIED.,.F.,.F.,(4,2,4),(0.,0.0881713855735407,0.103476676083573),
 .UNSPECIFIED.);
#78=B_SPLINE_CURVE_WITH_KNOTS('',3,(#7138,#7139,#7140,#7141,#7142,#7143,
#7144,#7145,#7146,#7147),.UNSPECIFIED.,.F.,.F.,(4,2,2,2,4),(0.0756947678649657,
0.0946376912408642,0.113580614616763,0.132406590618951,0.151232566621139),
 .UNSPECIFIED.);
#79=B_SPLINE_CURVE_WITH_KNOTS('',3,(#7151,#7152,#7153,#7154,#7155,#7156,
#7157,#7158,#7159,#7160),.UNSPECIFIED.,.F.,.F.,(4,2,2,2,4),(0.,0.0188259760021881,
0.0376519520043761,0.0565948753802746,0.0755377987561731),.UNSPECIFIED.);
#80=B_SPLINE_CURVE_WITH_KNOTS('',3,(#7164,#7165,#7166,#7167,#7168,#7169,
#7170,#7171,#7172,#7173),.UNSPECIFIED.,.F.,.F.,(4,2,2,2,4),(-0.0762556255173781,
-0.0569515026493453,-0.0376473797813127,-0.0188236898906563,0.),
 .UNSPECIFIED.);
#81=B_SPLINE_CURVE_WITH_KNOTS('',3,(#7177,#7178,#7179,#7180,#7181,#7182,
#7183,#7184,#7185,#7186),.UNSPECIFIED.,.F.,.F.,(4,2,2,2,4),(0.152236794506389,
0.171060484397045,0.189884174287702,0.209188297155734,0.228492420023767),
 .UNSPECIFIED.);
#82=B_SPLINE_CURVE_WITH_KNOTS('',3,(#7190,#7191,#7192,#7193,#7194,#7195,
#7196,#7197,#7198,#7199),.UNSPECIFIED.,.F.,.F.,(4,2,2,2,4),(0.091781606002628,
0.117803740273054,0.143825874543481,0.162366955104829,0.180908035666178),
 .UNSPECIFIED.);
#83=B_SPLINE_CURVE_WITH_KNOTS('',3,(#7203,#7204,#7205,#7206,#7207,#7208,
#7209,#7210,#7211,#7212),.UNSPECIFIED.,.F.,.F.,(4,2,2,2,4),(0.,0.0185410805613484,
0.0370821611226969,0.0631042953931233,0.0891264296635498),.UNSPECIFIED.);
#84=B_SPLINE_CURVE_WITH_KNOTS('',3,(#7216,#7217,#7218,#7219,#7220,#7221,
#7222,#7223,#7224,#7225,#7226,#7227),.UNSPECIFIED.,.F.,.F.,(4,2,2,2,2,4),
(-0.100503204402164,-0.0690927960109452,-0.0376823876197266,-0.0188411938098633,
-0.00942059690493163,0.),.UNSPECIFIED.);
#85=B_SPLINE_CURVE_WITH_KNOTS('',3,(#7231,#7232,#7233,#7234,#7235,#7236,
#7237,#7238,#7239,#7240,#7241,#7242),.UNSPECIFIED.,.F.,.F.,(4,2,2,2,2,4),
(0.196477995052595,0.205898591957526,0.215319188862458,0.234160382672321,
0.26557079106354,0.296981199454759),.UNSPECIFIED.);
#86=B_SPLINE_CURVE_WITH_KNOTS('',3,(#7249,#7250,#7251,#7252,#7253,#7254,
#7255,#7256,#7257,#7258,#7259,#7260),.UNSPECIFIED.,.F.,.F.,(4,2,2,2,2,4),
(0.,0.00942059690493165,0.0188411938098633,0.0376823876197266,0.0690927960109455,
0.100503204402164),.UNSPECIFIED.);
#87=B_SPLINE_CURVE_WITH_KNOTS('',3,(#7272,#7273,#7274,#7275,#7276,#7277,
#7278,#7279,#7280,#7281,#7282,#7283),.UNSPECIFIED.,.F.,.F.,(4,2,2,2,2,4),
(0.0959747906504304,0.127385199041649,0.158795607432868,0.177636801242732,
0.187057398147663,0.196477995052595),.UNSPECIFIED.);
#88=B_SPLINE_CURVE_WITH_KNOTS('',3,(#7289,#7290,#7291,#7292,#7293,#7294,
#7295,#7296,#7297,#7298),.UNSPECIFIED.,.F.,.F.,(4,2,2,2,4),(0.180908035666178,
0.199449116227526,0.217990196788875,0.244012331059301,0.270034465329728),
 .UNSPECIFIED.);
#89=B_SPLINE_CURVE_WITH_KNOTS('',3,(#7323,#7324,#7325,#7326,#7327,#7328,
#7329,#7330,#7331,#7332),.UNSPECIFIED.,.F.,.F.,(4,2,2,2,4),(-0.0891264296635497,
-0.0631042953931232,-0.0370821611226967,-0.0185410805613483,0.),
 .UNSPECIFIED.);
#90=B_SPLINE_CURVE_WITH_KNOTS('',3,(#7575,#7576,#7577,#7578,#7579,#7580),
 .UNSPECIFIED.,.F.,.F.,(4,2,4),(-0.103242476209644,-0.102495681558661,0.),
 .UNSPECIFIED.);
#91=B_SPLINE_CURVE_WITH_KNOTS('',3,(#7582,#7583,#7584,#7585),
 .UNSPECIFIED.,.F.,.F.,(4,4),(0.0134651610832341,0.185122552572247),
 .UNSPECIFIED.);
#92=B_SPLINE_CURVE_WITH_KNOTS('',3,(#7586,#7587,#7588,#7589,#7590,#7591,
#7592,#7593),.UNSPECIFIED.,.F.,.F.,(4,2,2,4),(-0.128199979122505,-0.0642720040361336,
0.,0.000789913610736588),.UNSPECIFIED.);
#93=B_SPLINE_CURVE_WITH_KNOTS('',3,(#7606,#7607,#7608,#7609,#7610,#7611,
#7612,#7613,#7614,#7615),.UNSPECIFIED.,.F.,.F.,(4,2,2,2,4),(0.151232566621139,
0.170058542623327,0.188884518625515,0.207827442001413,0.226770365377312),
 .UNSPECIFIED.);
#94=B_SPLINE_CURVE_WITH_KNOTS('',3,(#7623,#7624,#7625,#7626,#7627,#7628,
#7629,#7630,#7631,#7632),.UNSPECIFIED.,.F.,.F.,(4,2,2,2,4),(0.075981168989011,
0.0952852918570436,0.114589414725076,0.133413104615733,0.152236794506389),
 .UNSPECIFIED.);
#95=B_SPLINE_CURVE_WITH_KNOTS('',3,(#7640,#7641,#7642,#7643,#7644,#7645,
#7646,#7647,#7648,#7649),.UNSPECIFIED.,.F.,.F.,(4,2,2,2,4),(-0.0755377987561731,
-0.0565948753802746,-0.0376519520043761,-0.018825976002188,0.),
 .UNSPECIFIED.);
#96=B_SPLINE_CURVE_WITH_KNOTS('',3,(#7654,#7655,#7656,#7657,#7658,#7659,
#7660,#7661,#7662,#7663),.UNSPECIFIED.,.F.,.F.,(4,2,2,2,4),(0.,0.0188236898906564,
0.0376473797813127,0.0569515026493454,0.076255625517378),.UNSPECIFIED.);
#97=TOROIDAL_SURFACE('',#4323,2.,1.);
#98=TOROIDAL_SURFACE('',#4329,2.,1.);
#99=TOROIDAL_SURFACE('',#4335,2.,1.);
#100=TOROIDAL_SURFACE('',#4341,2.,1.);
#101=TOROIDAL_SURFACE('',#4368,7.,3.);
#102=TOROIDAL_SURFACE('',#4374,7.,3.);
#103=TOROIDAL_SURFACE('',#4381,7.,3.);
#104=TOROIDAL_SURFACE('',#4705,7.,3.);
#105=PLANE('',#4318);
#106=PLANE('',#4345);
#107=PLANE('',#4354);
#108=PLANE('',#4355);
#109=PLANE('',#4356);
#110=PLANE('',#4357);
#111=PLANE('',#4364);
#112=PLANE('',#4386);
#113=PLANE('',#4387);
#114=PLANE('',#4388);
#115=PLANE('',#4389);
#116=PLANE('',#4390);
#117=PLANE('',#4394);
#118=PLANE('',#4398);
#119=PLANE('',#4399);
#120=PLANE('',#4400);
#121=PLANE('',#4401);
#122=PLANE('',#4402);
#123=PLANE('',#4403);
#124=PLANE('',#4404);
#125=PLANE('',#4408);
#126=PLANE('',#4412);
#127=PLANE('',#4418);
#128=PLANE('',#4424);
#129=PLANE('',#4425);
#130=PLANE('',#4426);
#131=PLANE('',#4430);
#132=PLANE('',#4434);
#133=PLANE('',#4440);
#134=PLANE('',#4446);
#135=PLANE('',#4447);
#136=PLANE('',#4448);
#137=PLANE('',#4452);
#138=PLANE('',#4456);
#139=PLANE('',#4462);
#140=PLANE('',#4468);
#141=PLANE('',#4469);
#142=PLANE('',#4470);
#143=PLANE('',#4474);
#144=PLANE('',#4478);
#145=PLANE('',#4484);
#146=PLANE('',#4490);
#147=PLANE('',#4491);
#148=PLANE('',#4500);
#149=PLANE('',#4502);
#150=PLANE('',#4509);
#151=PLANE('',#4514);
#152=PLANE('',#4516);
#153=PLANE('',#4517);
#154=PLANE('',#4521);
#155=PLANE('',#4525);
#156=PLANE('',#4531);
#157=PLANE('',#4537);
#158=PLANE('',#4538);
#159=PLANE('',#4539);
#160=PLANE('',#4543);
#161=PLANE('',#4547);
#162=PLANE('',#4553);
#163=PLANE('',#4559);
#164=PLANE('',#4560);
#165=PLANE('',#4571);
#166=PLANE('',#4573);
#167=PLANE('',#4577);
#168=PLANE('',#4582);
#169=PLANE('',#4585);
#170=PLANE('',#4594);
#171=PLANE('',#4596);
#172=PLANE('',#4603);
#173=PLANE('',#4608);
#174=PLANE('',#4610);
#175=PLANE('',#4611);
#176=PLANE('',#4615);
#177=PLANE('',#4619);
#178=PLANE('',#4625);
#179=PLANE('',#4631);
#180=PLANE('',#4632);
#181=PLANE('',#4633);
#182=PLANE('',#4637);
#183=PLANE('',#4641);
#184=PLANE('',#4647);
#185=PLANE('',#4653);
#186=PLANE('',#4654);
#187=PLANE('',#4655);
#188=PLANE('',#4659);
#189=PLANE('',#4663);
#190=PLANE('',#4669);
#191=PLANE('',#4675);
#192=PLANE('',#4676);
#193=PLANE('',#4677);
#194=PLANE('',#4681);
#195=PLANE('',#4685);
#196=PLANE('',#4691);
#197=PLANE('',#4697);
#198=PLANE('',#4698);
#199=PLANE('',#4699);
#200=PLANE('',#4708);
#201=PLANE('',#4710);
#202=PLANE('',#4714);
#203=PLANE('',#4719);
#204=PLANE('',#4722);
#205=PLANE('',#4724);
#206=PLANE('',#4725);
#207=PLANE('',#4728);
#208=PLANE('',#4731);
#209=PLANE('',#4732);
#210=PLANE('',#4735);
#211=PLANE('',#4736);
#212=FACE_OUTER_BOUND('',#424,.T.);
#213=FACE_OUTER_BOUND('',#425,.T.);
#214=FACE_OUTER_BOUND('',#426,.T.);
#215=FACE_OUTER_BOUND('',#427,.T.);
#216=FACE_OUTER_BOUND('',#428,.T.);
#217=FACE_OUTER_BOUND('',#429,.T.);
#218=FACE_OUTER_BOUND('',#430,.T.);
#219=FACE_OUTER_BOUND('',#431,.T.);
#220=FACE_OUTER_BOUND('',#432,.T.);
#221=FACE_OUTER_BOUND('',#433,.T.);
#222=FACE_OUTER_BOUND('',#434,.T.);
#223=FACE_OUTER_BOUND('',#435,.T.);
#224=FACE_OUTER_BOUND('',#436,.T.);
#225=FACE_OUTER_BOUND('',#438,.T.);
#226=FACE_OUTER_BOUND('',#439,.T.);
#227=FACE_OUTER_BOUND('',#440,.T.);
#228=FACE_OUTER_BOUND('',#441,.T.);
#229=FACE_OUTER_BOUND('',#442,.T.);
#230=FACE_OUTER_BOUND('',#443,.T.);
#231=FACE_OUTER_BOUND('',#444,.T.);
#232=FACE_OUTER_BOUND('',#446,.T.);
#233=FACE_OUTER_BOUND('',#448,.T.);
#234=FACE_OUTER_BOUND('',#449,.T.);
#235=FACE_OUTER_BOUND('',#450,.T.);
#236=FACE_OUTER_BOUND('',#453,.T.);
#237=FACE_OUTER_BOUND('',#454,.T.);
#238=FACE_OUTER_BOUND('',#455,.T.);
#239=FACE_OUTER_BOUND('',#456,.T.);
#240=FACE_OUTER_BOUND('',#457,.T.);
#241=FACE_OUTER_BOUND('',#458,.T.);
#242=FACE_OUTER_BOUND('',#459,.T.);
#243=FACE_OUTER_BOUND('',#460,.T.);
#244=FACE_OUTER_BOUND('',#461,.T.);
#245=FACE_OUTER_BOUND('',#462,.T.);
#246=FACE_OUTER_BOUND('',#463,.T.);
#247=FACE_OUTER_BOUND('',#464,.T.);
#248=FACE_OUTER_BOUND('',#465,.T.);
#249=FACE_OUTER_BOUND('',#466,.T.);
#250=FACE_OUTER_BOUND('',#467,.T.);
#251=FACE_OUTER_BOUND('',#468,.T.);
#252=FACE_OUTER_BOUND('',#469,.T.);
#253=FACE_OUTER_BOUND('',#470,.T.);
#254=FACE_OUTER_BOUND('',#471,.T.);
#255=FACE_OUTER_BOUND('',#472,.T.);
#256=FACE_OUTER_BOUND('',#473,.T.);
#257=FACE_OUTER_BOUND('',#474,.T.);
#258=FACE_OUTER_BOUND('',#475,.T.);
#259=FACE_OUTER_BOUND('',#476,.T.);
#260=FACE_OUTER_BOUND('',#477,.T.);
#261=FACE_OUTER_BOUND('',#478,.T.);
#262=FACE_OUTER_BOUND('',#479,.T.);
#263=FACE_OUTER_BOUND('',#480,.T.);
#264=FACE_OUTER_BOUND('',#481,.T.);
#265=FACE_OUTER_BOUND('',#482,.T.);
#266=FACE_OUTER_BOUND('',#483,.T.);
#267=FACE_OUTER_BOUND('',#484,.T.);
#268=FACE_OUTER_BOUND('',#485,.T.);
#269=FACE_OUTER_BOUND('',#486,.T.);
#270=FACE_OUTER_BOUND('',#487,.T.);
#271=FACE_OUTER_BOUND('',#488,.T.);
#272=FACE_OUTER_BOUND('',#489,.T.);
#273=FACE_OUTER_BOUND('',#490,.T.);
#274=FACE_OUTER_BOUND('',#491,.T.);
#275=FACE_OUTER_BOUND('',#492,.T.);
#276=FACE_OUTER_BOUND('',#493,.T.);
#277=FACE_OUTER_BOUND('',#494,.T.);
#278=FACE_OUTER_BOUND('',#495,.T.);
#279=FACE_OUTER_BOUND('',#496,.T.);
#280=FACE_OUTER_BOUND('',#497,.T.);
#281=FACE_OUTER_BOUND('',#498,.T.);
#282=FACE_OUTER_BOUND('',#499,.T.);
#283=FACE_OUTER_BOUND('',#500,.T.);
#284=FACE_OUTER_BOUND('',#501,.T.);
#285=FACE_OUTER_BOUND('',#502,.T.);
#286=FACE_OUTER_BOUND('',#503,.T.);
#287=FACE_OUTER_BOUND('',#504,.T.);
#288=FACE_OUTER_BOUND('',#505,.T.);
#289=FACE_OUTER_BOUND('',#506,.T.);
#290=FACE_OUTER_BOUND('',#507,.T.);
#291=FACE_OUTER_BOUND('',#508,.T.);
#292=FACE_OUTER_BOUND('',#509,.T.);
#293=FACE_OUTER_BOUND('',#510,.T.);
#294=FACE_OUTER_BOUND('',#511,.T.);
#295=FACE_OUTER_BOUND('',#512,.T.);
#296=FACE_OUTER_BOUND('',#513,.T.);
#297=FACE_OUTER_BOUND('',#514,.T.);
#298=FACE_OUTER_BOUND('',#515,.T.);
#299=FACE_OUTER_BOUND('',#516,.T.);
#300=FACE_OUTER_BOUND('',#517,.T.);
#301=FACE_OUTER_BOUND('',#518,.T.);
#302=FACE_OUTER_BOUND('',#519,.T.);
#303=FACE_OUTER_BOUND('',#520,.T.);
#304=FACE_OUTER_BOUND('',#521,.T.);
#305=FACE_OUTER_BOUND('',#522,.T.);
#306=FACE_OUTER_BOUND('',#523,.T.);
#307=FACE_OUTER_BOUND('',#524,.T.);
#308=FACE_OUTER_BOUND('',#525,.T.);
#309=FACE_OUTER_BOUND('',#526,.T.);
#310=FACE_OUTER_BOUND('',#527,.T.);
#311=FACE_OUTER_BOUND('',#528,.T.);
#312=FACE_OUTER_BOUND('',#529,.T.);
#313=FACE_OUTER_BOUND('',#530,.T.);
#314=FACE_OUTER_BOUND('',#531,.T.);
#315=FACE_OUTER_BOUND('',#532,.T.);
#316=FACE_OUTER_BOUND('',#533,.T.);
#317=FACE_OUTER_BOUND('',#534,.T.);
#318=FACE_OUTER_BOUND('',#535,.T.);
#319=FACE_OUTER_BOUND('',#536,.T.);
#320=FACE_OUTER_BOUND('',#537,.T.);
#321=FACE_OUTER_BOUND('',#538,.T.);
#322=FACE_OUTER_BOUND('',#539,.T.);
#323=FACE_OUTER_BOUND('',#540,.T.);
#324=FACE_OUTER_BOUND('',#541,.T.);
#325=FACE_OUTER_BOUND('',#542,.T.);
#326=FACE_OUTER_BOUND('',#543,.T.);
#327=FACE_OUTER_BOUND('',#544,.T.);
#328=FACE_OUTER_BOUND('',#545,.T.);
#329=FACE_OUTER_BOUND('',#546,.T.);
#330=FACE_OUTER_BOUND('',#547,.T.);
#331=FACE_OUTER_BOUND('',#548,.T.);
#332=FACE_OUTER_BOUND('',#549,.T.);
#333=FACE_OUTER_BOUND('',#550,.T.);
#334=FACE_OUTER_BOUND('',#551,.T.);
#335=FACE_OUTER_BOUND('',#552,.T.);
#336=FACE_OUTER_BOUND('',#553,.T.);
#337=FACE_OUTER_BOUND('',#554,.T.);
#338=FACE_OUTER_BOUND('',#555,.T.);
#339=FACE_OUTER_BOUND('',#556,.T.);
#340=FACE_OUTER_BOUND('',#557,.T.);
#341=FACE_OUTER_BOUND('',#558,.T.);
#342=FACE_OUTER_BOUND('',#559,.T.);
#343=FACE_OUTER_BOUND('',#560,.T.);
#344=FACE_OUTER_BOUND('',#561,.T.);
#345=FACE_OUTER_BOUND('',#562,.T.);
#346=FACE_OUTER_BOUND('',#563,.T.);
#347=FACE_OUTER_BOUND('',#564,.T.);
#348=FACE_OUTER_BOUND('',#565,.T.);
#349=FACE_OUTER_BOUND('',#566,.T.);
#350=FACE_OUTER_BOUND('',#567,.T.);
#351=FACE_OUTER_BOUND('',#568,.T.);
#352=FACE_OUTER_BOUND('',#569,.T.);
#353=FACE_OUTER_BOUND('',#570,.T.);
#354=FACE_OUTER_BOUND('',#571,.T.);
#355=FACE_OUTER_BOUND('',#572,.T.);
#356=FACE_OUTER_BOUND('',#573,.T.);
#357=FACE_OUTER_BOUND('',#574,.T.);
#358=FACE_OUTER_BOUND('',#575,.T.);
#359=FACE_OUTER_BOUND('',#576,.T.);
#360=FACE_OUTER_BOUND('',#577,.T.);
#361=FACE_OUTER_BOUND('',#578,.T.);
#362=FACE_OUTER_BOUND('',#579,.T.);
#363=FACE_OUTER_BOUND('',#580,.T.);
#364=FACE_OUTER_BOUND('',#581,.T.);
#365=FACE_OUTER_BOUND('',#582,.T.);
#366=FACE_OUTER_BOUND('',#583,.T.);
#367=FACE_OUTER_BOUND('',#584,.T.);
#368=FACE_OUTER_BOUND('',#585,.T.);
#369=FACE_OUTER_BOUND('',#586,.T.);
#370=FACE_OUTER_BOUND('',#587,.T.);
#371=FACE_OUTER_BOUND('',#588,.T.);
#372=FACE_OUTER_BOUND('',#589,.T.);
#373=FACE_OUTER_BOUND('',#590,.T.);
#374=FACE_OUTER_BOUND('',#591,.T.);
#375=FACE_OUTER_BOUND('',#592,.T.);
#376=FACE_OUTER_BOUND('',#593,.T.);
#377=FACE_OUTER_BOUND('',#594,.T.);
#378=FACE_OUTER_BOUND('',#595,.T.);
#379=FACE_OUTER_BOUND('',#596,.T.);
#380=FACE_OUTER_BOUND('',#597,.T.);
#381=FACE_OUTER_BOUND('',#598,.T.);
#382=FACE_OUTER_BOUND('',#599,.T.);
#383=FACE_OUTER_BOUND('',#600,.T.);
#384=FACE_OUTER_BOUND('',#601,.T.);
#385=FACE_OUTER_BOUND('',#602,.T.);
#386=FACE_OUTER_BOUND('',#603,.T.);
#387=FACE_OUTER_BOUND('',#604,.T.);
#388=FACE_OUTER_BOUND('',#605,.T.);
#389=FACE_OUTER_BOUND('',#606,.T.);
#390=FACE_OUTER_BOUND('',#607,.T.);
#391=FACE_OUTER_BOUND('',#608,.T.);
#392=FACE_OUTER_BOUND('',#609,.T.);
#393=FACE_OUTER_BOUND('',#610,.T.);
#394=FACE_OUTER_BOUND('',#611,.T.);
#395=FACE_OUTER_BOUND('',#612,.T.);
#396=FACE_OUTER_BOUND('',#613,.T.);
#397=FACE_OUTER_BOUND('',#614,.T.);
#398=FACE_OUTER_BOUND('',#615,.T.);
#399=FACE_OUTER_BOUND('',#616,.T.);
#400=FACE_OUTER_BOUND('',#618,.T.);
#401=FACE_OUTER_BOUND('',#619,.T.);
#402=FACE_OUTER_BOUND('',#620,.T.);
#403=FACE_OUTER_BOUND('',#621,.T.);
#404=FACE_OUTER_BOUND('',#622,.T.);
#405=FACE_OUTER_BOUND('',#623,.T.);
#406=FACE_OUTER_BOUND('',#624,.T.);
#407=FACE_OUTER_BOUND('',#625,.T.);
#408=FACE_OUTER_BOUND('',#626,.T.);
#409=FACE_OUTER_BOUND('',#627,.T.);
#410=FACE_OUTER_BOUND('',#628,.T.);
#411=FACE_OUTER_BOUND('',#629,.T.);
#412=FACE_OUTER_BOUND('',#630,.T.);
#413=FACE_OUTER_BOUND('',#631,.T.);
#414=FACE_OUTER_BOUND('',#632,.T.);
#415=FACE_OUTER_BOUND('',#634,.T.);
#416=FACE_OUTER_BOUND('',#636,.T.);
#417=FACE_OUTER_BOUND('',#637,.T.);
#418=FACE_OUTER_BOUND('',#639,.T.);
#419=FACE_OUTER_BOUND('',#640,.T.);
#420=FACE_OUTER_BOUND('',#642,.T.);
#421=FACE_OUTER_BOUND('',#647,.T.);
#422=FACE_OUTER_BOUND('',#648,.T.);
#423=FACE_OUTER_BOUND('',#650,.T.);
#424=EDGE_LOOP('',(#2682,#2683,#2684,#2685));
#425=EDGE_LOOP('',(#2686,#2687,#2688,#2689));
#426=EDGE_LOOP('',(#2690,#2691,#2692,#2693));
#427=EDGE_LOOP('',(#2694,#2695,#2696,#2697,#2698,#2699,#2700,#2701,#2702,
#2703,#2704,#2705));
#428=EDGE_LOOP('',(#2706,#2707,#2708,#2709));
#429=EDGE_LOOP('',(#2710,#2711,#2712,#2713));
#430=EDGE_LOOP('',(#2714,#2715,#2716,#2717,#2718,#2719,#2720));
#431=EDGE_LOOP('',(#2721,#2722,#2723,#2724));
#432=EDGE_LOOP('',(#2725,#2726,#2727,#2728,#2729,#2730,#2731));
#433=EDGE_LOOP('',(#2732,#2733,#2734,#2735));
#434=EDGE_LOOP('',(#2736,#2737,#2738,#2739));
#435=EDGE_LOOP('',(#2740,#2741,#2742,#2743));
#436=EDGE_LOOP('',(#2744,#2745,#2746,#2747));
#437=EDGE_LOOP('',(#2748,#2749,#2750,#2751,#2752,#2753,#2754,#2755));
#438=EDGE_LOOP('',(#2756,#2757,#2758,#2759));
#439=EDGE_LOOP('',(#2760,#2761,#2762,#2763));
#440=EDGE_LOOP('',(#2764,#2765,#2766,#2767));
#441=EDGE_LOOP('',(#2768,#2769,#2770,#2771));
#442=EDGE_LOOP('',(#2772,#2773,#2774,#2775));
#443=EDGE_LOOP('',(#2776,#2777,#2778,#2779));
#444=EDGE_LOOP('',(#2780,#2781,#2782,#2783));
#445=EDGE_LOOP('',(#2784,#2785,#2786,#2787));
#446=EDGE_LOOP('',(#2788,#2789,#2790,#2791));
#447=EDGE_LOOP('',(#2792));
#448=EDGE_LOOP('',(#2793,#2794,#2795,#2796));
#449=EDGE_LOOP('',(#2797,#2798,#2799,#2800));
#450=EDGE_LOOP('',(#2801,#2802,#2803,#2804));
#451=EDGE_LOOP('',(#2805));
#452=EDGE_LOOP('',(#2806,#2807,#2808,#2809));
#453=EDGE_LOOP('',(#2810,#2811,#2812,#2813,#2814,#2815,#2816,#2817));
#454=EDGE_LOOP('',(#2818,#2819,#2820,#2821,#2822,#2823,#2824,#2825));
#455=EDGE_LOOP('',(#2826,#2827,#2828,#2829,#2830,#2831,#2832,#2833,#2834,
#2835,#2836,#2837,#2838,#2839,#2840,#2841,#2842,#2843,#2844,#2845,#2846,
#2847,#2848,#2849,#2850,#2851,#2852,#2853,#2854,#2855,#2856,#2857,#2858,
#2859,#2860,#2861));
#456=EDGE_LOOP('',(#2862,#2863,#2864,#2865,#2866,#2867,#2868,#2869));
#457=EDGE_LOOP('',(#2870,#2871,#2872,#2873,#2874,#2875,#2876,#2877));
#458=EDGE_LOOP('',(#2878,#2879,#2880,#2881,#2882,#2883,#2884,#2885));
#459=EDGE_LOOP('',(#2886,#2887,#2888,#2889));
#460=EDGE_LOOP('',(#2890,#2891,#2892,#2893));
#461=EDGE_LOOP('',(#2894,#2895,#2896,#2897));
#462=EDGE_LOOP('',(#2898,#2899,#2900,#2901));
#463=EDGE_LOOP('',(#2902));
#464=EDGE_LOOP('',(#2903,#2904,#2905,#2906));
#465=EDGE_LOOP('',(#2907));
#466=EDGE_LOOP('',(#2908,#2909,#2910,#2911));
#467=EDGE_LOOP('',(#2912,#2913,#2914,#2915));
#468=EDGE_LOOP('',(#2916,#2917,#2918,#2919));
#469=EDGE_LOOP('',(#2920,#2921,#2922,#2923));
#470=EDGE_LOOP('',(#2924,#2925,#2926,#2927));
#471=EDGE_LOOP('',(#2928,#2929,#2930,#2931));
#472=EDGE_LOOP('',(#2932,#2933,#2934,#2935));
#473=EDGE_LOOP('',(#2936,#2937,#2938,#2939));
#474=EDGE_LOOP('',(#2940,#2941,#2942,#2943));
#475=EDGE_LOOP('',(#2944,#2945,#2946,#2947));
#476=EDGE_LOOP('',(#2948,#2949,#2950,#2951));
#477=EDGE_LOOP('',(#2952,#2953,#2954,#2955));
#478=EDGE_LOOP('',(#2956,#2957,#2958,#2959,#2960,#2961));
#479=EDGE_LOOP('',(#2962,#2963,#2964,#2965));
#480=EDGE_LOOP('',(#2966,#2967,#2968,#2969,#2970,#2971));
#481=EDGE_LOOP('',(#2972,#2973,#2974,#2975));
#482=EDGE_LOOP('',(#2976,#2977,#2978,#2979));
#483=EDGE_LOOP('',(#2980,#2981,#2982,#2983));
#484=EDGE_LOOP('',(#2984,#2985,#2986,#2987));
#485=EDGE_LOOP('',(#2988,#2989,#2990,#2991));
#486=EDGE_LOOP('',(#2992,#2993,#2994,#2995));
#487=EDGE_LOOP('',(#2996,#2997,#2998,#2999));
#488=EDGE_LOOP('',(#3000,#3001,#3002,#3003,#3004,#3005));
#489=EDGE_LOOP('',(#3006,#3007,#3008,#3009));
#490=EDGE_LOOP('',(#3010,#3011,#3012,#3013,#3014,#3015));
#491=EDGE_LOOP('',(#3016,#3017,#3018,#3019));
#492=EDGE_LOOP('',(#3020,#3021,#3022,#3023));
#493=EDGE_LOOP('',(#3024,#3025,#3026,#3027));
#494=EDGE_LOOP('',(#3028,#3029,#3030,#3031));
#495=EDGE_LOOP('',(#3032,#3033,#3034,#3035));
#496=EDGE_LOOP('',(#3036,#3037,#3038,#3039));
#497=EDGE_LOOP('',(#3040,#3041,#3042,#3043));
#498=EDGE_LOOP('',(#3044,#3045,#3046,#3047,#3048,#3049));
#499=EDGE_LOOP('',(#3050,#3051,#3052,#3053));
#500=EDGE_LOOP('',(#3054,#3055,#3056,#3057,#3058,#3059));
#501=EDGE_LOOP('',(#3060,#3061,#3062,#3063));
#502=EDGE_LOOP('',(#3064,#3065,#3066,#3067));
#503=EDGE_LOOP('',(#3068,#3069,#3070,#3071));
#504=EDGE_LOOP('',(#3072,#3073,#3074,#3075));
#505=EDGE_LOOP('',(#3076,#3077,#3078,#3079));
#506=EDGE_LOOP('',(#3080,#3081,#3082,#3083));
#507=EDGE_LOOP('',(#3084,#3085,#3086,#3087));
#508=EDGE_LOOP('',(#3088,#3089,#3090,#3091,#3092,#3093));
#509=EDGE_LOOP('',(#3094,#3095,#3096,#3097));
#510=EDGE_LOOP('',(#3098,#3099,#3100,#3101,#3102,#3103));
#511=EDGE_LOOP('',(#3104,#3105,#3106,#3107));
#512=EDGE_LOOP('',(#3108,#3109,#3110,#3111));
#513=EDGE_LOOP('',(#3112,#3113,#3114,#3115,#3116,#3117,#3118,#3119,#3120,
#3121,#3122,#3123,#3124,#3125,#3126,#3127,#3128,#3129,#3130,#3131,#3132,
#3133));
#514=EDGE_LOOP('',(#3134,#3135,#3136,#3137));
#515=EDGE_LOOP('',(#3138,#3139,#3140,#3141));
#516=EDGE_LOOP('',(#3142,#3143,#3144,#3145));
#517=EDGE_LOOP('',(#3146,#3147,#3148,#3149));
#518=EDGE_LOOP('',(#3150,#3151,#3152,#3153));
#519=EDGE_LOOP('',(#3154,#3155,#3156));
#520=EDGE_LOOP('',(#3157,#3158,#3159));
#521=EDGE_LOOP('',(#3160,#3161,#3162,#3163));
#522=EDGE_LOOP('',(#3164,#3165,#3166));
#523=EDGE_LOOP('',(#3167,#3168,#3169));
#524=EDGE_LOOP('',(#3170,#3171,#3172,#3173));
#525=EDGE_LOOP('',(#3174,#3175,#3176,#3177));
#526=EDGE_LOOP('',(#3178,#3179,#3180,#3181));
#527=EDGE_LOOP('',(#3182,#3183,#3184,#3185));
#528=EDGE_LOOP('',(#3186,#3187,#3188,#3189));
#529=EDGE_LOOP('',(#3190,#3191,#3192,#3193));
#530=EDGE_LOOP('',(#3194,#3195,#3196,#3197));
#531=EDGE_LOOP('',(#3198,#3199,#3200,#3201));
#532=EDGE_LOOP('',(#3202,#3203,#3204,#3205,#3206,#3207));
#533=EDGE_LOOP('',(#3208,#3209,#3210,#3211));
#534=EDGE_LOOP('',(#3212,#3213,#3214,#3215,#3216,#3217));
#535=EDGE_LOOP('',(#3218,#3219,#3220,#3221));
#536=EDGE_LOOP('',(#3222,#3223,#3224,#3225));
#537=EDGE_LOOP('',(#3226,#3227,#3228,#3229));
#538=EDGE_LOOP('',(#3230,#3231,#3232,#3233));
#539=EDGE_LOOP('',(#3234,#3235,#3236,#3237));
#540=EDGE_LOOP('',(#3238,#3239,#3240,#3241));
#541=EDGE_LOOP('',(#3242,#3243,#3244,#3245));
#542=EDGE_LOOP('',(#3246,#3247,#3248,#3249,#3250,#3251));
#543=EDGE_LOOP('',(#3252,#3253,#3254,#3255));
#544=EDGE_LOOP('',(#3256,#3257,#3258,#3259,#3260,#3261));
#545=EDGE_LOOP('',(#3262,#3263,#3264,#3265));
#546=EDGE_LOOP('',(#3266,#3267,#3268,#3269));
#547=EDGE_LOOP('',(#3270,#3271,#3272,#3273,#3274,#3275,#3276,#3277,#3278,
#3279,#3280,#3281,#3282,#3283,#3284,#3285,#3286,#3287,#3288,#3289,#3290,
#3291));
#548=EDGE_LOOP('',(#3292,#3293,#3294,#3295,#3296,#3297,#3298,#3299,#3300,
#3301,#3302,#3303,#3304,#3305,#3306,#3307,#3308,#3309,#3310,#3311,#3312,
#3313,#3314,#3315,#3316,#3317,#3318,#3319,#3320,#3321,#3322,#3323,#3324,
#3325,#3326,#3327));
#549=EDGE_LOOP('',(#3328,#3329,#3330));
#550=EDGE_LOOP('',(#3331,#3332,#3333,#3334));
#551=EDGE_LOOP('',(#3335,#3336,#3337,#3338));
#552=EDGE_LOOP('',(#3339,#3340,#3341,#3342));
#553=EDGE_LOOP('',(#3343,#3344,#3345));
#554=EDGE_LOOP('',(#3346,#3347,#3348,#3349));
#555=EDGE_LOOP('',(#3350,#3351,#3352));
#556=EDGE_LOOP('',(#3353,#3354,#3355,#3356));
#557=EDGE_LOOP('',(#3357,#3358,#3359));
#558=EDGE_LOOP('',(#3360,#3361,#3362,#3363));
#559=EDGE_LOOP('',(#3364,#3365,#3366,#3367));
#560=EDGE_LOOP('',(#3368,#3369,#3370,#3371));
#561=EDGE_LOOP('',(#3372,#3373,#3374,#3375));
#562=EDGE_LOOP('',(#3376,#3377,#3378,#3379,#3380,#3381,#3382,#3383,#3384,
#3385,#3386,#3387,#3388,#3389,#3390,#3391,#3392,#3393,#3394,#3395,#3396,
#3397));
#563=EDGE_LOOP('',(#3398,#3399,#3400,#3401));
#564=EDGE_LOOP('',(#3402,#3403,#3404,#3405));
#565=EDGE_LOOP('',(#3406,#3407,#3408,#3409));
#566=EDGE_LOOP('',(#3410,#3411,#3412,#3413));
#567=EDGE_LOOP('',(#3414,#3415,#3416,#3417));
#568=EDGE_LOOP('',(#3418,#3419,#3420));
#569=EDGE_LOOP('',(#3421,#3422,#3423));
#570=EDGE_LOOP('',(#3424,#3425,#3426,#3427));
#571=EDGE_LOOP('',(#3428,#3429,#3430));
#572=EDGE_LOOP('',(#3431,#3432,#3433));
#573=EDGE_LOOP('',(#3434,#3435,#3436,#3437));
#574=EDGE_LOOP('',(#3438,#3439,#3440,#3441));
#575=EDGE_LOOP('',(#3442,#3443,#3444,#3445));
#576=EDGE_LOOP('',(#3446,#3447,#3448,#3449));
#577=EDGE_LOOP('',(#3450,#3451,#3452,#3453));
#578=EDGE_LOOP('',(#3454,#3455,#3456,#3457));
#579=EDGE_LOOP('',(#3458,#3459,#3460,#3461));
#580=EDGE_LOOP('',(#3462,#3463,#3464,#3465));
#581=EDGE_LOOP('',(#3466,#3467,#3468,#3469,#3470,#3471));
#582=EDGE_LOOP('',(#3472,#3473,#3474,#3475));
#583=EDGE_LOOP('',(#3476,#3477,#3478,#3479,#3480,#3481));
#584=EDGE_LOOP('',(#3482,#3483,#3484,#3485));
#585=EDGE_LOOP('',(#3486,#3487,#3488,#3489));
#586=EDGE_LOOP('',(#3490,#3491,#3492,#3493));
#587=EDGE_LOOP('',(#3494,#3495,#3496,#3497));
#588=EDGE_LOOP('',(#3498,#3499,#3500,#3501));
#589=EDGE_LOOP('',(#3502,#3503,#3504,#3505));
#590=EDGE_LOOP('',(#3506,#3507,#3508,#3509));
#591=EDGE_LOOP('',(#3510,#3511,#3512,#3513,#3514,#3515));
#592=EDGE_LOOP('',(#3516,#3517,#3518,#3519));
#593=EDGE_LOOP('',(#3520,#3521,#3522,#3523,#3524,#3525));
#594=EDGE_LOOP('',(#3526,#3527,#3528,#3529));
#595=EDGE_LOOP('',(#3530,#3531,#3532,#3533));
#596=EDGE_LOOP('',(#3534,#3535,#3536,#3537));
#597=EDGE_LOOP('',(#3538,#3539,#3540,#3541));
#598=EDGE_LOOP('',(#3542,#3543,#3544,#3545));
#599=EDGE_LOOP('',(#3546,#3547,#3548,#3549));
#600=EDGE_LOOP('',(#3550,#3551,#3552,#3553));
#601=EDGE_LOOP('',(#3554,#3555,#3556,#3557,#3558,#3559));
#602=EDGE_LOOP('',(#3560,#3561,#3562,#3563));
#603=EDGE_LOOP('',(#3564,#3565,#3566,#3567,#3568,#3569));
#604=EDGE_LOOP('',(#3570,#3571,#3572,#3573));
#605=EDGE_LOOP('',(#3574,#3575,#3576,#3577));
#606=EDGE_LOOP('',(#3578,#3579,#3580,#3581));
#607=EDGE_LOOP('',(#3582,#3583,#3584,#3585));
#608=EDGE_LOOP('',(#3586,#3587,#3588,#3589));
#609=EDGE_LOOP('',(#3590,#3591,#3592,#3593));
#610=EDGE_LOOP('',(#3594,#3595,#3596,#3597));
#611=EDGE_LOOP('',(#3598,#3599,#3600,#3601,#3602,#3603));
#612=EDGE_LOOP('',(#3604,#3605,#3606,#3607));
#613=EDGE_LOOP('',(#3608,#3609,#3610,#3611,#3612,#3613));
#614=EDGE_LOOP('',(#3614,#3615,#3616,#3617));
#615=EDGE_LOOP('',(#3618,#3619,#3620,#3621));
#616=EDGE_LOOP('',(#3622,#3623,#3624,#3625,#3626,#3627,#3628,#3629,#3630,
#3631,#3632,#3633,#3634,#3635,#3636,#3637,#3638,#3639,#3640,#3641,#3642,
#3643,#3644,#3645,#3646,#3647,#3648,#3649));
#617=EDGE_LOOP('',(#3650,#3651,#3652,#3653));
#618=EDGE_LOOP('',(#3654,#3655,#3656,#3657,#3658,#3659,#3660,#3661));
#619=EDGE_LOOP('',(#3662,#3663,#3664));
#620=EDGE_LOOP('',(#3665,#3666,#3667,#3668));
#621=EDGE_LOOP('',(#3669,#3670,#3671,#3672));
#622=EDGE_LOOP('',(#3673,#3674,#3675,#3676));
#623=EDGE_LOOP('',(#3677,#3678,#3679));
#624=EDGE_LOOP('',(#3680,#3681,#3682,#3683));
#625=EDGE_LOOP('',(#3684,#3685,#3686));
#626=EDGE_LOOP('',(#3687,#3688,#3689,#3690));
#627=EDGE_LOOP('',(#3691,#3692,#3693));
#628=EDGE_LOOP('',(#3694,#3695,#3696,#3697));
#629=EDGE_LOOP('',(#3698,#3699,#3700,#3701));
#630=EDGE_LOOP('',(#3702,#3703,#3704,#3705));
#631=EDGE_LOOP('',(#3706,#3707,#3708,#3709));
#632=EDGE_LOOP('',(#3710,#3711,#3712,#3713,#3714,#3715,#3716,#3717,#3718,
#3719,#3720,#3721,#3722,#3723,#3724,#3725,#3726,#3727,#3728,#3729,#3730,
#3731,#3732,#3733,#3734,#3735,#3736,#3737));
#633=EDGE_LOOP('',(#3738,#3739,#3740,#3741));
#634=EDGE_LOOP('',(#3742,#3743,#3744,#3745,#3746,#3747,#3748,#3749,#3750,
#3751,#3752,#3753,#3754,#3755,#3756,#3757,#3758,#3759,#3760,#3761,#3762,
#3763,#3764,#3765,#3766,#3767,#3768,#3769,#3770,#3771,#3772,#3773,#3774,
#3775,#3776,#3777,#3778,#3779,#3780,#3781,#3782,#3783,#3784,#3785,#3786,
#3787,#3788,#3789,#3790,#3791,#3792,#3793,#3794,#3795,#3796,#3797,#3798,
#3799,#3800,#3801,#3802,#3803,#3804,#3805,#3806,#3807,#3808,#3809,#3810,
#3811,#3812,#3813,#3814,#3815,#3816,#3817,#3818,#3819,#3820,#3821,#3822,
#3823,#3824,#3825));
#635=EDGE_LOOP('',(#3826));
#636=EDGE_LOOP('',(#3827,#3828,#3829,#3830));
#637=EDGE_LOOP('',(#3831,#3832,#3833,#3834));
#638=EDGE_LOOP('',(#3835));
#639=EDGE_LOOP('',(#3836,#3837,#3838,#3839));
#640=EDGE_LOOP('',(#3840,#3841,#3842,#3843));
#641=EDGE_LOOP('',(#3844));
#642=EDGE_LOOP('',(#3845,#3846,#3847,#3848,#3849,#3850,#3851,#3852,#3853,
#3854,#3855,#3856,#3857,#3858,#3859,#3860,#3861,#3862,#3863,#3864,#3865,
#3866,#3867,#3868,#3869,#3870,#3871,#3872,#3873,#3874,#3875,#3876,#3877,
#3878,#3879,#3880,#3881,#3882,#3883,#3884,#3885,#3886,#3887,#3888,#3889,
#3890,#3891,#3892,#3893,#3894,#3895,#3896,#3897,#3898,#3899,#3900,#3901,
#3902,#3903,#3904,#3905,#3906,#3907,#3908,#3909,#3910,#3911,#3912,#3913,
#3914,#3915,#3916,#3917,#3918,#3919,#3920,#3921,#3922,#3923,#3924,#3925,
#3926,#3927,#3928));
#643=EDGE_LOOP('',(#3929));
#644=EDGE_LOOP('',(#3930));
#645=EDGE_LOOP('',(#3931));
#646=EDGE_LOOP('',(#3932,#3933,#3934,#3935));
#647=EDGE_LOOP('',(#3936,#3937,#3938,#3939,#3940,#3941,#3942,#3943,#3944,
#3945,#3946,#3947,#3948,#3949,#3950,#3951,#3952,#3953,#3954,#3955,#3956,
#3957));
#648=EDGE_LOOP('',(#3958,#3959,#3960,#3961));
#649=EDGE_LOOP('',(#3962,#3963,#3964,#3965,#3966,#3967,#3968,#3969));
#650=EDGE_LOOP('',(#3970,#3971,#3972,#3973,#3974,#3975,#3976,#3977));
#651=EDGE_LOOP('',(#3978,#3979,#3980,#3981,#3982,#3983,#3984,#3985));
#652=LINE('',#5974,#1026);
#653=LINE('',#5980,#1027);
#654=LINE('',#5986,#1028);
#655=LINE('',#5993,#1029);
#656=LINE('',#5997,#1030);
#657=LINE('',#6001,#1031);
#658=LINE('',#6005,#1032);
#659=LINE('',#6007,#1033);
#660=LINE('',#6009,#1034);
#661=LINE('',#6011,#1035);
#662=LINE('',#6012,#1036);
#663=LINE('',#6022,#1037);
#664=LINE('',#6040,#1038);
#665=LINE('',#6041,#1039);
#666=LINE('',#6057,#1040);
#667=LINE('',#6063,#1041);
#668=LINE('',#6067,#1042);
#669=LINE('',#6069,#1043);
#670=LINE('',#6071,#1044);
#671=LINE('',#6072,#1045);
#672=LINE('',#6076,#1046);
#673=LINE('',#6079,#1047);
#674=LINE('',#6083,#1048);
#675=LINE('',#6087,#1049);
#676=LINE('',#6090,#1050);
#677=LINE('',#6091,#1051);
#678=LINE('',#6093,#1052);
#679=LINE('',#6096,#1053);
#680=LINE('',#6098,#1054);
#681=LINE('',#6099,#1055);
#682=LINE('',#6101,#1056);
#683=LINE('',#6105,#1057);
#684=LINE('',#6107,#1058);
#685=LINE('',#6109,#1059);
#686=LINE('',#6110,#1060);
#687=LINE('',#6114,#1061);
#688=LINE('',#6116,#1062);
#689=LINE('',#6118,#1063);
#690=LINE('',#6119,#1064);
#691=LINE('',#6124,#1065);
#692=LINE('',#6131,#1066);
#693=LINE('',#6134,#1067);
#694=LINE('',#6136,#1068);
#695=LINE('',#6137,#1069);
#696=LINE('',#6140,#1070);
#697=LINE('',#6142,#1071);
#698=LINE('',#6144,#1072);
#699=LINE('',#6145,#1073);
#700=LINE('',#6154,#1074);
#701=LINE('',#6159,#1075);
#702=LINE('',#6165,#1076);
#703=LINE('',#6205,#1077);
#704=LINE('',#6212,#1078);
#705=LINE('',#6214,#1079);
#706=LINE('',#6216,#1080);
#707=LINE('',#6218,#1081);
#708=LINE('',#6220,#1082);
#709=LINE('',#6222,#1083);
#710=LINE('',#6224,#1084);
#711=LINE('',#6226,#1085);
#712=LINE('',#6228,#1086);
#713=LINE('',#6230,#1087);
#714=LINE('',#6232,#1088);
#715=LINE('',#6234,#1089);
#716=LINE('',#6236,#1090);
#717=LINE('',#6238,#1091);
#718=LINE('',#6240,#1092);
#719=LINE('',#6242,#1093);
#720=LINE('',#6244,#1094);
#721=LINE('',#6246,#1095);
#722=LINE('',#6248,#1096);
#723=LINE('',#6250,#1097);
#724=LINE('',#6252,#1098);
#725=LINE('',#6259,#1099);
#726=LINE('',#6268,#1100);
#727=LINE('',#6277,#1101);
#728=LINE('',#6280,#1102);
#729=LINE('',#6288,#1103);
#730=LINE('',#6325,#1104);
#731=LINE('',#6328,#1105);
#732=LINE('',#6330,#1106);
#733=LINE('',#6369,#1107);
#734=LINE('',#6370,#1108);
#735=LINE('',#6371,#1109);
#736=LINE('',#6374,#1110);
#737=LINE('',#6375,#1111);
#738=LINE('',#6378,#1112);
#739=LINE('',#6379,#1113);
#740=LINE('',#6381,#1114);
#741=LINE('',#6387,#1115);
#742=LINE('',#6394,#1116);
#743=LINE('',#6397,#1117);
#744=LINE('',#6401,#1118);
#745=LINE('',#6402,#1119);
#746=LINE('',#6403,#1120);
#747=LINE('',#6407,#1121);
#748=LINE('',#6408,#1122);
#749=LINE('',#6409,#1123);
#750=LINE('',#6411,#1124);
#751=LINE('',#6413,#1125);
#752=LINE('',#6418,#1126);
#753=LINE('',#6420,#1127);
#754=LINE('',#6422,#1128);
#755=LINE('',#6423,#1129);
#756=LINE('',#6429,#1130);
#757=LINE('',#6432,#1131);
#758=LINE('',#6436,#1132);
#759=LINE('',#6437,#1133);
#760=LINE('',#6438,#1134);
#761=LINE('',#6444,#1135);
#762=LINE('',#6448,#1136);
#763=LINE('',#6449,#1137);
#764=LINE('',#6450,#1138);
#765=LINE('',#6460,#1139);
#766=LINE('',#6461,#1140);
#767=LINE('',#6462,#1141);
#768=LINE('',#6471,#1142);
#769=LINE('',#6475,#1143);
#770=LINE('',#6477,#1144);
#771=LINE('',#6479,#1145);
#772=LINE('',#6480,#1146);
#773=LINE('',#6486,#1147);
#774=LINE('',#6489,#1148);
#775=LINE('',#6493,#1149);
#776=LINE('',#6494,#1150);
#777=LINE('',#6495,#1151);
#778=LINE('',#6501,#1152);
#779=LINE('',#6505,#1153);
#780=LINE('',#6506,#1154);
#781=LINE('',#6507,#1155);
#782=LINE('',#6517,#1156);
#783=LINE('',#6518,#1157);
#784=LINE('',#6519,#1158);
#785=LINE('',#6528,#1159);
#786=LINE('',#6532,#1160);
#787=LINE('',#6534,#1161);
#788=LINE('',#6536,#1162);
#789=LINE('',#6537,#1163);
#790=LINE('',#6543,#1164);
#791=LINE('',#6546,#1165);
#792=LINE('',#6550,#1166);
#793=LINE('',#6551,#1167);
#794=LINE('',#6552,#1168);
#795=LINE('',#6558,#1169);
#796=LINE('',#6562,#1170);
#797=LINE('',#6563,#1171);
#798=LINE('',#6564,#1172);
#799=LINE('',#6574,#1173);
#800=LINE('',#6575,#1174);
#801=LINE('',#6576,#1175);
#802=LINE('',#6585,#1176);
#803=LINE('',#6589,#1177);
#804=LINE('',#6591,#1178);
#805=LINE('',#6593,#1179);
#806=LINE('',#6594,#1180);
#807=LINE('',#6600,#1181);
#808=LINE('',#6603,#1182);
#809=LINE('',#6607,#1183);
#810=LINE('',#6608,#1184);
#811=LINE('',#6609,#1185);
#812=LINE('',#6615,#1186);
#813=LINE('',#6619,#1187);
#814=LINE('',#6620,#1188);
#815=LINE('',#6621,#1189);
#816=LINE('',#6631,#1190);
#817=LINE('',#6632,#1191);
#818=LINE('',#6633,#1192);
#819=LINE('',#6642,#1193);
#820=LINE('',#6647,#1194);
#821=LINE('',#6669,#1195);
#822=LINE('',#6697,#1196);
#823=LINE('',#6723,#1197);
#824=LINE('',#6749,#1198);
#825=LINE('',#6764,#1199);
#826=LINE('',#6776,#1200);
#827=LINE('',#6779,#1201);
#828=LINE('',#6783,#1202);
#829=LINE('',#6784,#1203);
#830=LINE('',#6797,#1204);
#831=LINE('',#6800,#1205);
#832=LINE('',#6812,#1206);
#833=LINE('',#6816,#1207);
#834=LINE('',#6819,#1208);
#835=LINE('',#6823,#1209);
#836=LINE('',#6827,#1210);
#837=LINE('',#6830,#1211);
#838=LINE('',#6833,#1212);
#839=LINE('',#6834,#1213);
#840=LINE('',#6847,#1214);
#841=LINE('',#6851,#1215);
#842=LINE('',#6853,#1216);
#843=LINE('',#6855,#1217);
#844=LINE('',#6856,#1218);
#845=LINE('',#6862,#1219);
#846=LINE('',#6865,#1220);
#847=LINE('',#6869,#1221);
#848=LINE('',#6870,#1222);
#849=LINE('',#6871,#1223);
#850=LINE('',#6877,#1224);
#851=LINE('',#6881,#1225);
#852=LINE('',#6882,#1226);
#853=LINE('',#6883,#1227);
#854=LINE('',#6893,#1228);
#855=LINE('',#6894,#1229);
#856=LINE('',#6895,#1230);
#857=LINE('',#6904,#1231);
#858=LINE('',#6908,#1232);
#859=LINE('',#6910,#1233);
#860=LINE('',#6912,#1234);
#861=LINE('',#6913,#1235);
#862=LINE('',#6919,#1236);
#863=LINE('',#6922,#1237);
#864=LINE('',#6926,#1238);
#865=LINE('',#6927,#1239);
#866=LINE('',#6928,#1240);
#867=LINE('',#6934,#1241);
#868=LINE('',#6938,#1242);
#869=LINE('',#6939,#1243);
#870=LINE('',#6940,#1244);
#871=LINE('',#6950,#1245);
#872=LINE('',#6951,#1246);
#873=LINE('',#6952,#1247);
#874=LINE('',#6961,#1248);
#875=LINE('',#6980,#1249);
#876=LINE('',#7008,#1250);
#877=LINE('',#7023,#1251);
#878=LINE('',#7034,#1252);
#879=LINE('',#7036,#1253);
#880=LINE('',#7038,#1254);
#881=LINE('',#7047,#1255);
#882=LINE('',#7055,#1256);
#883=LINE('',#7057,#1257);
#884=LINE('',#7059,#1258);
#885=LINE('',#7060,#1259);
#886=LINE('',#7061,#1260);
#887=LINE('',#7063,#1261);
#888=LINE('',#7065,#1262);
#889=LINE('',#7066,#1263);
#890=LINE('',#7068,#1264);
#891=LINE('',#7070,#1265);
#892=LINE('',#7071,#1266);
#893=LINE('',#7073,#1267);
#894=LINE('',#7075,#1268);
#895=LINE('',#7076,#1269);
#896=LINE('',#7077,#1270);
#897=LINE('',#7079,#1271);
#898=LINE('',#7086,#1272);
#899=LINE('',#7094,#1273);
#900=LINE('',#7098,#1274);
#901=LINE('',#7102,#1275);
#902=LINE('',#7104,#1276);
#903=LINE('',#7105,#1277);
#904=LINE('',#7107,#1278);
#905=LINE('',#7108,#1279);
#906=LINE('',#7111,#1280);
#907=LINE('',#7115,#1281);
#908=LINE('',#7118,#1282);
#909=LINE('',#7120,#1283);
#910=LINE('',#7122,#1284);
#911=LINE('',#7124,#1285);
#912=LINE('',#7126,#1286);
#913=LINE('',#7128,#1287);
#914=LINE('',#7134,#1288);
#915=LINE('',#7149,#1289);
#916=LINE('',#7175,#1290);
#917=LINE('',#7201,#1291);
#918=LINE('',#7229,#1292);
#919=LINE('',#7244,#1293);
#920=LINE('',#7247,#1294);
#921=LINE('',#7261,#1295);
#922=LINE('',#7264,#1296);
#923=LINE('',#7268,#1297);
#924=LINE('',#7269,#1298);
#925=LINE('',#7284,#1299);
#926=LINE('',#7287,#1300);
#927=LINE('',#7299,#1301);
#928=LINE('',#7303,#1302);
#929=LINE('',#7306,#1303);
#930=LINE('',#7310,#1304);
#931=LINE('',#7314,#1305);
#932=LINE('',#7317,#1306);
#933=LINE('',#7320,#1307);
#934=LINE('',#7321,#1308);
#935=LINE('',#7334,#1309);
#936=LINE('',#7338,#1310);
#937=LINE('',#7340,#1311);
#938=LINE('',#7342,#1312);
#939=LINE('',#7343,#1313);
#940=LINE('',#7349,#1314);
#941=LINE('',#7352,#1315);
#942=LINE('',#7356,#1316);
#943=LINE('',#7357,#1317);
#944=LINE('',#7358,#1318);
#945=LINE('',#7364,#1319);
#946=LINE('',#7368,#1320);
#947=LINE('',#7369,#1321);
#948=LINE('',#7370,#1322);
#949=LINE('',#7379,#1323);
#950=LINE('',#7380,#1324);
#951=LINE('',#7381,#1325);
#952=LINE('',#7392,#1326);
#953=LINE('',#7394,#1327);
#954=LINE('',#7396,#1328);
#955=LINE('',#7397,#1329);
#956=LINE('',#7403,#1330);
#957=LINE('',#7406,#1331);
#958=LINE('',#7410,#1332);
#959=LINE('',#7411,#1333);
#960=LINE('',#7412,#1334);
#961=LINE('',#7418,#1335);
#962=LINE('',#7422,#1336);
#963=LINE('',#7423,#1337);
#964=LINE('',#7424,#1338);
#965=LINE('',#7433,#1339);
#966=LINE('',#7434,#1340);
#967=LINE('',#7435,#1341);
#968=LINE('',#7446,#1342);
#969=LINE('',#7448,#1343);
#970=LINE('',#7450,#1344);
#971=LINE('',#7451,#1345);
#972=LINE('',#7457,#1346);
#973=LINE('',#7460,#1347);
#974=LINE('',#7464,#1348);
#975=LINE('',#7465,#1349);
#976=LINE('',#7466,#1350);
#977=LINE('',#7472,#1351);
#978=LINE('',#7476,#1352);
#979=LINE('',#7477,#1353);
#980=LINE('',#7478,#1354);
#981=LINE('',#7487,#1355);
#982=LINE('',#7488,#1356);
#983=LINE('',#7489,#1357);
#984=LINE('',#7500,#1358);
#985=LINE('',#7502,#1359);
#986=LINE('',#7504,#1360);
#987=LINE('',#7505,#1361);
#988=LINE('',#7511,#1362);
#989=LINE('',#7514,#1363);
#990=LINE('',#7518,#1364);
#991=LINE('',#7519,#1365);
#992=LINE('',#7520,#1366);
#993=LINE('',#7526,#1367);
#994=LINE('',#7530,#1368);
#995=LINE('',#7531,#1369);
#996=LINE('',#7532,#1370);
#997=LINE('',#7541,#1371);
#998=LINE('',#7542,#1372);
#999=LINE('',#7543,#1373);
#1000=LINE('',#7555,#1374);
#1001=LINE('',#7557,#1375);
#1002=LINE('',#7559,#1376);
#1003=LINE('',#7563,#1377);
#1004=LINE('',#7565,#1378);
#1005=LINE('',#7566,#1379);
#1006=LINE('',#7569,#1380);
#1007=LINE('',#7571,#1381);
#1008=LINE('',#7600,#1382);
#1009=LINE('',#7602,#1383);
#1010=LINE('',#7603,#1384);
#1011=LINE('',#7616,#1385);
#1012=LINE('',#7636,#1386);
#1013=LINE('',#7637,#1387);
#1014=LINE('',#7650,#1388);
#1015=LINE('',#7653,#1389);
#1016=LINE('',#7668,#1390);
#1017=LINE('',#7672,#1391);
#1018=LINE('',#7675,#1392);
#1019=LINE('',#7676,#1393);
#1020=LINE('',#7680,#1394);
#1021=LINE('',#7682,#1395);
#1022=LINE('',#7685,#1396);
#1023=LINE('',#7686,#1397);
#1024=LINE('',#7690,#1398);
#1025=LINE('',#7692,#1399);
#1026=VECTOR('',#4743,1.6);
#1027=VECTOR('',#4750,1.6);
#1028=VECTOR('',#4757,1.6);
#1029=VECTOR('',#4764,10.);
#1030=VECTOR('',#4767,10.);
#1031=VECTOR('',#4770,10.);
#1032=VECTOR('',#4773,10.);
#1033=VECTOR('',#4774,10.);
#1034=VECTOR('',#4775,10.);
#1035=VECTOR('',#4776,10.);
#1036=VECTOR('',#4777,10.);
#1037=VECTOR('',#4790,10.);
#1038=VECTOR('',#4803,10.);
#1039=VECTOR('',#4804,10.);
#1040=VECTOR('',#4817,10.);
#1041=VECTOR('',#4826,10.);
#1042=VECTOR('',#4829,10.);
#1043=VECTOR('',#4830,10.);
#1044=VECTOR('',#4831,10.);
#1045=VECTOR('',#4832,10.);
#1046=VECTOR('',#4835,10.);
#1047=VECTOR('',#4838,10.);
#1048=VECTOR('',#4843,10.);
#1049=VECTOR('',#4846,10.);
#1050=VECTOR('',#4851,10.);
#1051=VECTOR('',#4852,10.);
#1052=VECTOR('',#4855,10.);
#1053=VECTOR('',#4858,10.);
#1054=VECTOR('',#4859,10.);
#1055=VECTOR('',#4860,10.);
#1056=VECTOR('',#4863,10.);
#1057=VECTOR('',#4866,10.);
#1058=VECTOR('',#4867,10.);
#1059=VECTOR('',#4868,10.);
#1060=VECTOR('',#4869,10.);
#1061=VECTOR('',#4872,10.);
#1062=VECTOR('',#4873,10.);
#1063=VECTOR('',#4874,10.);
#1064=VECTOR('',#4875,10.);
#1065=VECTOR('',#4880,10.);
#1066=VECTOR('',#4889,10.);
#1067=VECTOR('',#4892,10.);
#1068=VECTOR('',#4893,10.);
#1069=VECTOR('',#4894,10.);
#1070=VECTOR('',#4895,10.);
#1071=VECTOR('',#4896,10.);
#1072=VECTOR('',#4897,10.);
#1073=VECTOR('',#4898,10.);
#1074=VECTOR('',#4901,10.);
#1075=VECTOR('',#4906,10.);
#1076=VECTOR('',#4907,10.);
#1077=VECTOR('',#4918,10.);
#1078=VECTOR('',#4919,10.);
#1079=VECTOR('',#4920,10.);
#1080=VECTOR('',#4921,10.);
#1081=VECTOR('',#4922,10.);
#1082=VECTOR('',#4923,10.);
#1083=VECTOR('',#4924,10.);
#1084=VECTOR('',#4925,10.);
#1085=VECTOR('',#4926,10.);
#1086=VECTOR('',#4927,10.);
#1087=VECTOR('',#4928,10.);
#1088=VECTOR('',#4929,10.);
#1089=VECTOR('',#4930,10.);
#1090=VECTOR('',#4931,10.);
#1091=VECTOR('',#4932,10.);
#1092=VECTOR('',#4933,10.);
#1093=VECTOR('',#4934,10.);
#1094=VECTOR('',#4935,10.);
#1095=VECTOR('',#4936,10.);
#1096=VECTOR('',#4937,10.);
#1097=VECTOR('',#4938,10.);
#1098=VECTOR('',#4939,10.);
#1099=VECTOR('',#4940,10.);
#1100=VECTOR('',#4941,10.);
#1101=VECTOR('',#4942,10.);
#1102=VECTOR('',#4945,10.);
#1103=VECTOR('',#4946,10.);
#1104=VECTOR('',#4959,10.);
#1105=VECTOR('',#4962,10.);
#1106=VECTOR('',#4963,10.);
#1107=VECTOR('',#4976,10.);
#1108=VECTOR('',#4977,10.);
#1109=VECTOR('',#4978,10.);
#1110=VECTOR('',#4981,10.);
#1111=VECTOR('',#4982,10.);
#1112=VECTOR('',#4985,10.);
#1113=VECTOR('',#4986,10.);
#1114=VECTOR('',#4989,10.);
#1115=VECTOR('',#4996,0.9);
#1116=VECTOR('',#5005,0.899999999999999);
#1117=VECTOR('',#5010,10.);
#1118=VECTOR('',#5013,10.);
#1119=VECTOR('',#5014,10.);
#1120=VECTOR('',#5015,10.);
#1121=VECTOR('',#5018,10.);
#1122=VECTOR('',#5019,10.);
#1123=VECTOR('',#5020,10.);
#1124=VECTOR('',#5023,10.);
#1125=VECTOR('',#5026,10.);
#1126=VECTOR('',#5031,10.);
#1127=VECTOR('',#5032,10.);
#1128=VECTOR('',#5033,10.);
#1129=VECTOR('',#5034,10.);
#1130=VECTOR('',#5039,10.);
#1131=VECTOR('',#5042,10.);
#1132=VECTOR('',#5045,10.);
#1133=VECTOR('',#5046,10.);
#1134=VECTOR('',#5047,10.);
#1135=VECTOR('',#5054,10.);
#1136=VECTOR('',#5057,10.);
#1137=VECTOR('',#5058,10.);
#1138=VECTOR('',#5059,10.);
#1139=VECTOR('',#5072,10.);
#1140=VECTOR('',#5073,10.);
#1141=VECTOR('',#5074,10.);
#1142=VECTOR('',#5089,10.);
#1143=VECTOR('',#5092,10.);
#1144=VECTOR('',#5093,10.);
#1145=VECTOR('',#5094,10.);
#1146=VECTOR('',#5095,10.);
#1147=VECTOR('',#5100,10.);
#1148=VECTOR('',#5103,10.);
#1149=VECTOR('',#5106,10.);
#1150=VECTOR('',#5107,10.);
#1151=VECTOR('',#5108,10.);
#1152=VECTOR('',#5115,10.);
#1153=VECTOR('',#5118,10.);
#1154=VECTOR('',#5119,10.);
#1155=VECTOR('',#5120,10.);
#1156=VECTOR('',#5133,10.);
#1157=VECTOR('',#5134,10.);
#1158=VECTOR('',#5135,10.);
#1159=VECTOR('',#5150,10.);
#1160=VECTOR('',#5153,10.);
#1161=VECTOR('',#5154,10.);
#1162=VECTOR('',#5155,10.);
#1163=VECTOR('',#5156,10.);
#1164=VECTOR('',#5161,10.);
#1165=VECTOR('',#5164,10.);
#1166=VECTOR('',#5167,10.);
#1167=VECTOR('',#5168,10.);
#1168=VECTOR('',#5169,10.);
#1169=VECTOR('',#5176,10.);
#1170=VECTOR('',#5179,10.);
#1171=VECTOR('',#5180,10.);
#1172=VECTOR('',#5181,10.);
#1173=VECTOR('',#5194,10.);
#1174=VECTOR('',#5195,10.);
#1175=VECTOR('',#5196,10.);
#1176=VECTOR('',#5211,10.);
#1177=VECTOR('',#5214,10.);
#1178=VECTOR('',#5215,10.);
#1179=VECTOR('',#5216,10.);
#1180=VECTOR('',#5217,10.);
#1181=VECTOR('',#5222,10.);
#1182=VECTOR('',#5225,10.);
#1183=VECTOR('',#5228,10.);
#1184=VECTOR('',#5229,10.);
#1185=VECTOR('',#5230,10.);
#1186=VECTOR('',#5237,10.);
#1187=VECTOR('',#5240,10.);
#1188=VECTOR('',#5241,10.);
#1189=VECTOR('',#5242,10.);
#1190=VECTOR('',#5255,10.);
#1191=VECTOR('',#5256,10.);
#1192=VECTOR('',#5257,10.);
#1193=VECTOR('',#5272,10.);
#1194=VECTOR('',#5277,10.);
#1195=VECTOR('',#5280,10.);
#1196=VECTOR('',#5283,10.);
#1197=VECTOR('',#5286,10.);
#1198=VECTOR('',#5289,10.);
#1199=VECTOR('',#5294,10.);
#1200=VECTOR('',#5295,10.);
#1201=VECTOR('',#5298,10.);
#1202=VECTOR('',#5303,10.);
#1203=VECTOR('',#5304,10.);
#1204=VECTOR('',#5307,10.);
#1205=VECTOR('',#5310,10.);
#1206=VECTOR('',#5311,10.);
#1207=VECTOR('',#5316,10.);
#1208=VECTOR('',#5319,10.);
#1209=VECTOR('',#5324,10.);
#1210=VECTOR('',#5329,10.);
#1211=VECTOR('',#5334,10.);
#1212=VECTOR('',#5337,10.);
#1213=VECTOR('',#5338,10.);
#1214=VECTOR('',#5343,10.);
#1215=VECTOR('',#5346,10.);
#1216=VECTOR('',#5347,10.);
#1217=VECTOR('',#5348,10.);
#1218=VECTOR('',#5349,10.);
#1219=VECTOR('',#5354,10.);
#1220=VECTOR('',#5357,10.);
#1221=VECTOR('',#5360,10.);
#1222=VECTOR('',#5361,10.);
#1223=VECTOR('',#5362,10.);
#1224=VECTOR('',#5369,10.);
#1225=VECTOR('',#5372,10.);
#1226=VECTOR('',#5373,10.);
#1227=VECTOR('',#5374,10.);
#1228=VECTOR('',#5387,10.);
#1229=VECTOR('',#5388,10.);
#1230=VECTOR('',#5389,10.);
#1231=VECTOR('',#5404,10.);
#1232=VECTOR('',#5407,10.);
#1233=VECTOR('',#5408,10.);
#1234=VECTOR('',#5409,10.);
#1235=VECTOR('',#5410,10.);
#1236=VECTOR('',#5415,10.);
#1237=VECTOR('',#5418,10.);
#1238=VECTOR('',#5421,10.);
#1239=VECTOR('',#5422,10.);
#1240=VECTOR('',#5423,10.);
#1241=VECTOR('',#5430,10.);
#1242=VECTOR('',#5433,10.);
#1243=VECTOR('',#5434,10.);
#1244=VECTOR('',#5435,10.);
#1245=VECTOR('',#5448,10.);
#1246=VECTOR('',#5449,10.);
#1247=VECTOR('',#5450,10.);
#1248=VECTOR('',#5465,10.);
#1249=VECTOR('',#5474,10.);
#1250=VECTOR('',#5477,10.);
#1251=VECTOR('',#5480,10.);
#1252=VECTOR('',#5483,10.);
#1253=VECTOR('',#5486,10.);
#1254=VECTOR('',#5487,10.);
#1255=VECTOR('',#5488,10.);
#1256=VECTOR('',#5489,10.);
#1257=VECTOR('',#5490,10.);
#1258=VECTOR('',#5491,10.);
#1259=VECTOR('',#5492,10.);
#1260=VECTOR('',#5493,10.);
#1261=VECTOR('',#5494,10.);
#1262=VECTOR('',#5495,10.);
#1263=VECTOR('',#5496,10.);
#1264=VECTOR('',#5497,10.);
#1265=VECTOR('',#5498,10.);
#1266=VECTOR('',#5499,10.);
#1267=VECTOR('',#5500,10.);
#1268=VECTOR('',#5501,10.);
#1269=VECTOR('',#5502,10.);
#1270=VECTOR('',#5503,10.);
#1271=VECTOR('',#5504,10.);
#1272=VECTOR('',#5505,10.);
#1273=VECTOR('',#5506,10.);
#1274=VECTOR('',#5511,10.);
#1275=VECTOR('',#5516,10.);
#1276=VECTOR('',#5519,10.);
#1277=VECTOR('',#5520,10.);
#1278=VECTOR('',#5523,10.);
#1279=VECTOR('',#5524,10.);
#1280=VECTOR('',#5527,10.);
#1281=VECTOR('',#5532,10.);
#1282=VECTOR('',#5537,10.);
#1283=VECTOR('',#5540,10.);
#1284=VECTOR('',#5543,10.);
#1285=VECTOR('',#5546,10.);
#1286=VECTOR('',#5549,10.);
#1287=VECTOR('',#5552,10.);
#1288=VECTOR('',#5559,10.);
#1289=VECTOR('',#5562,10.);
#1290=VECTOR('',#5565,10.);
#1291=VECTOR('',#5568,10.);
#1292=VECTOR('',#5571,10.);
#1293=VECTOR('',#5574,10.);
#1294=VECTOR('',#5577,10.);
#1295=VECTOR('',#5578,10.);
#1296=VECTOR('',#5581,10.);
#1297=VECTOR('',#5586,10.);
#1298=VECTOR('',#5587,10.);
#1299=VECTOR('',#5590,10.);
#1300=VECTOR('',#5593,10.);
#1301=VECTOR('',#5594,10.);
#1302=VECTOR('',#5599,10.);
#1303=VECTOR('',#5602,10.);
#1304=VECTOR('',#5607,10.);
#1305=VECTOR('',#5612,10.);
#1306=VECTOR('',#5617,10.);
#1307=VECTOR('',#5620,10.);
#1308=VECTOR('',#5621,10.);
#1309=VECTOR('',#5626,10.);
#1310=VECTOR('',#5629,10.);
#1311=VECTOR('',#5630,10.);
#1312=VECTOR('',#5631,10.);
#1313=VECTOR('',#5632,10.);
#1314=VECTOR('',#5637,10.);
#1315=VECTOR('',#5640,10.);
#1316=VECTOR('',#5643,10.);
#1317=VECTOR('',#5644,10.);
#1318=VECTOR('',#5645,10.);
#1319=VECTOR('',#5652,10.);
#1320=VECTOR('',#5655,10.);
#1321=VECTOR('',#5656,10.);
#1322=VECTOR('',#5657,10.);
#1323=VECTOR('',#5670,10.);
#1324=VECTOR('',#5671,10.);
#1325=VECTOR('',#5672,10.);
#1326=VECTOR('',#5689,10.);
#1327=VECTOR('',#5690,10.);
#1328=VECTOR('',#5691,10.);
#1329=VECTOR('',#5692,10.);
#1330=VECTOR('',#5697,10.);
#1331=VECTOR('',#5700,10.);
#1332=VECTOR('',#5703,10.);
#1333=VECTOR('',#5704,10.);
#1334=VECTOR('',#5705,10.);
#1335=VECTOR('',#5712,10.);
#1336=VECTOR('',#5715,10.);
#1337=VECTOR('',#5716,10.);
#1338=VECTOR('',#5717,10.);
#1339=VECTOR('',#5730,10.);
#1340=VECTOR('',#5731,10.);
#1341=VECTOR('',#5732,10.);
#1342=VECTOR('',#5749,10.);
#1343=VECTOR('',#5750,10.);
#1344=VECTOR('',#5751,10.);
#1345=VECTOR('',#5752,10.);
#1346=VECTOR('',#5757,10.);
#1347=VECTOR('',#5760,10.);
#1348=VECTOR('',#5763,10.);
#1349=VECTOR('',#5764,10.);
#1350=VECTOR('',#5765,10.);
#1351=VECTOR('',#5772,10.);
#1352=VECTOR('',#5775,10.);
#1353=VECTOR('',#5776,10.);
#1354=VECTOR('',#5777,10.);
#1355=VECTOR('',#5790,10.);
#1356=VECTOR('',#5791,10.);
#1357=VECTOR('',#5792,10.);
#1358=VECTOR('',#5809,10.);
#1359=VECTOR('',#5810,10.);
#1360=VECTOR('',#5811,10.);
#1361=VECTOR('',#5812,10.);
#1362=VECTOR('',#5817,10.);
#1363=VECTOR('',#5820,10.);
#1364=VECTOR('',#5823,10.);
#1365=VECTOR('',#5824,10.);
#1366=VECTOR('',#5825,10.);
#1367=VECTOR('',#5832,10.);
#1368=VECTOR('',#5835,10.);
#1369=VECTOR('',#5836,10.);
#1370=VECTOR('',#5837,10.);
#1371=VECTOR('',#5850,10.);
#1372=VECTOR('',#5851,10.);
#1373=VECTOR('',#5852,10.);
#1374=VECTOR('',#5871,10.);
#1375=VECTOR('',#5872,10.);
#1376=VECTOR('',#5873,10.);
#1377=VECTOR('',#5878,10.);
#1378=VECTOR('',#5879,10.);
#1379=VECTOR('',#5880,10.);
#1380=VECTOR('',#5883,10.);
#1381=VECTOR('',#5884,10.);
#1382=VECTOR('',#5899,10.);
#1383=VECTOR('',#5900,10.);
#1384=VECTOR('',#5901,10.);
#1385=VECTOR('',#5904,10.);
#1386=VECTOR('',#5921,10.);
#1387=VECTOR('',#5922,10.);
#1388=VECTOR('',#5925,10.);
#1389=VECTOR('',#5928,10.);
#1390=VECTOR('',#5937,10.);
#1391=VECTOR('',#5942,10.);
#1392=VECTOR('',#5945,10.);
#1393=VECTOR('',#5946,10.);
#1394=VECTOR('',#5951,10.);
#1395=VECTOR('',#5954,10.);
#1396=VECTOR('',#5957,10.);
#1397=VECTOR('',#5958,10.);
#1398=VECTOR('',#5963,10.);
#1399=VECTOR('',#5966,10.);
#1400=CIRCLE('',#4310,1.6);
#1401=CIRCLE('',#4311,1.6);
#1402=CIRCLE('',#4313,1.6);
#1403=CIRCLE('',#4314,1.6);
#1404=CIRCLE('',#4316,1.6);
#1405=CIRCLE('',#4317,1.6);
#1406=CIRCLE('',#4319,2.);
#1407=CIRCLE('',#4320,2.);
#1408=CIRCLE('',#4321,2.);
#1409=CIRCLE('',#4322,2.);
#1410=CIRCLE('',#4324,0.999999999999996);
#1411=CIRCLE('',#4325,2.);
#1412=CIRCLE('',#4326,0.999999999999996);
#1413=CIRCLE('',#4328,1.00000000000062);
#1414=CIRCLE('',#4330,1.00000000000001);
#1415=CIRCLE('',#4331,0.999999999999999);
#1416=CIRCLE('',#4332,2.);
#1417=CIRCLE('',#4334,1.00000000000021);
#1418=CIRCLE('',#4336,0.999999999999996);
#1419=CIRCLE('',#4337,1.00000000000021);
#1420=CIRCLE('',#4338,2.);
#1421=CIRCLE('',#4340,1.00000000000001);
#1422=CIRCLE('',#4342,0.999999999999996);
#1423=CIRCLE('',#4343,2.);
#1424=CIRCLE('',#4359,10.);
#1425=CIRCLE('',#4360,10.);
#1426=CIRCLE('',#4362,10.);
#1427=CIRCLE('',#4363,10.);
#1428=CIRCLE('',#4366,3.);
#1429=CIRCLE('',#4367,3.);
#1430=CIRCLE('',#4369,7.);
#1431=CIRCLE('',#4370,3.);
#1432=CIRCLE('',#4371,7.);
#1433=CIRCLE('',#4373,3.);
#1434=CIRCLE('',#4375,7.);
#1435=CIRCLE('',#4376,3.);
#1436=CIRCLE('',#4377,10.);
#1437=CIRCLE('',#4378,7.);
#1438=CIRCLE('',#4380,3.00000000000001);
#1439=CIRCLE('',#4382,7.);
#1440=CIRCLE('',#4383,3.);
#1441=CIRCLE('',#4384,10.);
#1442=CIRCLE('',#4385,7.);
#1443=CIRCLE('',#4391,0.9);
#1444=CIRCLE('',#4393,0.9);
#1445=CIRCLE('',#4395,0.899999999999999);
#1446=CIRCLE('',#4397,0.899999999999999);
#1447=CIRCLE('',#4406,0.5);
#1448=CIRCLE('',#4407,0.5);
#1449=CIRCLE('',#4410,0.5);
#1450=CIRCLE('',#4411,0.5);
#1451=CIRCLE('',#4414,0.5);
#1452=CIRCLE('',#4415,0.5);
#1453=CIRCLE('',#4416,0.5);
#1454=CIRCLE('',#4417,0.5);
#1455=CIRCLE('',#4420,0.5);
#1456=CIRCLE('',#4421,0.5);
#1457=CIRCLE('',#4422,0.5);
#1458=CIRCLE('',#4423,0.5);
#1459=CIRCLE('',#4428,0.5);
#1460=CIRCLE('',#4429,0.5);
#1461=CIRCLE('',#4432,0.5);
#1462=CIRCLE('',#4433,0.5);
#1463=CIRCLE('',#4436,0.5);
#1464=CIRCLE('',#4437,0.5);
#1465=CIRCLE('',#4438,0.5);
#1466=CIRCLE('',#4439,0.5);
#1467=CIRCLE('',#4442,0.5);
#1468=CIRCLE('',#4443,0.5);
#1469=CIRCLE('',#4444,0.5);
#1470=CIRCLE('',#4445,0.5);
#1471=CIRCLE('',#4450,0.5);
#1472=CIRCLE('',#4451,0.5);
#1473=CIRCLE('',#4454,0.5);
#1474=CIRCLE('',#4455,0.5);
#1475=CIRCLE('',#4458,0.5);
#1476=CIRCLE('',#4459,0.5);
#1477=CIRCLE('',#4460,0.5);
#1478=CIRCLE('',#4461,0.5);
#1479=CIRCLE('',#4464,0.5);
#1480=CIRCLE('',#4465,0.5);
#1481=CIRCLE('',#4466,0.5);
#1482=CIRCLE('',#4467,0.5);
#1483=CIRCLE('',#4472,0.5);
#1484=CIRCLE('',#4473,0.5);
#1485=CIRCLE('',#4476,0.5);
#1486=CIRCLE('',#4477,0.5);
#1487=CIRCLE('',#4480,0.5);
#1488=CIRCLE('',#4481,0.5);
#1489=CIRCLE('',#4482,0.5);
#1490=CIRCLE('',#4483,0.5);
#1491=CIRCLE('',#4486,0.5);
#1492=CIRCLE('',#4487,0.5);
#1493=CIRCLE('',#4488,0.5);
#1494=CIRCLE('',#4489,0.5);
#1495=CIRCLE('',#4493,12.5);
#1496=CIRCLE('',#4494,12.5);
#1497=CIRCLE('',#4495,12.5);
#1498=CIRCLE('',#4496,12.5);
#1499=CIRCLE('',#4497,12.5);
#1500=CIRCLE('',#4498,12.5);
#1501=CIRCLE('',#4501,12.5);
#1502=CIRCLE('',#4506,0.5);
#1503=CIRCLE('',#4508,0.5);
#1504=CIRCLE('',#4510,0.5);
#1505=CIRCLE('',#4512,0.5);
#1506=CIRCLE('',#4519,0.5);
#1507=CIRCLE('',#4520,0.5);
#1508=CIRCLE('',#4523,0.5);
#1509=CIRCLE('',#4524,0.5);
#1510=CIRCLE('',#4527,0.5);
#1511=CIRCLE('',#4528,0.5);
#1512=CIRCLE('',#4529,0.5);
#1513=CIRCLE('',#4530,0.5);
#1514=CIRCLE('',#4533,0.5);
#1515=CIRCLE('',#4534,0.5);
#1516=CIRCLE('',#4535,0.5);
#1517=CIRCLE('',#4536,0.5);
#1518=CIRCLE('',#4541,0.5);
#1519=CIRCLE('',#4542,0.5);
#1520=CIRCLE('',#4545,0.5);
#1521=CIRCLE('',#4546,0.5);
#1522=CIRCLE('',#4549,0.5);
#1523=CIRCLE('',#4550,0.5);
#1524=CIRCLE('',#4551,0.5);
#1525=CIRCLE('',#4552,0.5);
#1526=CIRCLE('',#4555,0.5);
#1527=CIRCLE('',#4556,0.5);
#1528=CIRCLE('',#4557,0.5);
#1529=CIRCLE('',#4558,0.5);
#1530=CIRCLE('',#4562,12.5);
#1531=CIRCLE('',#4563,12.5);
#1532=CIRCLE('',#4564,12.5);
#1533=CIRCLE('',#4565,12.5);
#1534=CIRCLE('',#4566,12.5);
#1535=CIRCLE('',#4568,3.);
#1536=CIRCLE('',#4570,0.5);
#1537=CIRCLE('',#4572,0.5);
#1538=CIRCLE('',#4576,0.5);
#1539=CIRCLE('',#4578,0.5);
#1540=CIRCLE('',#4587,12.5);
#1541=CIRCLE('',#4588,12.5);
#1542=CIRCLE('',#4589,12.5);
#1543=CIRCLE('',#4590,12.5);
#1544=CIRCLE('',#4591,12.5);
#1545=CIRCLE('',#4592,12.5);
#1546=CIRCLE('',#4595,12.5);
#1547=CIRCLE('',#4600,0.5);
#1548=CIRCLE('',#4602,0.5);
#1549=CIRCLE('',#4604,0.5);
#1550=CIRCLE('',#4606,0.5);
#1551=CIRCLE('',#4613,0.5);
#1552=CIRCLE('',#4614,0.5);
#1553=CIRCLE('',#4617,0.5);
#1554=CIRCLE('',#4618,0.5);
#1555=CIRCLE('',#4621,0.5);
#1556=CIRCLE('',#4622,0.5);
#1557=CIRCLE('',#4623,0.5);
#1558=CIRCLE('',#4624,0.5);
#1559=CIRCLE('',#4627,0.5);
#1560=CIRCLE('',#4628,0.5);
#1561=CIRCLE('',#4629,0.5);
#1562=CIRCLE('',#4630,0.5);
#1563=CIRCLE('',#4635,0.5);
#1564=CIRCLE('',#4636,0.5);
#1565=CIRCLE('',#4639,0.5);
#1566=CIRCLE('',#4640,0.5);
#1567=CIRCLE('',#4643,0.5);
#1568=CIRCLE('',#4644,0.5);
#1569=CIRCLE('',#4645,0.5);
#1570=CIRCLE('',#4646,0.5);
#1571=CIRCLE('',#4649,0.5);
#1572=CIRCLE('',#4650,0.5);
#1573=CIRCLE('',#4651,0.5);
#1574=CIRCLE('',#4652,0.5);
#1575=CIRCLE('',#4657,0.5);
#1576=CIRCLE('',#4658,0.5);
#1577=CIRCLE('',#4661,0.5);
#1578=CIRCLE('',#4662,0.5);
#1579=CIRCLE('',#4665,0.5);
#1580=CIRCLE('',#4666,0.5);
#1581=CIRCLE('',#4667,0.5);
#1582=CIRCLE('',#4668,0.5);
#1583=CIRCLE('',#4671,0.5);
#1584=CIRCLE('',#4672,0.5);
#1585=CIRCLE('',#4673,0.5);
#1586=CIRCLE('',#4674,0.5);
#1587=CIRCLE('',#4679,0.5);
#1588=CIRCLE('',#4680,0.5);
#1589=CIRCLE('',#4683,0.5);
#1590=CIRCLE('',#4684,0.5);
#1591=CIRCLE('',#4687,0.5);
#1592=CIRCLE('',#4688,0.5);
#1593=CIRCLE('',#4689,0.5);
#1594=CIRCLE('',#4690,0.5);
#1595=CIRCLE('',#4693,0.5);
#1596=CIRCLE('',#4694,0.5);
#1597=CIRCLE('',#4695,0.5);
#1598=CIRCLE('',#4696,0.5);
#1599=CIRCLE('',#4700,7.);
#1600=CIRCLE('',#4701,7.);
#1601=CIRCLE('',#4702,12.5);
#1602=CIRCLE('',#4703,12.5);
#1603=CIRCLE('',#4704,12.5);
#1604=CIRCLE('',#4707,0.5);
#1605=CIRCLE('',#4709,0.5);
#1606=CIRCLE('',#4713,0.5);
#1607=CIRCLE('',#4715,0.5);
#1608=CIRCLE('',#4723,12.5);
#1609=CIRCLE('',#4727,10.);
#1610=CIRCLE('',#4730,10.);
#1611=CIRCLE('',#4734,12.5);
#1612=VERTEX_POINT('',#5971);
#1613=VERTEX_POINT('',#5973);
#1614=VERTEX_POINT('',#5977);
#1615=VERTEX_POINT('',#5979);
#1616=VERTEX_POINT('',#5983);
#1617=VERTEX_POINT('',#5985);
#1618=VERTEX_POINT('',#5989);
#1619=VERTEX_POINT('',#5990);
#1620=VERTEX_POINT('',#5992);
#1621=VERTEX_POINT('',#5994);
#1622=VERTEX_POINT('',#5996);
#1623=VERTEX_POINT('',#5998);
#1624=VERTEX_POINT('',#6000);
#1625=VERTEX_POINT('',#6002);
#1626=VERTEX_POINT('',#6004);
#1627=VERTEX_POINT('',#6006);
#1628=VERTEX_POINT('',#6008);
#1629=VERTEX_POINT('',#6010);
#1630=VERTEX_POINT('',#6014);
#1631=VERTEX_POINT('',#6016);
#1632=VERTEX_POINT('',#6020);
#1633=VERTEX_POINT('',#6024);
#1634=VERTEX_POINT('',#6025);
#1635=VERTEX_POINT('',#6033);
#1636=VERTEX_POINT('',#6037);
#1637=VERTEX_POINT('',#6038);
#1638=VERTEX_POINT('',#6043);
#1639=VERTEX_POINT('',#6045);
#1640=VERTEX_POINT('',#6055);
#1641=VERTEX_POINT('',#6059);
#1642=VERTEX_POINT('',#6065);
#1643=VERTEX_POINT('',#6066);
#1644=VERTEX_POINT('',#6068);
#1645=VERTEX_POINT('',#6070);
#1646=VERTEX_POINT('',#6074);
#1647=VERTEX_POINT('',#6075);
#1648=VERTEX_POINT('',#6077);
#1649=VERTEX_POINT('',#6082);
#1650=VERTEX_POINT('',#6084);
#1651=VERTEX_POINT('',#6086);
#1652=VERTEX_POINT('',#6095);
#1653=VERTEX_POINT('',#6097);
#1654=VERTEX_POINT('',#6103);
#1655=VERTEX_POINT('',#6104);
#1656=VERTEX_POINT('',#6106);
#1657=VERTEX_POINT('',#6108);
#1658=VERTEX_POINT('',#6112);
#1659=VERTEX_POINT('',#6113);
#1660=VERTEX_POINT('',#6115);
#1661=VERTEX_POINT('',#6117);
#1662=VERTEX_POINT('',#6121);
#1663=VERTEX_POINT('',#6123);
#1664=VERTEX_POINT('',#6127);
#1665=VERTEX_POINT('',#6129);
#1666=VERTEX_POINT('',#6133);
#1667=VERTEX_POINT('',#6135);
#1668=VERTEX_POINT('',#6138);
#1669=VERTEX_POINT('',#6139);
#1670=VERTEX_POINT('',#6141);
#1671=VERTEX_POINT('',#6143);
#1672=VERTEX_POINT('',#6147);
#1673=VERTEX_POINT('',#6148);
#1674=VERTEX_POINT('',#6153);
#1675=VERTEX_POINT('',#6156);
#1676=VERTEX_POINT('',#6158);
#1677=VERTEX_POINT('',#6160);
#1678=VERTEX_POINT('',#6167);
#1679=VERTEX_POINT('',#6168);
#1680=VERTEX_POINT('',#6175);
#1681=VERTEX_POINT('',#6178);
#1682=VERTEX_POINT('',#6180);
#1683=VERTEX_POINT('',#6196);
#1684=VERTEX_POINT('',#6197);
#1685=VERTEX_POINT('',#6204);
#1686=VERTEX_POINT('',#6206);
#1687=VERTEX_POINT('',#6211);
#1688=VERTEX_POINT('',#6213);
#1689=VERTEX_POINT('',#6215);
#1690=VERTEX_POINT('',#6217);
#1691=VERTEX_POINT('',#6219);
#1692=VERTEX_POINT('',#6221);
#1693=VERTEX_POINT('',#6223);
#1694=VERTEX_POINT('',#6225);
#1695=VERTEX_POINT('',#6227);
#1696=VERTEX_POINT('',#6229);
#1697=VERTEX_POINT('',#6231);
#1698=VERTEX_POINT('',#6233);
#1699=VERTEX_POINT('',#6235);
#1700=VERTEX_POINT('',#6237);
#1701=VERTEX_POINT('',#6239);
#1702=VERTEX_POINT('',#6241);
#1703=VERTEX_POINT('',#6243);
#1704=VERTEX_POINT('',#6245);
#1705=VERTEX_POINT('',#6247);
#1706=VERTEX_POINT('',#6249);
#1707=VERTEX_POINT('',#6251);
#1708=VERTEX_POINT('',#6253);
#1709=VERTEX_POINT('',#6258);
#1710=VERTEX_POINT('',#6260);
#1711=VERTEX_POINT('',#6267);
#1712=VERTEX_POINT('',#6269);
#1713=VERTEX_POINT('',#6276);
#1714=VERTEX_POINT('',#6279);
#1715=VERTEX_POINT('',#6281);
#1716=VERTEX_POINT('',#6290);
#1717=VERTEX_POINT('',#6291);
#1718=VERTEX_POINT('',#6300);
#1719=VERTEX_POINT('',#6302);
#1720=VERTEX_POINT('',#6305);
#1721=VERTEX_POINT('',#6307);
#1722=VERTEX_POINT('',#6319);
#1723=VERTEX_POINT('',#6324);
#1724=VERTEX_POINT('',#6326);
#1725=VERTEX_POINT('',#6329);
#1726=VERTEX_POINT('',#6336);
#1727=VERTEX_POINT('',#6337);
#1728=VERTEX_POINT('',#6344);
#1729=VERTEX_POINT('',#6346);
#1730=VERTEX_POINT('',#6349);
#1731=VERTEX_POINT('',#6351);
#1732=VERTEX_POINT('',#6367);
#1733=VERTEX_POINT('',#6368);
#1734=VERTEX_POINT('',#6373);
#1735=VERTEX_POINT('',#6377);
#1736=VERTEX_POINT('',#6383);
#1737=VERTEX_POINT('',#6386);
#1738=VERTEX_POINT('',#6390);
#1739=VERTEX_POINT('',#6393);
#1740=VERTEX_POINT('',#6399);
#1741=VERTEX_POINT('',#6400);
#1742=VERTEX_POINT('',#6405);
#1743=VERTEX_POINT('',#6406);
#1744=VERTEX_POINT('',#6416);
#1745=VERTEX_POINT('',#6417);
#1746=VERTEX_POINT('',#6419);
#1747=VERTEX_POINT('',#6421);
#1748=VERTEX_POINT('',#6425);
#1749=VERTEX_POINT('',#6426);
#1750=VERTEX_POINT('',#6428);
#1751=VERTEX_POINT('',#6430);
#1752=VERTEX_POINT('',#6434);
#1753=VERTEX_POINT('',#6435);
#1754=VERTEX_POINT('',#6440);
#1755=VERTEX_POINT('',#6442);
#1756=VERTEX_POINT('',#6446);
#1757=VERTEX_POINT('',#6447);
#1758=VERTEX_POINT('',#6452);
#1759=VERTEX_POINT('',#6458);
#1760=VERTEX_POINT('',#6459);
#1761=VERTEX_POINT('',#6466);
#1762=VERTEX_POINT('',#6473);
#1763=VERTEX_POINT('',#6474);
#1764=VERTEX_POINT('',#6476);
#1765=VERTEX_POINT('',#6478);
#1766=VERTEX_POINT('',#6482);
#1767=VERTEX_POINT('',#6483);
#1768=VERTEX_POINT('',#6485);
#1769=VERTEX_POINT('',#6487);
#1770=VERTEX_POINT('',#6491);
#1771=VERTEX_POINT('',#6492);
#1772=VERTEX_POINT('',#6497);
#1773=VERTEX_POINT('',#6499);
#1774=VERTEX_POINT('',#6503);
#1775=VERTEX_POINT('',#6504);
#1776=VERTEX_POINT('',#6509);
#1777=VERTEX_POINT('',#6515);
#1778=VERTEX_POINT('',#6516);
#1779=VERTEX_POINT('',#6523);
#1780=VERTEX_POINT('',#6530);
#1781=VERTEX_POINT('',#6531);
#1782=VERTEX_POINT('',#6533);
#1783=VERTEX_POINT('',#6535);
#1784=VERTEX_POINT('',#6539);
#1785=VERTEX_POINT('',#6540);
#1786=VERTEX_POINT('',#6542);
#1787=VERTEX_POINT('',#6544);
#1788=VERTEX_POINT('',#6548);
#1789=VERTEX_POINT('',#6549);
#1790=VERTEX_POINT('',#6554);
#1791=VERTEX_POINT('',#6556);
#1792=VERTEX_POINT('',#6560);
#1793=VERTEX_POINT('',#6561);
#1794=VERTEX_POINT('',#6566);
#1795=VERTEX_POINT('',#6572);
#1796=VERTEX_POINT('',#6573);
#1797=VERTEX_POINT('',#6580);
#1798=VERTEX_POINT('',#6587);
#1799=VERTEX_POINT('',#6588);
#1800=VERTEX_POINT('',#6590);
#1801=VERTEX_POINT('',#6592);
#1802=VERTEX_POINT('',#6596);
#1803=VERTEX_POINT('',#6597);
#1804=VERTEX_POINT('',#6599);
#1805=VERTEX_POINT('',#6601);
#1806=VERTEX_POINT('',#6605);
#1807=VERTEX_POINT('',#6606);
#1808=VERTEX_POINT('',#6611);
#1809=VERTEX_POINT('',#6613);
#1810=VERTEX_POINT('',#6617);
#1811=VERTEX_POINT('',#6618);
#1812=VERTEX_POINT('',#6623);
#1813=VERTEX_POINT('',#6629);
#1814=VERTEX_POINT('',#6630);
#1815=VERTEX_POINT('',#6637);
#1816=VERTEX_POINT('',#6644);
#1817=VERTEX_POINT('',#6646);
#1818=VERTEX_POINT('',#6648);
#1819=VERTEX_POINT('',#6653);
#1820=VERTEX_POINT('',#6655);
#1821=VERTEX_POINT('',#6668);
#1822=VERTEX_POINT('',#6670);
#1823=VERTEX_POINT('',#6683);
#1824=VERTEX_POINT('',#6685);
#1825=VERTEX_POINT('',#6696);
#1826=VERTEX_POINT('',#6698);
#1827=VERTEX_POINT('',#6709);
#1828=VERTEX_POINT('',#6711);
#1829=VERTEX_POINT('',#6722);
#1830=VERTEX_POINT('',#6724);
#1831=VERTEX_POINT('',#6735);
#1832=VERTEX_POINT('',#6737);
#1833=VERTEX_POINT('',#6748);
#1834=VERTEX_POINT('',#6750);
#1835=VERTEX_POINT('',#6763);
#1836=VERTEX_POINT('',#6765);
#1837=VERTEX_POINT('',#6778);
#1838=VERTEX_POINT('',#6782);
#1839=VERTEX_POINT('',#6786);
#1840=VERTEX_POINT('',#6799);
#1841=VERTEX_POINT('',#6801);
#1842=VERTEX_POINT('',#6814);
#1843=VERTEX_POINT('',#6818);
#1844=VERTEX_POINT('',#6822);
#1845=VERTEX_POINT('',#6826);
#1846=VERTEX_POINT('',#6832);
#1847=VERTEX_POINT('',#6849);
#1848=VERTEX_POINT('',#6850);
#1849=VERTEX_POINT('',#6852);
#1850=VERTEX_POINT('',#6854);
#1851=VERTEX_POINT('',#6858);
#1852=VERTEX_POINT('',#6859);
#1853=VERTEX_POINT('',#6861);
#1854=VERTEX_POINT('',#6863);
#1855=VERTEX_POINT('',#6867);
#1856=VERTEX_POINT('',#6868);
#1857=VERTEX_POINT('',#6873);
#1858=VERTEX_POINT('',#6875);
#1859=VERTEX_POINT('',#6879);
#1860=VERTEX_POINT('',#6880);
#1861=VERTEX_POINT('',#6885);
#1862=VERTEX_POINT('',#6891);
#1863=VERTEX_POINT('',#6892);
#1864=VERTEX_POINT('',#6899);
#1865=VERTEX_POINT('',#6906);
#1866=VERTEX_POINT('',#6907);
#1867=VERTEX_POINT('',#6909);
#1868=VERTEX_POINT('',#6911);
#1869=VERTEX_POINT('',#6915);
#1870=VERTEX_POINT('',#6916);
#1871=VERTEX_POINT('',#6918);
#1872=VERTEX_POINT('',#6920);
#1873=VERTEX_POINT('',#6924);
#1874=VERTEX_POINT('',#6925);
#1875=VERTEX_POINT('',#6930);
#1876=VERTEX_POINT('',#6932);
#1877=VERTEX_POINT('',#6936);
#1878=VERTEX_POINT('',#6937);
#1879=VERTEX_POINT('',#6942);
#1880=VERTEX_POINT('',#6948);
#1881=VERTEX_POINT('',#6949);
#1882=VERTEX_POINT('',#6956);
#1883=VERTEX_POINT('',#6963);
#1884=VERTEX_POINT('',#6966);
#1885=VERTEX_POINT('',#6968);
#1886=VERTEX_POINT('',#6979);
#1887=VERTEX_POINT('',#6981);
#1888=VERTEX_POINT('',#6992);
#1889=VERTEX_POINT('',#6994);
#1890=VERTEX_POINT('',#7007);
#1891=VERTEX_POINT('',#7009);
#1892=VERTEX_POINT('',#7025);
#1893=VERTEX_POINT('',#7026);
#1894=VERTEX_POINT('',#7033);
#1895=VERTEX_POINT('',#7037);
#1896=VERTEX_POINT('',#7039);
#1897=VERTEX_POINT('',#7046);
#1898=VERTEX_POINT('',#7048);
#1899=VERTEX_POINT('',#7056);
#1900=VERTEX_POINT('',#7058);
#1901=VERTEX_POINT('',#7062);
#1902=VERTEX_POINT('',#7064);
#1903=VERTEX_POINT('',#7067);
#1904=VERTEX_POINT('',#7069);
#1905=VERTEX_POINT('',#7072);
#1906=VERTEX_POINT('',#7074);
#1907=VERTEX_POINT('',#7078);
#1908=VERTEX_POINT('',#7080);
#1909=VERTEX_POINT('',#7085);
#1910=VERTEX_POINT('',#7087);
#1911=VERTEX_POINT('',#7096);
#1912=VERTEX_POINT('',#7100);
#1913=VERTEX_POINT('',#7110);
#1914=VERTEX_POINT('',#7114);
#1915=VERTEX_POINT('',#7131);
#1916=VERTEX_POINT('',#7132);
#1917=VERTEX_POINT('',#7135);
#1918=VERTEX_POINT('',#7137);
#1919=VERTEX_POINT('',#7148);
#1920=VERTEX_POINT('',#7150);
#1921=VERTEX_POINT('',#7161);
#1922=VERTEX_POINT('',#7163);
#1923=VERTEX_POINT('',#7174);
#1924=VERTEX_POINT('',#7176);
#1925=VERTEX_POINT('',#7187);
#1926=VERTEX_POINT('',#7189);
#1927=VERTEX_POINT('',#7200);
#1928=VERTEX_POINT('',#7202);
#1929=VERTEX_POINT('',#7213);
#1930=VERTEX_POINT('',#7215);
#1931=VERTEX_POINT('',#7228);
#1932=VERTEX_POINT('',#7230);
#1933=VERTEX_POINT('',#7246);
#1934=VERTEX_POINT('',#7248);
#1935=VERTEX_POINT('',#7263);
#1936=VERTEX_POINT('',#7267);
#1937=VERTEX_POINT('',#7271);
#1938=VERTEX_POINT('',#7286);
#1939=VERTEX_POINT('',#7288);
#1940=VERTEX_POINT('',#7301);
#1941=VERTEX_POINT('',#7305);
#1942=VERTEX_POINT('',#7309);
#1943=VERTEX_POINT('',#7313);
#1944=VERTEX_POINT('',#7319);
#1945=VERTEX_POINT('',#7336);
#1946=VERTEX_POINT('',#7337);
#1947=VERTEX_POINT('',#7339);
#1948=VERTEX_POINT('',#7341);
#1949=VERTEX_POINT('',#7345);
#1950=VERTEX_POINT('',#7346);
#1951=VERTEX_POINT('',#7348);
#1952=VERTEX_POINT('',#7350);
#1953=VERTEX_POINT('',#7354);
#1954=VERTEX_POINT('',#7355);
#1955=VERTEX_POINT('',#7360);
#1956=VERTEX_POINT('',#7362);
#1957=VERTEX_POINT('',#7366);
#1958=VERTEX_POINT('',#7367);
#1959=VERTEX_POINT('',#7377);
#1960=VERTEX_POINT('',#7378);
#1961=VERTEX_POINT('',#7390);
#1962=VERTEX_POINT('',#7391);
#1963=VERTEX_POINT('',#7393);
#1964=VERTEX_POINT('',#7395);
#1965=VERTEX_POINT('',#7399);
#1966=VERTEX_POINT('',#7400);
#1967=VERTEX_POINT('',#7402);
#1968=VERTEX_POINT('',#7404);
#1969=VERTEX_POINT('',#7408);
#1970=VERTEX_POINT('',#7409);
#1971=VERTEX_POINT('',#7414);
#1972=VERTEX_POINT('',#7416);
#1973=VERTEX_POINT('',#7420);
#1974=VERTEX_POINT('',#7421);
#1975=VERTEX_POINT('',#7431);
#1976=VERTEX_POINT('',#7432);
#1977=VERTEX_POINT('',#7444);
#1978=VERTEX_POINT('',#7445);
#1979=VERTEX_POINT('',#7447);
#1980=VERTEX_POINT('',#7449);
#1981=VERTEX_POINT('',#7453);
#1982=VERTEX_POINT('',#7454);
#1983=VERTEX_POINT('',#7456);
#1984=VERTEX_POINT('',#7458);
#1985=VERTEX_POINT('',#7462);
#1986=VERTEX_POINT('',#7463);
#1987=VERTEX_POINT('',#7468);
#1988=VERTEX_POINT('',#7470);
#1989=VERTEX_POINT('',#7474);
#1990=VERTEX_POINT('',#7475);
#1991=VERTEX_POINT('',#7485);
#1992=VERTEX_POINT('',#7486);
#1993=VERTEX_POINT('',#7498);
#1994=VERTEX_POINT('',#7499);
#1995=VERTEX_POINT('',#7501);
#1996=VERTEX_POINT('',#7503);
#1997=VERTEX_POINT('',#7507);
#1998=VERTEX_POINT('',#7508);
#1999=VERTEX_POINT('',#7510);
#2000=VERTEX_POINT('',#7512);
#2001=VERTEX_POINT('',#7516);
#2002=VERTEX_POINT('',#7517);
#2003=VERTEX_POINT('',#7522);
#2004=VERTEX_POINT('',#7524);
#2005=VERTEX_POINT('',#7528);
#2006=VERTEX_POINT('',#7529);
#2007=VERTEX_POINT('',#7539);
#2008=VERTEX_POINT('',#7540);
#2009=VERTEX_POINT('',#7552);
#2010=VERTEX_POINT('',#7554);
#2011=VERTEX_POINT('',#7556);
#2012=VERTEX_POINT('',#7558);
#2013=VERTEX_POINT('',#7562);
#2014=VERTEX_POINT('',#7564);
#2015=VERTEX_POINT('',#7567);
#2016=VERTEX_POINT('',#7570);
#2017=VERTEX_POINT('',#7574);
#2018=VERTEX_POINT('',#7581);
#2019=VERTEX_POINT('',#7599);
#2020=VERTEX_POINT('',#7601);
#2021=VERTEX_POINT('',#7605);
#2022=VERTEX_POINT('',#7635);
#2023=VERTEX_POINT('',#7639);
#2024=VERTEX_POINT('',#7652);
#2025=VERTEX_POINT('',#7670);
#2026=VERTEX_POINT('',#7674);
#2027=VERTEX_POINT('',#7678);
#2028=VERTEX_POINT('',#7684);
#2029=VERTEX_POINT('',#7688);
#2030=EDGE_CURVE('',#1612,#1612,#1400,.T.);
#2031=EDGE_CURVE('',#1612,#1613,#652,.T.);
#2032=EDGE_CURVE('',#1613,#1613,#1401,.T.);
#2033=EDGE_CURVE('',#1614,#1614,#1402,.T.);
#2034=EDGE_CURVE('',#1614,#1615,#653,.T.);
#2035=EDGE_CURVE('',#1615,#1615,#1403,.T.);
#2036=EDGE_CURVE('',#1616,#1616,#1404,.T.);
#2037=EDGE_CURVE('',#1616,#1617,#654,.T.);
#2038=EDGE_CURVE('',#1617,#1617,#1405,.T.);
#2039=EDGE_CURVE('',#1618,#1619,#1406,.T.);
#2040=EDGE_CURVE('',#1620,#1618,#655,.T.);
#2041=EDGE_CURVE('',#1621,#1620,#1407,.T.);
#2042=EDGE_CURVE('',#1622,#1621,#656,.T.);
#2043=EDGE_CURVE('',#1623,#1622,#1408,.T.);
#2044=EDGE_CURVE('',#1624,#1623,#657,.T.);
#2045=EDGE_CURVE('',#1625,#1624,#1409,.T.);
#2046=EDGE_CURVE('',#1626,#1625,#658,.T.);
#2047=EDGE_CURVE('',#1626,#1627,#659,.T.);
#2048=EDGE_CURVE('',#1628,#1627,#660,.T.);
#2049=EDGE_CURVE('',#1629,#1628,#661,.T.);
#2050=EDGE_CURVE('',#1619,#1629,#662,.T.);
#2051=EDGE_CURVE('',#1622,#1630,#1410,.T.);
#2052=EDGE_CURVE('',#1630,#1631,#1411,.T.);
#2053=EDGE_CURVE('',#1631,#1623,#1412,.T.);
#2054=EDGE_CURVE('',#1624,#1632,#1413,.T.);
#2055=EDGE_CURVE('',#1631,#1632,#663,.T.);
#2056=EDGE_CURVE('',#1633,#1634,#1414,.T.);
#2057=EDGE_CURVE('',#1634,#1625,#35,.F.);
#2058=EDGE_CURVE('',#1635,#1625,#1415,.T.);
#2059=EDGE_CURVE('',#1632,#1633,#1416,.T.);
#2060=EDGE_CURVE('',#1636,#1637,#1417,.T.);
#2061=EDGE_CURVE('',#1636,#1634,#664,.F.);
#2062=EDGE_CURVE('',#1633,#1637,#665,.T.);
#2063=EDGE_CURVE('',#1638,#1618,#1418,.T.);
#2064=EDGE_CURVE('',#1619,#1639,#1419,.T.);
#2065=EDGE_CURVE('',#1619,#1636,#36,.F.);
#2066=EDGE_CURVE('',#1637,#1638,#1420,.T.);
#2067=EDGE_CURVE('',#1640,#1620,#1421,.T.);
#2068=EDGE_CURVE('',#1638,#1640,#666,.T.);
#2069=EDGE_CURVE('',#1641,#1621,#1422,.T.);
#2070=EDGE_CURVE('',#1640,#1641,#1423,.T.);
#2071=EDGE_CURVE('',#1641,#1630,#667,.T.);
#2072=EDGE_CURVE('',#1642,#1643,#668,.T.);
#2073=EDGE_CURVE('',#1644,#1642,#669,.T.);
#2074=EDGE_CURVE('',#1644,#1645,#670,.T.);
#2075=EDGE_CURVE('',#1645,#1643,#671,.T.);
#2076=EDGE_CURVE('',#1646,#1647,#672,.T.);
#2077=EDGE_CURVE('',#1647,#1648,#15,.T.);
#2078=EDGE_CURVE('',#1648,#1642,#673,.T.);
#2079=EDGE_CURVE('',#1642,#1646,#16,.T.);
#2080=EDGE_CURVE('',#1643,#1649,#674,.T.);
#2081=EDGE_CURVE('',#1649,#1650,#17,.T.);
#2082=EDGE_CURVE('',#1650,#1651,#675,.T.);
#2083=EDGE_CURVE('',#1643,#1651,#18,.T.);
#2084=EDGE_CURVE('',#1647,#1650,#676,.T.);
#2085=EDGE_CURVE('',#1649,#1648,#677,.T.);
#2086=EDGE_CURVE('',#1651,#1646,#678,.T.);
#2087=EDGE_CURVE('',#1652,#1649,#679,.T.);
#2088=EDGE_CURVE('',#1652,#1653,#680,.T.);
#2089=EDGE_CURVE('',#1648,#1653,#681,.T.);
#2090=EDGE_CURVE('',#1645,#1652,#682,.T.);
#2091=EDGE_CURVE('',#1654,#1655,#683,.T.);
#2092=EDGE_CURVE('',#1656,#1654,#684,.T.);
#2093=EDGE_CURVE('',#1657,#1656,#685,.T.);
#2094=EDGE_CURVE('',#1655,#1657,#686,.T.);
#2095=EDGE_CURVE('',#1658,#1659,#687,.T.);
#2096=EDGE_CURVE('',#1658,#1660,#688,.T.);
#2097=EDGE_CURVE('',#1661,#1660,#689,.T.);
#2098=EDGE_CURVE('',#1661,#1659,#690,.T.);
#2099=EDGE_CURVE('',#1662,#1654,#1424,.T.);
#2100=EDGE_CURVE('',#1662,#1663,#691,.T.);
#2101=EDGE_CURVE('',#1656,#1663,#1425,.T.);
#2102=EDGE_CURVE('',#1655,#1664,#1426,.T.);
#2103=EDGE_CURVE('',#1665,#1657,#1427,.T.);
#2104=EDGE_CURVE('',#1665,#1664,#692,.T.);
#2105=EDGE_CURVE('',#1664,#1666,#693,.T.);
#2106=EDGE_CURVE('',#1667,#1665,#694,.T.);
#2107=EDGE_CURVE('',#1666,#1667,#695,.T.);
#2108=EDGE_CURVE('',#1668,#1669,#696,.T.);
#2109=EDGE_CURVE('',#1669,#1670,#697,.T.);
#2110=EDGE_CURVE('',#1670,#1671,#698,.T.);
#2111=EDGE_CURVE('',#1671,#1668,#699,.T.);
#2112=EDGE_CURVE('',#1672,#1673,#37,.T.);
#2113=EDGE_CURVE('',#1673,#1674,#700,.T.);
#2114=EDGE_CURVE('',#1657,#1674,#1428,.T.);
#2115=EDGE_CURVE('',#1656,#1675,#1429,.T.);
#2116=EDGE_CURVE('',#1675,#1676,#701,.T.);
#2117=EDGE_CURVE('',#1676,#1677,#38,.T.);
#2118=EDGE_CURVE('',#1677,#1672,#702,.T.);
#2119=EDGE_CURVE('',#1678,#1679,#39,.T.);
#2120=EDGE_CURVE('',#1679,#1680,#1430,.T.);
#2121=EDGE_CURVE('',#1665,#1680,#1431,.T.);
#2122=EDGE_CURVE('',#1674,#1681,#1432,.T.);
#2123=EDGE_CURVE('',#1681,#1682,#40,.T.);
#2124=EDGE_CURVE('',#1682,#1678,#41,.T.);
#2125=EDGE_CURVE('',#1683,#1684,#42,.T.);
#2126=EDGE_CURVE('',#1684,#1685,#703,.T.);
#2127=EDGE_CURVE('',#1685,#1686,#43,.T.);
#2128=EDGE_CURVE('',#1686,#1687,#704,.T.);
#2129=EDGE_CURVE('',#1687,#1688,#705,.T.);
#2130=EDGE_CURVE('',#1688,#1689,#706,.T.);
#2131=EDGE_CURVE('',#1689,#1690,#707,.T.);
#2132=EDGE_CURVE('',#1690,#1691,#708,.T.);
#2133=EDGE_CURVE('',#1691,#1692,#709,.T.);
#2134=EDGE_CURVE('',#1692,#1693,#710,.T.);
#2135=EDGE_CURVE('',#1693,#1694,#711,.T.);
#2136=EDGE_CURVE('',#1694,#1695,#712,.T.);
#2137=EDGE_CURVE('',#1695,#1696,#713,.T.);
#2138=EDGE_CURVE('',#1696,#1697,#714,.T.);
#2139=EDGE_CURVE('',#1697,#1698,#715,.T.);
#2140=EDGE_CURVE('',#1698,#1699,#716,.T.);
#2141=EDGE_CURVE('',#1699,#1700,#717,.T.);
#2142=EDGE_CURVE('',#1700,#1701,#718,.T.);
#2143=EDGE_CURVE('',#1701,#1702,#719,.T.);
#2144=EDGE_CURVE('',#1702,#1703,#720,.T.);
#2145=EDGE_CURVE('',#1703,#1704,#721,.T.);
#2146=EDGE_CURVE('',#1704,#1705,#722,.T.);
#2147=EDGE_CURVE('',#1705,#1706,#723,.T.);
#2148=EDGE_CURVE('',#1706,#1707,#724,.T.);
#2149=EDGE_CURVE('',#1707,#1708,#44,.T.);
#2150=EDGE_CURVE('',#1708,#1709,#725,.T.);
#2151=EDGE_CURVE('',#1709,#1710,#45,.T.);
#2152=EDGE_CURVE('',#1710,#1711,#726,.T.);
#2153=EDGE_CURVE('',#1711,#1712,#46,.T.);
#2154=EDGE_CURVE('',#1712,#1713,#727,.T.);
#2155=EDGE_CURVE('',#1667,#1713,#1433,.T.);
#2156=EDGE_CURVE('',#1680,#1714,#728,.T.);
#2157=EDGE_CURVE('',#1714,#1715,#47,.T.);
#2158=EDGE_CURVE('',#1715,#1683,#729,.T.);
#2159=EDGE_CURVE('',#1716,#1717,#48,.T.);
#2160=EDGE_CURVE('',#1717,#1718,#1434,.T.);
#2161=EDGE_CURVE('',#1719,#1718,#1435,.T.);
#2162=EDGE_CURVE('',#1719,#1667,#1436,.T.);
#2163=EDGE_CURVE('',#1713,#1720,#1437,.T.);
#2164=EDGE_CURVE('',#1720,#1721,#49,.T.);
#2165=EDGE_CURVE('',#1721,#1716,#50,.T.);
#2166=EDGE_CURVE('',#1660,#1722,#51,.T.);
#2167=EDGE_CURVE('',#1722,#1723,#730,.T.);
#2168=EDGE_CURVE('',#1724,#1723,#1438,.T.);
#2169=EDGE_CURVE('',#1724,#1719,#731,.T.);
#2170=EDGE_CURVE('',#1718,#1725,#732,.T.);
#2171=EDGE_CURVE('',#1725,#1661,#52,.T.);
#2172=EDGE_CURVE('',#1726,#1727,#53,.T.);
#2173=EDGE_CURVE('',#1727,#1728,#1439,.T.);
#2174=EDGE_CURVE('',#1729,#1728,#1440,.T.);
#2175=EDGE_CURVE('',#1729,#1724,#1441,.T.);
#2176=EDGE_CURVE('',#1723,#1730,#1442,.T.);
#2177=EDGE_CURVE('',#1730,#1731,#54,.T.);
#2178=EDGE_CURVE('',#1731,#1726,#55,.T.);
#2179=EDGE_CURVE('',#1732,#1733,#733,.T.);
#2180=EDGE_CURVE('',#1668,#1732,#734,.T.);
#2181=EDGE_CURVE('',#1671,#1733,#735,.T.);
#2182=EDGE_CURVE('',#1734,#1732,#736,.T.);
#2183=EDGE_CURVE('',#1669,#1734,#737,.T.);
#2184=EDGE_CURVE('',#1735,#1734,#738,.T.);
#2185=EDGE_CURVE('',#1670,#1735,#739,.T.);
#2186=EDGE_CURVE('',#1733,#1735,#740,.T.);
#2187=EDGE_CURVE('',#1736,#1736,#1443,.T.);
#2188=EDGE_CURVE('',#1736,#1737,#741,.T.);
#2189=EDGE_CURVE('',#1737,#1737,#1444,.T.);
#2190=EDGE_CURVE('',#1738,#1738,#1445,.T.);
#2191=EDGE_CURVE('',#1738,#1739,#742,.T.);
#2192=EDGE_CURVE('',#1739,#1739,#1446,.T.);
#2193=EDGE_CURVE('',#1653,#1644,#743,.T.);
#2194=EDGE_CURVE('',#1740,#1741,#744,.T.);
#2195=EDGE_CURVE('',#1741,#1628,#745,.T.);
#2196=EDGE_CURVE('',#1627,#1740,#746,.T.);
#2197=EDGE_CURVE('',#1742,#1743,#747,.T.);
#2198=EDGE_CURVE('',#1742,#1741,#748,.T.);
#2199=EDGE_CURVE('',#1743,#1740,#749,.T.);
#2200=EDGE_CURVE('',#1629,#1742,#750,.T.);
#2201=EDGE_CURVE('',#1743,#1626,#751,.T.);
#2202=EDGE_CURVE('',#1744,#1745,#752,.T.);
#2203=EDGE_CURVE('',#1744,#1746,#753,.T.);
#2204=EDGE_CURVE('',#1747,#1746,#754,.T.);
#2205=EDGE_CURVE('',#1747,#1745,#755,.T.);
#2206=EDGE_CURVE('',#1748,#1749,#1447,.T.);
#2207=EDGE_CURVE('',#1748,#1750,#756,.T.);
#2208=EDGE_CURVE('',#1751,#1750,#1448,.T.);
#2209=EDGE_CURVE('',#1751,#1749,#757,.T.);
#2210=EDGE_CURVE('',#1752,#1753,#758,.T.);
#2211=EDGE_CURVE('',#1750,#1752,#759,.T.);
#2212=EDGE_CURVE('',#1753,#1748,#760,.T.);
#2213=EDGE_CURVE('',#1752,#1754,#1449,.T.);
#2214=EDGE_CURVE('',#1755,#1753,#1450,.T.);
#2215=EDGE_CURVE('',#1755,#1754,#761,.T.);
#2216=EDGE_CURVE('',#1756,#1757,#762,.T.);
#2217=EDGE_CURVE('',#1754,#1756,#763,.T.);
#2218=EDGE_CURVE('',#1757,#1755,#764,.T.);
#2219=EDGE_CURVE('',#1758,#1757,#1451,.T.);
#2220=EDGE_CURVE('',#1758,#1747,#1452,.T.);
#2221=EDGE_CURVE('',#1746,#1689,#1453,.T.);
#2222=EDGE_CURVE('',#1756,#1689,#1454,.T.);
#2223=EDGE_CURVE('',#1759,#1760,#765,.T.);
#2224=EDGE_CURVE('',#1749,#1759,#766,.T.);
#2225=EDGE_CURVE('',#1760,#1751,#767,.T.);
#2226=EDGE_CURVE('',#1690,#1760,#1455,.T.);
#2227=EDGE_CURVE('',#1690,#1744,#1456,.T.);
#2228=EDGE_CURVE('',#1745,#1761,#1457,.T.);
#2229=EDGE_CURVE('',#1759,#1761,#1458,.T.);
#2230=EDGE_CURVE('',#1761,#1758,#768,.T.);
#2231=EDGE_CURVE('',#1762,#1763,#769,.T.);
#2232=EDGE_CURVE('',#1762,#1764,#770,.T.);
#2233=EDGE_CURVE('',#1765,#1764,#771,.T.);
#2234=EDGE_CURVE('',#1765,#1763,#772,.T.);
#2235=EDGE_CURVE('',#1766,#1767,#1459,.T.);
#2236=EDGE_CURVE('',#1766,#1768,#773,.T.);
#2237=EDGE_CURVE('',#1769,#1768,#1460,.T.);
#2238=EDGE_CURVE('',#1769,#1767,#774,.T.);
#2239=EDGE_CURVE('',#1770,#1771,#775,.T.);
#2240=EDGE_CURVE('',#1768,#1770,#776,.T.);
#2241=EDGE_CURVE('',#1771,#1766,#777,.T.);
#2242=EDGE_CURVE('',#1770,#1772,#1461,.T.);
#2243=EDGE_CURVE('',#1773,#1771,#1462,.T.);
#2244=EDGE_CURVE('',#1773,#1772,#778,.T.);
#2245=EDGE_CURVE('',#1774,#1775,#779,.T.);
#2246=EDGE_CURVE('',#1772,#1774,#780,.T.);
#2247=EDGE_CURVE('',#1775,#1773,#781,.T.);
#2248=EDGE_CURVE('',#1776,#1775,#1463,.T.);
#2249=EDGE_CURVE('',#1776,#1765,#1464,.T.);
#2250=EDGE_CURVE('',#1764,#1703,#1465,.T.);
#2251=EDGE_CURVE('',#1774,#1703,#1466,.T.);
#2252=EDGE_CURVE('',#1777,#1778,#782,.T.);
#2253=EDGE_CURVE('',#1767,#1777,#783,.T.);
#2254=EDGE_CURVE('',#1778,#1769,#784,.T.);
#2255=EDGE_CURVE('',#1704,#1778,#1467,.T.);
#2256=EDGE_CURVE('',#1704,#1762,#1468,.T.);
#2257=EDGE_CURVE('',#1763,#1779,#1469,.T.);
#2258=EDGE_CURVE('',#1777,#1779,#1470,.T.);
#2259=EDGE_CURVE('',#1779,#1776,#785,.T.);
#2260=EDGE_CURVE('',#1780,#1781,#786,.T.);
#2261=EDGE_CURVE('',#1780,#1782,#787,.T.);
#2262=EDGE_CURVE('',#1783,#1782,#788,.T.);
#2263=EDGE_CURVE('',#1783,#1781,#789,.T.);
#2264=EDGE_CURVE('',#1784,#1785,#1471,.T.);
#2265=EDGE_CURVE('',#1784,#1786,#790,.T.);
#2266=EDGE_CURVE('',#1787,#1786,#1472,.T.);
#2267=EDGE_CURVE('',#1787,#1785,#791,.T.);
#2268=EDGE_CURVE('',#1788,#1789,#792,.T.);
#2269=EDGE_CURVE('',#1786,#1788,#793,.T.);
#2270=EDGE_CURVE('',#1789,#1784,#794,.T.);
#2271=EDGE_CURVE('',#1788,#1790,#1473,.T.);
#2272=EDGE_CURVE('',#1791,#1789,#1474,.T.);
#2273=EDGE_CURVE('',#1791,#1790,#795,.T.);
#2274=EDGE_CURVE('',#1792,#1793,#796,.T.);
#2275=EDGE_CURVE('',#1790,#1792,#797,.T.);
#2276=EDGE_CURVE('',#1793,#1791,#798,.T.);
#2277=EDGE_CURVE('',#1794,#1793,#1475,.T.);
#2278=EDGE_CURVE('',#1794,#1783,#1476,.T.);
#2279=EDGE_CURVE('',#1782,#1697,#1477,.T.);
#2280=EDGE_CURVE('',#1792,#1697,#1478,.T.);
#2281=EDGE_CURVE('',#1795,#1796,#799,.T.);
#2282=EDGE_CURVE('',#1785,#1795,#800,.T.);
#2283=EDGE_CURVE('',#1796,#1787,#801,.T.);
#2284=EDGE_CURVE('',#1698,#1796,#1479,.T.);
#2285=EDGE_CURVE('',#1698,#1780,#1480,.T.);
#2286=EDGE_CURVE('',#1781,#1797,#1481,.T.);
#2287=EDGE_CURVE('',#1795,#1797,#1482,.T.);
#2288=EDGE_CURVE('',#1797,#1794,#802,.T.);
#2289=EDGE_CURVE('',#1798,#1799,#803,.T.);
#2290=EDGE_CURVE('',#1798,#1800,#804,.T.);
#2291=EDGE_CURVE('',#1801,#1800,#805,.T.);
#2292=EDGE_CURVE('',#1801,#1799,#806,.T.);
#2293=EDGE_CURVE('',#1802,#1803,#1483,.T.);
#2294=EDGE_CURVE('',#1802,#1804,#807,.T.);
#2295=EDGE_CURVE('',#1805,#1804,#1484,.T.);
#2296=EDGE_CURVE('',#1805,#1803,#808,.T.);
#2297=EDGE_CURVE('',#1806,#1807,#809,.T.);
#2298=EDGE_CURVE('',#1804,#1806,#810,.T.);
#2299=EDGE_CURVE('',#1807,#1802,#811,.T.);
#2300=EDGE_CURVE('',#1806,#1808,#1485,.T.);
#2301=EDGE_CURVE('',#1809,#1807,#1486,.T.);
#2302=EDGE_CURVE('',#1809,#1808,#812,.T.);
#2303=EDGE_CURVE('',#1810,#1811,#813,.T.);
#2304=EDGE_CURVE('',#1808,#1810,#814,.T.);
#2305=EDGE_CURVE('',#1811,#1809,#815,.T.);
#2306=EDGE_CURVE('',#1812,#1811,#1487,.T.);
#2307=EDGE_CURVE('',#1812,#1801,#1488,.T.);
#2308=EDGE_CURVE('',#1800,#1693,#1489,.T.);
#2309=EDGE_CURVE('',#1810,#1693,#1490,.T.);
#2310=EDGE_CURVE('',#1813,#1814,#816,.T.);
#2311=EDGE_CURVE('',#1803,#1813,#817,.T.);
#2312=EDGE_CURVE('',#1814,#1805,#818,.T.);
#2313=EDGE_CURVE('',#1694,#1814,#1491,.T.);
#2314=EDGE_CURVE('',#1694,#1798,#1492,.T.);
#2315=EDGE_CURVE('',#1799,#1815,#1493,.T.);
#2316=EDGE_CURVE('',#1813,#1815,#1494,.T.);
#2317=EDGE_CURVE('',#1815,#1812,#819,.T.);
#2318=EDGE_CURVE('',#1816,#1658,#1495,.T.);
#2319=EDGE_CURVE('',#1817,#1816,#820,.T.);
#2320=EDGE_CURVE('',#1818,#1817,#56,.T.);
#2321=EDGE_CURVE('',#1819,#1818,#1496,.T.);
#2322=EDGE_CURVE('',#1819,#1820,#57,.T.);
#2323=EDGE_CURVE('',#1820,#1821,#821,.T.);
#2324=EDGE_CURVE('',#1821,#1822,#58,.T.);
#2325=EDGE_CURVE('',#1822,#1823,#1497,.T.);
#2326=EDGE_CURVE('',#1823,#1824,#59,.T.);
#2327=EDGE_CURVE('',#1824,#1825,#822,.T.);
#2328=EDGE_CURVE('',#1825,#1826,#60,.T.);
#2329=EDGE_CURVE('',#1827,#1826,#1498,.T.);
#2330=EDGE_CURVE('',#1827,#1828,#61,.T.);
#2331=EDGE_CURVE('',#1828,#1829,#823,.T.);
#2332=EDGE_CURVE('',#1829,#1830,#62,.T.);
#2333=EDGE_CURVE('',#1830,#1831,#1499,.T.);
#2334=EDGE_CURVE('',#1831,#1832,#63,.T.);
#2335=EDGE_CURVE('',#1832,#1833,#824,.T.);
#2336=EDGE_CURVE('',#1833,#1834,#64,.T.);
#2337=EDGE_CURVE('',#1722,#1834,#1500,.T.);
#2338=EDGE_CURVE('',#1831,#1835,#825,.T.);
#2339=EDGE_CURVE('',#1836,#1835,#65,.T.);
#2340=EDGE_CURVE('',#1836,#1832,#826,.T.);
#2341=EDGE_CURVE('',#1837,#1830,#827,.T.);
#2342=EDGE_CURVE('',#1835,#1837,#1501,.T.);
#2343=EDGE_CURVE('',#1838,#1836,#828,.T.);
#2344=EDGE_CURVE('',#1833,#1838,#829,.T.);
#2345=EDGE_CURVE('',#1839,#1838,#66,.T.);
#2346=EDGE_CURVE('',#1839,#1834,#830,.T.);
#2347=EDGE_CURVE('',#1827,#1840,#831,.T.);
#2348=EDGE_CURVE('',#1841,#1840,#67,.T.);
#2349=EDGE_CURVE('',#1841,#1828,#832,.T.);
#2350=EDGE_CURVE('',#1726,#1842,#1502,.T.);
#2351=EDGE_CURVE('',#1842,#1727,#833,.T.);
#2352=EDGE_CURVE('',#1720,#1843,#834,.T.);
#2353=EDGE_CURVE('',#1843,#1721,#1503,.T.);
#2354=EDGE_CURVE('',#1844,#1843,#835,.T.);
#2355=EDGE_CURVE('',#1716,#1844,#1504,.T.);
#2356=EDGE_CURVE('',#1730,#1845,#836,.T.);
#2357=EDGE_CURVE('',#1845,#1731,#1505,.T.);
#2358=EDGE_CURVE('',#1844,#1717,#837,.T.);
#2359=EDGE_CURVE('',#1846,#1841,#838,.T.);
#2360=EDGE_CURVE('',#1829,#1846,#839,.T.);
#2361=EDGE_CURVE('',#1837,#1846,#68,.T.);
#2362=EDGE_CURVE('',#1842,#1845,#840,.T.);
#2363=EDGE_CURVE('',#1847,#1848,#841,.T.);
#2364=EDGE_CURVE('',#1847,#1849,#842,.T.);
#2365=EDGE_CURVE('',#1850,#1849,#843,.T.);
#2366=EDGE_CURVE('',#1850,#1848,#844,.T.);
#2367=EDGE_CURVE('',#1851,#1852,#1506,.T.);
#2368=EDGE_CURVE('',#1851,#1853,#845,.T.);
#2369=EDGE_CURVE('',#1854,#1853,#1507,.T.);
#2370=EDGE_CURVE('',#1854,#1852,#846,.T.);
#2371=EDGE_CURVE('',#1855,#1856,#847,.T.);
#2372=EDGE_CURVE('',#1853,#1855,#848,.T.);
#2373=EDGE_CURVE('',#1856,#1851,#849,.T.);
#2374=EDGE_CURVE('',#1855,#1857,#1508,.T.);
#2375=EDGE_CURVE('',#1858,#1856,#1509,.T.);
#2376=EDGE_CURVE('',#1858,#1857,#850,.T.);
#2377=EDGE_CURVE('',#1859,#1860,#851,.T.);
#2378=EDGE_CURVE('',#1857,#1859,#852,.T.);
#2379=EDGE_CURVE('',#1860,#1858,#853,.T.);
#2380=EDGE_CURVE('',#1861,#1860,#1510,.T.);
#2381=EDGE_CURVE('',#1861,#1850,#1511,.T.);
#2382=EDGE_CURVE('',#1849,#1701,#1512,.T.);
#2383=EDGE_CURVE('',#1859,#1701,#1513,.T.);
#2384=EDGE_CURVE('',#1862,#1863,#854,.T.);
#2385=EDGE_CURVE('',#1852,#1862,#855,.T.);
#2386=EDGE_CURVE('',#1863,#1854,#856,.T.);
#2387=EDGE_CURVE('',#1702,#1863,#1514,.T.);
#2388=EDGE_CURVE('',#1702,#1847,#1515,.T.);
#2389=EDGE_CURVE('',#1848,#1864,#1516,.T.);
#2390=EDGE_CURVE('',#1862,#1864,#1517,.T.);
#2391=EDGE_CURVE('',#1864,#1861,#857,.T.);
#2392=EDGE_CURVE('',#1865,#1866,#858,.T.);
#2393=EDGE_CURVE('',#1865,#1867,#859,.T.);
#2394=EDGE_CURVE('',#1868,#1867,#860,.T.);
#2395=EDGE_CURVE('',#1868,#1866,#861,.T.);
#2396=EDGE_CURVE('',#1869,#1870,#1518,.T.);
#2397=EDGE_CURVE('',#1869,#1871,#862,.T.);
#2398=EDGE_CURVE('',#1872,#1871,#1519,.T.);
#2399=EDGE_CURVE('',#1872,#1870,#863,.T.);
#2400=EDGE_CURVE('',#1873,#1874,#864,.T.);
#2401=EDGE_CURVE('',#1871,#1873,#865,.T.);
#2402=EDGE_CURVE('',#1874,#1869,#866,.T.);
#2403=EDGE_CURVE('',#1873,#1875,#1520,.T.);
#2404=EDGE_CURVE('',#1876,#1874,#1521,.T.);
#2405=EDGE_CURVE('',#1876,#1875,#867,.T.);
#2406=EDGE_CURVE('',#1877,#1878,#868,.T.);
#2407=EDGE_CURVE('',#1875,#1877,#869,.T.);
#2408=EDGE_CURVE('',#1878,#1876,#870,.T.);
#2409=EDGE_CURVE('',#1879,#1878,#1522,.T.);
#2410=EDGE_CURVE('',#1879,#1868,#1523,.T.);
#2411=EDGE_CURVE('',#1867,#1687,#1524,.T.);
#2412=EDGE_CURVE('',#1877,#1687,#1525,.T.);
#2413=EDGE_CURVE('',#1880,#1881,#871,.T.);
#2414=EDGE_CURVE('',#1870,#1880,#872,.T.);
#2415=EDGE_CURVE('',#1881,#1872,#873,.T.);
#2416=EDGE_CURVE('',#1688,#1881,#1526,.T.);
#2417=EDGE_CURVE('',#1688,#1865,#1527,.T.);
#2418=EDGE_CURVE('',#1866,#1882,#1528,.T.);
#2419=EDGE_CURVE('',#1880,#1882,#1529,.T.);
#2420=EDGE_CURVE('',#1882,#1879,#874,.T.);
#2421=EDGE_CURVE('',#1659,#1883,#1530,.T.);
#2422=EDGE_CURVE('',#1839,#1725,#1531,.T.);
#2423=EDGE_CURVE('',#1884,#1840,#1532,.T.);
#2424=EDGE_CURVE('',#1884,#1885,#69,.T.);
#2425=EDGE_CURVE('',#1885,#1886,#875,.T.);
#2426=EDGE_CURVE('',#1886,#1887,#70,.T.);
#2427=EDGE_CURVE('',#1887,#1888,#1533,.T.);
#2428=EDGE_CURVE('',#1888,#1889,#71,.T.);
#2429=EDGE_CURVE('',#1889,#1890,#876,.T.);
#2430=EDGE_CURVE('',#1890,#1891,#72,.T.);
#2431=EDGE_CURVE('',#1708,#1891,#1534,.T.);
#2432=EDGE_CURVE('',#1883,#1707,#877,.T.);
#2433=EDGE_CURVE('',#1892,#1893,#73,.T.);
#2434=EDGE_CURVE('',#1893,#1894,#878,.T.);
#2435=EDGE_CURVE('',#1894,#1663,#1535,.T.);
#2436=EDGE_CURVE('',#1663,#1729,#879,.T.);
#2437=EDGE_CURVE('',#1728,#1895,#880,.T.);
#2438=EDGE_CURVE('',#1895,#1896,#74,.T.);
#2439=EDGE_CURVE('',#1896,#1897,#881,.T.);
#2440=EDGE_CURVE('',#1897,#1898,#75,.T.);
#2441=EDGE_CURVE('',#1898,#1818,#882,.T.);
#2442=EDGE_CURVE('',#1817,#1899,#883,.T.);
#2443=EDGE_CURVE('',#1899,#1900,#884,.T.);
#2444=EDGE_CURVE('',#1900,#1779,#885,.T.);
#2445=EDGE_CURVE('',#1776,#1864,#886,.T.);
#2446=EDGE_CURVE('',#1861,#1901,#887,.T.);
#2447=EDGE_CURVE('',#1901,#1902,#888,.T.);
#2448=EDGE_CURVE('',#1902,#1797,#889,.T.);
#2449=EDGE_CURVE('',#1794,#1903,#890,.T.);
#2450=EDGE_CURVE('',#1903,#1904,#891,.T.);
#2451=EDGE_CURVE('',#1904,#1815,#892,.T.);
#2452=EDGE_CURVE('',#1812,#1905,#893,.T.);
#2453=EDGE_CURVE('',#1905,#1906,#894,.T.);
#2454=EDGE_CURVE('',#1906,#1761,#895,.T.);
#2455=EDGE_CURVE('',#1758,#1882,#896,.T.);
#2456=EDGE_CURVE('',#1879,#1907,#897,.T.);
#2457=EDGE_CURVE('',#1907,#1908,#76,.T.);
#2458=EDGE_CURVE('',#1908,#1909,#898,.T.);
#2459=EDGE_CURVE('',#1909,#1910,#77,.T.);
#2460=EDGE_CURVE('',#1910,#1892,#899,.T.);
#2461=EDGE_CURVE('',#1897,#1911,#1536,.T.);
#2462=EDGE_CURVE('',#1911,#1898,#900,.T.);
#2463=EDGE_CURVE('',#1912,#1896,#1537,.T.);
#2464=EDGE_CURVE('',#1911,#1912,#901,.T.);
#2465=EDGE_CURVE('',#1886,#1824,#902,.T.);
#2466=EDGE_CURVE('',#1825,#1885,#903,.T.);
#2467=EDGE_CURVE('',#1819,#1891,#904,.T.);
#2468=EDGE_CURVE('',#1890,#1820,#905,.T.);
#2469=EDGE_CURVE('',#1709,#1913,#906,.T.);
#2470=EDGE_CURVE('',#1913,#1710,#1538,.T.);
#2471=EDGE_CURVE('',#1914,#1913,#907,.T.);
#2472=EDGE_CURVE('',#1711,#1914,#1539,.T.);
#2473=EDGE_CURVE('',#1895,#1912,#908,.T.);
#2474=EDGE_CURVE('',#1884,#1826,#909,.T.);
#2475=EDGE_CURVE('',#1914,#1712,#910,.T.);
#2476=EDGE_CURVE('',#1821,#1889,#911,.T.);
#2477=EDGE_CURVE('',#1888,#1822,#912,.T.);
#2478=EDGE_CURVE('',#1823,#1887,#913,.T.);
#2479=EDGE_CURVE('',#1915,#1916,#1540,.T.);
#2480=EDGE_CURVE('',#1677,#1915,#914,.T.);
#2481=EDGE_CURVE('',#1917,#1676,#1541,.T.);
#2482=EDGE_CURVE('',#1917,#1918,#78,.T.);
#2483=EDGE_CURVE('',#1918,#1919,#915,.T.);
#2484=EDGE_CURVE('',#1919,#1920,#79,.T.);
#2485=EDGE_CURVE('',#1920,#1921,#1542,.T.);
#2486=EDGE_CURVE('',#1921,#1922,#80,.T.);
#2487=EDGE_CURVE('',#1922,#1923,#916,.T.);
#2488=EDGE_CURVE('',#1923,#1924,#81,.T.);
#2489=EDGE_CURVE('',#1925,#1924,#1543,.T.);
#2490=EDGE_CURVE('',#1925,#1926,#82,.T.);
#2491=EDGE_CURVE('',#1926,#1927,#917,.T.);
#2492=EDGE_CURVE('',#1927,#1928,#83,.T.);
#2493=EDGE_CURVE('',#1928,#1929,#1544,.T.);
#2494=EDGE_CURVE('',#1929,#1930,#84,.T.);
#2495=EDGE_CURVE('',#1930,#1931,#918,.T.);
#2496=EDGE_CURVE('',#1931,#1932,#85,.T.);
#2497=EDGE_CURVE('',#1908,#1932,#1545,.T.);
#2498=EDGE_CURVE('',#1916,#1907,#919,.T.);
#2499=EDGE_CURVE('',#1929,#1933,#920,.T.);
#2500=EDGE_CURVE('',#1934,#1933,#86,.T.);
#2501=EDGE_CURVE('',#1934,#1930,#921,.T.);
#2502=EDGE_CURVE('',#1935,#1928,#922,.T.);
#2503=EDGE_CURVE('',#1933,#1935,#1546,.T.);
#2504=EDGE_CURVE('',#1936,#1934,#923,.T.);
#2505=EDGE_CURVE('',#1931,#1936,#924,.T.);
#2506=EDGE_CURVE('',#1937,#1936,#87,.T.);
#2507=EDGE_CURVE('',#1937,#1932,#925,.T.);
#2508=EDGE_CURVE('',#1925,#1938,#926,.T.);
#2509=EDGE_CURVE('',#1939,#1938,#88,.T.);
#2510=EDGE_CURVE('',#1939,#1926,#927,.T.);
#2511=EDGE_CURVE('',#1892,#1940,#1547,.T.);
#2512=EDGE_CURVE('',#1940,#1893,#928,.T.);
#2513=EDGE_CURVE('',#1714,#1941,#929,.T.);
#2514=EDGE_CURVE('',#1941,#1715,#1548,.T.);
#2515=EDGE_CURVE('',#1942,#1941,#930,.T.);
#2516=EDGE_CURVE('',#1683,#1942,#1549,.T.);
#2517=EDGE_CURVE('',#1909,#1943,#931,.T.);
#2518=EDGE_CURVE('',#1943,#1910,#1550,.T.);
#2519=EDGE_CURVE('',#1942,#1684,#932,.T.);
#2520=EDGE_CURVE('',#1944,#1939,#933,.T.);
#2521=EDGE_CURVE('',#1927,#1944,#934,.T.);
#2522=EDGE_CURVE('',#1935,#1944,#89,.T.);
#2523=EDGE_CURVE('',#1940,#1943,#935,.T.);
#2524=EDGE_CURVE('',#1945,#1946,#936,.T.);
#2525=EDGE_CURVE('',#1945,#1947,#937,.T.);
#2526=EDGE_CURVE('',#1948,#1947,#938,.T.);
#2527=EDGE_CURVE('',#1948,#1946,#939,.T.);
#2528=EDGE_CURVE('',#1949,#1950,#1551,.T.);
#2529=EDGE_CURVE('',#1949,#1951,#940,.T.);
#2530=EDGE_CURVE('',#1952,#1951,#1552,.T.);
#2531=EDGE_CURVE('',#1952,#1950,#941,.T.);
#2532=EDGE_CURVE('',#1953,#1954,#942,.T.);
#2533=EDGE_CURVE('',#1951,#1953,#943,.T.);
#2534=EDGE_CURVE('',#1954,#1949,#944,.T.);
#2535=EDGE_CURVE('',#1953,#1955,#1553,.T.);
#2536=EDGE_CURVE('',#1956,#1954,#1554,.T.);
#2537=EDGE_CURVE('',#1956,#1955,#945,.T.);
#2538=EDGE_CURVE('',#1957,#1958,#946,.T.);
#2539=EDGE_CURVE('',#1955,#1957,#947,.T.);
#2540=EDGE_CURVE('',#1958,#1956,#948,.T.);
#2541=EDGE_CURVE('',#1904,#1958,#1555,.T.);
#2542=EDGE_CURVE('',#1904,#1948,#1556,.T.);
#2543=EDGE_CURVE('',#1947,#1695,#1557,.T.);
#2544=EDGE_CURVE('',#1957,#1695,#1558,.T.);
#2545=EDGE_CURVE('',#1959,#1960,#949,.T.);
#2546=EDGE_CURVE('',#1950,#1959,#950,.T.);
#2547=EDGE_CURVE('',#1960,#1952,#951,.T.);
#2548=EDGE_CURVE('',#1696,#1960,#1559,.T.);
#2549=EDGE_CURVE('',#1696,#1945,#1560,.T.);
#2550=EDGE_CURVE('',#1946,#1903,#1561,.T.);
#2551=EDGE_CURVE('',#1959,#1903,#1562,.T.);
#2552=EDGE_CURVE('',#1961,#1962,#952,.T.);
#2553=EDGE_CURVE('',#1961,#1963,#953,.T.);
#2554=EDGE_CURVE('',#1964,#1963,#954,.T.);
#2555=EDGE_CURVE('',#1964,#1962,#955,.T.);
#2556=EDGE_CURVE('',#1965,#1966,#1563,.T.);
#2557=EDGE_CURVE('',#1965,#1967,#956,.T.);
#2558=EDGE_CURVE('',#1968,#1967,#1564,.T.);
#2559=EDGE_CURVE('',#1968,#1966,#957,.T.);
#2560=EDGE_CURVE('',#1969,#1970,#958,.T.);
#2561=EDGE_CURVE('',#1967,#1969,#959,.T.);
#2562=EDGE_CURVE('',#1970,#1965,#960,.T.);
#2563=EDGE_CURVE('',#1969,#1971,#1565,.T.);
#2564=EDGE_CURVE('',#1972,#1970,#1566,.T.);
#2565=EDGE_CURVE('',#1972,#1971,#961,.T.);
#2566=EDGE_CURVE('',#1973,#1974,#962,.T.);
#2567=EDGE_CURVE('',#1971,#1973,#963,.T.);
#2568=EDGE_CURVE('',#1974,#1972,#964,.T.);
#2569=EDGE_CURVE('',#1900,#1974,#1567,.T.);
#2570=EDGE_CURVE('',#1900,#1964,#1568,.T.);
#2571=EDGE_CURVE('',#1963,#1705,#1569,.T.);
#2572=EDGE_CURVE('',#1973,#1705,#1570,.T.);
#2573=EDGE_CURVE('',#1975,#1976,#965,.T.);
#2574=EDGE_CURVE('',#1966,#1975,#966,.T.);
#2575=EDGE_CURVE('',#1976,#1968,#967,.T.);
#2576=EDGE_CURVE('',#1706,#1976,#1571,.T.);
#2577=EDGE_CURVE('',#1706,#1961,#1572,.T.);
#2578=EDGE_CURVE('',#1962,#1899,#1573,.T.);
#2579=EDGE_CURVE('',#1975,#1899,#1574,.T.);
#2580=EDGE_CURVE('',#1977,#1978,#968,.T.);
#2581=EDGE_CURVE('',#1977,#1979,#969,.T.);
#2582=EDGE_CURVE('',#1980,#1979,#970,.T.);
#2583=EDGE_CURVE('',#1980,#1978,#971,.T.);
#2584=EDGE_CURVE('',#1981,#1982,#1575,.T.);
#2585=EDGE_CURVE('',#1981,#1983,#972,.T.);
#2586=EDGE_CURVE('',#1984,#1983,#1576,.T.);
#2587=EDGE_CURVE('',#1984,#1982,#973,.T.);
#2588=EDGE_CURVE('',#1985,#1986,#974,.T.);
#2589=EDGE_CURVE('',#1983,#1985,#975,.T.);
#2590=EDGE_CURVE('',#1986,#1981,#976,.T.);
#2591=EDGE_CURVE('',#1985,#1987,#1577,.T.);
#2592=EDGE_CURVE('',#1988,#1986,#1578,.T.);
#2593=EDGE_CURVE('',#1988,#1987,#977,.T.);
#2594=EDGE_CURVE('',#1989,#1990,#978,.T.);
#2595=EDGE_CURVE('',#1987,#1989,#979,.T.);
#2596=EDGE_CURVE('',#1990,#1988,#980,.T.);
#2597=EDGE_CURVE('',#1902,#1990,#1579,.T.);
#2598=EDGE_CURVE('',#1902,#1980,#1580,.T.);
#2599=EDGE_CURVE('',#1979,#1699,#1581,.T.);
#2600=EDGE_CURVE('',#1989,#1699,#1582,.T.);
#2601=EDGE_CURVE('',#1991,#1992,#981,.T.);
#2602=EDGE_CURVE('',#1982,#1991,#982,.T.);
#2603=EDGE_CURVE('',#1992,#1984,#983,.T.);
#2604=EDGE_CURVE('',#1700,#1992,#1583,.T.);
#2605=EDGE_CURVE('',#1700,#1977,#1584,.T.);
#2606=EDGE_CURVE('',#1978,#1901,#1585,.T.);
#2607=EDGE_CURVE('',#1991,#1901,#1586,.T.);
#2608=EDGE_CURVE('',#1993,#1994,#984,.T.);
#2609=EDGE_CURVE('',#1993,#1995,#985,.T.);
#2610=EDGE_CURVE('',#1996,#1995,#986,.T.);
#2611=EDGE_CURVE('',#1996,#1994,#987,.T.);
#2612=EDGE_CURVE('',#1997,#1998,#1587,.T.);
#2613=EDGE_CURVE('',#1997,#1999,#988,.T.);
#2614=EDGE_CURVE('',#2000,#1999,#1588,.T.);
#2615=EDGE_CURVE('',#2000,#1998,#989,.T.);
#2616=EDGE_CURVE('',#2001,#2002,#990,.T.);
#2617=EDGE_CURVE('',#1999,#2001,#991,.T.);
#2618=EDGE_CURVE('',#2002,#1997,#992,.T.);
#2619=EDGE_CURVE('',#2001,#2003,#1589,.T.);
#2620=EDGE_CURVE('',#2004,#2002,#1590,.T.);
#2621=EDGE_CURVE('',#2004,#2003,#993,.T.);
#2622=EDGE_CURVE('',#2005,#2006,#994,.T.);
#2623=EDGE_CURVE('',#2003,#2005,#995,.T.);
#2624=EDGE_CURVE('',#2006,#2004,#996,.T.);
#2625=EDGE_CURVE('',#1906,#2006,#1591,.T.);
#2626=EDGE_CURVE('',#1906,#1996,#1592,.T.);
#2627=EDGE_CURVE('',#1995,#1691,#1593,.T.);
#2628=EDGE_CURVE('',#2005,#1691,#1594,.T.);
#2629=EDGE_CURVE('',#2007,#2008,#997,.T.);
#2630=EDGE_CURVE('',#1998,#2007,#998,.T.);
#2631=EDGE_CURVE('',#2008,#2000,#999,.T.);
#2632=EDGE_CURVE('',#1692,#2008,#1595,.T.);
#2633=EDGE_CURVE('',#1692,#1993,#1596,.T.);
#2634=EDGE_CURVE('',#1994,#1905,#1597,.T.);
#2635=EDGE_CURVE('',#2007,#1905,#1598,.T.);
#2636=EDGE_CURVE('',#2009,#1675,#1599,.T.);
#2637=EDGE_CURVE('',#2010,#2009,#1000,.T.);
#2638=EDGE_CURVE('',#2010,#2011,#1001,.T.);
#2639=EDGE_CURVE('',#2012,#2011,#1002,.T.);
#2640=EDGE_CURVE('',#1894,#2012,#1600,.T.);
#2641=EDGE_CURVE('',#1937,#1685,#1601,.T.);
#2642=EDGE_CURVE('',#2013,#1679,#1003,.T.);
#2643=EDGE_CURVE('',#2013,#2014,#1004,.T.);
#2644=EDGE_CURVE('',#1681,#2014,#1005,.T.);
#2645=EDGE_CURVE('',#1673,#2015,#1602,.T.);
#2646=EDGE_CURVE('',#1917,#2015,#1006,.T.);
#2647=EDGE_CURVE('',#2016,#1924,#1007,.T.);
#2648=EDGE_CURVE('',#2016,#1938,#1603,.T.);
#2649=EDGE_CURVE('',#2012,#2017,#90,.T.);
#2650=EDGE_CURVE('',#2017,#2018,#91,.T.);
#2651=EDGE_CURVE('',#2018,#2009,#92,.T.);
#2652=EDGE_CURVE('',#2018,#2010,#1604,.T.);
#2653=EDGE_CURVE('',#2011,#2017,#1605,.T.);
#2654=EDGE_CURVE('',#2019,#1922,#1008,.T.);
#2655=EDGE_CURVE('',#2020,#2019,#1009,.T.);
#2656=EDGE_CURVE('',#1923,#2020,#1010,.T.);
#2657=EDGE_CURVE('',#2021,#2015,#93,.T.);
#2658=EDGE_CURVE('',#2021,#1918,#1011,.T.);
#2659=EDGE_CURVE('',#2014,#1682,#1606,.T.);
#2660=EDGE_CURVE('',#1678,#2013,#1607,.T.);
#2661=EDGE_CURVE('',#2016,#2020,#94,.T.);
#2662=EDGE_CURVE('',#2022,#2021,#1012,.T.);
#2663=EDGE_CURVE('',#1919,#2022,#1013,.T.);
#2664=EDGE_CURVE('',#2023,#2022,#95,.T.);
#2665=EDGE_CURVE('',#2023,#1920,#1014,.T.);
#2666=EDGE_CURVE('',#1921,#2024,#1015,.T.);
#2667=EDGE_CURVE('',#2019,#2024,#96,.T.);
#2668=EDGE_CURVE('',#2024,#2023,#1608,.T.);
#2669=EDGE_CURVE('',#1916,#1816,#1016,.T.);
#2670=EDGE_CURVE('',#1666,#2025,#1609,.T.);
#2671=EDGE_CURVE('',#1719,#2025,#1017,.T.);
#2672=EDGE_CURVE('',#2025,#2026,#1018,.T.);
#2673=EDGE_CURVE('',#2026,#1724,#1019,.T.);
#2674=EDGE_CURVE('',#2026,#2027,#1610,.T.);
#2675=EDGE_CURVE('',#1729,#2027,#1020,.T.);
#2676=EDGE_CURVE('',#2027,#1662,#1021,.T.);
#2677=EDGE_CURVE('',#1883,#2028,#1022,.T.);
#2678=EDGE_CURVE('',#1686,#2028,#1023,.T.);
#2679=EDGE_CURVE('',#2028,#2029,#1611,.T.);
#2680=EDGE_CURVE('',#2029,#1672,#1024,.T.);
#2681=EDGE_CURVE('',#2029,#1915,#1025,.T.);
#2682=ORIENTED_EDGE('',*,*,#2030,.F.);
#2683=ORIENTED_EDGE('',*,*,#2031,.T.);
#2684=ORIENTED_EDGE('',*,*,#2032,.F.);
#2685=ORIENTED_EDGE('',*,*,#2031,.F.);
#2686=ORIENTED_EDGE('',*,*,#2033,.F.);
#2687=ORIENTED_EDGE('',*,*,#2034,.T.);
#2688=ORIENTED_EDGE('',*,*,#2035,.F.);
#2689=ORIENTED_EDGE('',*,*,#2034,.F.);
#2690=ORIENTED_EDGE('',*,*,#2036,.F.);
#2691=ORIENTED_EDGE('',*,*,#2037,.T.);
#2692=ORIENTED_EDGE('',*,*,#2038,.F.);
#2693=ORIENTED_EDGE('',*,*,#2037,.F.);
#2694=ORIENTED_EDGE('',*,*,#2039,.F.);
#2695=ORIENTED_EDGE('',*,*,#2040,.F.);
#2696=ORIENTED_EDGE('',*,*,#2041,.F.);
#2697=ORIENTED_EDGE('',*,*,#2042,.F.);
#2698=ORIENTED_EDGE('',*,*,#2043,.F.);
#2699=ORIENTED_EDGE('',*,*,#2044,.F.);
#2700=ORIENTED_EDGE('',*,*,#2045,.F.);
#2701=ORIENTED_EDGE('',*,*,#2046,.F.);
#2702=ORIENTED_EDGE('',*,*,#2047,.T.);
#2703=ORIENTED_EDGE('',*,*,#2048,.F.);
#2704=ORIENTED_EDGE('',*,*,#2049,.F.);
#2705=ORIENTED_EDGE('',*,*,#2050,.F.);
#2706=ORIENTED_EDGE('',*,*,#2051,.T.);
#2707=ORIENTED_EDGE('',*,*,#2052,.T.);
#2708=ORIENTED_EDGE('',*,*,#2053,.T.);
#2709=ORIENTED_EDGE('',*,*,#2043,.T.);
#2710=ORIENTED_EDGE('',*,*,#2054,.F.);
#2711=ORIENTED_EDGE('',*,*,#2044,.T.);
#2712=ORIENTED_EDGE('',*,*,#2053,.F.);
#2713=ORIENTED_EDGE('',*,*,#2055,.T.);
#2714=ORIENTED_EDGE('',*,*,#2056,.T.);
#2715=ORIENTED_EDGE('',*,*,#2057,.T.);
#2716=ORIENTED_EDGE('',*,*,#2058,.F.);
#2717=ORIENTED_EDGE('',*,*,#2058,.T.);
#2718=ORIENTED_EDGE('',*,*,#2045,.T.);
#2719=ORIENTED_EDGE('',*,*,#2054,.T.);
#2720=ORIENTED_EDGE('',*,*,#2059,.T.);
#2721=ORIENTED_EDGE('',*,*,#2060,.F.);
#2722=ORIENTED_EDGE('',*,*,#2061,.T.);
#2723=ORIENTED_EDGE('',*,*,#2056,.F.);
#2724=ORIENTED_EDGE('',*,*,#2062,.T.);
#2725=ORIENTED_EDGE('',*,*,#2063,.T.);
#2726=ORIENTED_EDGE('',*,*,#2039,.T.);
#2727=ORIENTED_EDGE('',*,*,#2064,.T.);
#2728=ORIENTED_EDGE('',*,*,#2064,.F.);
#2729=ORIENTED_EDGE('',*,*,#2065,.T.);
#2730=ORIENTED_EDGE('',*,*,#2060,.T.);
#2731=ORIENTED_EDGE('',*,*,#2066,.T.);
#2732=ORIENTED_EDGE('',*,*,#2067,.T.);
#2733=ORIENTED_EDGE('',*,*,#2040,.T.);
#2734=ORIENTED_EDGE('',*,*,#2063,.F.);
#2735=ORIENTED_EDGE('',*,*,#2068,.T.);
#2736=ORIENTED_EDGE('',*,*,#2069,.T.);
#2737=ORIENTED_EDGE('',*,*,#2041,.T.);
#2738=ORIENTED_EDGE('',*,*,#2067,.F.);
#2739=ORIENTED_EDGE('',*,*,#2070,.T.);
#2740=ORIENTED_EDGE('',*,*,#2069,.F.);
#2741=ORIENTED_EDGE('',*,*,#2071,.T.);
#2742=ORIENTED_EDGE('',*,*,#2051,.F.);
#2743=ORIENTED_EDGE('',*,*,#2042,.T.);
#2744=ORIENTED_EDGE('',*,*,#2072,.F.);
#2745=ORIENTED_EDGE('',*,*,#2073,.F.);
#2746=ORIENTED_EDGE('',*,*,#2074,.T.);
#2747=ORIENTED_EDGE('',*,*,#2075,.T.);
#2748=ORIENTED_EDGE('',*,*,#2052,.F.);
#2749=ORIENTED_EDGE('',*,*,#2071,.F.);
#2750=ORIENTED_EDGE('',*,*,#2070,.F.);
#2751=ORIENTED_EDGE('',*,*,#2068,.F.);
#2752=ORIENTED_EDGE('',*,*,#2066,.F.);
#2753=ORIENTED_EDGE('',*,*,#2062,.F.);
#2754=ORIENTED_EDGE('',*,*,#2059,.F.);
#2755=ORIENTED_EDGE('',*,*,#2055,.F.);
#2756=ORIENTED_EDGE('',*,*,#2076,.T.);
#2757=ORIENTED_EDGE('',*,*,#2077,.T.);
#2758=ORIENTED_EDGE('',*,*,#2078,.T.);
#2759=ORIENTED_EDGE('',*,*,#2079,.T.);
#2760=ORIENTED_EDGE('',*,*,#2080,.T.);
#2761=ORIENTED_EDGE('',*,*,#2081,.T.);
#2762=ORIENTED_EDGE('',*,*,#2082,.T.);
#2763=ORIENTED_EDGE('',*,*,#2083,.F.);
#2764=ORIENTED_EDGE('',*,*,#2084,.T.);
#2765=ORIENTED_EDGE('',*,*,#2081,.F.);
#2766=ORIENTED_EDGE('',*,*,#2085,.T.);
#2767=ORIENTED_EDGE('',*,*,#2077,.F.);
#2768=ORIENTED_EDGE('',*,*,#2086,.T.);
#2769=ORIENTED_EDGE('',*,*,#2079,.F.);
#2770=ORIENTED_EDGE('',*,*,#2072,.T.);
#2771=ORIENTED_EDGE('',*,*,#2083,.T.);
#2772=ORIENTED_EDGE('',*,*,#2085,.F.);
#2773=ORIENTED_EDGE('',*,*,#2087,.F.);
#2774=ORIENTED_EDGE('',*,*,#2088,.T.);
#2775=ORIENTED_EDGE('',*,*,#2089,.F.);
#2776=ORIENTED_EDGE('',*,*,#2080,.F.);
#2777=ORIENTED_EDGE('',*,*,#2075,.F.);
#2778=ORIENTED_EDGE('',*,*,#2090,.T.);
#2779=ORIENTED_EDGE('',*,*,#2087,.T.);
#2780=ORIENTED_EDGE('',*,*,#2091,.F.);
#2781=ORIENTED_EDGE('',*,*,#2092,.F.);
#2782=ORIENTED_EDGE('',*,*,#2093,.F.);
#2783=ORIENTED_EDGE('',*,*,#2094,.F.);
#2784=ORIENTED_EDGE('',*,*,#2082,.F.);
#2785=ORIENTED_EDGE('',*,*,#2084,.F.);
#2786=ORIENTED_EDGE('',*,*,#2076,.F.);
#2787=ORIENTED_EDGE('',*,*,#2086,.F.);
#2788=ORIENTED_EDGE('',*,*,#2095,.F.);
#2789=ORIENTED_EDGE('',*,*,#2096,.T.);
#2790=ORIENTED_EDGE('',*,*,#2097,.F.);
#2791=ORIENTED_EDGE('',*,*,#2098,.T.);
#2792=ORIENTED_EDGE('',*,*,#2032,.T.);
#2793=ORIENTED_EDGE('',*,*,#2099,.F.);
#2794=ORIENTED_EDGE('',*,*,#2100,.T.);
#2795=ORIENTED_EDGE('',*,*,#2101,.F.);
#2796=ORIENTED_EDGE('',*,*,#2092,.T.);
#2797=ORIENTED_EDGE('',*,*,#2102,.F.);
#2798=ORIENTED_EDGE('',*,*,#2094,.T.);
#2799=ORIENTED_EDGE('',*,*,#2103,.F.);
#2800=ORIENTED_EDGE('',*,*,#2104,.T.);
#2801=ORIENTED_EDGE('',*,*,#2105,.F.);
#2802=ORIENTED_EDGE('',*,*,#2104,.F.);
#2803=ORIENTED_EDGE('',*,*,#2106,.F.);
#2804=ORIENTED_EDGE('',*,*,#2107,.F.);
#2805=ORIENTED_EDGE('',*,*,#2033,.T.);
#2806=ORIENTED_EDGE('',*,*,#2108,.T.);
#2807=ORIENTED_EDGE('',*,*,#2109,.T.);
#2808=ORIENTED_EDGE('',*,*,#2110,.T.);
#2809=ORIENTED_EDGE('',*,*,#2111,.T.);
#2810=ORIENTED_EDGE('',*,*,#2112,.T.);
#2811=ORIENTED_EDGE('',*,*,#2113,.T.);
#2812=ORIENTED_EDGE('',*,*,#2114,.F.);
#2813=ORIENTED_EDGE('',*,*,#2093,.T.);
#2814=ORIENTED_EDGE('',*,*,#2115,.T.);
#2815=ORIENTED_EDGE('',*,*,#2116,.T.);
#2816=ORIENTED_EDGE('',*,*,#2117,.T.);
#2817=ORIENTED_EDGE('',*,*,#2118,.T.);
#2818=ORIENTED_EDGE('',*,*,#2119,.T.);
#2819=ORIENTED_EDGE('',*,*,#2120,.T.);
#2820=ORIENTED_EDGE('',*,*,#2121,.F.);
#2821=ORIENTED_EDGE('',*,*,#2103,.T.);
#2822=ORIENTED_EDGE('',*,*,#2114,.T.);
#2823=ORIENTED_EDGE('',*,*,#2122,.T.);
#2824=ORIENTED_EDGE('',*,*,#2123,.T.);
#2825=ORIENTED_EDGE('',*,*,#2124,.T.);
#2826=ORIENTED_EDGE('',*,*,#2125,.T.);
#2827=ORIENTED_EDGE('',*,*,#2126,.T.);
#2828=ORIENTED_EDGE('',*,*,#2127,.T.);
#2829=ORIENTED_EDGE('',*,*,#2128,.T.);
#2830=ORIENTED_EDGE('',*,*,#2129,.T.);
#2831=ORIENTED_EDGE('',*,*,#2130,.T.);
#2832=ORIENTED_EDGE('',*,*,#2131,.T.);
#2833=ORIENTED_EDGE('',*,*,#2132,.T.);
#2834=ORIENTED_EDGE('',*,*,#2133,.T.);
#2835=ORIENTED_EDGE('',*,*,#2134,.T.);
#2836=ORIENTED_EDGE('',*,*,#2135,.T.);
#2837=ORIENTED_EDGE('',*,*,#2136,.T.);
#2838=ORIENTED_EDGE('',*,*,#2137,.T.);
#2839=ORIENTED_EDGE('',*,*,#2138,.T.);
#2840=ORIENTED_EDGE('',*,*,#2139,.T.);
#2841=ORIENTED_EDGE('',*,*,#2140,.T.);
#2842=ORIENTED_EDGE('',*,*,#2141,.T.);
#2843=ORIENTED_EDGE('',*,*,#2142,.T.);
#2844=ORIENTED_EDGE('',*,*,#2143,.T.);
#2845=ORIENTED_EDGE('',*,*,#2144,.T.);
#2846=ORIENTED_EDGE('',*,*,#2145,.T.);
#2847=ORIENTED_EDGE('',*,*,#2146,.T.);
#2848=ORIENTED_EDGE('',*,*,#2147,.T.);
#2849=ORIENTED_EDGE('',*,*,#2148,.T.);
#2850=ORIENTED_EDGE('',*,*,#2149,.T.);
#2851=ORIENTED_EDGE('',*,*,#2150,.T.);
#2852=ORIENTED_EDGE('',*,*,#2151,.T.);
#2853=ORIENTED_EDGE('',*,*,#2152,.T.);
#2854=ORIENTED_EDGE('',*,*,#2153,.T.);
#2855=ORIENTED_EDGE('',*,*,#2154,.T.);
#2856=ORIENTED_EDGE('',*,*,#2155,.F.);
#2857=ORIENTED_EDGE('',*,*,#2106,.T.);
#2858=ORIENTED_EDGE('',*,*,#2121,.T.);
#2859=ORIENTED_EDGE('',*,*,#2156,.T.);
#2860=ORIENTED_EDGE('',*,*,#2157,.T.);
#2861=ORIENTED_EDGE('',*,*,#2158,.T.);
#2862=ORIENTED_EDGE('',*,*,#2159,.T.);
#2863=ORIENTED_EDGE('',*,*,#2160,.T.);
#2864=ORIENTED_EDGE('',*,*,#2161,.F.);
#2865=ORIENTED_EDGE('',*,*,#2162,.T.);
#2866=ORIENTED_EDGE('',*,*,#2155,.T.);
#2867=ORIENTED_EDGE('',*,*,#2163,.T.);
#2868=ORIENTED_EDGE('',*,*,#2164,.T.);
#2869=ORIENTED_EDGE('',*,*,#2165,.T.);
#2870=ORIENTED_EDGE('',*,*,#2166,.T.);
#2871=ORIENTED_EDGE('',*,*,#2167,.T.);
#2872=ORIENTED_EDGE('',*,*,#2168,.F.);
#2873=ORIENTED_EDGE('',*,*,#2169,.T.);
#2874=ORIENTED_EDGE('',*,*,#2161,.T.);
#2875=ORIENTED_EDGE('',*,*,#2170,.T.);
#2876=ORIENTED_EDGE('',*,*,#2171,.T.);
#2877=ORIENTED_EDGE('',*,*,#2097,.T.);
#2878=ORIENTED_EDGE('',*,*,#2172,.T.);
#2879=ORIENTED_EDGE('',*,*,#2173,.T.);
#2880=ORIENTED_EDGE('',*,*,#2174,.F.);
#2881=ORIENTED_EDGE('',*,*,#2175,.T.);
#2882=ORIENTED_EDGE('',*,*,#2168,.T.);
#2883=ORIENTED_EDGE('',*,*,#2176,.T.);
#2884=ORIENTED_EDGE('',*,*,#2177,.T.);
#2885=ORIENTED_EDGE('',*,*,#2178,.T.);
#2886=ORIENTED_EDGE('',*,*,#2179,.F.);
#2887=ORIENTED_EDGE('',*,*,#2180,.F.);
#2888=ORIENTED_EDGE('',*,*,#2111,.F.);
#2889=ORIENTED_EDGE('',*,*,#2181,.T.);
#2890=ORIENTED_EDGE('',*,*,#2182,.F.);
#2891=ORIENTED_EDGE('',*,*,#2183,.F.);
#2892=ORIENTED_EDGE('',*,*,#2108,.F.);
#2893=ORIENTED_EDGE('',*,*,#2180,.T.);
#2894=ORIENTED_EDGE('',*,*,#2184,.F.);
#2895=ORIENTED_EDGE('',*,*,#2185,.F.);
#2896=ORIENTED_EDGE('',*,*,#2109,.F.);
#2897=ORIENTED_EDGE('',*,*,#2183,.T.);
#2898=ORIENTED_EDGE('',*,*,#2186,.F.);
#2899=ORIENTED_EDGE('',*,*,#2181,.F.);
#2900=ORIENTED_EDGE('',*,*,#2110,.F.);
#2901=ORIENTED_EDGE('',*,*,#2185,.T.);
#2902=ORIENTED_EDGE('',*,*,#2187,.T.);
#2903=ORIENTED_EDGE('',*,*,#2187,.F.);
#2904=ORIENTED_EDGE('',*,*,#2188,.T.);
#2905=ORIENTED_EDGE('',*,*,#2189,.F.);
#2906=ORIENTED_EDGE('',*,*,#2188,.F.);
#2907=ORIENTED_EDGE('',*,*,#2190,.T.);
#2908=ORIENTED_EDGE('',*,*,#2190,.F.);
#2909=ORIENTED_EDGE('',*,*,#2191,.T.);
#2910=ORIENTED_EDGE('',*,*,#2192,.F.);
#2911=ORIENTED_EDGE('',*,*,#2191,.F.);
#2912=ORIENTED_EDGE('',*,*,#2078,.F.);
#2913=ORIENTED_EDGE('',*,*,#2089,.T.);
#2914=ORIENTED_EDGE('',*,*,#2193,.T.);
#2915=ORIENTED_EDGE('',*,*,#2073,.T.);
#2916=ORIENTED_EDGE('',*,*,#2194,.T.);
#2917=ORIENTED_EDGE('',*,*,#2195,.T.);
#2918=ORIENTED_EDGE('',*,*,#2048,.T.);
#2919=ORIENTED_EDGE('',*,*,#2196,.T.);
#2920=ORIENTED_EDGE('',*,*,#2197,.F.);
#2921=ORIENTED_EDGE('',*,*,#2198,.T.);
#2922=ORIENTED_EDGE('',*,*,#2194,.F.);
#2923=ORIENTED_EDGE('',*,*,#2199,.F.);
#2924=ORIENTED_EDGE('',*,*,#2200,.F.);
#2925=ORIENTED_EDGE('',*,*,#2049,.T.);
#2926=ORIENTED_EDGE('',*,*,#2195,.F.);
#2927=ORIENTED_EDGE('',*,*,#2198,.F.);
#2928=ORIENTED_EDGE('',*,*,#2201,.F.);
#2929=ORIENTED_EDGE('',*,*,#2199,.T.);
#2930=ORIENTED_EDGE('',*,*,#2196,.F.);
#2931=ORIENTED_EDGE('',*,*,#2047,.F.);
#2932=ORIENTED_EDGE('',*,*,#2088,.F.);
#2933=ORIENTED_EDGE('',*,*,#2090,.F.);
#2934=ORIENTED_EDGE('',*,*,#2074,.F.);
#2935=ORIENTED_EDGE('',*,*,#2193,.F.);
#2936=ORIENTED_EDGE('',*,*,#2202,.F.);
#2937=ORIENTED_EDGE('',*,*,#2203,.T.);
#2938=ORIENTED_EDGE('',*,*,#2204,.F.);
#2939=ORIENTED_EDGE('',*,*,#2205,.T.);
#2940=ORIENTED_EDGE('',*,*,#2206,.F.);
#2941=ORIENTED_EDGE('',*,*,#2207,.T.);
#2942=ORIENTED_EDGE('',*,*,#2208,.F.);
#2943=ORIENTED_EDGE('',*,*,#2209,.T.);
#2944=ORIENTED_EDGE('',*,*,#2210,.F.);
#2945=ORIENTED_EDGE('',*,*,#2211,.F.);
#2946=ORIENTED_EDGE('',*,*,#2207,.F.);
#2947=ORIENTED_EDGE('',*,*,#2212,.F.);
#2948=ORIENTED_EDGE('',*,*,#2213,.F.);
#2949=ORIENTED_EDGE('',*,*,#2210,.T.);
#2950=ORIENTED_EDGE('',*,*,#2214,.F.);
#2951=ORIENTED_EDGE('',*,*,#2215,.T.);
#2952=ORIENTED_EDGE('',*,*,#2216,.F.);
#2953=ORIENTED_EDGE('',*,*,#2217,.F.);
#2954=ORIENTED_EDGE('',*,*,#2215,.F.);
#2955=ORIENTED_EDGE('',*,*,#2218,.F.);
#2956=ORIENTED_EDGE('',*,*,#2219,.F.);
#2957=ORIENTED_EDGE('',*,*,#2220,.T.);
#2958=ORIENTED_EDGE('',*,*,#2204,.T.);
#2959=ORIENTED_EDGE('',*,*,#2221,.T.);
#2960=ORIENTED_EDGE('',*,*,#2222,.F.);
#2961=ORIENTED_EDGE('',*,*,#2216,.T.);
#2962=ORIENTED_EDGE('',*,*,#2223,.F.);
#2963=ORIENTED_EDGE('',*,*,#2224,.F.);
#2964=ORIENTED_EDGE('',*,*,#2209,.F.);
#2965=ORIENTED_EDGE('',*,*,#2225,.F.);
#2966=ORIENTED_EDGE('',*,*,#2226,.F.);
#2967=ORIENTED_EDGE('',*,*,#2227,.T.);
#2968=ORIENTED_EDGE('',*,*,#2202,.T.);
#2969=ORIENTED_EDGE('',*,*,#2228,.T.);
#2970=ORIENTED_EDGE('',*,*,#2229,.F.);
#2971=ORIENTED_EDGE('',*,*,#2223,.T.);
#2972=ORIENTED_EDGE('',*,*,#2131,.F.);
#2973=ORIENTED_EDGE('',*,*,#2221,.F.);
#2974=ORIENTED_EDGE('',*,*,#2203,.F.);
#2975=ORIENTED_EDGE('',*,*,#2227,.F.);
#2976=ORIENTED_EDGE('',*,*,#2230,.F.);
#2977=ORIENTED_EDGE('',*,*,#2228,.F.);
#2978=ORIENTED_EDGE('',*,*,#2205,.F.);
#2979=ORIENTED_EDGE('',*,*,#2220,.F.);
#2980=ORIENTED_EDGE('',*,*,#2231,.F.);
#2981=ORIENTED_EDGE('',*,*,#2232,.T.);
#2982=ORIENTED_EDGE('',*,*,#2233,.F.);
#2983=ORIENTED_EDGE('',*,*,#2234,.T.);
#2984=ORIENTED_EDGE('',*,*,#2235,.F.);
#2985=ORIENTED_EDGE('',*,*,#2236,.T.);
#2986=ORIENTED_EDGE('',*,*,#2237,.F.);
#2987=ORIENTED_EDGE('',*,*,#2238,.T.);
#2988=ORIENTED_EDGE('',*,*,#2239,.F.);
#2989=ORIENTED_EDGE('',*,*,#2240,.F.);
#2990=ORIENTED_EDGE('',*,*,#2236,.F.);
#2991=ORIENTED_EDGE('',*,*,#2241,.F.);
#2992=ORIENTED_EDGE('',*,*,#2242,.F.);
#2993=ORIENTED_EDGE('',*,*,#2239,.T.);
#2994=ORIENTED_EDGE('',*,*,#2243,.F.);
#2995=ORIENTED_EDGE('',*,*,#2244,.T.);
#2996=ORIENTED_EDGE('',*,*,#2245,.F.);
#2997=ORIENTED_EDGE('',*,*,#2246,.F.);
#2998=ORIENTED_EDGE('',*,*,#2244,.F.);
#2999=ORIENTED_EDGE('',*,*,#2247,.F.);
#3000=ORIENTED_EDGE('',*,*,#2248,.F.);
#3001=ORIENTED_EDGE('',*,*,#2249,.T.);
#3002=ORIENTED_EDGE('',*,*,#2233,.T.);
#3003=ORIENTED_EDGE('',*,*,#2250,.T.);
#3004=ORIENTED_EDGE('',*,*,#2251,.F.);
#3005=ORIENTED_EDGE('',*,*,#2245,.T.);
#3006=ORIENTED_EDGE('',*,*,#2252,.F.);
#3007=ORIENTED_EDGE('',*,*,#2253,.F.);
#3008=ORIENTED_EDGE('',*,*,#2238,.F.);
#3009=ORIENTED_EDGE('',*,*,#2254,.F.);
#3010=ORIENTED_EDGE('',*,*,#2255,.F.);
#3011=ORIENTED_EDGE('',*,*,#2256,.T.);
#3012=ORIENTED_EDGE('',*,*,#2231,.T.);
#3013=ORIENTED_EDGE('',*,*,#2257,.T.);
#3014=ORIENTED_EDGE('',*,*,#2258,.F.);
#3015=ORIENTED_EDGE('',*,*,#2252,.T.);
#3016=ORIENTED_EDGE('',*,*,#2145,.F.);
#3017=ORIENTED_EDGE('',*,*,#2250,.F.);
#3018=ORIENTED_EDGE('',*,*,#2232,.F.);
#3019=ORIENTED_EDGE('',*,*,#2256,.F.);
#3020=ORIENTED_EDGE('',*,*,#2259,.F.);
#3021=ORIENTED_EDGE('',*,*,#2257,.F.);
#3022=ORIENTED_EDGE('',*,*,#2234,.F.);
#3023=ORIENTED_EDGE('',*,*,#2249,.F.);
#3024=ORIENTED_EDGE('',*,*,#2260,.F.);
#3025=ORIENTED_EDGE('',*,*,#2261,.T.);
#3026=ORIENTED_EDGE('',*,*,#2262,.F.);
#3027=ORIENTED_EDGE('',*,*,#2263,.T.);
#3028=ORIENTED_EDGE('',*,*,#2264,.F.);
#3029=ORIENTED_EDGE('',*,*,#2265,.T.);
#3030=ORIENTED_EDGE('',*,*,#2266,.F.);
#3031=ORIENTED_EDGE('',*,*,#2267,.T.);
#3032=ORIENTED_EDGE('',*,*,#2268,.F.);
#3033=ORIENTED_EDGE('',*,*,#2269,.F.);
#3034=ORIENTED_EDGE('',*,*,#2265,.F.);
#3035=ORIENTED_EDGE('',*,*,#2270,.F.);
#3036=ORIENTED_EDGE('',*,*,#2271,.F.);
#3037=ORIENTED_EDGE('',*,*,#2268,.T.);
#3038=ORIENTED_EDGE('',*,*,#2272,.F.);
#3039=ORIENTED_EDGE('',*,*,#2273,.T.);
#3040=ORIENTED_EDGE('',*,*,#2274,.F.);
#3041=ORIENTED_EDGE('',*,*,#2275,.F.);
#3042=ORIENTED_EDGE('',*,*,#2273,.F.);
#3043=ORIENTED_EDGE('',*,*,#2276,.F.);
#3044=ORIENTED_EDGE('',*,*,#2277,.F.);
#3045=ORIENTED_EDGE('',*,*,#2278,.T.);
#3046=ORIENTED_EDGE('',*,*,#2262,.T.);
#3047=ORIENTED_EDGE('',*,*,#2279,.T.);
#3048=ORIENTED_EDGE('',*,*,#2280,.F.);
#3049=ORIENTED_EDGE('',*,*,#2274,.T.);
#3050=ORIENTED_EDGE('',*,*,#2281,.F.);
#3051=ORIENTED_EDGE('',*,*,#2282,.F.);
#3052=ORIENTED_EDGE('',*,*,#2267,.F.);
#3053=ORIENTED_EDGE('',*,*,#2283,.F.);
#3054=ORIENTED_EDGE('',*,*,#2284,.F.);
#3055=ORIENTED_EDGE('',*,*,#2285,.T.);
#3056=ORIENTED_EDGE('',*,*,#2260,.T.);
#3057=ORIENTED_EDGE('',*,*,#2286,.T.);
#3058=ORIENTED_EDGE('',*,*,#2287,.F.);
#3059=ORIENTED_EDGE('',*,*,#2281,.T.);
#3060=ORIENTED_EDGE('',*,*,#2139,.F.);
#3061=ORIENTED_EDGE('',*,*,#2279,.F.);
#3062=ORIENTED_EDGE('',*,*,#2261,.F.);
#3063=ORIENTED_EDGE('',*,*,#2285,.F.);
#3064=ORIENTED_EDGE('',*,*,#2288,.F.);
#3065=ORIENTED_EDGE('',*,*,#2286,.F.);
#3066=ORIENTED_EDGE('',*,*,#2263,.F.);
#3067=ORIENTED_EDGE('',*,*,#2278,.F.);
#3068=ORIENTED_EDGE('',*,*,#2289,.F.);
#3069=ORIENTED_EDGE('',*,*,#2290,.T.);
#3070=ORIENTED_EDGE('',*,*,#2291,.F.);
#3071=ORIENTED_EDGE('',*,*,#2292,.T.);
#3072=ORIENTED_EDGE('',*,*,#2293,.F.);
#3073=ORIENTED_EDGE('',*,*,#2294,.T.);
#3074=ORIENTED_EDGE('',*,*,#2295,.F.);
#3075=ORIENTED_EDGE('',*,*,#2296,.T.);
#3076=ORIENTED_EDGE('',*,*,#2297,.F.);
#3077=ORIENTED_EDGE('',*,*,#2298,.F.);
#3078=ORIENTED_EDGE('',*,*,#2294,.F.);
#3079=ORIENTED_EDGE('',*,*,#2299,.F.);
#3080=ORIENTED_EDGE('',*,*,#2300,.F.);
#3081=ORIENTED_EDGE('',*,*,#2297,.T.);
#3082=ORIENTED_EDGE('',*,*,#2301,.F.);
#3083=ORIENTED_EDGE('',*,*,#2302,.T.);
#3084=ORIENTED_EDGE('',*,*,#2303,.F.);
#3085=ORIENTED_EDGE('',*,*,#2304,.F.);
#3086=ORIENTED_EDGE('',*,*,#2302,.F.);
#3087=ORIENTED_EDGE('',*,*,#2305,.F.);
#3088=ORIENTED_EDGE('',*,*,#2306,.F.);
#3089=ORIENTED_EDGE('',*,*,#2307,.T.);
#3090=ORIENTED_EDGE('',*,*,#2291,.T.);
#3091=ORIENTED_EDGE('',*,*,#2308,.T.);
#3092=ORIENTED_EDGE('',*,*,#2309,.F.);
#3093=ORIENTED_EDGE('',*,*,#2303,.T.);
#3094=ORIENTED_EDGE('',*,*,#2310,.F.);
#3095=ORIENTED_EDGE('',*,*,#2311,.F.);
#3096=ORIENTED_EDGE('',*,*,#2296,.F.);
#3097=ORIENTED_EDGE('',*,*,#2312,.F.);
#3098=ORIENTED_EDGE('',*,*,#2313,.F.);
#3099=ORIENTED_EDGE('',*,*,#2314,.T.);
#3100=ORIENTED_EDGE('',*,*,#2289,.T.);
#3101=ORIENTED_EDGE('',*,*,#2315,.T.);
#3102=ORIENTED_EDGE('',*,*,#2316,.F.);
#3103=ORIENTED_EDGE('',*,*,#2310,.T.);
#3104=ORIENTED_EDGE('',*,*,#2135,.F.);
#3105=ORIENTED_EDGE('',*,*,#2308,.F.);
#3106=ORIENTED_EDGE('',*,*,#2290,.F.);
#3107=ORIENTED_EDGE('',*,*,#2314,.F.);
#3108=ORIENTED_EDGE('',*,*,#2317,.F.);
#3109=ORIENTED_EDGE('',*,*,#2315,.F.);
#3110=ORIENTED_EDGE('',*,*,#2292,.F.);
#3111=ORIENTED_EDGE('',*,*,#2307,.F.);
#3112=ORIENTED_EDGE('',*,*,#2318,.F.);
#3113=ORIENTED_EDGE('',*,*,#2319,.F.);
#3114=ORIENTED_EDGE('',*,*,#2320,.F.);
#3115=ORIENTED_EDGE('',*,*,#2321,.F.);
#3116=ORIENTED_EDGE('',*,*,#2322,.T.);
#3117=ORIENTED_EDGE('',*,*,#2323,.T.);
#3118=ORIENTED_EDGE('',*,*,#2324,.T.);
#3119=ORIENTED_EDGE('',*,*,#2325,.T.);
#3120=ORIENTED_EDGE('',*,*,#2326,.T.);
#3121=ORIENTED_EDGE('',*,*,#2327,.T.);
#3122=ORIENTED_EDGE('',*,*,#2328,.T.);
#3123=ORIENTED_EDGE('',*,*,#2329,.F.);
#3124=ORIENTED_EDGE('',*,*,#2330,.T.);
#3125=ORIENTED_EDGE('',*,*,#2331,.T.);
#3126=ORIENTED_EDGE('',*,*,#2332,.T.);
#3127=ORIENTED_EDGE('',*,*,#2333,.T.);
#3128=ORIENTED_EDGE('',*,*,#2334,.T.);
#3129=ORIENTED_EDGE('',*,*,#2335,.T.);
#3130=ORIENTED_EDGE('',*,*,#2336,.T.);
#3131=ORIENTED_EDGE('',*,*,#2337,.F.);
#3132=ORIENTED_EDGE('',*,*,#2166,.F.);
#3133=ORIENTED_EDGE('',*,*,#2096,.F.);
#3134=ORIENTED_EDGE('',*,*,#2334,.F.);
#3135=ORIENTED_EDGE('',*,*,#2338,.T.);
#3136=ORIENTED_EDGE('',*,*,#2339,.F.);
#3137=ORIENTED_EDGE('',*,*,#2340,.T.);
#3138=ORIENTED_EDGE('',*,*,#2333,.F.);
#3139=ORIENTED_EDGE('',*,*,#2341,.F.);
#3140=ORIENTED_EDGE('',*,*,#2342,.F.);
#3141=ORIENTED_EDGE('',*,*,#2338,.F.);
#3142=ORIENTED_EDGE('',*,*,#2335,.F.);
#3143=ORIENTED_EDGE('',*,*,#2340,.F.);
#3144=ORIENTED_EDGE('',*,*,#2343,.F.);
#3145=ORIENTED_EDGE('',*,*,#2344,.F.);
#3146=ORIENTED_EDGE('',*,*,#2336,.F.);
#3147=ORIENTED_EDGE('',*,*,#2344,.T.);
#3148=ORIENTED_EDGE('',*,*,#2345,.F.);
#3149=ORIENTED_EDGE('',*,*,#2346,.T.);
#3150=ORIENTED_EDGE('',*,*,#2330,.F.);
#3151=ORIENTED_EDGE('',*,*,#2347,.T.);
#3152=ORIENTED_EDGE('',*,*,#2348,.F.);
#3153=ORIENTED_EDGE('',*,*,#2349,.T.);
#3154=ORIENTED_EDGE('',*,*,#2172,.F.);
#3155=ORIENTED_EDGE('',*,*,#2350,.T.);
#3156=ORIENTED_EDGE('',*,*,#2351,.T.);
#3157=ORIENTED_EDGE('',*,*,#2164,.F.);
#3158=ORIENTED_EDGE('',*,*,#2352,.T.);
#3159=ORIENTED_EDGE('',*,*,#2353,.T.);
#3160=ORIENTED_EDGE('',*,*,#2165,.F.);
#3161=ORIENTED_EDGE('',*,*,#2353,.F.);
#3162=ORIENTED_EDGE('',*,*,#2354,.F.);
#3163=ORIENTED_EDGE('',*,*,#2355,.F.);
#3164=ORIENTED_EDGE('',*,*,#2177,.F.);
#3165=ORIENTED_EDGE('',*,*,#2356,.T.);
#3166=ORIENTED_EDGE('',*,*,#2357,.T.);
#3167=ORIENTED_EDGE('',*,*,#2159,.F.);
#3168=ORIENTED_EDGE('',*,*,#2355,.T.);
#3169=ORIENTED_EDGE('',*,*,#2358,.T.);
#3170=ORIENTED_EDGE('',*,*,#2331,.F.);
#3171=ORIENTED_EDGE('',*,*,#2349,.F.);
#3172=ORIENTED_EDGE('',*,*,#2359,.F.);
#3173=ORIENTED_EDGE('',*,*,#2360,.F.);
#3174=ORIENTED_EDGE('',*,*,#2332,.F.);
#3175=ORIENTED_EDGE('',*,*,#2360,.T.);
#3176=ORIENTED_EDGE('',*,*,#2361,.F.);
#3177=ORIENTED_EDGE('',*,*,#2341,.T.);
#3178=ORIENTED_EDGE('',*,*,#2178,.F.);
#3179=ORIENTED_EDGE('',*,*,#2357,.F.);
#3180=ORIENTED_EDGE('',*,*,#2362,.F.);
#3181=ORIENTED_EDGE('',*,*,#2350,.F.);
#3182=ORIENTED_EDGE('',*,*,#2363,.F.);
#3183=ORIENTED_EDGE('',*,*,#2364,.T.);
#3184=ORIENTED_EDGE('',*,*,#2365,.F.);
#3185=ORIENTED_EDGE('',*,*,#2366,.T.);
#3186=ORIENTED_EDGE('',*,*,#2367,.F.);
#3187=ORIENTED_EDGE('',*,*,#2368,.T.);
#3188=ORIENTED_EDGE('',*,*,#2369,.F.);
#3189=ORIENTED_EDGE('',*,*,#2370,.T.);
#3190=ORIENTED_EDGE('',*,*,#2371,.F.);
#3191=ORIENTED_EDGE('',*,*,#2372,.F.);
#3192=ORIENTED_EDGE('',*,*,#2368,.F.);
#3193=ORIENTED_EDGE('',*,*,#2373,.F.);
#3194=ORIENTED_EDGE('',*,*,#2374,.F.);
#3195=ORIENTED_EDGE('',*,*,#2371,.T.);
#3196=ORIENTED_EDGE('',*,*,#2375,.F.);
#3197=ORIENTED_EDGE('',*,*,#2376,.T.);
#3198=ORIENTED_EDGE('',*,*,#2377,.F.);
#3199=ORIENTED_EDGE('',*,*,#2378,.F.);
#3200=ORIENTED_EDGE('',*,*,#2376,.F.);
#3201=ORIENTED_EDGE('',*,*,#2379,.F.);
#3202=ORIENTED_EDGE('',*,*,#2380,.F.);
#3203=ORIENTED_EDGE('',*,*,#2381,.T.);
#3204=ORIENTED_EDGE('',*,*,#2365,.T.);
#3205=ORIENTED_EDGE('',*,*,#2382,.T.);
#3206=ORIENTED_EDGE('',*,*,#2383,.F.);
#3207=ORIENTED_EDGE('',*,*,#2377,.T.);
#3208=ORIENTED_EDGE('',*,*,#2384,.F.);
#3209=ORIENTED_EDGE('',*,*,#2385,.F.);
#3210=ORIENTED_EDGE('',*,*,#2370,.F.);
#3211=ORIENTED_EDGE('',*,*,#2386,.F.);
#3212=ORIENTED_EDGE('',*,*,#2387,.F.);
#3213=ORIENTED_EDGE('',*,*,#2388,.T.);
#3214=ORIENTED_EDGE('',*,*,#2363,.T.);
#3215=ORIENTED_EDGE('',*,*,#2389,.T.);
#3216=ORIENTED_EDGE('',*,*,#2390,.F.);
#3217=ORIENTED_EDGE('',*,*,#2384,.T.);
#3218=ORIENTED_EDGE('',*,*,#2143,.F.);
#3219=ORIENTED_EDGE('',*,*,#2382,.F.);
#3220=ORIENTED_EDGE('',*,*,#2364,.F.);
#3221=ORIENTED_EDGE('',*,*,#2388,.F.);
#3222=ORIENTED_EDGE('',*,*,#2391,.F.);
#3223=ORIENTED_EDGE('',*,*,#2389,.F.);
#3224=ORIENTED_EDGE('',*,*,#2366,.F.);
#3225=ORIENTED_EDGE('',*,*,#2381,.F.);
#3226=ORIENTED_EDGE('',*,*,#2392,.F.);
#3227=ORIENTED_EDGE('',*,*,#2393,.T.);
#3228=ORIENTED_EDGE('',*,*,#2394,.F.);
#3229=ORIENTED_EDGE('',*,*,#2395,.T.);
#3230=ORIENTED_EDGE('',*,*,#2396,.F.);
#3231=ORIENTED_EDGE('',*,*,#2397,.T.);
#3232=ORIENTED_EDGE('',*,*,#2398,.F.);
#3233=ORIENTED_EDGE('',*,*,#2399,.T.);
#3234=ORIENTED_EDGE('',*,*,#2400,.F.);
#3235=ORIENTED_EDGE('',*,*,#2401,.F.);
#3236=ORIENTED_EDGE('',*,*,#2397,.F.);
#3237=ORIENTED_EDGE('',*,*,#2402,.F.);
#3238=ORIENTED_EDGE('',*,*,#2403,.F.);
#3239=ORIENTED_EDGE('',*,*,#2400,.T.);
#3240=ORIENTED_EDGE('',*,*,#2404,.F.);
#3241=ORIENTED_EDGE('',*,*,#2405,.T.);
#3242=ORIENTED_EDGE('',*,*,#2406,.F.);
#3243=ORIENTED_EDGE('',*,*,#2407,.F.);
#3244=ORIENTED_EDGE('',*,*,#2405,.F.);
#3245=ORIENTED_EDGE('',*,*,#2408,.F.);
#3246=ORIENTED_EDGE('',*,*,#2409,.F.);
#3247=ORIENTED_EDGE('',*,*,#2410,.T.);
#3248=ORIENTED_EDGE('',*,*,#2394,.T.);
#3249=ORIENTED_EDGE('',*,*,#2411,.T.);
#3250=ORIENTED_EDGE('',*,*,#2412,.F.);
#3251=ORIENTED_EDGE('',*,*,#2406,.T.);
#3252=ORIENTED_EDGE('',*,*,#2413,.F.);
#3253=ORIENTED_EDGE('',*,*,#2414,.F.);
#3254=ORIENTED_EDGE('',*,*,#2399,.F.);
#3255=ORIENTED_EDGE('',*,*,#2415,.F.);
#3256=ORIENTED_EDGE('',*,*,#2416,.F.);
#3257=ORIENTED_EDGE('',*,*,#2417,.T.);
#3258=ORIENTED_EDGE('',*,*,#2392,.T.);
#3259=ORIENTED_EDGE('',*,*,#2418,.T.);
#3260=ORIENTED_EDGE('',*,*,#2419,.F.);
#3261=ORIENTED_EDGE('',*,*,#2413,.T.);
#3262=ORIENTED_EDGE('',*,*,#2129,.F.);
#3263=ORIENTED_EDGE('',*,*,#2411,.F.);
#3264=ORIENTED_EDGE('',*,*,#2393,.F.);
#3265=ORIENTED_EDGE('',*,*,#2417,.F.);
#3266=ORIENTED_EDGE('',*,*,#2420,.F.);
#3267=ORIENTED_EDGE('',*,*,#2418,.F.);
#3268=ORIENTED_EDGE('',*,*,#2395,.F.);
#3269=ORIENTED_EDGE('',*,*,#2410,.F.);
#3270=ORIENTED_EDGE('',*,*,#2421,.F.);
#3271=ORIENTED_EDGE('',*,*,#2098,.F.);
#3272=ORIENTED_EDGE('',*,*,#2171,.F.);
#3273=ORIENTED_EDGE('',*,*,#2422,.F.);
#3274=ORIENTED_EDGE('',*,*,#2345,.T.);
#3275=ORIENTED_EDGE('',*,*,#2343,.T.);
#3276=ORIENTED_EDGE('',*,*,#2339,.T.);
#3277=ORIENTED_EDGE('',*,*,#2342,.T.);
#3278=ORIENTED_EDGE('',*,*,#2361,.T.);
#3279=ORIENTED_EDGE('',*,*,#2359,.T.);
#3280=ORIENTED_EDGE('',*,*,#2348,.T.);
#3281=ORIENTED_EDGE('',*,*,#2423,.F.);
#3282=ORIENTED_EDGE('',*,*,#2424,.T.);
#3283=ORIENTED_EDGE('',*,*,#2425,.T.);
#3284=ORIENTED_EDGE('',*,*,#2426,.T.);
#3285=ORIENTED_EDGE('',*,*,#2427,.T.);
#3286=ORIENTED_EDGE('',*,*,#2428,.T.);
#3287=ORIENTED_EDGE('',*,*,#2429,.T.);
#3288=ORIENTED_EDGE('',*,*,#2430,.T.);
#3289=ORIENTED_EDGE('',*,*,#2431,.F.);
#3290=ORIENTED_EDGE('',*,*,#2149,.F.);
#3291=ORIENTED_EDGE('',*,*,#2432,.F.);
#3292=ORIENTED_EDGE('',*,*,#2433,.T.);
#3293=ORIENTED_EDGE('',*,*,#2434,.T.);
#3294=ORIENTED_EDGE('',*,*,#2435,.T.);
#3295=ORIENTED_EDGE('',*,*,#2436,.T.);
#3296=ORIENTED_EDGE('',*,*,#2174,.T.);
#3297=ORIENTED_EDGE('',*,*,#2437,.T.);
#3298=ORIENTED_EDGE('',*,*,#2438,.T.);
#3299=ORIENTED_EDGE('',*,*,#2439,.T.);
#3300=ORIENTED_EDGE('',*,*,#2440,.T.);
#3301=ORIENTED_EDGE('',*,*,#2441,.T.);
#3302=ORIENTED_EDGE('',*,*,#2320,.T.);
#3303=ORIENTED_EDGE('',*,*,#2442,.T.);
#3304=ORIENTED_EDGE('',*,*,#2443,.T.);
#3305=ORIENTED_EDGE('',*,*,#2444,.T.);
#3306=ORIENTED_EDGE('',*,*,#2259,.T.);
#3307=ORIENTED_EDGE('',*,*,#2445,.T.);
#3308=ORIENTED_EDGE('',*,*,#2391,.T.);
#3309=ORIENTED_EDGE('',*,*,#2446,.T.);
#3310=ORIENTED_EDGE('',*,*,#2447,.T.);
#3311=ORIENTED_EDGE('',*,*,#2448,.T.);
#3312=ORIENTED_EDGE('',*,*,#2288,.T.);
#3313=ORIENTED_EDGE('',*,*,#2449,.T.);
#3314=ORIENTED_EDGE('',*,*,#2450,.T.);
#3315=ORIENTED_EDGE('',*,*,#2451,.T.);
#3316=ORIENTED_EDGE('',*,*,#2317,.T.);
#3317=ORIENTED_EDGE('',*,*,#2452,.T.);
#3318=ORIENTED_EDGE('',*,*,#2453,.T.);
#3319=ORIENTED_EDGE('',*,*,#2454,.T.);
#3320=ORIENTED_EDGE('',*,*,#2230,.T.);
#3321=ORIENTED_EDGE('',*,*,#2455,.T.);
#3322=ORIENTED_EDGE('',*,*,#2420,.T.);
#3323=ORIENTED_EDGE('',*,*,#2456,.T.);
#3324=ORIENTED_EDGE('',*,*,#2457,.T.);
#3325=ORIENTED_EDGE('',*,*,#2458,.T.);
#3326=ORIENTED_EDGE('',*,*,#2459,.T.);
#3327=ORIENTED_EDGE('',*,*,#2460,.T.);
#3328=ORIENTED_EDGE('',*,*,#2440,.F.);
#3329=ORIENTED_EDGE('',*,*,#2461,.T.);
#3330=ORIENTED_EDGE('',*,*,#2462,.T.);
#3331=ORIENTED_EDGE('',*,*,#2439,.F.);
#3332=ORIENTED_EDGE('',*,*,#2463,.F.);
#3333=ORIENTED_EDGE('',*,*,#2464,.F.);
#3334=ORIENTED_EDGE('',*,*,#2461,.F.);
#3335=ORIENTED_EDGE('',*,*,#2327,.F.);
#3336=ORIENTED_EDGE('',*,*,#2465,.F.);
#3337=ORIENTED_EDGE('',*,*,#2425,.F.);
#3338=ORIENTED_EDGE('',*,*,#2466,.F.);
#3339=ORIENTED_EDGE('',*,*,#2322,.F.);
#3340=ORIENTED_EDGE('',*,*,#2467,.T.);
#3341=ORIENTED_EDGE('',*,*,#2430,.F.);
#3342=ORIENTED_EDGE('',*,*,#2468,.T.);
#3343=ORIENTED_EDGE('',*,*,#2151,.F.);
#3344=ORIENTED_EDGE('',*,*,#2469,.T.);
#3345=ORIENTED_EDGE('',*,*,#2470,.T.);
#3346=ORIENTED_EDGE('',*,*,#2152,.F.);
#3347=ORIENTED_EDGE('',*,*,#2470,.F.);
#3348=ORIENTED_EDGE('',*,*,#2471,.F.);
#3349=ORIENTED_EDGE('',*,*,#2472,.F.);
#3350=ORIENTED_EDGE('',*,*,#2438,.F.);
#3351=ORIENTED_EDGE('',*,*,#2473,.T.);
#3352=ORIENTED_EDGE('',*,*,#2463,.T.);
#3353=ORIENTED_EDGE('',*,*,#2328,.F.);
#3354=ORIENTED_EDGE('',*,*,#2466,.T.);
#3355=ORIENTED_EDGE('',*,*,#2424,.F.);
#3356=ORIENTED_EDGE('',*,*,#2474,.T.);
#3357=ORIENTED_EDGE('',*,*,#2153,.F.);
#3358=ORIENTED_EDGE('',*,*,#2472,.T.);
#3359=ORIENTED_EDGE('',*,*,#2475,.T.);
#3360=ORIENTED_EDGE('',*,*,#2323,.F.);
#3361=ORIENTED_EDGE('',*,*,#2468,.F.);
#3362=ORIENTED_EDGE('',*,*,#2429,.F.);
#3363=ORIENTED_EDGE('',*,*,#2476,.F.);
#3364=ORIENTED_EDGE('',*,*,#2324,.F.);
#3365=ORIENTED_EDGE('',*,*,#2476,.T.);
#3366=ORIENTED_EDGE('',*,*,#2428,.F.);
#3367=ORIENTED_EDGE('',*,*,#2477,.T.);
#3368=ORIENTED_EDGE('',*,*,#2326,.F.);
#3369=ORIENTED_EDGE('',*,*,#2478,.T.);
#3370=ORIENTED_EDGE('',*,*,#2426,.F.);
#3371=ORIENTED_EDGE('',*,*,#2465,.T.);
#3372=ORIENTED_EDGE('',*,*,#2325,.F.);
#3373=ORIENTED_EDGE('',*,*,#2477,.F.);
#3374=ORIENTED_EDGE('',*,*,#2427,.F.);
#3375=ORIENTED_EDGE('',*,*,#2478,.F.);
#3376=ORIENTED_EDGE('',*,*,#2479,.F.);
#3377=ORIENTED_EDGE('',*,*,#2480,.F.);
#3378=ORIENTED_EDGE('',*,*,#2117,.F.);
#3379=ORIENTED_EDGE('',*,*,#2481,.F.);
#3380=ORIENTED_EDGE('',*,*,#2482,.T.);
#3381=ORIENTED_EDGE('',*,*,#2483,.T.);
#3382=ORIENTED_EDGE('',*,*,#2484,.T.);
#3383=ORIENTED_EDGE('',*,*,#2485,.T.);
#3384=ORIENTED_EDGE('',*,*,#2486,.T.);
#3385=ORIENTED_EDGE('',*,*,#2487,.T.);
#3386=ORIENTED_EDGE('',*,*,#2488,.T.);
#3387=ORIENTED_EDGE('',*,*,#2489,.F.);
#3388=ORIENTED_EDGE('',*,*,#2490,.T.);
#3389=ORIENTED_EDGE('',*,*,#2491,.T.);
#3390=ORIENTED_EDGE('',*,*,#2492,.T.);
#3391=ORIENTED_EDGE('',*,*,#2493,.T.);
#3392=ORIENTED_EDGE('',*,*,#2494,.T.);
#3393=ORIENTED_EDGE('',*,*,#2495,.T.);
#3394=ORIENTED_EDGE('',*,*,#2496,.T.);
#3395=ORIENTED_EDGE('',*,*,#2497,.F.);
#3396=ORIENTED_EDGE('',*,*,#2457,.F.);
#3397=ORIENTED_EDGE('',*,*,#2498,.F.);
#3398=ORIENTED_EDGE('',*,*,#2494,.F.);
#3399=ORIENTED_EDGE('',*,*,#2499,.T.);
#3400=ORIENTED_EDGE('',*,*,#2500,.F.);
#3401=ORIENTED_EDGE('',*,*,#2501,.T.);
#3402=ORIENTED_EDGE('',*,*,#2493,.F.);
#3403=ORIENTED_EDGE('',*,*,#2502,.F.);
#3404=ORIENTED_EDGE('',*,*,#2503,.F.);
#3405=ORIENTED_EDGE('',*,*,#2499,.F.);
#3406=ORIENTED_EDGE('',*,*,#2495,.F.);
#3407=ORIENTED_EDGE('',*,*,#2501,.F.);
#3408=ORIENTED_EDGE('',*,*,#2504,.F.);
#3409=ORIENTED_EDGE('',*,*,#2505,.F.);
#3410=ORIENTED_EDGE('',*,*,#2496,.F.);
#3411=ORIENTED_EDGE('',*,*,#2505,.T.);
#3412=ORIENTED_EDGE('',*,*,#2506,.F.);
#3413=ORIENTED_EDGE('',*,*,#2507,.T.);
#3414=ORIENTED_EDGE('',*,*,#2490,.F.);
#3415=ORIENTED_EDGE('',*,*,#2508,.T.);
#3416=ORIENTED_EDGE('',*,*,#2509,.F.);
#3417=ORIENTED_EDGE('',*,*,#2510,.T.);
#3418=ORIENTED_EDGE('',*,*,#2433,.F.);
#3419=ORIENTED_EDGE('',*,*,#2511,.T.);
#3420=ORIENTED_EDGE('',*,*,#2512,.T.);
#3421=ORIENTED_EDGE('',*,*,#2157,.F.);
#3422=ORIENTED_EDGE('',*,*,#2513,.T.);
#3423=ORIENTED_EDGE('',*,*,#2514,.T.);
#3424=ORIENTED_EDGE('',*,*,#2158,.F.);
#3425=ORIENTED_EDGE('',*,*,#2514,.F.);
#3426=ORIENTED_EDGE('',*,*,#2515,.F.);
#3427=ORIENTED_EDGE('',*,*,#2516,.F.);
#3428=ORIENTED_EDGE('',*,*,#2459,.F.);
#3429=ORIENTED_EDGE('',*,*,#2517,.T.);
#3430=ORIENTED_EDGE('',*,*,#2518,.T.);
#3431=ORIENTED_EDGE('',*,*,#2125,.F.);
#3432=ORIENTED_EDGE('',*,*,#2516,.T.);
#3433=ORIENTED_EDGE('',*,*,#2519,.T.);
#3434=ORIENTED_EDGE('',*,*,#2491,.F.);
#3435=ORIENTED_EDGE('',*,*,#2510,.F.);
#3436=ORIENTED_EDGE('',*,*,#2520,.F.);
#3437=ORIENTED_EDGE('',*,*,#2521,.F.);
#3438=ORIENTED_EDGE('',*,*,#2492,.F.);
#3439=ORIENTED_EDGE('',*,*,#2521,.T.);
#3440=ORIENTED_EDGE('',*,*,#2522,.F.);
#3441=ORIENTED_EDGE('',*,*,#2502,.T.);
#3442=ORIENTED_EDGE('',*,*,#2460,.F.);
#3443=ORIENTED_EDGE('',*,*,#2518,.F.);
#3444=ORIENTED_EDGE('',*,*,#2523,.F.);
#3445=ORIENTED_EDGE('',*,*,#2511,.F.);
#3446=ORIENTED_EDGE('',*,*,#2524,.F.);
#3447=ORIENTED_EDGE('',*,*,#2525,.T.);
#3448=ORIENTED_EDGE('',*,*,#2526,.F.);
#3449=ORIENTED_EDGE('',*,*,#2527,.T.);
#3450=ORIENTED_EDGE('',*,*,#2528,.F.);
#3451=ORIENTED_EDGE('',*,*,#2529,.T.);
#3452=ORIENTED_EDGE('',*,*,#2530,.F.);
#3453=ORIENTED_EDGE('',*,*,#2531,.T.);
#3454=ORIENTED_EDGE('',*,*,#2532,.F.);
#3455=ORIENTED_EDGE('',*,*,#2533,.F.);
#3456=ORIENTED_EDGE('',*,*,#2529,.F.);
#3457=ORIENTED_EDGE('',*,*,#2534,.F.);
#3458=ORIENTED_EDGE('',*,*,#2535,.F.);
#3459=ORIENTED_EDGE('',*,*,#2532,.T.);
#3460=ORIENTED_EDGE('',*,*,#2536,.F.);
#3461=ORIENTED_EDGE('',*,*,#2537,.T.);
#3462=ORIENTED_EDGE('',*,*,#2538,.F.);
#3463=ORIENTED_EDGE('',*,*,#2539,.F.);
#3464=ORIENTED_EDGE('',*,*,#2537,.F.);
#3465=ORIENTED_EDGE('',*,*,#2540,.F.);
#3466=ORIENTED_EDGE('',*,*,#2541,.F.);
#3467=ORIENTED_EDGE('',*,*,#2542,.T.);
#3468=ORIENTED_EDGE('',*,*,#2526,.T.);
#3469=ORIENTED_EDGE('',*,*,#2543,.T.);
#3470=ORIENTED_EDGE('',*,*,#2544,.F.);
#3471=ORIENTED_EDGE('',*,*,#2538,.T.);
#3472=ORIENTED_EDGE('',*,*,#2545,.F.);
#3473=ORIENTED_EDGE('',*,*,#2546,.F.);
#3474=ORIENTED_EDGE('',*,*,#2531,.F.);
#3475=ORIENTED_EDGE('',*,*,#2547,.F.);
#3476=ORIENTED_EDGE('',*,*,#2548,.F.);
#3477=ORIENTED_EDGE('',*,*,#2549,.T.);
#3478=ORIENTED_EDGE('',*,*,#2524,.T.);
#3479=ORIENTED_EDGE('',*,*,#2550,.T.);
#3480=ORIENTED_EDGE('',*,*,#2551,.F.);
#3481=ORIENTED_EDGE('',*,*,#2545,.T.);
#3482=ORIENTED_EDGE('',*,*,#2137,.F.);
#3483=ORIENTED_EDGE('',*,*,#2543,.F.);
#3484=ORIENTED_EDGE('',*,*,#2525,.F.);
#3485=ORIENTED_EDGE('',*,*,#2549,.F.);
#3486=ORIENTED_EDGE('',*,*,#2450,.F.);
#3487=ORIENTED_EDGE('',*,*,#2550,.F.);
#3488=ORIENTED_EDGE('',*,*,#2527,.F.);
#3489=ORIENTED_EDGE('',*,*,#2542,.F.);
#3490=ORIENTED_EDGE('',*,*,#2552,.F.);
#3491=ORIENTED_EDGE('',*,*,#2553,.T.);
#3492=ORIENTED_EDGE('',*,*,#2554,.F.);
#3493=ORIENTED_EDGE('',*,*,#2555,.T.);
#3494=ORIENTED_EDGE('',*,*,#2556,.F.);
#3495=ORIENTED_EDGE('',*,*,#2557,.T.);
#3496=ORIENTED_EDGE('',*,*,#2558,.F.);
#3497=ORIENTED_EDGE('',*,*,#2559,.T.);
#3498=ORIENTED_EDGE('',*,*,#2560,.F.);
#3499=ORIENTED_EDGE('',*,*,#2561,.F.);
#3500=ORIENTED_EDGE('',*,*,#2557,.F.);
#3501=ORIENTED_EDGE('',*,*,#2562,.F.);
#3502=ORIENTED_EDGE('',*,*,#2563,.F.);
#3503=ORIENTED_EDGE('',*,*,#2560,.T.);
#3504=ORIENTED_EDGE('',*,*,#2564,.F.);
#3505=ORIENTED_EDGE('',*,*,#2565,.T.);
#3506=ORIENTED_EDGE('',*,*,#2566,.F.);
#3507=ORIENTED_EDGE('',*,*,#2567,.F.);
#3508=ORIENTED_EDGE('',*,*,#2565,.F.);
#3509=ORIENTED_EDGE('',*,*,#2568,.F.);
#3510=ORIENTED_EDGE('',*,*,#2569,.F.);
#3511=ORIENTED_EDGE('',*,*,#2570,.T.);
#3512=ORIENTED_EDGE('',*,*,#2554,.T.);
#3513=ORIENTED_EDGE('',*,*,#2571,.T.);
#3514=ORIENTED_EDGE('',*,*,#2572,.F.);
#3515=ORIENTED_EDGE('',*,*,#2566,.T.);
#3516=ORIENTED_EDGE('',*,*,#2573,.F.);
#3517=ORIENTED_EDGE('',*,*,#2574,.F.);
#3518=ORIENTED_EDGE('',*,*,#2559,.F.);
#3519=ORIENTED_EDGE('',*,*,#2575,.F.);
#3520=ORIENTED_EDGE('',*,*,#2576,.F.);
#3521=ORIENTED_EDGE('',*,*,#2577,.T.);
#3522=ORIENTED_EDGE('',*,*,#2552,.T.);
#3523=ORIENTED_EDGE('',*,*,#2578,.T.);
#3524=ORIENTED_EDGE('',*,*,#2579,.F.);
#3525=ORIENTED_EDGE('',*,*,#2573,.T.);
#3526=ORIENTED_EDGE('',*,*,#2147,.F.);
#3527=ORIENTED_EDGE('',*,*,#2571,.F.);
#3528=ORIENTED_EDGE('',*,*,#2553,.F.);
#3529=ORIENTED_EDGE('',*,*,#2577,.F.);
#3530=ORIENTED_EDGE('',*,*,#2443,.F.);
#3531=ORIENTED_EDGE('',*,*,#2578,.F.);
#3532=ORIENTED_EDGE('',*,*,#2555,.F.);
#3533=ORIENTED_EDGE('',*,*,#2570,.F.);
#3534=ORIENTED_EDGE('',*,*,#2580,.F.);
#3535=ORIENTED_EDGE('',*,*,#2581,.T.);
#3536=ORIENTED_EDGE('',*,*,#2582,.F.);
#3537=ORIENTED_EDGE('',*,*,#2583,.T.);
#3538=ORIENTED_EDGE('',*,*,#2584,.F.);
#3539=ORIENTED_EDGE('',*,*,#2585,.T.);
#3540=ORIENTED_EDGE('',*,*,#2586,.F.);
#3541=ORIENTED_EDGE('',*,*,#2587,.T.);
#3542=ORIENTED_EDGE('',*,*,#2588,.F.);
#3543=ORIENTED_EDGE('',*,*,#2589,.F.);
#3544=ORIENTED_EDGE('',*,*,#2585,.F.);
#3545=ORIENTED_EDGE('',*,*,#2590,.F.);
#3546=ORIENTED_EDGE('',*,*,#2591,.F.);
#3547=ORIENTED_EDGE('',*,*,#2588,.T.);
#3548=ORIENTED_EDGE('',*,*,#2592,.F.);
#3549=ORIENTED_EDGE('',*,*,#2593,.T.);
#3550=ORIENTED_EDGE('',*,*,#2594,.F.);
#3551=ORIENTED_EDGE('',*,*,#2595,.F.);
#3552=ORIENTED_EDGE('',*,*,#2593,.F.);
#3553=ORIENTED_EDGE('',*,*,#2596,.F.);
#3554=ORIENTED_EDGE('',*,*,#2597,.F.);
#3555=ORIENTED_EDGE('',*,*,#2598,.T.);
#3556=ORIENTED_EDGE('',*,*,#2582,.T.);
#3557=ORIENTED_EDGE('',*,*,#2599,.T.);
#3558=ORIENTED_EDGE('',*,*,#2600,.F.);
#3559=ORIENTED_EDGE('',*,*,#2594,.T.);
#3560=ORIENTED_EDGE('',*,*,#2601,.F.);
#3561=ORIENTED_EDGE('',*,*,#2602,.F.);
#3562=ORIENTED_EDGE('',*,*,#2587,.F.);
#3563=ORIENTED_EDGE('',*,*,#2603,.F.);
#3564=ORIENTED_EDGE('',*,*,#2604,.F.);
#3565=ORIENTED_EDGE('',*,*,#2605,.T.);
#3566=ORIENTED_EDGE('',*,*,#2580,.T.);
#3567=ORIENTED_EDGE('',*,*,#2606,.T.);
#3568=ORIENTED_EDGE('',*,*,#2607,.F.);
#3569=ORIENTED_EDGE('',*,*,#2601,.T.);
#3570=ORIENTED_EDGE('',*,*,#2141,.F.);
#3571=ORIENTED_EDGE('',*,*,#2599,.F.);
#3572=ORIENTED_EDGE('',*,*,#2581,.F.);
#3573=ORIENTED_EDGE('',*,*,#2605,.F.);
#3574=ORIENTED_EDGE('',*,*,#2447,.F.);
#3575=ORIENTED_EDGE('',*,*,#2606,.F.);
#3576=ORIENTED_EDGE('',*,*,#2583,.F.);
#3577=ORIENTED_EDGE('',*,*,#2598,.F.);
#3578=ORIENTED_EDGE('',*,*,#2608,.F.);
#3579=ORIENTED_EDGE('',*,*,#2609,.T.);
#3580=ORIENTED_EDGE('',*,*,#2610,.F.);
#3581=ORIENTED_EDGE('',*,*,#2611,.T.);
#3582=ORIENTED_EDGE('',*,*,#2612,.F.);
#3583=ORIENTED_EDGE('',*,*,#2613,.T.);
#3584=ORIENTED_EDGE('',*,*,#2614,.F.);
#3585=ORIENTED_EDGE('',*,*,#2615,.T.);
#3586=ORIENTED_EDGE('',*,*,#2616,.F.);
#3587=ORIENTED_EDGE('',*,*,#2617,.F.);
#3588=ORIENTED_EDGE('',*,*,#2613,.F.);
#3589=ORIENTED_EDGE('',*,*,#2618,.F.);
#3590=ORIENTED_EDGE('',*,*,#2619,.F.);
#3591=ORIENTED_EDGE('',*,*,#2616,.T.);
#3592=ORIENTED_EDGE('',*,*,#2620,.F.);
#3593=ORIENTED_EDGE('',*,*,#2621,.T.);
#3594=ORIENTED_EDGE('',*,*,#2622,.F.);
#3595=ORIENTED_EDGE('',*,*,#2623,.F.);
#3596=ORIENTED_EDGE('',*,*,#2621,.F.);
#3597=ORIENTED_EDGE('',*,*,#2624,.F.);
#3598=ORIENTED_EDGE('',*,*,#2625,.F.);
#3599=ORIENTED_EDGE('',*,*,#2626,.T.);
#3600=ORIENTED_EDGE('',*,*,#2610,.T.);
#3601=ORIENTED_EDGE('',*,*,#2627,.T.);
#3602=ORIENTED_EDGE('',*,*,#2628,.F.);
#3603=ORIENTED_EDGE('',*,*,#2622,.T.);
#3604=ORIENTED_EDGE('',*,*,#2629,.F.);
#3605=ORIENTED_EDGE('',*,*,#2630,.F.);
#3606=ORIENTED_EDGE('',*,*,#2615,.F.);
#3607=ORIENTED_EDGE('',*,*,#2631,.F.);
#3608=ORIENTED_EDGE('',*,*,#2632,.F.);
#3609=ORIENTED_EDGE('',*,*,#2633,.T.);
#3610=ORIENTED_EDGE('',*,*,#2608,.T.);
#3611=ORIENTED_EDGE('',*,*,#2634,.T.);
#3612=ORIENTED_EDGE('',*,*,#2635,.F.);
#3613=ORIENTED_EDGE('',*,*,#2629,.T.);
#3614=ORIENTED_EDGE('',*,*,#2133,.F.);
#3615=ORIENTED_EDGE('',*,*,#2627,.F.);
#3616=ORIENTED_EDGE('',*,*,#2609,.F.);
#3617=ORIENTED_EDGE('',*,*,#2633,.F.);
#3618=ORIENTED_EDGE('',*,*,#2453,.F.);
#3619=ORIENTED_EDGE('',*,*,#2634,.F.);
#3620=ORIENTED_EDGE('',*,*,#2611,.F.);
#3621=ORIENTED_EDGE('',*,*,#2626,.F.);
#3622=ORIENTED_EDGE('',*,*,#2481,.T.);
#3623=ORIENTED_EDGE('',*,*,#2116,.F.);
#3624=ORIENTED_EDGE('',*,*,#2636,.F.);
#3625=ORIENTED_EDGE('',*,*,#2637,.F.);
#3626=ORIENTED_EDGE('',*,*,#2638,.T.);
#3627=ORIENTED_EDGE('',*,*,#2639,.F.);
#3628=ORIENTED_EDGE('',*,*,#2640,.F.);
#3629=ORIENTED_EDGE('',*,*,#2434,.F.);
#3630=ORIENTED_EDGE('',*,*,#2512,.F.);
#3631=ORIENTED_EDGE('',*,*,#2523,.T.);
#3632=ORIENTED_EDGE('',*,*,#2517,.F.);
#3633=ORIENTED_EDGE('',*,*,#2458,.F.);
#3634=ORIENTED_EDGE('',*,*,#2497,.T.);
#3635=ORIENTED_EDGE('',*,*,#2507,.F.);
#3636=ORIENTED_EDGE('',*,*,#2641,.T.);
#3637=ORIENTED_EDGE('',*,*,#2126,.F.);
#3638=ORIENTED_EDGE('',*,*,#2519,.F.);
#3639=ORIENTED_EDGE('',*,*,#2515,.T.);
#3640=ORIENTED_EDGE('',*,*,#2513,.F.);
#3641=ORIENTED_EDGE('',*,*,#2156,.F.);
#3642=ORIENTED_EDGE('',*,*,#2120,.F.);
#3643=ORIENTED_EDGE('',*,*,#2642,.F.);
#3644=ORIENTED_EDGE('',*,*,#2643,.T.);
#3645=ORIENTED_EDGE('',*,*,#2644,.F.);
#3646=ORIENTED_EDGE('',*,*,#2122,.F.);
#3647=ORIENTED_EDGE('',*,*,#2113,.F.);
#3648=ORIENTED_EDGE('',*,*,#2645,.T.);
#3649=ORIENTED_EDGE('',*,*,#2646,.F.);
#3650=ORIENTED_EDGE('',*,*,#2647,.F.);
#3651=ORIENTED_EDGE('',*,*,#2648,.T.);
#3652=ORIENTED_EDGE('',*,*,#2508,.F.);
#3653=ORIENTED_EDGE('',*,*,#2489,.T.);
#3654=ORIENTED_EDGE('',*,*,#2649,.T.);
#3655=ORIENTED_EDGE('',*,*,#2650,.T.);
#3656=ORIENTED_EDGE('',*,*,#2651,.T.);
#3657=ORIENTED_EDGE('',*,*,#2636,.T.);
#3658=ORIENTED_EDGE('',*,*,#2115,.F.);
#3659=ORIENTED_EDGE('',*,*,#2101,.T.);
#3660=ORIENTED_EDGE('',*,*,#2435,.F.);
#3661=ORIENTED_EDGE('',*,*,#2640,.T.);
#3662=ORIENTED_EDGE('',*,*,#2651,.F.);
#3663=ORIENTED_EDGE('',*,*,#2652,.T.);
#3664=ORIENTED_EDGE('',*,*,#2637,.T.);
#3665=ORIENTED_EDGE('',*,*,#2650,.F.);
#3666=ORIENTED_EDGE('',*,*,#2653,.F.);
#3667=ORIENTED_EDGE('',*,*,#2638,.F.);
#3668=ORIENTED_EDGE('',*,*,#2652,.F.);
#3669=ORIENTED_EDGE('',*,*,#2487,.F.);
#3670=ORIENTED_EDGE('',*,*,#2654,.F.);
#3671=ORIENTED_EDGE('',*,*,#2655,.F.);
#3672=ORIENTED_EDGE('',*,*,#2656,.F.);
#3673=ORIENTED_EDGE('',*,*,#2482,.F.);
#3674=ORIENTED_EDGE('',*,*,#2646,.T.);
#3675=ORIENTED_EDGE('',*,*,#2657,.F.);
#3676=ORIENTED_EDGE('',*,*,#2658,.T.);
#3677=ORIENTED_EDGE('',*,*,#2123,.F.);
#3678=ORIENTED_EDGE('',*,*,#2644,.T.);
#3679=ORIENTED_EDGE('',*,*,#2659,.T.);
#3680=ORIENTED_EDGE('',*,*,#2124,.F.);
#3681=ORIENTED_EDGE('',*,*,#2659,.F.);
#3682=ORIENTED_EDGE('',*,*,#2643,.F.);
#3683=ORIENTED_EDGE('',*,*,#2660,.F.);
#3684=ORIENTED_EDGE('',*,*,#2649,.F.);
#3685=ORIENTED_EDGE('',*,*,#2639,.T.);
#3686=ORIENTED_EDGE('',*,*,#2653,.T.);
#3687=ORIENTED_EDGE('',*,*,#2488,.F.);
#3688=ORIENTED_EDGE('',*,*,#2656,.T.);
#3689=ORIENTED_EDGE('',*,*,#2661,.F.);
#3690=ORIENTED_EDGE('',*,*,#2647,.T.);
#3691=ORIENTED_EDGE('',*,*,#2119,.F.);
#3692=ORIENTED_EDGE('',*,*,#2660,.T.);
#3693=ORIENTED_EDGE('',*,*,#2642,.T.);
#3694=ORIENTED_EDGE('',*,*,#2483,.F.);
#3695=ORIENTED_EDGE('',*,*,#2658,.F.);
#3696=ORIENTED_EDGE('',*,*,#2662,.F.);
#3697=ORIENTED_EDGE('',*,*,#2663,.F.);
#3698=ORIENTED_EDGE('',*,*,#2484,.F.);
#3699=ORIENTED_EDGE('',*,*,#2663,.T.);
#3700=ORIENTED_EDGE('',*,*,#2664,.F.);
#3701=ORIENTED_EDGE('',*,*,#2665,.T.);
#3702=ORIENTED_EDGE('',*,*,#2486,.F.);
#3703=ORIENTED_EDGE('',*,*,#2666,.T.);
#3704=ORIENTED_EDGE('',*,*,#2667,.F.);
#3705=ORIENTED_EDGE('',*,*,#2654,.T.);
#3706=ORIENTED_EDGE('',*,*,#2485,.F.);
#3707=ORIENTED_EDGE('',*,*,#2665,.F.);
#3708=ORIENTED_EDGE('',*,*,#2668,.F.);
#3709=ORIENTED_EDGE('',*,*,#2666,.F.);
#3710=ORIENTED_EDGE('',*,*,#2351,.F.);
#3711=ORIENTED_EDGE('',*,*,#2362,.T.);
#3712=ORIENTED_EDGE('',*,*,#2356,.F.);
#3713=ORIENTED_EDGE('',*,*,#2176,.F.);
#3714=ORIENTED_EDGE('',*,*,#2167,.F.);
#3715=ORIENTED_EDGE('',*,*,#2337,.T.);
#3716=ORIENTED_EDGE('',*,*,#2346,.F.);
#3717=ORIENTED_EDGE('',*,*,#2422,.T.);
#3718=ORIENTED_EDGE('',*,*,#2170,.F.);
#3719=ORIENTED_EDGE('',*,*,#2160,.F.);
#3720=ORIENTED_EDGE('',*,*,#2358,.F.);
#3721=ORIENTED_EDGE('',*,*,#2354,.T.);
#3722=ORIENTED_EDGE('',*,*,#2352,.F.);
#3723=ORIENTED_EDGE('',*,*,#2163,.F.);
#3724=ORIENTED_EDGE('',*,*,#2154,.F.);
#3725=ORIENTED_EDGE('',*,*,#2475,.F.);
#3726=ORIENTED_EDGE('',*,*,#2471,.T.);
#3727=ORIENTED_EDGE('',*,*,#2469,.F.);
#3728=ORIENTED_EDGE('',*,*,#2150,.F.);
#3729=ORIENTED_EDGE('',*,*,#2431,.T.);
#3730=ORIENTED_EDGE('',*,*,#2467,.F.);
#3731=ORIENTED_EDGE('',*,*,#2321,.T.);
#3732=ORIENTED_EDGE('',*,*,#2441,.F.);
#3733=ORIENTED_EDGE('',*,*,#2462,.F.);
#3734=ORIENTED_EDGE('',*,*,#2464,.T.);
#3735=ORIENTED_EDGE('',*,*,#2473,.F.);
#3736=ORIENTED_EDGE('',*,*,#2437,.F.);
#3737=ORIENTED_EDGE('',*,*,#2173,.F.);
#3738=ORIENTED_EDGE('',*,*,#2329,.T.);
#3739=ORIENTED_EDGE('',*,*,#2474,.F.);
#3740=ORIENTED_EDGE('',*,*,#2423,.T.);
#3741=ORIENTED_EDGE('',*,*,#2347,.F.);
#3742=ORIENTED_EDGE('',*,*,#2669,.F.);
#3743=ORIENTED_EDGE('',*,*,#2498,.T.);
#3744=ORIENTED_EDGE('',*,*,#2456,.F.);
#3745=ORIENTED_EDGE('',*,*,#2409,.T.);
#3746=ORIENTED_EDGE('',*,*,#2408,.T.);
#3747=ORIENTED_EDGE('',*,*,#2404,.T.);
#3748=ORIENTED_EDGE('',*,*,#2402,.T.);
#3749=ORIENTED_EDGE('',*,*,#2396,.T.);
#3750=ORIENTED_EDGE('',*,*,#2414,.T.);
#3751=ORIENTED_EDGE('',*,*,#2419,.T.);
#3752=ORIENTED_EDGE('',*,*,#2455,.F.);
#3753=ORIENTED_EDGE('',*,*,#2219,.T.);
#3754=ORIENTED_EDGE('',*,*,#2218,.T.);
#3755=ORIENTED_EDGE('',*,*,#2214,.T.);
#3756=ORIENTED_EDGE('',*,*,#2212,.T.);
#3757=ORIENTED_EDGE('',*,*,#2206,.T.);
#3758=ORIENTED_EDGE('',*,*,#2224,.T.);
#3759=ORIENTED_EDGE('',*,*,#2229,.T.);
#3760=ORIENTED_EDGE('',*,*,#2454,.F.);
#3761=ORIENTED_EDGE('',*,*,#2625,.T.);
#3762=ORIENTED_EDGE('',*,*,#2624,.T.);
#3763=ORIENTED_EDGE('',*,*,#2620,.T.);
#3764=ORIENTED_EDGE('',*,*,#2618,.T.);
#3765=ORIENTED_EDGE('',*,*,#2612,.T.);
#3766=ORIENTED_EDGE('',*,*,#2630,.T.);
#3767=ORIENTED_EDGE('',*,*,#2635,.T.);
#3768=ORIENTED_EDGE('',*,*,#2452,.F.);
#3769=ORIENTED_EDGE('',*,*,#2306,.T.);
#3770=ORIENTED_EDGE('',*,*,#2305,.T.);
#3771=ORIENTED_EDGE('',*,*,#2301,.T.);
#3772=ORIENTED_EDGE('',*,*,#2299,.T.);
#3773=ORIENTED_EDGE('',*,*,#2293,.T.);
#3774=ORIENTED_EDGE('',*,*,#2311,.T.);
#3775=ORIENTED_EDGE('',*,*,#2316,.T.);
#3776=ORIENTED_EDGE('',*,*,#2451,.F.);
#3777=ORIENTED_EDGE('',*,*,#2541,.T.);
#3778=ORIENTED_EDGE('',*,*,#2540,.T.);
#3779=ORIENTED_EDGE('',*,*,#2536,.T.);
#3780=ORIENTED_EDGE('',*,*,#2534,.T.);
#3781=ORIENTED_EDGE('',*,*,#2528,.T.);
#3782=ORIENTED_EDGE('',*,*,#2546,.T.);
#3783=ORIENTED_EDGE('',*,*,#2551,.T.);
#3784=ORIENTED_EDGE('',*,*,#2449,.F.);
#3785=ORIENTED_EDGE('',*,*,#2277,.T.);
#3786=ORIENTED_EDGE('',*,*,#2276,.T.);
#3787=ORIENTED_EDGE('',*,*,#2272,.T.);
#3788=ORIENTED_EDGE('',*,*,#2270,.T.);
#3789=ORIENTED_EDGE('',*,*,#2264,.T.);
#3790=ORIENTED_EDGE('',*,*,#2282,.T.);
#3791=ORIENTED_EDGE('',*,*,#2287,.T.);
#3792=ORIENTED_EDGE('',*,*,#2448,.F.);
#3793=ORIENTED_EDGE('',*,*,#2597,.T.);
#3794=ORIENTED_EDGE('',*,*,#2596,.T.);
#3795=ORIENTED_EDGE('',*,*,#2592,.T.);
#3796=ORIENTED_EDGE('',*,*,#2590,.T.);
#3797=ORIENTED_EDGE('',*,*,#2584,.T.);
#3798=ORIENTED_EDGE('',*,*,#2602,.T.);
#3799=ORIENTED_EDGE('',*,*,#2607,.T.);
#3800=ORIENTED_EDGE('',*,*,#2446,.F.);
#3801=ORIENTED_EDGE('',*,*,#2380,.T.);
#3802=ORIENTED_EDGE('',*,*,#2379,.T.);
#3803=ORIENTED_EDGE('',*,*,#2375,.T.);
#3804=ORIENTED_EDGE('',*,*,#2373,.T.);
#3805=ORIENTED_EDGE('',*,*,#2367,.T.);
#3806=ORIENTED_EDGE('',*,*,#2385,.T.);
#3807=ORIENTED_EDGE('',*,*,#2390,.T.);
#3808=ORIENTED_EDGE('',*,*,#2445,.F.);
#3809=ORIENTED_EDGE('',*,*,#2248,.T.);
#3810=ORIENTED_EDGE('',*,*,#2247,.T.);
#3811=ORIENTED_EDGE('',*,*,#2243,.T.);
#3812=ORIENTED_EDGE('',*,*,#2241,.T.);
#3813=ORIENTED_EDGE('',*,*,#2235,.T.);
#3814=ORIENTED_EDGE('',*,*,#2253,.T.);
#3815=ORIENTED_EDGE('',*,*,#2258,.T.);
#3816=ORIENTED_EDGE('',*,*,#2444,.F.);
#3817=ORIENTED_EDGE('',*,*,#2569,.T.);
#3818=ORIENTED_EDGE('',*,*,#2568,.T.);
#3819=ORIENTED_EDGE('',*,*,#2564,.T.);
#3820=ORIENTED_EDGE('',*,*,#2562,.T.);
#3821=ORIENTED_EDGE('',*,*,#2556,.T.);
#3822=ORIENTED_EDGE('',*,*,#2574,.T.);
#3823=ORIENTED_EDGE('',*,*,#2579,.T.);
#3824=ORIENTED_EDGE('',*,*,#2442,.F.);
#3825=ORIENTED_EDGE('',*,*,#2319,.T.);
#3826=ORIENTED_EDGE('',*,*,#2038,.T.);
#3827=ORIENTED_EDGE('',*,*,#2670,.F.);
#3828=ORIENTED_EDGE('',*,*,#2107,.T.);
#3829=ORIENTED_EDGE('',*,*,#2162,.F.);
#3830=ORIENTED_EDGE('',*,*,#2671,.T.);
#3831=ORIENTED_EDGE('',*,*,#2672,.F.);
#3832=ORIENTED_EDGE('',*,*,#2671,.F.);
#3833=ORIENTED_EDGE('',*,*,#2169,.F.);
#3834=ORIENTED_EDGE('',*,*,#2673,.F.);
#3835=ORIENTED_EDGE('',*,*,#2030,.T.);
#3836=ORIENTED_EDGE('',*,*,#2674,.F.);
#3837=ORIENTED_EDGE('',*,*,#2673,.T.);
#3838=ORIENTED_EDGE('',*,*,#2175,.F.);
#3839=ORIENTED_EDGE('',*,*,#2675,.T.);
#3840=ORIENTED_EDGE('',*,*,#2676,.F.);
#3841=ORIENTED_EDGE('',*,*,#2675,.F.);
#3842=ORIENTED_EDGE('',*,*,#2436,.F.);
#3843=ORIENTED_EDGE('',*,*,#2100,.F.);
#3844=ORIENTED_EDGE('',*,*,#2036,.T.);
#3845=ORIENTED_EDGE('',*,*,#2677,.F.);
#3846=ORIENTED_EDGE('',*,*,#2432,.T.);
#3847=ORIENTED_EDGE('',*,*,#2148,.F.);
#3848=ORIENTED_EDGE('',*,*,#2576,.T.);
#3849=ORIENTED_EDGE('',*,*,#2575,.T.);
#3850=ORIENTED_EDGE('',*,*,#2558,.T.);
#3851=ORIENTED_EDGE('',*,*,#2561,.T.);
#3852=ORIENTED_EDGE('',*,*,#2563,.T.);
#3853=ORIENTED_EDGE('',*,*,#2567,.T.);
#3854=ORIENTED_EDGE('',*,*,#2572,.T.);
#3855=ORIENTED_EDGE('',*,*,#2146,.F.);
#3856=ORIENTED_EDGE('',*,*,#2255,.T.);
#3857=ORIENTED_EDGE('',*,*,#2254,.T.);
#3858=ORIENTED_EDGE('',*,*,#2237,.T.);
#3859=ORIENTED_EDGE('',*,*,#2240,.T.);
#3860=ORIENTED_EDGE('',*,*,#2242,.T.);
#3861=ORIENTED_EDGE('',*,*,#2246,.T.);
#3862=ORIENTED_EDGE('',*,*,#2251,.T.);
#3863=ORIENTED_EDGE('',*,*,#2144,.F.);
#3864=ORIENTED_EDGE('',*,*,#2387,.T.);
#3865=ORIENTED_EDGE('',*,*,#2386,.T.);
#3866=ORIENTED_EDGE('',*,*,#2369,.T.);
#3867=ORIENTED_EDGE('',*,*,#2372,.T.);
#3868=ORIENTED_EDGE('',*,*,#2374,.T.);
#3869=ORIENTED_EDGE('',*,*,#2378,.T.);
#3870=ORIENTED_EDGE('',*,*,#2383,.T.);
#3871=ORIENTED_EDGE('',*,*,#2142,.F.);
#3872=ORIENTED_EDGE('',*,*,#2604,.T.);
#3873=ORIENTED_EDGE('',*,*,#2603,.T.);
#3874=ORIENTED_EDGE('',*,*,#2586,.T.);
#3875=ORIENTED_EDGE('',*,*,#2589,.T.);
#3876=ORIENTED_EDGE('',*,*,#2591,.T.);
#3877=ORIENTED_EDGE('',*,*,#2595,.T.);
#3878=ORIENTED_EDGE('',*,*,#2600,.T.);
#3879=ORIENTED_EDGE('',*,*,#2140,.F.);
#3880=ORIENTED_EDGE('',*,*,#2284,.T.);
#3881=ORIENTED_EDGE('',*,*,#2283,.T.);
#3882=ORIENTED_EDGE('',*,*,#2266,.T.);
#3883=ORIENTED_EDGE('',*,*,#2269,.T.);
#3884=ORIENTED_EDGE('',*,*,#2271,.T.);
#3885=ORIENTED_EDGE('',*,*,#2275,.T.);
#3886=ORIENTED_EDGE('',*,*,#2280,.T.);
#3887=ORIENTED_EDGE('',*,*,#2138,.F.);
#3888=ORIENTED_EDGE('',*,*,#2548,.T.);
#3889=ORIENTED_EDGE('',*,*,#2547,.T.);
#3890=ORIENTED_EDGE('',*,*,#2530,.T.);
#3891=ORIENTED_EDGE('',*,*,#2533,.T.);
#3892=ORIENTED_EDGE('',*,*,#2535,.T.);
#3893=ORIENTED_EDGE('',*,*,#2539,.T.);
#3894=ORIENTED_EDGE('',*,*,#2544,.T.);
#3895=ORIENTED_EDGE('',*,*,#2136,.F.);
#3896=ORIENTED_EDGE('',*,*,#2313,.T.);
#3897=ORIENTED_EDGE('',*,*,#2312,.T.);
#3898=ORIENTED_EDGE('',*,*,#2295,.T.);
#3899=ORIENTED_EDGE('',*,*,#2298,.T.);
#3900=ORIENTED_EDGE('',*,*,#2300,.T.);
#3901=ORIENTED_EDGE('',*,*,#2304,.T.);
#3902=ORIENTED_EDGE('',*,*,#2309,.T.);
#3903=ORIENTED_EDGE('',*,*,#2134,.F.);
#3904=ORIENTED_EDGE('',*,*,#2632,.T.);
#3905=ORIENTED_EDGE('',*,*,#2631,.T.);
#3906=ORIENTED_EDGE('',*,*,#2614,.T.);
#3907=ORIENTED_EDGE('',*,*,#2617,.T.);
#3908=ORIENTED_EDGE('',*,*,#2619,.T.);
#3909=ORIENTED_EDGE('',*,*,#2623,.T.);
#3910=ORIENTED_EDGE('',*,*,#2628,.T.);
#3911=ORIENTED_EDGE('',*,*,#2132,.F.);
#3912=ORIENTED_EDGE('',*,*,#2226,.T.);
#3913=ORIENTED_EDGE('',*,*,#2225,.T.);
#3914=ORIENTED_EDGE('',*,*,#2208,.T.);
#3915=ORIENTED_EDGE('',*,*,#2211,.T.);
#3916=ORIENTED_EDGE('',*,*,#2213,.T.);
#3917=ORIENTED_EDGE('',*,*,#2217,.T.);
#3918=ORIENTED_EDGE('',*,*,#2222,.T.);
#3919=ORIENTED_EDGE('',*,*,#2130,.F.);
#3920=ORIENTED_EDGE('',*,*,#2416,.T.);
#3921=ORIENTED_EDGE('',*,*,#2415,.T.);
#3922=ORIENTED_EDGE('',*,*,#2398,.T.);
#3923=ORIENTED_EDGE('',*,*,#2401,.T.);
#3924=ORIENTED_EDGE('',*,*,#2403,.T.);
#3925=ORIENTED_EDGE('',*,*,#2407,.T.);
#3926=ORIENTED_EDGE('',*,*,#2412,.T.);
#3927=ORIENTED_EDGE('',*,*,#2128,.F.);
#3928=ORIENTED_EDGE('',*,*,#2678,.T.);
#3929=ORIENTED_EDGE('',*,*,#2035,.T.);
#3930=ORIENTED_EDGE('',*,*,#2192,.T.);
#3931=ORIENTED_EDGE('',*,*,#2189,.T.);
#3932=ORIENTED_EDGE('',*,*,#2182,.T.);
#3933=ORIENTED_EDGE('',*,*,#2179,.T.);
#3934=ORIENTED_EDGE('',*,*,#2186,.T.);
#3935=ORIENTED_EDGE('',*,*,#2184,.T.);
#3936=ORIENTED_EDGE('',*,*,#2679,.F.);
#3937=ORIENTED_EDGE('',*,*,#2678,.F.);
#3938=ORIENTED_EDGE('',*,*,#2127,.F.);
#3939=ORIENTED_EDGE('',*,*,#2641,.F.);
#3940=ORIENTED_EDGE('',*,*,#2506,.T.);
#3941=ORIENTED_EDGE('',*,*,#2504,.T.);
#3942=ORIENTED_EDGE('',*,*,#2500,.T.);
#3943=ORIENTED_EDGE('',*,*,#2503,.T.);
#3944=ORIENTED_EDGE('',*,*,#2522,.T.);
#3945=ORIENTED_EDGE('',*,*,#2520,.T.);
#3946=ORIENTED_EDGE('',*,*,#2509,.T.);
#3947=ORIENTED_EDGE('',*,*,#2648,.F.);
#3948=ORIENTED_EDGE('',*,*,#2661,.T.);
#3949=ORIENTED_EDGE('',*,*,#2655,.T.);
#3950=ORIENTED_EDGE('',*,*,#2667,.T.);
#3951=ORIENTED_EDGE('',*,*,#2668,.T.);
#3952=ORIENTED_EDGE('',*,*,#2664,.T.);
#3953=ORIENTED_EDGE('',*,*,#2662,.T.);
#3954=ORIENTED_EDGE('',*,*,#2657,.T.);
#3955=ORIENTED_EDGE('',*,*,#2645,.F.);
#3956=ORIENTED_EDGE('',*,*,#2112,.F.);
#3957=ORIENTED_EDGE('',*,*,#2680,.F.);
#3958=ORIENTED_EDGE('',*,*,#2681,.F.);
#3959=ORIENTED_EDGE('',*,*,#2680,.T.);
#3960=ORIENTED_EDGE('',*,*,#2118,.F.);
#3961=ORIENTED_EDGE('',*,*,#2480,.T.);
#3962=ORIENTED_EDGE('',*,*,#2201,.T.);
#3963=ORIENTED_EDGE('',*,*,#2046,.T.);
#3964=ORIENTED_EDGE('',*,*,#2057,.F.);
#3965=ORIENTED_EDGE('',*,*,#2061,.F.);
#3966=ORIENTED_EDGE('',*,*,#2065,.F.);
#3967=ORIENTED_EDGE('',*,*,#2050,.T.);
#3968=ORIENTED_EDGE('',*,*,#2200,.T.);
#3969=ORIENTED_EDGE('',*,*,#2197,.T.);
#3970=ORIENTED_EDGE('',*,*,#2670,.T.);
#3971=ORIENTED_EDGE('',*,*,#2672,.T.);
#3972=ORIENTED_EDGE('',*,*,#2674,.T.);
#3973=ORIENTED_EDGE('',*,*,#2676,.T.);
#3974=ORIENTED_EDGE('',*,*,#2099,.T.);
#3975=ORIENTED_EDGE('',*,*,#2091,.T.);
#3976=ORIENTED_EDGE('',*,*,#2102,.T.);
#3977=ORIENTED_EDGE('',*,*,#2105,.T.);
#3978=ORIENTED_EDGE('',*,*,#2677,.T.);
#3979=ORIENTED_EDGE('',*,*,#2679,.T.);
#3980=ORIENTED_EDGE('',*,*,#2681,.T.);
#3981=ORIENTED_EDGE('',*,*,#2479,.T.);
#3982=ORIENTED_EDGE('',*,*,#2669,.T.);
#3983=ORIENTED_EDGE('',*,*,#2318,.T.);
#3984=ORIENTED_EDGE('',*,*,#2095,.T.);
#3985=ORIENTED_EDGE('',*,*,#2421,.T.);
#3986=CYLINDRICAL_SURFACE('',#4309,1.6);
#3987=CYLINDRICAL_SURFACE('',#4312,1.6);
#3988=CYLINDRICAL_SURFACE('',#4315,1.6);
#3989=CYLINDRICAL_SURFACE('',#4327,1.);
#3990=CYLINDRICAL_SURFACE('',#4333,1.);
#3991=CYLINDRICAL_SURFACE('',#4339,1.);
#3992=CYLINDRICAL_SURFACE('',#4344,1.);
#3993=CYLINDRICAL_SURFACE('',#4346,0.5);
#3994=CYLINDRICAL_SURFACE('',#4349,0.5);
#3995=CYLINDRICAL_SURFACE('',#4352,0.5);
#3996=CYLINDRICAL_SURFACE('',#4353,0.5);
#3997=CYLINDRICAL_SURFACE('',#4358,10.);
#3998=CYLINDRICAL_SURFACE('',#4361,10.);
#3999=CYLINDRICAL_SURFACE('',#4365,3.);
#4000=CYLINDRICAL_SURFACE('',#4372,3.);
#4001=CYLINDRICAL_SURFACE('',#4379,3.);
#4002=CYLINDRICAL_SURFACE('',#4392,0.9);
#4003=CYLINDRICAL_SURFACE('',#4396,0.899999999999999);
#4004=CYLINDRICAL_SURFACE('',#4405,0.5);
#4005=CYLINDRICAL_SURFACE('',#4409,0.5);
#4006=CYLINDRICAL_SURFACE('',#4413,0.5);
#4007=CYLINDRICAL_SURFACE('',#4419,0.5);
#4008=CYLINDRICAL_SURFACE('',#4427,0.5);
#4009=CYLINDRICAL_SURFACE('',#4431,0.5);
#4010=CYLINDRICAL_SURFACE('',#4435,0.5);
#4011=CYLINDRICAL_SURFACE('',#4441,0.5);
#4012=CYLINDRICAL_SURFACE('',#4449,0.5);
#4013=CYLINDRICAL_SURFACE('',#4453,0.5);
#4014=CYLINDRICAL_SURFACE('',#4457,0.5);
#4015=CYLINDRICAL_SURFACE('',#4463,0.5);
#4016=CYLINDRICAL_SURFACE('',#4471,0.5);
#4017=CYLINDRICAL_SURFACE('',#4475,0.5);
#4018=CYLINDRICAL_SURFACE('',#4479,0.5);
#4019=CYLINDRICAL_SURFACE('',#4485,0.5);
#4020=CYLINDRICAL_SURFACE('',#4492,12.5);
#4021=CYLINDRICAL_SURFACE('',#4499,0.5);
#4022=CYLINDRICAL_SURFACE('',#4503,0.5);
#4023=CYLINDRICAL_SURFACE('',#4504,0.5);
#4024=CYLINDRICAL_SURFACE('',#4505,0.5);
#4025=CYLINDRICAL_SURFACE('',#4507,0.5);
#4026=CYLINDRICAL_SURFACE('',#4511,0.5);
#4027=CYLINDRICAL_SURFACE('',#4513,0.5);
#4028=CYLINDRICAL_SURFACE('',#4515,0.5);
#4029=CYLINDRICAL_SURFACE('',#4518,0.5);
#4030=CYLINDRICAL_SURFACE('',#4522,0.5);
#4031=CYLINDRICAL_SURFACE('',#4526,0.5);
#4032=CYLINDRICAL_SURFACE('',#4532,0.5);
#4033=CYLINDRICAL_SURFACE('',#4540,0.5);
#4034=CYLINDRICAL_SURFACE('',#4544,0.5);
#4035=CYLINDRICAL_SURFACE('',#4548,0.5);
#4036=CYLINDRICAL_SURFACE('',#4554,0.5);
#4037=CYLINDRICAL_SURFACE('',#4561,12.5);
#4038=CYLINDRICAL_SURFACE('',#4567,3.);
#4039=CYLINDRICAL_SURFACE('',#4569,0.5);
#4040=CYLINDRICAL_SURFACE('',#4574,0.5);
#4041=CYLINDRICAL_SURFACE('',#4575,0.5);
#4042=CYLINDRICAL_SURFACE('',#4579,0.5);
#4043=CYLINDRICAL_SURFACE('',#4580,0.5);
#4044=CYLINDRICAL_SURFACE('',#4581,0.5);
#4045=CYLINDRICAL_SURFACE('',#4583,0.5);
#4046=CYLINDRICAL_SURFACE('',#4584,0.5);
#4047=CYLINDRICAL_SURFACE('',#4586,12.5);
#4048=CYLINDRICAL_SURFACE('',#4593,0.5);
#4049=CYLINDRICAL_SURFACE('',#4597,0.5);
#4050=CYLINDRICAL_SURFACE('',#4598,0.5);
#4051=CYLINDRICAL_SURFACE('',#4599,0.5);
#4052=CYLINDRICAL_SURFACE('',#4601,0.5);
#4053=CYLINDRICAL_SURFACE('',#4605,0.5);
#4054=CYLINDRICAL_SURFACE('',#4607,0.5);
#4055=CYLINDRICAL_SURFACE('',#4609,0.5);
#4056=CYLINDRICAL_SURFACE('',#4612,0.5);
#4057=CYLINDRICAL_SURFACE('',#4616,0.5);
#4058=CYLINDRICAL_SURFACE('',#4620,0.5);
#4059=CYLINDRICAL_SURFACE('',#4626,0.5);
#4060=CYLINDRICAL_SURFACE('',#4634,0.5);
#4061=CYLINDRICAL_SURFACE('',#4638,0.5);
#4062=CYLINDRICAL_SURFACE('',#4642,0.5);
#4063=CYLINDRICAL_SURFACE('',#4648,0.5);
#4064=CYLINDRICAL_SURFACE('',#4656,0.5);
#4065=CYLINDRICAL_SURFACE('',#4660,0.5);
#4066=CYLINDRICAL_SURFACE('',#4664,0.5);
#4067=CYLINDRICAL_SURFACE('',#4670,0.5);
#4068=CYLINDRICAL_SURFACE('',#4678,0.5);
#4069=CYLINDRICAL_SURFACE('',#4682,0.5);
#4070=CYLINDRICAL_SURFACE('',#4686,0.5);
#4071=CYLINDRICAL_SURFACE('',#4692,0.5);
#4072=CYLINDRICAL_SURFACE('',#4706,0.5);
#4073=CYLINDRICAL_SURFACE('',#4711,0.5);
#4074=CYLINDRICAL_SURFACE('',#4712,0.5);
#4075=CYLINDRICAL_SURFACE('',#4716,0.5);
#4076=CYLINDRICAL_SURFACE('',#4717,0.5);
#4077=CYLINDRICAL_SURFACE('',#4718,0.5);
#4078=CYLINDRICAL_SURFACE('',#4720,0.5);
#4079=CYLINDRICAL_SURFACE('',#4721,0.5);
#4080=CYLINDRICAL_SURFACE('',#4726,10.);
#4081=CYLINDRICAL_SURFACE('',#4729,10.);
#4082=CYLINDRICAL_SURFACE('',#4733,12.5);
#4083=ADVANCED_FACE('',(#212),#3986,.F.);
#4084=ADVANCED_FACE('',(#213),#3987,.F.);
#4085=ADVANCED_FACE('',(#214),#3988,.F.);
#4086=ADVANCED_FACE('',(#215),#105,.T.);
#4087=ADVANCED_FACE('',(#216),#97,.T.);
#4088=ADVANCED_FACE('',(#217),#3989,.T.);
#4089=ADVANCED_FACE('',(#218),#98,.T.);
#4090=ADVANCED_FACE('',(#219),#3990,.T.);
#4091=ADVANCED_FACE('',(#220),#99,.T.);
#4092=ADVANCED_FACE('',(#221),#3991,.T.);
#4093=ADVANCED_FACE('',(#222),#100,.T.);
#4094=ADVANCED_FACE('',(#223),#3992,.T.);
#4095=ADVANCED_FACE('',(#224,#19),#106,.F.);
#4096=ADVANCED_FACE('',(#225),#3993,.T.);
#4097=ADVANCED_FACE('',(#226),#3994,.T.);
#4098=ADVANCED_FACE('',(#227),#3995,.T.);
#4099=ADVANCED_FACE('',(#228),#3996,.T.);
#4100=ADVANCED_FACE('',(#229),#107,.F.);
#4101=ADVANCED_FACE('',(#230),#108,.F.);
#4102=ADVANCED_FACE('',(#231,#20),#109,.T.);
#4103=ADVANCED_FACE('',(#232,#21),#110,.T.);
#4104=ADVANCED_FACE('',(#233),#3997,.T.);
#4105=ADVANCED_FACE('',(#234),#3998,.T.);
#4106=ADVANCED_FACE('',(#235,#22,#23),#111,.T.);
#4107=ADVANCED_FACE('',(#236),#3999,.T.);
#4108=ADVANCED_FACE('',(#237),#101,.T.);
#4109=ADVANCED_FACE('',(#238),#4000,.T.);
#4110=ADVANCED_FACE('',(#239),#102,.T.);
#4111=ADVANCED_FACE('',(#240),#4001,.T.);
#4112=ADVANCED_FACE('',(#241),#103,.T.);
#4113=ADVANCED_FACE('',(#242),#112,.F.);
#4114=ADVANCED_FACE('',(#243),#113,.F.);
#4115=ADVANCED_FACE('',(#244),#114,.F.);
#4116=ADVANCED_FACE('',(#245),#115,.F.);
#4117=ADVANCED_FACE('',(#246),#116,.F.);
#4118=ADVANCED_FACE('',(#247),#4002,.T.);
#4119=ADVANCED_FACE('',(#248),#117,.F.);
#4120=ADVANCED_FACE('',(#249),#4003,.T.);
#4121=ADVANCED_FACE('',(#250),#118,.F.);
#4122=ADVANCED_FACE('',(#251),#119,.T.);
#4123=ADVANCED_FACE('',(#252),#120,.T.);
#4124=ADVANCED_FACE('',(#253),#121,.T.);
#4125=ADVANCED_FACE('',(#254),#122,.T.);
#4126=ADVANCED_FACE('',(#255),#123,.T.);
#4127=ADVANCED_FACE('',(#256),#124,.F.);
#4128=ADVANCED_FACE('',(#257),#4004,.T.);
#4129=ADVANCED_FACE('',(#258),#125,.T.);
#4130=ADVANCED_FACE('',(#259),#4005,.T.);
#4131=ADVANCED_FACE('',(#260),#126,.T.);
#4132=ADVANCED_FACE('',(#261),#4006,.T.);
#4133=ADVANCED_FACE('',(#262),#127,.T.);
#4134=ADVANCED_FACE('',(#263),#4007,.T.);
#4135=ADVANCED_FACE('',(#264),#128,.T.);
#4136=ADVANCED_FACE('',(#265),#129,.T.);
#4137=ADVANCED_FACE('',(#266),#130,.F.);
#4138=ADVANCED_FACE('',(#267),#4008,.T.);
#4139=ADVANCED_FACE('',(#268),#131,.T.);
#4140=ADVANCED_FACE('',(#269),#4009,.T.);
#4141=ADVANCED_FACE('',(#270),#132,.T.);
#4142=ADVANCED_FACE('',(#271),#4010,.T.);
#4143=ADVANCED_FACE('',(#272),#133,.T.);
#4144=ADVANCED_FACE('',(#273),#4011,.T.);
#4145=ADVANCED_FACE('',(#274),#134,.T.);
#4146=ADVANCED_FACE('',(#275),#135,.T.);
#4147=ADVANCED_FACE('',(#276),#136,.F.);
#4148=ADVANCED_FACE('',(#277),#4012,.T.);
#4149=ADVANCED_FACE('',(#278),#137,.T.);
#4150=ADVANCED_FACE('',(#279),#4013,.T.);
#4151=ADVANCED_FACE('',(#280),#138,.T.);
#4152=ADVANCED_FACE('',(#281),#4014,.T.);
#4153=ADVANCED_FACE('',(#282),#139,.T.);
#4154=ADVANCED_FACE('',(#283),#4015,.T.);
#4155=ADVANCED_FACE('',(#284),#140,.T.);
#4156=ADVANCED_FACE('',(#285),#141,.T.);
#4157=ADVANCED_FACE('',(#286),#142,.F.);
#4158=ADVANCED_FACE('',(#287),#4016,.T.);
#4159=ADVANCED_FACE('',(#288),#143,.T.);
#4160=ADVANCED_FACE('',(#289),#4017,.T.);
#4161=ADVANCED_FACE('',(#290),#144,.T.);
#4162=ADVANCED_FACE('',(#291),#4018,.T.);
#4163=ADVANCED_FACE('',(#292),#145,.T.);
#4164=ADVANCED_FACE('',(#293),#4019,.T.);
#4165=ADVANCED_FACE('',(#294),#146,.T.);
#4166=ADVANCED_FACE('',(#295),#147,.T.);
#4167=ADVANCED_FACE('',(#296),#4020,.T.);
#4168=ADVANCED_FACE('',(#297),#4021,.T.);
#4169=ADVANCED_FACE('',(#298),#148,.T.);
#4170=ADVANCED_FACE('',(#299),#149,.T.);
#4171=ADVANCED_FACE('',(#300),#4022,.T.);
#4172=ADVANCED_FACE('',(#301),#4023,.T.);
#4173=ADVANCED_FACE('',(#302),#4024,.T.);
#4174=ADVANCED_FACE('',(#303),#4025,.T.);
#4175=ADVANCED_FACE('',(#304),#150,.T.);
#4176=ADVANCED_FACE('',(#305),#4026,.T.);
#4177=ADVANCED_FACE('',(#306),#4027,.T.);
#4178=ADVANCED_FACE('',(#307),#151,.T.);
#4179=ADVANCED_FACE('',(#308),#4028,.T.);
#4180=ADVANCED_FACE('',(#309),#152,.T.);
#4181=ADVANCED_FACE('',(#310),#153,.F.);
#4182=ADVANCED_FACE('',(#311),#4029,.T.);
#4183=ADVANCED_FACE('',(#312),#154,.T.);
#4184=ADVANCED_FACE('',(#313),#4030,.T.);
#4185=ADVANCED_FACE('',(#314),#155,.T.);
#4186=ADVANCED_FACE('',(#315),#4031,.T.);
#4187=ADVANCED_FACE('',(#316),#156,.T.);
#4188=ADVANCED_FACE('',(#317),#4032,.T.);
#4189=ADVANCED_FACE('',(#318),#157,.T.);
#4190=ADVANCED_FACE('',(#319),#158,.T.);
#4191=ADVANCED_FACE('',(#320),#159,.F.);
#4192=ADVANCED_FACE('',(#321),#4033,.T.);
#4193=ADVANCED_FACE('',(#322),#160,.T.);
#4194=ADVANCED_FACE('',(#323),#4034,.T.);
#4195=ADVANCED_FACE('',(#324),#161,.T.);
#4196=ADVANCED_FACE('',(#325),#4035,.T.);
#4197=ADVANCED_FACE('',(#326),#162,.T.);
#4198=ADVANCED_FACE('',(#327),#4036,.T.);
#4199=ADVANCED_FACE('',(#328),#163,.T.);
#4200=ADVANCED_FACE('',(#329),#164,.T.);
#4201=ADVANCED_FACE('',(#330),#4037,.T.);
#4202=ADVANCED_FACE('',(#331),#4038,.T.);
#4203=ADVANCED_FACE('',(#332),#4039,.T.);
#4204=ADVANCED_FACE('',(#333),#165,.T.);
#4205=ADVANCED_FACE('',(#334),#166,.T.);
#4206=ADVANCED_FACE('',(#335),#4040,.T.);
#4207=ADVANCED_FACE('',(#336),#4041,.T.);
#4208=ADVANCED_FACE('',(#337),#167,.T.);
#4209=ADVANCED_FACE('',(#338),#4042,.T.);
#4210=ADVANCED_FACE('',(#339),#4043,.T.);
#4211=ADVANCED_FACE('',(#340),#4044,.T.);
#4212=ADVANCED_FACE('',(#341),#168,.T.);
#4213=ADVANCED_FACE('',(#342),#4045,.T.);
#4214=ADVANCED_FACE('',(#343),#4046,.T.);
#4215=ADVANCED_FACE('',(#344),#169,.T.);
#4216=ADVANCED_FACE('',(#345),#4047,.T.);
#4217=ADVANCED_FACE('',(#346),#4048,.T.);
#4218=ADVANCED_FACE('',(#347),#170,.T.);
#4219=ADVANCED_FACE('',(#348),#171,.T.);
#4220=ADVANCED_FACE('',(#349),#4049,.T.);
#4221=ADVANCED_FACE('',(#350),#4050,.T.);
#4222=ADVANCED_FACE('',(#351),#4051,.T.);
#4223=ADVANCED_FACE('',(#352),#4052,.T.);
#4224=ADVANCED_FACE('',(#353),#172,.T.);
#4225=ADVANCED_FACE('',(#354),#4053,.T.);
#4226=ADVANCED_FACE('',(#355),#4054,.T.);
#4227=ADVANCED_FACE('',(#356),#173,.T.);
#4228=ADVANCED_FACE('',(#357),#4055,.T.);
#4229=ADVANCED_FACE('',(#358),#174,.T.);
#4230=ADVANCED_FACE('',(#359),#175,.F.);
#4231=ADVANCED_FACE('',(#360),#4056,.T.);
#4232=ADVANCED_FACE('',(#361),#176,.T.);
#4233=ADVANCED_FACE('',(#362),#4057,.T.);
#4234=ADVANCED_FACE('',(#363),#177,.T.);
#4235=ADVANCED_FACE('',(#364),#4058,.T.);
#4236=ADVANCED_FACE('',(#365),#178,.T.);
#4237=ADVANCED_FACE('',(#366),#4059,.T.);
#4238=ADVANCED_FACE('',(#367),#179,.T.);
#4239=ADVANCED_FACE('',(#368),#180,.T.);
#4240=ADVANCED_FACE('',(#369),#181,.F.);
#4241=ADVANCED_FACE('',(#370),#4060,.T.);
#4242=ADVANCED_FACE('',(#371),#182,.T.);
#4243=ADVANCED_FACE('',(#372),#4061,.T.);
#4244=ADVANCED_FACE('',(#373),#183,.T.);
#4245=ADVANCED_FACE('',(#374),#4062,.T.);
#4246=ADVANCED_FACE('',(#375),#184,.T.);
#4247=ADVANCED_FACE('',(#376),#4063,.T.);
#4248=ADVANCED_FACE('',(#377),#185,.T.);
#4249=ADVANCED_FACE('',(#378),#186,.T.);
#4250=ADVANCED_FACE('',(#379),#187,.F.);
#4251=ADVANCED_FACE('',(#380),#4064,.T.);
#4252=ADVANCED_FACE('',(#381),#188,.T.);
#4253=ADVANCED_FACE('',(#382),#4065,.T.);
#4254=ADVANCED_FACE('',(#383),#189,.T.);
#4255=ADVANCED_FACE('',(#384),#4066,.T.);
#4256=ADVANCED_FACE('',(#385),#190,.T.);
#4257=ADVANCED_FACE('',(#386),#4067,.T.);
#4258=ADVANCED_FACE('',(#387),#191,.T.);
#4259=ADVANCED_FACE('',(#388),#192,.T.);
#4260=ADVANCED_FACE('',(#389),#193,.F.);
#4261=ADVANCED_FACE('',(#390),#4068,.T.);
#4262=ADVANCED_FACE('',(#391),#194,.T.);
#4263=ADVANCED_FACE('',(#392),#4069,.T.);
#4264=ADVANCED_FACE('',(#393),#195,.T.);
#4265=ADVANCED_FACE('',(#394),#4070,.T.);
#4266=ADVANCED_FACE('',(#395),#196,.T.);
#4267=ADVANCED_FACE('',(#396),#4071,.T.);
#4268=ADVANCED_FACE('',(#397),#197,.T.);
#4269=ADVANCED_FACE('',(#398),#198,.T.);
#4270=ADVANCED_FACE('',(#399,#24),#199,.T.);
#4271=ADVANCED_FACE('',(#400),#104,.T.);
#4272=ADVANCED_FACE('',(#401),#4072,.T.);
#4273=ADVANCED_FACE('',(#402),#200,.T.);
#4274=ADVANCED_FACE('',(#403),#201,.T.);
#4275=ADVANCED_FACE('',(#404),#4073,.T.);
#4276=ADVANCED_FACE('',(#405),#4074,.T.);
#4277=ADVANCED_FACE('',(#406),#202,.T.);
#4278=ADVANCED_FACE('',(#407),#4075,.T.);
#4279=ADVANCED_FACE('',(#408),#4076,.T.);
#4280=ADVANCED_FACE('',(#409),#4077,.T.);
#4281=ADVANCED_FACE('',(#410),#203,.T.);
#4282=ADVANCED_FACE('',(#411),#4078,.T.);
#4283=ADVANCED_FACE('',(#412),#4079,.T.);
#4284=ADVANCED_FACE('',(#413),#204,.T.);
#4285=ADVANCED_FACE('',(#414,#25),#205,.T.);
#4286=ADVANCED_FACE('',(#415,#26),#206,.T.);
#4287=ADVANCED_FACE('',(#416),#4080,.T.);
#4288=ADVANCED_FACE('',(#417,#27),#207,.T.);
#4289=ADVANCED_FACE('',(#418),#4081,.T.);
#4290=ADVANCED_FACE('',(#419,#28),#208,.T.);
#4291=ADVANCED_FACE('',(#420,#29,#30,#31,#32),#209,.T.);
#4292=ADVANCED_FACE('',(#421),#4082,.T.);
#4293=ADVANCED_FACE('',(#422,#33),#210,.T.);
#4294=ADVANCED_FACE('',(#423,#34),#211,.T.);
#4295=CLOSED_SHELL('',(#4083,#4084,#4085,#4086,#4087,#4088,#4089,#4090,
#4091,#4092,#4093,#4094,#4095,#4096,#4097,#4098,#4099,#4100,#4101,#4102,
#4103,#4104,#4105,#4106,#4107,#4108,#4109,#4110,#4111,#4112,#4113,#4114,
#4115,#4116,#4117,#4118,#4119,#4120,#4121,#4122,#4123,#4124,#4125,#4126,
#4127,#4128,#4129,#4130,#4131,#4132,#4133,#4134,#4135,#4136,#4137,#4138,
#4139,#4140,#4141,#4142,#4143,#4144,#4145,#4146,#4147,#4148,#4149,#4150,
#4151,#4152,#4153,#4154,#4155,#4156,#4157,#4158,#4159,#4160,#4161,#4162,
#4163,#4164,#4165,#4166,#4167,#4168,#4169,#4170,#4171,#4172,#4173,#4174,
#4175,#4176,#4177,#4178,#4179,#4180,#4181,#4182,#4183,#4184,#4185,#4186,
#4187,#4188,#4189,#4190,#4191,#4192,#4193,#4194,#4195,#4196,#4197,#4198,
#4199,#4200,#4201,#4202,#4203,#4204,#4205,#4206,#4207,#4208,#4209,#4210,
#4211,#4212,#4213,#4214,#4215,#4216,#4217,#4218,#4219,#4220,#4221,#4222,
#4223,#4224,#4225,#4226,#4227,#4228,#4229,#4230,#4231,#4232,#4233,#4234,
#4235,#4236,#4237,#4238,#4239,#4240,#4241,#4242,#4243,#4244,#4245,#4246,
#4247,#4248,#4249,#4250,#4251,#4252,#4253,#4254,#4255,#4256,#4257,#4258,
#4259,#4260,#4261,#4262,#4263,#4264,#4265,#4266,#4267,#4268,#4269,#4270,
#4271,#4272,#4273,#4274,#4275,#4276,#4277,#4278,#4279,#4280,#4281,#4282,
#4283,#4284,#4285,#4286,#4287,#4288,#4289,#4290,#4291,#4292,#4293,#4294));
#4296=DERIVED_UNIT_ELEMENT(#4298,1.);
#4297=DERIVED_UNIT_ELEMENT(#7699,-3.);
#4298=(
MASS_UNIT()
NAMED_UNIT(*)
SI_UNIT(.KILO.,.GRAM.)
);
#4299=DERIVED_UNIT((#4296,#4297));
#4300=MEASURE_REPRESENTATION_ITEM('density measure',
POSITIVE_RATIO_MEASURE(7850.),#4299);
#4301=PROPERTY_DEFINITION_REPRESENTATION(#4306,#4303);
#4302=PROPERTY_DEFINITION_REPRESENTATION(#4307,#4304);
#4303=REPRESENTATION('material name',(#4305),#7696);
#4304=REPRESENTATION('density',(#4300),#7696);
#4305=DESCRIPTIVE_REPRESENTATION_ITEM('Steel','Steel');
#4306=PROPERTY_DEFINITION('material property','material name',#7706);
#4307=PROPERTY_DEFINITION('material property','density of part',#7706);
#4308=AXIS2_PLACEMENT_3D('',#5969,#4737,#4738);
#4309=AXIS2_PLACEMENT_3D('',#5970,#4739,#4740);
#4310=AXIS2_PLACEMENT_3D('',#5972,#4741,#4742);
#4311=AXIS2_PLACEMENT_3D('',#5975,#4744,#4745);
#4312=AXIS2_PLACEMENT_3D('',#5976,#4746,#4747);
#4313=AXIS2_PLACEMENT_3D('',#5978,#4748,#4749);
#4314=AXIS2_PLACEMENT_3D('',#5981,#4751,#4752);
#4315=AXIS2_PLACEMENT_3D('',#5982,#4753,#4754);
#4316=AXIS2_PLACEMENT_3D('',#5984,#4755,#4756);
#4317=AXIS2_PLACEMENT_3D('',#5987,#4758,#4759);
#4318=AXIS2_PLACEMENT_3D('',#5988,#4760,#4761);
#4319=AXIS2_PLACEMENT_3D('',#5991,#4762,#4763);
#4320=AXIS2_PLACEMENT_3D('',#5995,#4765,#4766);
#4321=AXIS2_PLACEMENT_3D('',#5999,#4768,#4769);
#4322=AXIS2_PLACEMENT_3D('',#6003,#4771,#4772);
#4323=AXIS2_PLACEMENT_3D('',#6013,#4778,#4779);
#4324=AXIS2_PLACEMENT_3D('',#6015,#4780,#4781);
#4325=AXIS2_PLACEMENT_3D('',#6017,#4782,#4783);
#4326=AXIS2_PLACEMENT_3D('',#6018,#4784,#4785);
#4327=AXIS2_PLACEMENT_3D('',#6019,#4786,#4787);
#4328=AXIS2_PLACEMENT_3D('',#6021,#4788,#4789);
#4329=AXIS2_PLACEMENT_3D('',#6023,#4791,#4792);
#4330=AXIS2_PLACEMENT_3D('',#6026,#4793,#4794);
#4331=AXIS2_PLACEMENT_3D('',#6034,#4795,#4796);
#4332=AXIS2_PLACEMENT_3D('',#6035,#4797,#4798);
#4333=AXIS2_PLACEMENT_3D('',#6036,#4799,#4800);
#4334=AXIS2_PLACEMENT_3D('',#6039,#4801,#4802);
#4335=AXIS2_PLACEMENT_3D('',#6042,#4805,#4806);
#4336=AXIS2_PLACEMENT_3D('',#6044,#4807,#4808);
#4337=AXIS2_PLACEMENT_3D('',#6046,#4809,#4810);
#4338=AXIS2_PLACEMENT_3D('',#6053,#4811,#4812);
#4339=AXIS2_PLACEMENT_3D('',#6054,#4813,#4814);
#4340=AXIS2_PLACEMENT_3D('',#6056,#4815,#4816);
#4341=AXIS2_PLACEMENT_3D('',#6058,#4818,#4819);
#4342=AXIS2_PLACEMENT_3D('',#6060,#4820,#4821);
#4343=AXIS2_PLACEMENT_3D('',#6061,#4822,#4823);
#4344=AXIS2_PLACEMENT_3D('',#6062,#4824,#4825);
#4345=AXIS2_PLACEMENT_3D('',#6064,#4827,#4828);
#4346=AXIS2_PLACEMENT_3D('',#6073,#4833,#4834);
#4347=AXIS2_PLACEMENT_3D('',#6078,#4836,#4837);
#4348=AXIS2_PLACEMENT_3D('',#6080,#4839,#4840);
#4349=AXIS2_PLACEMENT_3D('',#6081,#4841,#4842);
#4350=AXIS2_PLACEMENT_3D('',#6085,#4844,#4845);
#4351=AXIS2_PLACEMENT_3D('',#6088,#4847,#4848);
#4352=AXIS2_PLACEMENT_3D('',#6089,#4849,#4850);
#4353=AXIS2_PLACEMENT_3D('',#6092,#4853,#4854);
#4354=AXIS2_PLACEMENT_3D('',#6094,#4856,#4857);
#4355=AXIS2_PLACEMENT_3D('',#6100,#4861,#4862);
#4356=AXIS2_PLACEMENT_3D('',#6102,#4864,#4865);
#4357=AXIS2_PLACEMENT_3D('',#6111,#4870,#4871);
#4358=AXIS2_PLACEMENT_3D('',#6120,#4876,#4877);
#4359=AXIS2_PLACEMENT_3D('',#6122,#4878,#4879);
#4360=AXIS2_PLACEMENT_3D('',#6125,#4881,#4882);
#4361=AXIS2_PLACEMENT_3D('',#6126,#4883,#4884);
#4362=AXIS2_PLACEMENT_3D('',#6128,#4885,#4886);
#4363=AXIS2_PLACEMENT_3D('',#6130,#4887,#4888);
#4364=AXIS2_PLACEMENT_3D('',#6132,#4890,#4891);
#4365=AXIS2_PLACEMENT_3D('',#6146,#4899,#4900);
#4366=AXIS2_PLACEMENT_3D('',#6155,#4902,#4903);
#4367=AXIS2_PLACEMENT_3D('',#6157,#4904,#4905);
#4368=AXIS2_PLACEMENT_3D('',#6166,#4908,#4909);
#4369=AXIS2_PLACEMENT_3D('',#6176,#4910,#4911);
#4370=AXIS2_PLACEMENT_3D('',#6177,#4912,#4913);
#4371=AXIS2_PLACEMENT_3D('',#6179,#4914,#4915);
#4372=AXIS2_PLACEMENT_3D('',#6195,#4916,#4917);
#4373=AXIS2_PLACEMENT_3D('',#6278,#4943,#4944);
#4374=AXIS2_PLACEMENT_3D('',#6289,#4947,#4948);
#4375=AXIS2_PLACEMENT_3D('',#6301,#4949,#4950);
#4376=AXIS2_PLACEMENT_3D('',#6303,#4951,#4952);
#4377=AXIS2_PLACEMENT_3D('',#6304,#4953,#4954);
#4378=AXIS2_PLACEMENT_3D('',#6306,#4955,#4956);
#4379=AXIS2_PLACEMENT_3D('',#6318,#4957,#4958);
#4380=AXIS2_PLACEMENT_3D('',#6327,#4960,#4961);
#4381=AXIS2_PLACEMENT_3D('',#6335,#4964,#4965);
#4382=AXIS2_PLACEMENT_3D('',#6345,#4966,#4967);
#4383=AXIS2_PLACEMENT_3D('',#6347,#4968,#4969);
#4384=AXIS2_PLACEMENT_3D('',#6348,#4970,#4971);
#4385=AXIS2_PLACEMENT_3D('',#6350,#4972,#4973);
#4386=AXIS2_PLACEMENT_3D('',#6366,#4974,#4975);
#4387=AXIS2_PLACEMENT_3D('',#6372,#4979,#4980);
#4388=AXIS2_PLACEMENT_3D('',#6376,#4983,#4984);
#4389=AXIS2_PLACEMENT_3D('',#6380,#4987,#4988);
#4390=AXIS2_PLACEMENT_3D('',#6382,#4990,#4991);
#4391=AXIS2_PLACEMENT_3D('',#6384,#4992,#4993);
#4392=AXIS2_PLACEMENT_3D('',#6385,#4994,#4995);
#4393=AXIS2_PLACEMENT_3D('',#6388,#4997,#4998);
#4394=AXIS2_PLACEMENT_3D('',#6389,#4999,#5000);
#4395=AXIS2_PLACEMENT_3D('',#6391,#5001,#5002);
#4396=AXIS2_PLACEMENT_3D('',#6392,#5003,#5004);
#4397=AXIS2_PLACEMENT_3D('',#6395,#5006,#5007);
#4398=AXIS2_PLACEMENT_3D('',#6396,#5008,#5009);
#4399=AXIS2_PLACEMENT_3D('',#6398,#5011,#5012);
#4400=AXIS2_PLACEMENT_3D('',#6404,#5016,#5017);
#4401=AXIS2_PLACEMENT_3D('',#6410,#5021,#5022);
#4402=AXIS2_PLACEMENT_3D('',#6412,#5024,#5025);
#4403=AXIS2_PLACEMENT_3D('',#6414,#5027,#5028);
#4404=AXIS2_PLACEMENT_3D('',#6415,#5029,#5030);
#4405=AXIS2_PLACEMENT_3D('',#6424,#5035,#5036);
#4406=AXIS2_PLACEMENT_3D('',#6427,#5037,#5038);
#4407=AXIS2_PLACEMENT_3D('',#6431,#5040,#5041);
#4408=AXIS2_PLACEMENT_3D('',#6433,#5043,#5044);
#4409=AXIS2_PLACEMENT_3D('',#6439,#5048,#5049);
#4410=AXIS2_PLACEMENT_3D('',#6441,#5050,#5051);
#4411=AXIS2_PLACEMENT_3D('',#6443,#5052,#5053);
#4412=AXIS2_PLACEMENT_3D('',#6445,#5055,#5056);
#4413=AXIS2_PLACEMENT_3D('',#6451,#5060,#5061);
#4414=AXIS2_PLACEMENT_3D('',#6453,#5062,#5063);
#4415=AXIS2_PLACEMENT_3D('',#6454,#5064,#5065);
#4416=AXIS2_PLACEMENT_3D('',#6455,#5066,#5067);
#4417=AXIS2_PLACEMENT_3D('',#6456,#5068,#5069);
#4418=AXIS2_PLACEMENT_3D('',#6457,#5070,#5071);
#4419=AXIS2_PLACEMENT_3D('',#6463,#5075,#5076);
#4420=AXIS2_PLACEMENT_3D('',#6464,#5077,#5078);
#4421=AXIS2_PLACEMENT_3D('',#6465,#5079,#5080);
#4422=AXIS2_PLACEMENT_3D('',#6467,#5081,#5082);
#4423=AXIS2_PLACEMENT_3D('',#6468,#5083,#5084);
#4424=AXIS2_PLACEMENT_3D('',#6469,#5085,#5086);
#4425=AXIS2_PLACEMENT_3D('',#6470,#5087,#5088);
#4426=AXIS2_PLACEMENT_3D('',#6472,#5090,#5091);
#4427=AXIS2_PLACEMENT_3D('',#6481,#5096,#5097);
#4428=AXIS2_PLACEMENT_3D('',#6484,#5098,#5099);
#4429=AXIS2_PLACEMENT_3D('',#6488,#5101,#5102);
#4430=AXIS2_PLACEMENT_3D('',#6490,#5104,#5105);
#4431=AXIS2_PLACEMENT_3D('',#6496,#5109,#5110);
#4432=AXIS2_PLACEMENT_3D('',#6498,#5111,#5112);
#4433=AXIS2_PLACEMENT_3D('',#6500,#5113,#5114);
#4434=AXIS2_PLACEMENT_3D('',#6502,#5116,#5117);
#4435=AXIS2_PLACEMENT_3D('',#6508,#5121,#5122);
#4436=AXIS2_PLACEMENT_3D('',#6510,#5123,#5124);
#4437=AXIS2_PLACEMENT_3D('',#6511,#5125,#5126);
#4438=AXIS2_PLACEMENT_3D('',#6512,#5127,#5128);
#4439=AXIS2_PLACEMENT_3D('',#6513,#5129,#5130);
#4440=AXIS2_PLACEMENT_3D('',#6514,#5131,#5132);
#4441=AXIS2_PLACEMENT_3D('',#6520,#5136,#5137);
#4442=AXIS2_PLACEMENT_3D('',#6521,#5138,#5139);
#4443=AXIS2_PLACEMENT_3D('',#6522,#5140,#5141);
#4444=AXIS2_PLACEMENT_3D('',#6524,#5142,#5143);
#4445=AXIS2_PLACEMENT_3D('',#6525,#5144,#5145);
#4446=AXIS2_PLACEMENT_3D('',#6526,#5146,#5147);
#4447=AXIS2_PLACEMENT_3D('',#6527,#5148,#5149);
#4448=AXIS2_PLACEMENT_3D('',#6529,#5151,#5152);
#4449=AXIS2_PLACEMENT_3D('',#6538,#5157,#5158);
#4450=AXIS2_PLACEMENT_3D('',#6541,#5159,#5160);
#4451=AXIS2_PLACEMENT_3D('',#6545,#5162,#5163);
#4452=AXIS2_PLACEMENT_3D('',#6547,#5165,#5166);
#4453=AXIS2_PLACEMENT_3D('',#6553,#5170,#5171);
#4454=AXIS2_PLACEMENT_3D('',#6555,#5172,#5173);
#4455=AXIS2_PLACEMENT_3D('',#6557,#5174,#5175);
#4456=AXIS2_PLACEMENT_3D('',#6559,#5177,#5178);
#4457=AXIS2_PLACEMENT_3D('',#6565,#5182,#5183);
#4458=AXIS2_PLACEMENT_3D('',#6567,#5184,#5185);
#4459=AXIS2_PLACEMENT_3D('',#6568,#5186,#5187);
#4460=AXIS2_PLACEMENT_3D('',#6569,#5188,#5189);
#4461=AXIS2_PLACEMENT_3D('',#6570,#5190,#5191);
#4462=AXIS2_PLACEMENT_3D('',#6571,#5192,#5193);
#4463=AXIS2_PLACEMENT_3D('',#6577,#5197,#5198);
#4464=AXIS2_PLACEMENT_3D('',#6578,#5199,#5200);
#4465=AXIS2_PLACEMENT_3D('',#6579,#5201,#5202);
#4466=AXIS2_PLACEMENT_3D('',#6581,#5203,#5204);
#4467=AXIS2_PLACEMENT_3D('',#6582,#5205,#5206);
#4468=AXIS2_PLACEMENT_3D('',#6583,#5207,#5208);
#4469=AXIS2_PLACEMENT_3D('',#6584,#5209,#5210);
#4470=AXIS2_PLACEMENT_3D('',#6586,#5212,#5213);
#4471=AXIS2_PLACEMENT_3D('',#6595,#5218,#5219);
#4472=AXIS2_PLACEMENT_3D('',#6598,#5220,#5221);
#4473=AXIS2_PLACEMENT_3D('',#6602,#5223,#5224);
#4474=AXIS2_PLACEMENT_3D('',#6604,#5226,#5227);
#4475=AXIS2_PLACEMENT_3D('',#6610,#5231,#5232);
#4476=AXIS2_PLACEMENT_3D('',#6612,#5233,#5234);
#4477=AXIS2_PLACEMENT_3D('',#6614,#5235,#5236);
#4478=AXIS2_PLACEMENT_3D('',#6616,#5238,#5239);
#4479=AXIS2_PLACEMENT_3D('',#6622,#5243,#5244);
#4480=AXIS2_PLACEMENT_3D('',#6624,#5245,#5246);
#4481=AXIS2_PLACEMENT_3D('',#6625,#5247,#5248);
#4482=AXIS2_PLACEMENT_3D('',#6626,#5249,#5250);
#4483=AXIS2_PLACEMENT_3D('',#6627,#5251,#5252);
#4484=AXIS2_PLACEMENT_3D('',#6628,#5253,#5254);
#4485=AXIS2_PLACEMENT_3D('',#6634,#5258,#5259);
#4486=AXIS2_PLACEMENT_3D('',#6635,#5260,#5261);
#4487=AXIS2_PLACEMENT_3D('',#6636,#5262,#5263);
#4488=AXIS2_PLACEMENT_3D('',#6638,#5264,#5265);
#4489=AXIS2_PLACEMENT_3D('',#6639,#5266,#5267);
#4490=AXIS2_PLACEMENT_3D('',#6640,#5268,#5269);
#4491=AXIS2_PLACEMENT_3D('',#6641,#5270,#5271);
#4492=AXIS2_PLACEMENT_3D('',#6643,#5273,#5274);
#4493=AXIS2_PLACEMENT_3D('',#6645,#5275,#5276);
#4494=AXIS2_PLACEMENT_3D('',#6654,#5278,#5279);
#4495=AXIS2_PLACEMENT_3D('',#6684,#5281,#5282);
#4496=AXIS2_PLACEMENT_3D('',#6710,#5284,#5285);
#4497=AXIS2_PLACEMENT_3D('',#6736,#5287,#5288);
#4498=AXIS2_PLACEMENT_3D('',#6761,#5290,#5291);
#4499=AXIS2_PLACEMENT_3D('',#6762,#5292,#5293);
#4500=AXIS2_PLACEMENT_3D('',#6777,#5296,#5297);
#4501=AXIS2_PLACEMENT_3D('',#6780,#5299,#5300);
#4502=AXIS2_PLACEMENT_3D('',#6781,#5301,#5302);
#4503=AXIS2_PLACEMENT_3D('',#6785,#5305,#5306);
#4504=AXIS2_PLACEMENT_3D('',#6798,#5308,#5309);
#4505=AXIS2_PLACEMENT_3D('',#6813,#5312,#5313);
#4506=AXIS2_PLACEMENT_3D('',#6815,#5314,#5315);
#4507=AXIS2_PLACEMENT_3D('',#6817,#5317,#5318);
#4508=AXIS2_PLACEMENT_3D('',#6820,#5320,#5321);
#4509=AXIS2_PLACEMENT_3D('',#6821,#5322,#5323);
#4510=AXIS2_PLACEMENT_3D('',#6824,#5325,#5326);
#4511=AXIS2_PLACEMENT_3D('',#6825,#5327,#5328);
#4512=AXIS2_PLACEMENT_3D('',#6828,#5330,#5331);
#4513=AXIS2_PLACEMENT_3D('',#6829,#5332,#5333);
#4514=AXIS2_PLACEMENT_3D('',#6831,#5335,#5336);
#4515=AXIS2_PLACEMENT_3D('',#6835,#5339,#5340);
#4516=AXIS2_PLACEMENT_3D('',#6846,#5341,#5342);
#4517=AXIS2_PLACEMENT_3D('',#6848,#5344,#5345);
#4518=AXIS2_PLACEMENT_3D('',#6857,#5350,#5351);
#4519=AXIS2_PLACEMENT_3D('',#6860,#5352,#5353);
#4520=AXIS2_PLACEMENT_3D('',#6864,#5355,#5356);
#4521=AXIS2_PLACEMENT_3D('',#6866,#5358,#5359);
#4522=AXIS2_PLACEMENT_3D('',#6872,#5363,#5364);
#4523=AXIS2_PLACEMENT_3D('',#6874,#5365,#5366);
#4524=AXIS2_PLACEMENT_3D('',#6876,#5367,#5368);
#4525=AXIS2_PLACEMENT_3D('',#6878,#5370,#5371);
#4526=AXIS2_PLACEMENT_3D('',#6884,#5375,#5376);
#4527=AXIS2_PLACEMENT_3D('',#6886,#5377,#5378);
#4528=AXIS2_PLACEMENT_3D('',#6887,#5379,#5380);
#4529=AXIS2_PLACEMENT_3D('',#6888,#5381,#5382);
#4530=AXIS2_PLACEMENT_3D('',#6889,#5383,#5384);
#4531=AXIS2_PLACEMENT_3D('',#6890,#5385,#5386);
#4532=AXIS2_PLACEMENT_3D('',#6896,#5390,#5391);
#4533=AXIS2_PLACEMENT_3D('',#6897,#5392,#5393);
#4534=AXIS2_PLACEMENT_3D('',#6898,#5394,#5395);
#4535=AXIS2_PLACEMENT_3D('',#6900,#5396,#5397);
#4536=AXIS2_PLACEMENT_3D('',#6901,#5398,#5399);
#4537=AXIS2_PLACEMENT_3D('',#6902,#5400,#5401);
#4538=AXIS2_PLACEMENT_3D('',#6903,#5402,#5403);
#4539=AXIS2_PLACEMENT_3D('',#6905,#5405,#5406);
#4540=AXIS2_PLACEMENT_3D('',#6914,#5411,#5412);
#4541=AXIS2_PLACEMENT_3D('',#6917,#5413,#5414);
#4542=AXIS2_PLACEMENT_3D('',#6921,#5416,#5417);
#4543=AXIS2_PLACEMENT_3D('',#6923,#5419,#5420);
#4544=AXIS2_PLACEMENT_3D('',#6929,#5424,#5425);
#4545=AXIS2_PLACEMENT_3D('',#6931,#5426,#5427);
#4546=AXIS2_PLACEMENT_3D('',#6933,#5428,#5429);
#4547=AXIS2_PLACEMENT_3D('',#6935,#5431,#5432);
#4548=AXIS2_PLACEMENT_3D('',#6941,#5436,#5437);
#4549=AXIS2_PLACEMENT_3D('',#6943,#5438,#5439);
#4550=AXIS2_PLACEMENT_3D('',#6944,#5440,#5441);
#4551=AXIS2_PLACEMENT_3D('',#6945,#5442,#5443);
#4552=AXIS2_PLACEMENT_3D('',#6946,#5444,#5445);
#4553=AXIS2_PLACEMENT_3D('',#6947,#5446,#5447);
#4554=AXIS2_PLACEMENT_3D('',#6953,#5451,#5452);
#4555=AXIS2_PLACEMENT_3D('',#6954,#5453,#5454);
#4556=AXIS2_PLACEMENT_3D('',#6955,#5455,#5456);
#4557=AXIS2_PLACEMENT_3D('',#6957,#5457,#5458);
#4558=AXIS2_PLACEMENT_3D('',#6958,#5459,#5460);
#4559=AXIS2_PLACEMENT_3D('',#6959,#5461,#5462);
#4560=AXIS2_PLACEMENT_3D('',#6960,#5463,#5464);
#4561=AXIS2_PLACEMENT_3D('',#6962,#5466,#5467);
#4562=AXIS2_PLACEMENT_3D('',#6964,#5468,#5469);
#4563=AXIS2_PLACEMENT_3D('',#6965,#5470,#5471);
#4564=AXIS2_PLACEMENT_3D('',#6967,#5472,#5473);
#4565=AXIS2_PLACEMENT_3D('',#6993,#5475,#5476);
#4566=AXIS2_PLACEMENT_3D('',#7022,#5478,#5479);
#4567=AXIS2_PLACEMENT_3D('',#7024,#5481,#5482);
#4568=AXIS2_PLACEMENT_3D('',#7035,#5484,#5485);
#4569=AXIS2_PLACEMENT_3D('',#7095,#5507,#5508);
#4570=AXIS2_PLACEMENT_3D('',#7097,#5509,#5510);
#4571=AXIS2_PLACEMENT_3D('',#7099,#5512,#5513);
#4572=AXIS2_PLACEMENT_3D('',#7101,#5514,#5515);
#4573=AXIS2_PLACEMENT_3D('',#7103,#5517,#5518);
#4574=AXIS2_PLACEMENT_3D('',#7106,#5521,#5522);
#4575=AXIS2_PLACEMENT_3D('',#7109,#5525,#5526);
#4576=AXIS2_PLACEMENT_3D('',#7112,#5528,#5529);
#4577=AXIS2_PLACEMENT_3D('',#7113,#5530,#5531);
#4578=AXIS2_PLACEMENT_3D('',#7116,#5533,#5534);
#4579=AXIS2_PLACEMENT_3D('',#7117,#5535,#5536);
#4580=AXIS2_PLACEMENT_3D('',#7119,#5538,#5539);
#4581=AXIS2_PLACEMENT_3D('',#7121,#5541,#5542);
#4582=AXIS2_PLACEMENT_3D('',#7123,#5544,#5545);
#4583=AXIS2_PLACEMENT_3D('',#7125,#5547,#5548);
#4584=AXIS2_PLACEMENT_3D('',#7127,#5550,#5551);
#4585=AXIS2_PLACEMENT_3D('',#7129,#5553,#5554);
#4586=AXIS2_PLACEMENT_3D('',#7130,#5555,#5556);
#4587=AXIS2_PLACEMENT_3D('',#7133,#5557,#5558);
#4588=AXIS2_PLACEMENT_3D('',#7136,#5560,#5561);
#4589=AXIS2_PLACEMENT_3D('',#7162,#5563,#5564);
#4590=AXIS2_PLACEMENT_3D('',#7188,#5566,#5567);
#4591=AXIS2_PLACEMENT_3D('',#7214,#5569,#5570);
#4592=AXIS2_PLACEMENT_3D('',#7243,#5572,#5573);
#4593=AXIS2_PLACEMENT_3D('',#7245,#5575,#5576);
#4594=AXIS2_PLACEMENT_3D('',#7262,#5579,#5580);
#4595=AXIS2_PLACEMENT_3D('',#7265,#5582,#5583);
#4596=AXIS2_PLACEMENT_3D('',#7266,#5584,#5585);
#4597=AXIS2_PLACEMENT_3D('',#7270,#5588,#5589);
#4598=AXIS2_PLACEMENT_3D('',#7285,#5591,#5592);
#4599=AXIS2_PLACEMENT_3D('',#7300,#5595,#5596);
#4600=AXIS2_PLACEMENT_3D('',#7302,#5597,#5598);
#4601=AXIS2_PLACEMENT_3D('',#7304,#5600,#5601);
#4602=AXIS2_PLACEMENT_3D('',#7307,#5603,#5604);
#4603=AXIS2_PLACEMENT_3D('',#7308,#5605,#5606);
#4604=AXIS2_PLACEMENT_3D('',#7311,#5608,#5609);
#4605=AXIS2_PLACEMENT_3D('',#7312,#5610,#5611);
#4606=AXIS2_PLACEMENT_3D('',#7315,#5613,#5614);
#4607=AXIS2_PLACEMENT_3D('',#7316,#5615,#5616);
#4608=AXIS2_PLACEMENT_3D('',#7318,#5618,#5619);
#4609=AXIS2_PLACEMENT_3D('',#7322,#5622,#5623);
#4610=AXIS2_PLACEMENT_3D('',#7333,#5624,#5625);
#4611=AXIS2_PLACEMENT_3D('',#7335,#5627,#5628);
#4612=AXIS2_PLACEMENT_3D('',#7344,#5633,#5634);
#4613=AXIS2_PLACEMENT_3D('',#7347,#5635,#5636);
#4614=AXIS2_PLACEMENT_3D('',#7351,#5638,#5639);
#4615=AXIS2_PLACEMENT_3D('',#7353,#5641,#5642);
#4616=AXIS2_PLACEMENT_3D('',#7359,#5646,#5647);
#4617=AXIS2_PLACEMENT_3D('',#7361,#5648,#5649);
#4618=AXIS2_PLACEMENT_3D('',#7363,#5650,#5651);
#4619=AXIS2_PLACEMENT_3D('',#7365,#5653,#5654);
#4620=AXIS2_PLACEMENT_3D('',#7371,#5658,#5659);
#4621=AXIS2_PLACEMENT_3D('',#7372,#5660,#5661);
#4622=AXIS2_PLACEMENT_3D('',#7373,#5662,#5663);
#4623=AXIS2_PLACEMENT_3D('',#7374,#5664,#5665);
#4624=AXIS2_PLACEMENT_3D('',#7375,#5666,#5667);
#4625=AXIS2_PLACEMENT_3D('',#7376,#5668,#5669);
#4626=AXIS2_PLACEMENT_3D('',#7382,#5673,#5674);
#4627=AXIS2_PLACEMENT_3D('',#7383,#5675,#5676);
#4628=AXIS2_PLACEMENT_3D('',#7384,#5677,#5678);
#4629=AXIS2_PLACEMENT_3D('',#7385,#5679,#5680);
#4630=AXIS2_PLACEMENT_3D('',#7386,#5681,#5682);
#4631=AXIS2_PLACEMENT_3D('',#7387,#5683,#5684);
#4632=AXIS2_PLACEMENT_3D('',#7388,#5685,#5686);
#4633=AXIS2_PLACEMENT_3D('',#7389,#5687,#5688);
#4634=AXIS2_PLACEMENT_3D('',#7398,#5693,#5694);
#4635=AXIS2_PLACEMENT_3D('',#7401,#5695,#5696);
#4636=AXIS2_PLACEMENT_3D('',#7405,#5698,#5699);
#4637=AXIS2_PLACEMENT_3D('',#7407,#5701,#5702);
#4638=AXIS2_PLACEMENT_3D('',#7413,#5706,#5707);
#4639=AXIS2_PLACEMENT_3D('',#7415,#5708,#5709);
#4640=AXIS2_PLACEMENT_3D('',#7417,#5710,#5711);
#4641=AXIS2_PLACEMENT_3D('',#7419,#5713,#5714);
#4642=AXIS2_PLACEMENT_3D('',#7425,#5718,#5719);
#4643=AXIS2_PLACEMENT_3D('',#7426,#5720,#5721);
#4644=AXIS2_PLACEMENT_3D('',#7427,#5722,#5723);
#4645=AXIS2_PLACEMENT_3D('',#7428,#5724,#5725);
#4646=AXIS2_PLACEMENT_3D('',#7429,#5726,#5727);
#4647=AXIS2_PLACEMENT_3D('',#7430,#5728,#5729);
#4648=AXIS2_PLACEMENT_3D('',#7436,#5733,#5734);
#4649=AXIS2_PLACEMENT_3D('',#7437,#5735,#5736);
#4650=AXIS2_PLACEMENT_3D('',#7438,#5737,#5738);
#4651=AXIS2_PLACEMENT_3D('',#7439,#5739,#5740);
#4652=AXIS2_PLACEMENT_3D('',#7440,#5741,#5742);
#4653=AXIS2_PLACEMENT_3D('',#7441,#5743,#5744);
#4654=AXIS2_PLACEMENT_3D('',#7442,#5745,#5746);
#4655=AXIS2_PLACEMENT_3D('',#7443,#5747,#5748);
#4656=AXIS2_PLACEMENT_3D('',#7452,#5753,#5754);
#4657=AXIS2_PLACEMENT_3D('',#7455,#5755,#5756);
#4658=AXIS2_PLACEMENT_3D('',#7459,#5758,#5759);
#4659=AXIS2_PLACEMENT_3D('',#7461,#5761,#5762);
#4660=AXIS2_PLACEMENT_3D('',#7467,#5766,#5767);
#4661=AXIS2_PLACEMENT_3D('',#7469,#5768,#5769);
#4662=AXIS2_PLACEMENT_3D('',#7471,#5770,#5771);
#4663=AXIS2_PLACEMENT_3D('',#7473,#5773,#5774);
#4664=AXIS2_PLACEMENT_3D('',#7479,#5778,#5779);
#4665=AXIS2_PLACEMENT_3D('',#7480,#5780,#5781);
#4666=AXIS2_PLACEMENT_3D('',#7481,#5782,#5783);
#4667=AXIS2_PLACEMENT_3D('',#7482,#5784,#5785);
#4668=AXIS2_PLACEMENT_3D('',#7483,#5786,#5787);
#4669=AXIS2_PLACEMENT_3D('',#7484,#5788,#5789);
#4670=AXIS2_PLACEMENT_3D('',#7490,#5793,#5794);
#4671=AXIS2_PLACEMENT_3D('',#7491,#5795,#5796);
#4672=AXIS2_PLACEMENT_3D('',#7492,#5797,#5798);
#4673=AXIS2_PLACEMENT_3D('',#7493,#5799,#5800);
#4674=AXIS2_PLACEMENT_3D('',#7494,#5801,#5802);
#4675=AXIS2_PLACEMENT_3D('',#7495,#5803,#5804);
#4676=AXIS2_PLACEMENT_3D('',#7496,#5805,#5806);
#4677=AXIS2_PLACEMENT_3D('',#7497,#5807,#5808);
#4678=AXIS2_PLACEMENT_3D('',#7506,#5813,#5814);
#4679=AXIS2_PLACEMENT_3D('',#7509,#5815,#5816);
#4680=AXIS2_PLACEMENT_3D('',#7513,#5818,#5819);
#4681=AXIS2_PLACEMENT_3D('',#7515,#5821,#5822);
#4682=AXIS2_PLACEMENT_3D('',#7521,#5826,#5827);
#4683=AXIS2_PLACEMENT_3D('',#7523,#5828,#5829);
#4684=AXIS2_PLACEMENT_3D('',#7525,#5830,#5831);
#4685=AXIS2_PLACEMENT_3D('',#7527,#5833,#5834);
#4686=AXIS2_PLACEMENT_3D('',#7533,#5838,#5839);
#4687=AXIS2_PLACEMENT_3D('',#7534,#5840,#5841);
#4688=AXIS2_PLACEMENT_3D('',#7535,#5842,#5843);
#4689=AXIS2_PLACEMENT_3D('',#7536,#5844,#5845);
#4690=AXIS2_PLACEMENT_3D('',#7537,#5846,#5847);
#4691=AXIS2_PLACEMENT_3D('',#7538,#5848,#5849);
#4692=AXIS2_PLACEMENT_3D('',#7544,#5853,#5854);
#4693=AXIS2_PLACEMENT_3D('',#7545,#5855,#5856);
#4694=AXIS2_PLACEMENT_3D('',#7546,#5857,#5858);
#4695=AXIS2_PLACEMENT_3D('',#7547,#5859,#5860);
#4696=AXIS2_PLACEMENT_3D('',#7548,#5861,#5862);
#4697=AXIS2_PLACEMENT_3D('',#7549,#5863,#5864);
#4698=AXIS2_PLACEMENT_3D('',#7550,#5865,#5866);
#4699=AXIS2_PLACEMENT_3D('',#7551,#5867,#5868);
#4700=AXIS2_PLACEMENT_3D('',#7553,#5869,#5870);
#4701=AXIS2_PLACEMENT_3D('',#7560,#5874,#5875);
#4702=AXIS2_PLACEMENT_3D('',#7561,#5876,#5877);
#4703=AXIS2_PLACEMENT_3D('',#7568,#5881,#5882);
#4704=AXIS2_PLACEMENT_3D('',#7572,#5885,#5886);
#4705=AXIS2_PLACEMENT_3D('',#7573,#5887,#5888);
#4706=AXIS2_PLACEMENT_3D('',#7594,#5889,#5890);
#4707=AXIS2_PLACEMENT_3D('',#7595,#5891,#5892);
#4708=AXIS2_PLACEMENT_3D('',#7596,#5893,#5894);
#4709=AXIS2_PLACEMENT_3D('',#7597,#5895,#5896);
#4710=AXIS2_PLACEMENT_3D('',#7598,#5897,#5898);
#4711=AXIS2_PLACEMENT_3D('',#7604,#5902,#5903);
#4712=AXIS2_PLACEMENT_3D('',#7617,#5905,#5906);
#4713=AXIS2_PLACEMENT_3D('',#7618,#5907,#5908);
#4714=AXIS2_PLACEMENT_3D('',#7619,#5909,#5910);
#4715=AXIS2_PLACEMENT_3D('',#7620,#5911,#5912);
#4716=AXIS2_PLACEMENT_3D('',#7621,#5913,#5914);
#4717=AXIS2_PLACEMENT_3D('',#7622,#5915,#5916);
#4718=AXIS2_PLACEMENT_3D('',#7633,#5917,#5918);
#4719=AXIS2_PLACEMENT_3D('',#7634,#5919,#5920);
#4720=AXIS2_PLACEMENT_3D('',#7638,#5923,#5924);
#4721=AXIS2_PLACEMENT_3D('',#7651,#5926,#5927);
#4722=AXIS2_PLACEMENT_3D('',#7664,#5929,#5930);
#4723=AXIS2_PLACEMENT_3D('',#7665,#5931,#5932);
#4724=AXIS2_PLACEMENT_3D('',#7666,#5933,#5934);
#4725=AXIS2_PLACEMENT_3D('',#7667,#5935,#5936);
#4726=AXIS2_PLACEMENT_3D('',#7669,#5938,#5939);
#4727=AXIS2_PLACEMENT_3D('',#7671,#5940,#5941);
#4728=AXIS2_PLACEMENT_3D('',#7673,#5943,#5944);
#4729=AXIS2_PLACEMENT_3D('',#7677,#5947,#5948);
#4730=AXIS2_PLACEMENT_3D('',#7679,#5949,#5950);
#4731=AXIS2_PLACEMENT_3D('',#7681,#5952,#5953);
#4732=AXIS2_PLACEMENT_3D('',#7683,#5955,#5956);
#4733=AXIS2_PLACEMENT_3D('',#7687,#5959,#5960);
#4734=AXIS2_PLACEMENT_3D('',#7689,#5961,#5962);
#4735=AXIS2_PLACEMENT_3D('',#7691,#5964,#5965);
#4736=AXIS2_PLACEMENT_3D('',#7693,#5967,#5968);
#4737=DIRECTION('axis',(0.,0.,1.));
#4738=DIRECTION('refdir',(1.,0.,0.));
#4739=DIRECTION('center_axis',(0.,0.,1.));
#4740=DIRECTION('ref_axis',(-1.,0.,0.));
#4741=DIRECTION('center_axis',(0.,0.,1.));
#4742=DIRECTION('ref_axis',(-1.,0.,0.));
#4743=DIRECTION('',(0.,0.,1.));
#4744=DIRECTION('center_axis',(0.,0.,-1.));
#4745=DIRECTION('ref_axis',(-1.,0.,0.));
#4746=DIRECTION('center_axis',(-1.,0.,0.));
#4747=DIRECTION('ref_axis',(0.,0.,-1.));
#4748=DIRECTION('center_axis',(-1.,0.,0.));
#4749=DIRECTION('ref_axis',(0.,0.,-1.));
#4750=DIRECTION('',(-1.,0.,0.));
#4751=DIRECTION('center_axis',(1.,0.,-8.3790416952842E-17));
#4752=DIRECTION('ref_axis',(0.,0.,-1.));
#4753=DIRECTION('center_axis',(1.,0.,0.));
#4754=DIRECTION('ref_axis',(0.,0.,1.));
#4755=DIRECTION('center_axis',(1.,0.,0.));
#4756=DIRECTION('ref_axis',(0.,0.,1.));
#4757=DIRECTION('',(1.,0.,0.));
#4758=DIRECTION('center_axis',(-1.,0.,8.3790416952842E-17));
#4759=DIRECTION('ref_axis',(0.,0.,1.));
#4760=DIRECTION('center_axis',(1.,4.13249681388244E-14,0.));
#4761=DIRECTION('ref_axis',(4.13249681388244E-14,-1.,0.));
#4762=DIRECTION('center_axis',(1.,4.13249681388244E-14,0.));
#4763=DIRECTION('ref_axis',(-2.92211652032803E-14,0.707106781186537,0.707106781186558));
#4764=DIRECTION('',(0.,0.,1.));
#4765=DIRECTION('center_axis',(1.,4.13249681388244E-14,0.));
#4766=DIRECTION('ref_axis',(-2.92211652032803E-14,0.707106781186537,-0.707106781186558));
#4767=DIRECTION('',(-4.13249681388244E-14,1.,0.));
#4768=DIRECTION('center_axis',(1.,4.13249681388244E-14,0.));
#4769=DIRECTION('ref_axis',(2.92211652032813E-14,-0.707106781186559,-0.707106781186536));
#4770=DIRECTION('',(0.,0.,-1.));
#4771=DIRECTION('center_axis',(1.,4.13249681388244E-14,0.));
#4772=DIRECTION('ref_axis',(2.92211652032811E-14,-0.707106781186555,0.70710678118654));
#4773=DIRECTION('',(-4.13249681388244E-14,1.,-6.92527262183002E-30));
#4774=DIRECTION('',(0.,0.,-1.));
#4775=DIRECTION('',(4.13249681388244E-14,-1.,0.));
#4776=DIRECTION('',(0.,0.,-1.));
#4777=DIRECTION('',(-4.13249681388244E-14,1.,-6.92527262183002E-30));
#4778=DIRECTION('center_axis',(-1.,-1.8179902028237E-14,0.));
#4779=DIRECTION('ref_axis',(0.,0.,1.));
#4780=DIRECTION('center_axis',(1.77635683940025E-14,-1.,0.));
#4781=DIRECTION('ref_axis',(0.,0.,1.));
#4782=DIRECTION('center_axis',(-1.,-1.8179902028237E-14,0.));
#4783=DIRECTION('ref_axis',(1.28551320054734E-14,-0.707106781186547,-0.707106781186548));
#4784=DIRECTION('center_axis',(0.,0.,-1.));
#4785=DIRECTION('ref_axis',(6.35047570085592E-13,1.,0.));
#4786=DIRECTION('center_axis',(0.,0.,-1.));
#4787=DIRECTION('ref_axis',(-0.70710678118656,0.707106781186535,0.));
#4788=DIRECTION('center_axis',(0.,0.,1.));
#4789=DIRECTION('ref_axis',(1.,3.99680288864808E-14,0.));
#4790=DIRECTION('',(0.,0.,1.));
#4791=DIRECTION('center_axis',(-1.,-1.8179902028237E-14,0.));
#4792=DIRECTION('ref_axis',(0.,0.,1.));
#4793=DIRECTION('center_axis',(3.99680288864808E-14,-1.,2.78665114769147E-26));
#4794=DIRECTION('ref_axis',(6.97220059464595E-13,0.,-1.));
#4795=DIRECTION('center_axis',(2.99760216648607E-14,-0.750000000000002,
-0.661437827766145));
#4796=DIRECTION('ref_axis',(-2.22044604925031E-14,0.661437827766145,-0.750000000000002));
#4797=DIRECTION('center_axis',(-1.,-1.8179902028237E-14,0.));
#4798=DIRECTION('ref_axis',(1.28551320054734E-14,-0.707106781186547,0.707106781186548));
#4799=DIRECTION('center_axis',(1.8179902028237E-14,-1.,0.));
#4800=DIRECTION('ref_axis',(-0.707106781186548,-1.25607396694702E-14,-0.707106781186548));
#4801=DIRECTION('center_axis',(-4.21884749357471E-14,1.,-2.96020054684121E-26));
#4802=DIRECTION('ref_axis',(1.,4.21884749357471E-14,0.));
#4803=DIRECTION('',(-4.13249681388244E-14,1.,0.));
#4804=DIRECTION('',(-1.8179902028237E-14,1.,0.));
#4805=DIRECTION('center_axis',(-1.,-1.8179902028237E-14,0.));
#4806=DIRECTION('ref_axis',(0.,0.,1.));
#4807=DIRECTION('center_axis',(0.,0.,1.));
#4808=DIRECTION('ref_axis',(-1.,-1.77635683940026E-14,0.));
#4809=DIRECTION('center_axis',(-3.16413562018106E-14,0.750000000000002,
-0.661437827766145));
#4810=DIRECTION('ref_axis',(1.,4.21884749357473E-14,0.));
#4811=DIRECTION('center_axis',(-1.,-1.8179902028237E-14,0.));
#4812=DIRECTION('ref_axis',(-1.28551320054734E-14,0.707106781186548,0.707106781186547));
#4813=DIRECTION('center_axis',(0.,0.,1.));
#4814=DIRECTION('ref_axis',(-0.707106781186537,-0.707106781186558,0.));
#4815=DIRECTION('center_axis',(0.,0.,1.));
#4816=DIRECTION('ref_axis',(-1.,-1.77635683940024E-14,0.));
#4817=DIRECTION('',(0.,0.,-1.));
#4818=DIRECTION('center_axis',(-1.,-1.8179902028237E-14,0.));
#4819=DIRECTION('ref_axis',(0.,0.,1.));
#4820=DIRECTION('center_axis',(-1.77635683940026E-14,1.,0.));
#4821=DIRECTION('ref_axis',(-1.,-1.77635683940026E-14,0.));
#4822=DIRECTION('center_axis',(-1.,-1.8179902028237E-14,0.));
#4823=DIRECTION('ref_axis',(-1.28551320054734E-14,0.707106781186549,-0.707106781186546));
#4824=DIRECTION('center_axis',(-1.8179902028237E-14,1.,0.));
#4825=DIRECTION('ref_axis',(-0.707106781186551,-1.25607396694702E-14,0.707106781186544));
#4826=DIRECTION('',(1.8179902028237E-14,-1.,0.));
#4827=DIRECTION('center_axis',(1.,1.8179902028237E-14,0.));
#4828=DIRECTION('ref_axis',(-1.8179902028237E-14,1.,0.));
#4829=DIRECTION('',(1.8179902028237E-14,-1.,0.));
#4830=DIRECTION('',(0.,0.,1.));
#4831=DIRECTION('',(1.8179902028237E-14,-1.,0.));
#4832=DIRECTION('',(0.,0.,1.));
#4833=DIRECTION('center_axis',(1.,3.41948691584561E-14,0.));
#4834=DIRECTION('ref_axis',(2.51214793389403E-14,-0.707106781186541,0.707106781186554));
#4835=DIRECTION('',(-1.,-3.41948691584561E-14,0.));
#4836=DIRECTION('center_axis',(0.707106781186555,0.70710678118654,0.));
#4837=DIRECTION('ref_axis',(-0.70710678118654,0.707106781186555,0.));
#4838=DIRECTION('',(1.,3.41948691584561E-14,0.));
#4839=DIRECTION('center_axis',(-0.707106781186566,0.707106781186529,-6.28036983473529E-15));
#4840=DIRECTION('ref_axis',(-0.707106781186529,-0.707106781186566,6.2803698347352E-15));
#4841=DIRECTION('center_axis',(-1.,-3.37507799486047E-14,0.));
#4842=DIRECTION('ref_axis',(-2.512147933894E-14,0.707106781186548,0.707106781186548));
#4843=DIRECTION('',(-1.,-3.37507799486047E-14,0.));
#4844=DIRECTION('center_axis',(0.707106781186544,-0.707106781186551,0.));
#4845=DIRECTION('ref_axis',(0.707106781186551,0.707106781186544,0.));
#4846=DIRECTION('',(1.,3.37507799486047E-14,0.));
#4847=DIRECTION('center_axis',(0.707106781186535,0.70710678118656,6.28036983473501E-15));
#4848=DIRECTION('ref_axis',(-0.70710678118656,0.707106781186535,-6.280369834735E-15));
#4849=DIRECTION('center_axis',(4.81559236931163E-14,1.,0.));
#4850=DIRECTION('ref_axis',(0.707106781186535,-3.45420340910432E-14,0.70710678118656));
#4851=DIRECTION('',(-4.81559236931163E-14,-1.,0.));
#4852=DIRECTION('',(4.81559236931163E-14,1.,0.));
#4853=DIRECTION('center_axis',(1.8179902028237E-14,-1.,0.));
#4854=DIRECTION('ref_axis',(-0.707106781186541,-1.25607396694701E-14,0.707106781186554));
#4855=DIRECTION('',(-1.8179902028237E-14,1.,0.));
#4856=DIRECTION('center_axis',(-1.,4.81559236931163E-14,0.));
#4857=DIRECTION('ref_axis',(-4.81559236931163E-14,-1.,0.));
#4858=DIRECTION('',(0.,0.,1.));
#4859=DIRECTION('',(4.81559236931163E-14,1.,0.));
#4860=DIRECTION('',(0.,0.,-1.));
#4861=DIRECTION('center_axis',(3.37507799486047E-14,-1.,0.));
#4862=DIRECTION('ref_axis',(1.,3.37507799486047E-14,0.));
#4863=DIRECTION('',(-1.,-3.37507799486047E-14,0.));
#4864=DIRECTION('center_axis',(0.,0.,1.));
#4865=DIRECTION('ref_axis',(1.,0.,0.));
#4866=DIRECTION('',(1.,0.,0.));
#4867=DIRECTION('',(0.,1.,0.));
#4868=DIRECTION('',(-1.,0.,0.));
#4869=DIRECTION('',(0.,-1.,0.));
#4870=DIRECTION('center_axis',(0.,0.,1.));
#4871=DIRECTION('ref_axis',(1.,0.,0.));
#4872=DIRECTION('',(1.,0.,0.));
#4873=DIRECTION('',(0.,-1.,0.));
#4874=DIRECTION('',(-1.,0.,0.));
#4875=DIRECTION('',(0.,1.,0.));
#4876=DIRECTION('center_axis',(0.,-1.,0.));
#4877=DIRECTION('ref_axis',(-0.707106781186547,0.,0.707106781186547));
#4878=DIRECTION('center_axis',(0.,1.,0.));
#4879=DIRECTION('ref_axis',(-0.707106781186547,0.,0.707106781186547));
#4880=DIRECTION('',(0.,-1.,0.));
#4881=DIRECTION('center_axis',(0.,-1.,0.));
#4882=DIRECTION('ref_axis',(-0.707106781186547,0.,0.707106781186547));
#4883=DIRECTION('center_axis',(0.,1.,0.));
#4884=DIRECTION('ref_axis',(0.707106781186547,0.,0.707106781186547));
#4885=DIRECTION('center_axis',(0.,1.,0.));
#4886=DIRECTION('ref_axis',(0.707106781186547,0.,0.707106781186547));
#4887=DIRECTION('center_axis',(0.,-1.,0.));
#4888=DIRECTION('ref_axis',(0.707106781186548,0.,0.707106781186547));
#4889=DIRECTION('',(0.,1.,0.));
#4890=DIRECTION('center_axis',(1.,0.,0.));
#4891=DIRECTION('ref_axis',(0.,0.,-1.));
#4892=DIRECTION('',(0.,0.,-1.));
#4893=DIRECTION('',(0.,0.,1.));
#4894=DIRECTION('',(0.,-1.,0.));
#4895=DIRECTION('',(0.,-1.,0.));
#4896=DIRECTION('',(0.,0.,1.));
#4897=DIRECTION('',(0.,1.,0.));
#4898=DIRECTION('',(0.,0.,-1.));
#4899=DIRECTION('center_axis',(-1.,0.,0.));
#4900=DIRECTION('ref_axis',(0.,-0.707106781186545,0.70710678118655));
#4901=DIRECTION('',(1.,0.,0.));
#4902=DIRECTION('center_axis',(1.,0.,0.));
#4903=DIRECTION('ref_axis',(0.,0.,1.));
#4904=DIRECTION('center_axis',(1.,0.,0.));
#4905=DIRECTION('ref_axis',(0.,0.,1.));
#4906=DIRECTION('',(1.,0.,0.));
#4907=DIRECTION('',(1.,0.,0.));
#4908=DIRECTION('center_axis',(0.,1.,0.));
#4909=DIRECTION('ref_axis',(0.,0.,1.));
#4910=DIRECTION('center_axis',(0.,1.,0.));
#4911=DIRECTION('ref_axis',(0.707106781186548,0.,0.707106781186547));
#4912=DIRECTION('center_axis',(0.,0.,-1.));
#4913=DIRECTION('ref_axis',(1.,0.,0.));
#4914=DIRECTION('center_axis',(0.,1.,0.));
#4915=DIRECTION('ref_axis',(0.707106781186548,0.,0.707106781186547));
#4916=DIRECTION('center_axis',(0.,0.,1.));
#4917=DIRECTION('ref_axis',(0.707106781186548,-0.707106781186548,0.));
#4918=DIRECTION('',(0.,0.,-1.));
#4919=DIRECTION('',(0.,0.,-1.));
#4920=DIRECTION('',(0.,0.,-1.));
#4921=DIRECTION('',(0.,0.,-1.));
#4922=DIRECTION('',(0.,0.,-1.));
#4923=DIRECTION('',(0.,0.,-1.));
#4924=DIRECTION('',(0.,0.,-1.));
#4925=DIRECTION('',(0.,0.,-1.));
#4926=DIRECTION('',(0.,0.,-1.));
#4927=DIRECTION('',(0.,0.,-1.));
#4928=DIRECTION('',(0.,0.,-1.));
#4929=DIRECTION('',(0.,0.,-1.));
#4930=DIRECTION('',(0.,0.,-1.));
#4931=DIRECTION('',(0.,0.,-1.));
#4932=DIRECTION('',(0.,0.,-1.));
#4933=DIRECTION('',(0.,0.,-1.));
#4934=DIRECTION('',(0.,0.,-1.));
#4935=DIRECTION('',(0.,0.,-1.));
#4936=DIRECTION('',(0.,0.,-1.));
#4937=DIRECTION('',(0.,0.,-1.));
#4938=DIRECTION('',(0.,0.,-1.));
#4939=DIRECTION('',(0.,0.,-1.));
#4940=DIRECTION('',(0.,0.,-1.));
#4941=DIRECTION('',(0.,0.,-1.));
#4942=DIRECTION('',(0.,0.,-1.));
#4943=DIRECTION('center_axis',(0.,0.,-1.));
#4944=DIRECTION('ref_axis',(1.,0.,0.));
#4945=DIRECTION('',(0.,0.,-1.));
#4946=DIRECTION('',(0.,0.,-1.));
#4947=DIRECTION('center_axis',(0.,1.,0.));
#4948=DIRECTION('ref_axis',(0.,0.,1.));
#4949=DIRECTION('center_axis',(0.,1.,0.));
#4950=DIRECTION('ref_axis',(0.707106781186548,0.,-0.707106781186547));
#4951=DIRECTION('center_axis',(-1.,0.,0.));
#4952=DIRECTION('ref_axis',(0.,0.,-1.));
#4953=DIRECTION('center_axis',(0.,-1.,0.));
#4954=DIRECTION('ref_axis',(0.707106781186548,0.,-0.707106781186547));
#4955=DIRECTION('center_axis',(0.,1.,0.));
#4956=DIRECTION('ref_axis',(0.707106781186548,0.,-0.707106781186547));
#4957=DIRECTION('center_axis',(1.,0.,0.));
#4958=DIRECTION('ref_axis',(0.,-0.707106781186545,-0.70710678118655));
#4959=DIRECTION('',(-1.,0.,0.));
#4960=DIRECTION('center_axis',(-1.,0.,0.));
#4961=DIRECTION('ref_axis',(0.,0.,-1.));
#4962=DIRECTION('',(1.,0.,0.));
#4963=DIRECTION('',(-1.,0.,0.));
#4964=DIRECTION('center_axis',(0.,1.,0.));
#4965=DIRECTION('ref_axis',(0.,0.,1.));
#4966=DIRECTION('center_axis',(0.,1.,0.));
#4967=DIRECTION('ref_axis',(-0.707106781186547,0.,-0.707106781186547));
#4968=DIRECTION('center_axis',(0.,0.,1.));
#4969=DIRECTION('ref_axis',(-1.,0.,0.));
#4970=DIRECTION('center_axis',(0.,-1.,0.));
#4971=DIRECTION('ref_axis',(-0.707106781186547,0.,-0.707106781186547));
#4972=DIRECTION('center_axis',(0.,1.,0.));
#4973=DIRECTION('ref_axis',(-0.707106781186547,0.,-0.707106781186547));
#4974=DIRECTION('center_axis',(0.,1.,0.));
#4975=DIRECTION('ref_axis',(0.,0.,-1.));
#4976=DIRECTION('',(8.3790416952842E-17,0.,1.));
#4977=DIRECTION('',(-1.,0.,0.));
#4978=DIRECTION('',(-1.,0.,0.));
#4979=DIRECTION('center_axis',(0.,0.,-1.));
#4980=DIRECTION('ref_axis',(0.,-1.,0.));
#4981=DIRECTION('',(0.,1.,0.));
#4982=DIRECTION('',(-1.,0.,0.));
#4983=DIRECTION('center_axis',(0.,-1.,0.));
#4984=DIRECTION('ref_axis',(0.,0.,1.));
#4985=DIRECTION('',(-8.3790416952842E-17,0.,-1.));
#4986=DIRECTION('',(-1.,0.,0.));
#4987=DIRECTION('center_axis',(0.,0.,1.));
#4988=DIRECTION('ref_axis',(0.,1.,0.));
#4989=DIRECTION('',(0.,-1.,0.));
#4990=DIRECTION('center_axis',(1.,0.,0.));
#4991=DIRECTION('ref_axis',(0.,0.,-1.));
#4992=DIRECTION('center_axis',(-1.,0.,0.));
#4993=DIRECTION('ref_axis',(0.,0.,-1.));
#4994=DIRECTION('center_axis',(-1.,0.,0.));
#4995=DIRECTION('ref_axis',(0.,0.,-1.));
#4996=DIRECTION('',(1.,0.,0.));
#4997=DIRECTION('center_axis',(1.,0.,-8.3790416952842E-17));
#4998=DIRECTION('ref_axis',(0.,0.,-1.));
#4999=DIRECTION('center_axis',(1.,0.,0.));
#5000=DIRECTION('ref_axis',(0.,0.,-1.));
#5001=DIRECTION('center_axis',(-1.,0.,0.));
#5002=DIRECTION('ref_axis',(0.,0.,-1.));
#5003=DIRECTION('center_axis',(-1.,0.,0.));
#5004=DIRECTION('ref_axis',(0.,0.,-1.));
#5005=DIRECTION('',(1.,0.,0.));
#5006=DIRECTION('center_axis',(1.,0.,-8.3790416952842E-17));
#5007=DIRECTION('ref_axis',(0.,0.,-1.));
#5008=DIRECTION('center_axis',(-3.41948691584561E-14,1.,0.));
#5009=DIRECTION('ref_axis',(-1.,-3.41948691584561E-14,0.));
#5010=DIRECTION('',(1.,3.41948691584561E-14,0.));
#5011=DIRECTION('center_axis',(0.,0.,-1.));
#5012=DIRECTION('ref_axis',(-1.,0.,0.));
#5013=DIRECTION('',(8.16917489210308E-8,0.999999999999997,0.));
#5014=DIRECTION('',(0.999999999999997,-8.16917416988985E-8,0.));
#5015=DIRECTION('',(-0.999999999999997,8.16917490302126E-8,0.));
#5016=DIRECTION('center_axis',(-0.999999999999997,8.16917489210308E-8,0.));
#5017=DIRECTION('ref_axis',(8.16917489210308E-8,0.999999999999997,0.));
#5018=DIRECTION('',(-8.16917489210308E-8,-0.999999999999997,-1.36899714074001E-23));
#5019=DIRECTION('',(0.,0.,-1.));
#5020=DIRECTION('',(0.,0.,-1.));
#5021=DIRECTION('center_axis',(8.16917416988985E-8,0.999999999999997,0.));
#5022=DIRECTION('ref_axis',(0.999999999999997,-8.16917416988985E-8,0.));
#5023=DIRECTION('',(-0.999999999999997,8.16917416988985E-8,-1.67580833905683E-16));
#5024=DIRECTION('center_axis',(-8.16917490302126E-8,-0.999999999999997,
0.));
#5025=DIRECTION('ref_axis',(-0.999999999999997,8.16917490302126E-8,0.));
#5026=DIRECTION('',(0.999999999999997,-8.16917490302126E-8,1.67580833905683E-16));
#5027=DIRECTION('center_axis',(0.,0.,1.));
#5028=DIRECTION('ref_axis',(1.,0.,0.));
#5029=DIRECTION('center_axis',(0.,1.,0.));
#5030=DIRECTION('ref_axis',(-1.,0.,0.));
#5031=DIRECTION('',(-1.,0.,0.));
#5032=DIRECTION('',(0.,0.,1.));
#5033=DIRECTION('',(1.,0.,0.));
#5034=DIRECTION('',(0.,0.,-1.));
#5035=DIRECTION('center_axis',(-1.,0.,0.));
#5036=DIRECTION('ref_axis',(0.,0.707106781186554,-0.707106781186541));
#5037=DIRECTION('center_axis',(-1.,0.,8.3790416952842E-17));
#5038=DIRECTION('ref_axis',(0.,0.707106781186554,-0.707106781186541));
#5039=DIRECTION('',(1.,0.,0.));
#5040=DIRECTION('center_axis',(1.,0.,-8.3790416952842E-17));
#5041=DIRECTION('ref_axis',(0.,0.707106781186554,-0.707106781186541));
#5042=DIRECTION('',(-1.,0.,0.));
#5043=DIRECTION('center_axis',(0.,1.,0.));
#5044=DIRECTION('ref_axis',(0.,0.,1.));
#5045=DIRECTION('',(-1.,0.,0.));
#5046=DIRECTION('',(8.3790416952842E-17,0.,1.));
#5047=DIRECTION('',(-8.3790416952842E-17,0.,-1.));
#5048=DIRECTION('center_axis',(1.,0.,0.));
#5049=DIRECTION('ref_axis',(0.,0.707106781186541,0.707106781186554));
#5050=DIRECTION('center_axis',(1.,0.,-8.3790416952842E-17));
#5051=DIRECTION('ref_axis',(0.,0.707106781186541,0.707106781186554));
#5052=DIRECTION('center_axis',(-1.,0.,8.3790416952842E-17));
#5053=DIRECTION('ref_axis',(0.,0.707106781186541,0.707106781186554));
#5054=DIRECTION('',(1.,0.,0.));
#5055=DIRECTION('center_axis',(0.,0.,1.));
#5056=DIRECTION('ref_axis',(1.,0.,0.));
#5057=DIRECTION('',(-1.,0.,0.));
#5058=DIRECTION('',(0.,-1.,0.));
#5059=DIRECTION('',(0.,1.,0.));
#5060=DIRECTION('center_axis',(-1.,0.,0.));
#5061=DIRECTION('ref_axis',(0.,-0.707106781186541,0.707106781186554));
#5062=DIRECTION('center_axis',(-1.,0.,8.3790416952842E-17));
#5063=DIRECTION('ref_axis',(0.,-0.707106781186541,0.707106781186554));
#5064=DIRECTION('center_axis',(1.,0.,0.));
#5065=DIRECTION('ref_axis',(0.,-0.707106781186541,0.707106781186554));
#5066=DIRECTION('center_axis',(-1.,0.,0.));
#5067=DIRECTION('ref_axis',(0.,-0.707106781186541,0.707106781186554));
#5068=DIRECTION('center_axis',(1.,0.,-8.3790416952842E-17));
#5069=DIRECTION('ref_axis',(0.,-0.707106781186541,0.707106781186554));
#5070=DIRECTION('center_axis',(0.,0.,-1.));
#5071=DIRECTION('ref_axis',(-1.,0.,0.));
#5072=DIRECTION('',(1.,0.,0.));
#5073=DIRECTION('',(0.,-1.,0.));
#5074=DIRECTION('',(0.,1.,0.));
#5075=DIRECTION('center_axis',(1.,0.,0.));
#5076=DIRECTION('ref_axis',(0.,-0.707106781186554,-0.707106781186541));
#5077=DIRECTION('center_axis',(1.,0.,-8.3790416952842E-17));
#5078=DIRECTION('ref_axis',(0.,-0.707106781186554,-0.707106781186541));
#5079=DIRECTION('center_axis',(-1.,0.,0.));
#5080=DIRECTION('ref_axis',(0.,-0.707106781186554,-0.707106781186541));
#5081=DIRECTION('center_axis',(1.,0.,0.));
#5082=DIRECTION('ref_axis',(0.,-0.707106781186554,-0.707106781186541));
#5083=DIRECTION('center_axis',(-1.,0.,8.3790416952842E-17));
#5084=DIRECTION('ref_axis',(0.,-0.707106781186554,-0.707106781186541));
#5085=DIRECTION('center_axis',(1.,0.,0.));
#5086=DIRECTION('ref_axis',(0.,0.,-1.));
#5087=DIRECTION('center_axis',(-1.,0.,0.));
#5088=DIRECTION('ref_axis',(0.,0.,1.));
#5089=DIRECTION('',(0.,0.,1.));
#5090=DIRECTION('center_axis',(0.,1.,0.));
#5091=DIRECTION('ref_axis',(-1.,0.,0.));
#5092=DIRECTION('',(-1.,0.,0.));
#5093=DIRECTION('',(0.,0.,1.));
#5094=DIRECTION('',(1.,0.,0.));
#5095=DIRECTION('',(0.,0.,-1.));
#5096=DIRECTION('center_axis',(-1.,0.,0.));
#5097=DIRECTION('ref_axis',(0.,0.707106781186554,-0.707106781186541));
#5098=DIRECTION('center_axis',(-1.,0.,8.3790416952842E-17));
#5099=DIRECTION('ref_axis',(0.,0.707106781186554,-0.707106781186541));
#5100=DIRECTION('',(1.,0.,0.));
#5101=DIRECTION('center_axis',(1.,0.,-8.3790416952842E-17));
#5102=DIRECTION('ref_axis',(0.,0.707106781186554,-0.707106781186541));
#5103=DIRECTION('',(-1.,0.,0.));
#5104=DIRECTION('center_axis',(0.,1.,0.));
#5105=DIRECTION('ref_axis',(0.,0.,1.));
#5106=DIRECTION('',(-1.,0.,0.));
#5107=DIRECTION('',(8.3790416952842E-17,0.,1.));
#5108=DIRECTION('',(-8.3790416952842E-17,0.,-1.));
#5109=DIRECTION('center_axis',(1.,0.,0.));
#5110=DIRECTION('ref_axis',(0.,0.707106781186541,0.707106781186554));
#5111=DIRECTION('center_axis',(1.,0.,-8.3790416952842E-17));
#5112=DIRECTION('ref_axis',(0.,0.707106781186541,0.707106781186554));
#5113=DIRECTION('center_axis',(-1.,0.,8.3790416952842E-17));
#5114=DIRECTION('ref_axis',(0.,0.707106781186541,0.707106781186554));
#5115=DIRECTION('',(1.,0.,0.));
#5116=DIRECTION('center_axis',(0.,0.,1.));
#5117=DIRECTION('ref_axis',(1.,0.,0.));
#5118=DIRECTION('',(-1.,0.,0.));
#5119=DIRECTION('',(0.,-1.,0.));
#5120=DIRECTION('',(0.,1.,0.));
#5121=DIRECTION('center_axis',(-1.,0.,0.));
#5122=DIRECTION('ref_axis',(0.,-0.707106781186541,0.707106781186554));
#5123=DIRECTION('center_axis',(-1.,0.,8.3790416952842E-17));
#5124=DIRECTION('ref_axis',(0.,-0.707106781186541,0.707106781186554));
#5125=DIRECTION('center_axis',(1.,0.,0.));
#5126=DIRECTION('ref_axis',(0.,-0.707106781186541,0.707106781186554));
#5127=DIRECTION('center_axis',(-1.,0.,0.));
#5128=DIRECTION('ref_axis',(0.,-0.707106781186541,0.707106781186554));
#5129=DIRECTION('center_axis',(1.,0.,-8.3790416952842E-17));
#5130=DIRECTION('ref_axis',(0.,-0.707106781186541,0.707106781186554));
#5131=DIRECTION('center_axis',(0.,0.,-1.));
#5132=DIRECTION('ref_axis',(-1.,0.,0.));
#5133=DIRECTION('',(1.,0.,0.));
#5134=DIRECTION('',(0.,-1.,0.));
#5135=DIRECTION('',(0.,1.,0.));
#5136=DIRECTION('center_axis',(1.,0.,0.));
#5137=DIRECTION('ref_axis',(0.,-0.707106781186554,-0.707106781186541));
#5138=DIRECTION('center_axis',(1.,0.,-8.3790416952842E-17));
#5139=DIRECTION('ref_axis',(0.,-0.707106781186554,-0.707106781186541));
#5140=DIRECTION('center_axis',(-1.,0.,0.));
#5141=DIRECTION('ref_axis',(0.,-0.707106781186554,-0.707106781186541));
#5142=DIRECTION('center_axis',(1.,0.,0.));
#5143=DIRECTION('ref_axis',(0.,-0.707106781186554,-0.707106781186541));
#5144=DIRECTION('center_axis',(-1.,0.,8.3790416952842E-17));
#5145=DIRECTION('ref_axis',(0.,-0.707106781186554,-0.707106781186541));
#5146=DIRECTION('center_axis',(1.,0.,0.));
#5147=DIRECTION('ref_axis',(0.,0.,-1.));
#5148=DIRECTION('center_axis',(-1.,0.,0.));
#5149=DIRECTION('ref_axis',(0.,0.,1.));
#5150=DIRECTION('',(0.,0.,1.));
#5151=DIRECTION('center_axis',(0.,1.,0.));
#5152=DIRECTION('ref_axis',(-1.,0.,0.));
#5153=DIRECTION('',(-1.,0.,0.));
#5154=DIRECTION('',(0.,0.,1.));
#5155=DIRECTION('',(1.,0.,0.));
#5156=DIRECTION('',(0.,0.,-1.));
#5157=DIRECTION('center_axis',(-1.,0.,0.));
#5158=DIRECTION('ref_axis',(0.,0.707106781186554,-0.707106781186541));
#5159=DIRECTION('center_axis',(-1.,0.,8.3790416952842E-17));
#5160=DIRECTION('ref_axis',(0.,0.707106781186554,-0.707106781186541));
#5161=DIRECTION('',(1.,0.,0.));
#5162=DIRECTION('center_axis',(1.,0.,-8.3790416952842E-17));
#5163=DIRECTION('ref_axis',(0.,0.707106781186554,-0.707106781186541));
#5164=DIRECTION('',(-1.,0.,0.));
#5165=DIRECTION('center_axis',(0.,1.,0.));
#5166=DIRECTION('ref_axis',(0.,0.,1.));
#5167=DIRECTION('',(-1.,0.,0.));
#5168=DIRECTION('',(8.3790416952842E-17,0.,1.));
#5169=DIRECTION('',(-8.3790416952842E-17,0.,-1.));
#5170=DIRECTION('center_axis',(1.,0.,0.));
#5171=DIRECTION('ref_axis',(0.,0.707106781186541,0.707106781186554));
#5172=DIRECTION('center_axis',(1.,0.,-8.3790416952842E-17));
#5173=DIRECTION('ref_axis',(0.,0.707106781186541,0.707106781186554));
#5174=DIRECTION('center_axis',(-1.,0.,8.3790416952842E-17));
#5175=DIRECTION('ref_axis',(0.,0.707106781186541,0.707106781186554));
#5176=DIRECTION('',(1.,0.,0.));
#5177=DIRECTION('center_axis',(0.,0.,1.));
#5178=DIRECTION('ref_axis',(1.,0.,0.));
#5179=DIRECTION('',(-1.,0.,0.));
#5180=DIRECTION('',(0.,-1.,0.));
#5181=DIRECTION('',(0.,1.,0.));
#5182=DIRECTION('center_axis',(-1.,0.,0.));
#5183=DIRECTION('ref_axis',(0.,-0.707106781186541,0.707106781186554));
#5184=DIRECTION('center_axis',(-1.,0.,8.3790416952842E-17));
#5185=DIRECTION('ref_axis',(0.,-0.707106781186541,0.707106781186554));
#5186=DIRECTION('center_axis',(1.,0.,0.));
#5187=DIRECTION('ref_axis',(0.,-0.707106781186541,0.707106781186554));
#5188=DIRECTION('center_axis',(-1.,0.,0.));
#5189=DIRECTION('ref_axis',(0.,-0.707106781186541,0.707106781186554));
#5190=DIRECTION('center_axis',(1.,0.,-8.3790416952842E-17));
#5191=DIRECTION('ref_axis',(0.,-0.707106781186541,0.707106781186554));
#5192=DIRECTION('center_axis',(0.,0.,-1.));
#5193=DIRECTION('ref_axis',(-1.,0.,0.));
#5194=DIRECTION('',(1.,0.,0.));
#5195=DIRECTION('',(0.,-1.,0.));
#5196=DIRECTION('',(0.,1.,0.));
#5197=DIRECTION('center_axis',(1.,0.,0.));
#5198=DIRECTION('ref_axis',(0.,-0.707106781186554,-0.707106781186541));
#5199=DIRECTION('center_axis',(1.,0.,-8.3790416952842E-17));
#5200=DIRECTION('ref_axis',(0.,-0.707106781186554,-0.707106781186541));
#5201=DIRECTION('center_axis',(-1.,0.,0.));
#5202=DIRECTION('ref_axis',(0.,-0.707106781186554,-0.707106781186541));
#5203=DIRECTION('center_axis',(1.,0.,0.));
#5204=DIRECTION('ref_axis',(0.,-0.707106781186554,-0.707106781186541));
#5205=DIRECTION('center_axis',(-1.,0.,8.3790416952842E-17));
#5206=DIRECTION('ref_axis',(0.,-0.707106781186554,-0.707106781186541));
#5207=DIRECTION('center_axis',(1.,0.,0.));
#5208=DIRECTION('ref_axis',(0.,0.,-1.));
#5209=DIRECTION('center_axis',(-1.,0.,0.));
#5210=DIRECTION('ref_axis',(0.,0.,1.));
#5211=DIRECTION('',(0.,0.,1.));
#5212=DIRECTION('center_axis',(0.,1.,0.));
#5213=DIRECTION('ref_axis',(-1.,0.,0.));
#5214=DIRECTION('',(-1.,0.,0.));
#5215=DIRECTION('',(0.,0.,1.));
#5216=DIRECTION('',(1.,0.,0.));
#5217=DIRECTION('',(0.,0.,-1.));
#5218=DIRECTION('center_axis',(-1.,0.,0.));
#5219=DIRECTION('ref_axis',(0.,0.707106781186554,-0.707106781186541));
#5220=DIRECTION('center_axis',(-1.,0.,8.3790416952842E-17));
#5221=DIRECTION('ref_axis',(0.,0.707106781186554,-0.707106781186541));
#5222=DIRECTION('',(1.,0.,0.));
#5223=DIRECTION('center_axis',(1.,0.,-8.3790416952842E-17));
#5224=DIRECTION('ref_axis',(0.,0.707106781186554,-0.707106781186541));
#5225=DIRECTION('',(-1.,0.,0.));
#5226=DIRECTION('center_axis',(0.,1.,0.));
#5227=DIRECTION('ref_axis',(0.,0.,1.));
#5228=DIRECTION('',(-1.,0.,0.));
#5229=DIRECTION('',(8.3790416952842E-17,0.,1.));
#5230=DIRECTION('',(-8.3790416952842E-17,0.,-1.));
#5231=DIRECTION('center_axis',(1.,0.,0.));
#5232=DIRECTION('ref_axis',(0.,0.707106781186541,0.707106781186554));
#5233=DIRECTION('center_axis',(1.,0.,-8.3790416952842E-17));
#5234=DIRECTION('ref_axis',(0.,0.707106781186541,0.707106781186554));
#5235=DIRECTION('center_axis',(-1.,0.,8.3790416952842E-17));
#5236=DIRECTION('ref_axis',(0.,0.707106781186541,0.707106781186554));
#5237=DIRECTION('',(1.,0.,0.));
#5238=DIRECTION('center_axis',(0.,0.,1.));
#5239=DIRECTION('ref_axis',(1.,0.,0.));
#5240=DIRECTION('',(-1.,0.,0.));
#5241=DIRECTION('',(0.,-1.,0.));
#5242=DIRECTION('',(0.,1.,0.));
#5243=DIRECTION('center_axis',(-1.,0.,0.));
#5244=DIRECTION('ref_axis',(0.,-0.707106781186541,0.707106781186554));
#5245=DIRECTION('center_axis',(-1.,0.,8.3790416952842E-17));
#5246=DIRECTION('ref_axis',(0.,-0.707106781186541,0.707106781186554));
#5247=DIRECTION('center_axis',(1.,0.,0.));
#5248=DIRECTION('ref_axis',(0.,-0.707106781186541,0.707106781186554));
#5249=DIRECTION('center_axis',(-1.,0.,0.));
#5250=DIRECTION('ref_axis',(0.,-0.707106781186541,0.707106781186554));
#5251=DIRECTION('center_axis',(1.,0.,-8.3790416952842E-17));
#5252=DIRECTION('ref_axis',(0.,-0.707106781186541,0.707106781186554));
#5253=DIRECTION('center_axis',(0.,0.,-1.));
#5254=DIRECTION('ref_axis',(-1.,0.,0.));
#5255=DIRECTION('',(1.,0.,0.));
#5256=DIRECTION('',(0.,-1.,0.));
#5257=DIRECTION('',(0.,1.,0.));
#5258=DIRECTION('center_axis',(1.,0.,0.));
#5259=DIRECTION('ref_axis',(0.,-0.707106781186554,-0.707106781186541));
#5260=DIRECTION('center_axis',(1.,0.,-8.3790416952842E-17));
#5261=DIRECTION('ref_axis',(0.,-0.707106781186554,-0.707106781186541));
#5262=DIRECTION('center_axis',(-1.,0.,0.));
#5263=DIRECTION('ref_axis',(0.,-0.707106781186554,-0.707106781186541));
#5264=DIRECTION('center_axis',(1.,0.,0.));
#5265=DIRECTION('ref_axis',(0.,-0.707106781186554,-0.707106781186541));
#5266=DIRECTION('center_axis',(-1.,0.,8.3790416952842E-17));
#5267=DIRECTION('ref_axis',(0.,-0.707106781186554,-0.707106781186541));
#5268=DIRECTION('center_axis',(1.,0.,0.));
#5269=DIRECTION('ref_axis',(0.,0.,-1.));
#5270=DIRECTION('center_axis',(-1.,0.,0.));
#5271=DIRECTION('ref_axis',(0.,0.,1.));
#5272=DIRECTION('',(0.,0.,1.));
#5273=DIRECTION('center_axis',(0.,-1.,0.));
#5274=DIRECTION('ref_axis',(0.707106781186548,0.,0.707106781186547));
#5275=DIRECTION('center_axis',(0.,1.,0.));
#5276=DIRECTION('ref_axis',(-1.,0.,0.));
#5277=DIRECTION('',(0.,1.,0.));
#5278=DIRECTION('center_axis',(0.,-1.,0.));
#5279=DIRECTION('ref_axis',(-1.,0.,0.));
#5280=DIRECTION('',(0.,1.,0.));
#5281=DIRECTION('center_axis',(0.,1.,0.));
#5282=DIRECTION('ref_axis',(-1.,0.,0.));
#5283=DIRECTION('',(0.,-1.,0.));
#5284=DIRECTION('center_axis',(0.,-1.,0.));
#5285=DIRECTION('ref_axis',(-1.,0.,0.));
#5286=DIRECTION('',(0.,1.,0.));
#5287=DIRECTION('center_axis',(0.,1.,0.));
#5288=DIRECTION('ref_axis',(-1.,0.,0.));
#5289=DIRECTION('',(0.,-1.,0.));
#5290=DIRECTION('center_axis',(0.,-1.,0.));
#5291=DIRECTION('ref_axis',(-1.,0.,0.));
#5292=DIRECTION('center_axis',(-1.,0.,0.));
#5293=DIRECTION('ref_axis',(0.,0.707106781186554,-0.707106781186541));
#5294=DIRECTION('',(1.,0.,0.));
#5295=DIRECTION('',(-1.,0.,0.));
#5296=DIRECTION('center_axis',(0.,1.,0.));
#5297=DIRECTION('ref_axis',(0.,0.,1.));
#5298=DIRECTION('',(-1.,0.,0.));
#5299=DIRECTION('center_axis',(0.,1.,0.));
#5300=DIRECTION('ref_axis',(-1.,0.,0.));
#5301=DIRECTION('center_axis',(0.,0.,-1.));
#5302=DIRECTION('ref_axis',(-1.,0.,0.));
#5303=DIRECTION('',(0.,1.,0.));
#5304=DIRECTION('',(1.,0.,0.));
#5305=DIRECTION('center_axis',(1.,0.,0.));
#5306=DIRECTION('ref_axis',(0.,-0.707106781186554,-0.707106781186541));
#5307=DIRECTION('',(-1.,0.,0.));
#5308=DIRECTION('center_axis',(-1.,0.,0.));
#5309=DIRECTION('ref_axis',(0.,-0.707106781186541,0.707106781186554));
#5310=DIRECTION('',(1.,0.,0.));
#5311=DIRECTION('',(-1.,0.,0.));
#5312=DIRECTION('center_axis',(-1.,0.,0.));
#5313=DIRECTION('ref_axis',(0.,-0.707106781186541,0.707106781186554));
#5314=DIRECTION('center_axis',(1.,0.,0.));
#5315=DIRECTION('ref_axis',(0.,-0.707106781186541,0.707106781186554));
#5316=DIRECTION('',(1.,0.,0.));
#5317=DIRECTION('center_axis',(-1.,0.,0.));
#5318=DIRECTION('ref_axis',(0.,-0.707106781186541,0.707106781186554));
#5319=DIRECTION('',(1.,0.,0.));
#5320=DIRECTION('center_axis',(-1.,0.,0.));
#5321=DIRECTION('ref_axis',(0.,-0.707106781186541,0.707106781186554));
#5322=DIRECTION('center_axis',(1.,0.,0.));
#5323=DIRECTION('ref_axis',(0.,0.,-1.));
#5324=DIRECTION('',(0.,0.,1.));
#5325=DIRECTION('center_axis',(-1.,0.,0.));
#5326=DIRECTION('ref_axis',(0.,-0.707106781186554,-0.707106781186541));
#5327=DIRECTION('center_axis',(1.,0.,0.));
#5328=DIRECTION('ref_axis',(0.,-0.707106781186554,-0.707106781186541));
#5329=DIRECTION('',(-1.,0.,0.));
#5330=DIRECTION('center_axis',(1.,0.,0.));
#5331=DIRECTION('ref_axis',(0.,-0.707106781186554,-0.707106781186541));
#5332=DIRECTION('center_axis',(1.,0.,0.));
#5333=DIRECTION('ref_axis',(0.,-0.707106781186554,-0.707106781186541));
#5334=DIRECTION('',(-1.,0.,0.));
#5335=DIRECTION('center_axis',(0.,0.,1.));
#5336=DIRECTION('ref_axis',(1.,0.,0.));
#5337=DIRECTION('',(0.,-1.,0.));
#5338=DIRECTION('',(1.,0.,0.));
#5339=DIRECTION('center_axis',(1.,0.,0.));
#5340=DIRECTION('ref_axis',(0.,0.707106781186541,0.707106781186554));
#5341=DIRECTION('center_axis',(-1.,0.,0.));
#5342=DIRECTION('ref_axis',(0.,0.,1.));
#5343=DIRECTION('',(0.,0.,-1.));
#5344=DIRECTION('center_axis',(0.,1.,0.));
#5345=DIRECTION('ref_axis',(-1.,0.,0.));
#5346=DIRECTION('',(-1.,0.,0.));
#5347=DIRECTION('',(0.,0.,1.));
#5348=DIRECTION('',(1.,0.,0.));
#5349=DIRECTION('',(0.,0.,-1.));
#5350=DIRECTION('center_axis',(-1.,0.,0.));
#5351=DIRECTION('ref_axis',(0.,0.707106781186554,-0.707106781186541));
#5352=DIRECTION('center_axis',(-1.,0.,8.3790416952842E-17));
#5353=DIRECTION('ref_axis',(0.,0.707106781186554,-0.707106781186541));
#5354=DIRECTION('',(1.,0.,0.));
#5355=DIRECTION('center_axis',(1.,0.,-8.3790416952842E-17));
#5356=DIRECTION('ref_axis',(0.,0.707106781186554,-0.707106781186541));
#5357=DIRECTION('',(-1.,0.,0.));
#5358=DIRECTION('center_axis',(0.,1.,0.));
#5359=DIRECTION('ref_axis',(0.,0.,1.));
#5360=DIRECTION('',(-1.,0.,0.));
#5361=DIRECTION('',(8.3790416952842E-17,0.,1.));
#5362=DIRECTION('',(-8.3790416952842E-17,0.,-1.));
#5363=DIRECTION('center_axis',(1.,0.,0.));
#5364=DIRECTION('ref_axis',(0.,0.707106781186541,0.707106781186554));
#5365=DIRECTION('center_axis',(1.,0.,-8.3790416952842E-17));
#5366=DIRECTION('ref_axis',(0.,0.707106781186541,0.707106781186554));
#5367=DIRECTION('center_axis',(-1.,0.,8.3790416952842E-17));
#5368=DIRECTION('ref_axis',(0.,0.707106781186541,0.707106781186554));
#5369=DIRECTION('',(1.,0.,0.));
#5370=DIRECTION('center_axis',(0.,0.,1.));
#5371=DIRECTION('ref_axis',(1.,0.,0.));
#5372=DIRECTION('',(-1.,0.,0.));
#5373=DIRECTION('',(0.,-1.,0.));
#5374=DIRECTION('',(0.,1.,0.));
#5375=DIRECTION('center_axis',(-1.,0.,0.));
#5376=DIRECTION('ref_axis',(0.,-0.707106781186541,0.707106781186554));
#5377=DIRECTION('center_axis',(-1.,0.,8.3790416952842E-17));
#5378=DIRECTION('ref_axis',(0.,-0.707106781186541,0.707106781186554));
#5379=DIRECTION('center_axis',(1.,0.,0.));
#5380=DIRECTION('ref_axis',(0.,-0.707106781186541,0.707106781186554));
#5381=DIRECTION('center_axis',(-1.,0.,0.));
#5382=DIRECTION('ref_axis',(0.,-0.707106781186541,0.707106781186554));
#5383=DIRECTION('center_axis',(1.,0.,-8.3790416952842E-17));
#5384=DIRECTION('ref_axis',(0.,-0.707106781186541,0.707106781186554));
#5385=DIRECTION('center_axis',(0.,0.,-1.));
#5386=DIRECTION('ref_axis',(-1.,0.,0.));
#5387=DIRECTION('',(1.,0.,0.));
#5388=DIRECTION('',(0.,-1.,0.));
#5389=DIRECTION('',(0.,1.,0.));
#5390=DIRECTION('center_axis',(1.,0.,0.));
#5391=DIRECTION('ref_axis',(0.,-0.707106781186554,-0.707106781186541));
#5392=DIRECTION('center_axis',(1.,0.,-8.3790416952842E-17));
#5393=DIRECTION('ref_axis',(0.,-0.707106781186554,-0.707106781186541));
#5394=DIRECTION('center_axis',(-1.,0.,0.));
#5395=DIRECTION('ref_axis',(0.,-0.707106781186554,-0.707106781186541));
#5396=DIRECTION('center_axis',(1.,0.,0.));
#5397=DIRECTION('ref_axis',(0.,-0.707106781186554,-0.707106781186541));
#5398=DIRECTION('center_axis',(-1.,0.,8.3790416952842E-17));
#5399=DIRECTION('ref_axis',(0.,-0.707106781186554,-0.707106781186541));
#5400=DIRECTION('center_axis',(1.,0.,0.));
#5401=DIRECTION('ref_axis',(0.,0.,-1.));
#5402=DIRECTION('center_axis',(-1.,0.,0.));
#5403=DIRECTION('ref_axis',(0.,0.,1.));
#5404=DIRECTION('',(0.,0.,1.));
#5405=DIRECTION('center_axis',(0.,1.,0.));
#5406=DIRECTION('ref_axis',(-1.,0.,0.));
#5407=DIRECTION('',(-1.,0.,0.));
#5408=DIRECTION('',(0.,0.,1.));
#5409=DIRECTION('',(1.,0.,0.));
#5410=DIRECTION('',(0.,0.,-1.));
#5411=DIRECTION('center_axis',(-1.,0.,0.));
#5412=DIRECTION('ref_axis',(0.,0.707106781186554,-0.707106781186541));
#5413=DIRECTION('center_axis',(-1.,0.,8.3790416952842E-17));
#5414=DIRECTION('ref_axis',(0.,0.707106781186554,-0.707106781186541));
#5415=DIRECTION('',(1.,0.,0.));
#5416=DIRECTION('center_axis',(1.,0.,-8.3790416952842E-17));
#5417=DIRECTION('ref_axis',(0.,0.707106781186554,-0.707106781186541));
#5418=DIRECTION('',(-1.,0.,0.));
#5419=DIRECTION('center_axis',(0.,1.,0.));
#5420=DIRECTION('ref_axis',(0.,0.,1.));
#5421=DIRECTION('',(-1.,0.,0.));
#5422=DIRECTION('',(8.3790416952842E-17,0.,1.));
#5423=DIRECTION('',(-8.3790416952842E-17,0.,-1.));
#5424=DIRECTION('center_axis',(1.,0.,0.));
#5425=DIRECTION('ref_axis',(0.,0.707106781186541,0.707106781186554));
#5426=DIRECTION('center_axis',(1.,0.,-8.3790416952842E-17));
#5427=DIRECTION('ref_axis',(0.,0.707106781186541,0.707106781186554));
#5428=DIRECTION('center_axis',(-1.,0.,8.3790416952842E-17));
#5429=DIRECTION('ref_axis',(0.,0.707106781186541,0.707106781186554));
#5430=DIRECTION('',(1.,0.,0.));
#5431=DIRECTION('center_axis',(0.,0.,1.));
#5432=DIRECTION('ref_axis',(1.,0.,0.));
#5433=DIRECTION('',(-1.,0.,0.));
#5434=DIRECTION('',(0.,-1.,0.));
#5435=DIRECTION('',(0.,1.,0.));
#5436=DIRECTION('center_axis',(-1.,0.,0.));
#5437=DIRECTION('ref_axis',(0.,-0.707106781186541,0.707106781186554));
#5438=DIRECTION('center_axis',(-1.,0.,8.3790416952842E-17));
#5439=DIRECTION('ref_axis',(0.,-0.707106781186541,0.707106781186554));
#5440=DIRECTION('center_axis',(1.,0.,0.));
#5441=DIRECTION('ref_axis',(0.,-0.707106781186541,0.707106781186554));
#5442=DIRECTION('center_axis',(-1.,0.,0.));
#5443=DIRECTION('ref_axis',(0.,-0.707106781186541,0.707106781186554));
#5444=DIRECTION('center_axis',(1.,0.,-8.3790416952842E-17));
#5445=DIRECTION('ref_axis',(0.,-0.707106781186541,0.707106781186554));
#5446=DIRECTION('center_axis',(0.,0.,-1.));
#5447=DIRECTION('ref_axis',(-1.,0.,0.));
#5448=DIRECTION('',(1.,0.,0.));
#5449=DIRECTION('',(0.,-1.,0.));
#5450=DIRECTION('',(0.,1.,0.));
#5451=DIRECTION('center_axis',(1.,0.,0.));
#5452=DIRECTION('ref_axis',(0.,-0.707106781186554,-0.707106781186541));
#5453=DIRECTION('center_axis',(1.,0.,-8.3790416952842E-17));
#5454=DIRECTION('ref_axis',(0.,-0.707106781186554,-0.707106781186541));
#5455=DIRECTION('center_axis',(-1.,0.,0.));
#5456=DIRECTION('ref_axis',(0.,-0.707106781186554,-0.707106781186541));
#5457=DIRECTION('center_axis',(1.,0.,0.));
#5458=DIRECTION('ref_axis',(0.,-0.707106781186554,-0.707106781186541));
#5459=DIRECTION('center_axis',(-1.,0.,8.3790416952842E-17));
#5460=DIRECTION('ref_axis',(0.,-0.707106781186554,-0.707106781186541));
#5461=DIRECTION('center_axis',(1.,0.,0.));
#5462=DIRECTION('ref_axis',(0.,0.,-1.));
#5463=DIRECTION('center_axis',(-1.,0.,0.));
#5464=DIRECTION('ref_axis',(0.,0.,1.));
#5465=DIRECTION('',(0.,0.,1.));
#5466=DIRECTION('center_axis',(0.,-1.,0.));
#5467=DIRECTION('ref_axis',(-1.,0.,0.));
#5468=DIRECTION('center_axis',(0.,1.,0.));
#5469=DIRECTION('ref_axis',(-1.,0.,0.));
#5470=DIRECTION('center_axis',(0.,-1.,0.));
#5471=DIRECTION('ref_axis',(-1.,0.,0.));
#5472=DIRECTION('center_axis',(0.,-1.,0.));
#5473=DIRECTION('ref_axis',(-1.,0.,0.));
#5474=DIRECTION('',(0.,1.,0.));
#5475=DIRECTION('center_axis',(0.,1.,0.));
#5476=DIRECTION('ref_axis',(-1.,0.,0.));
#5477=DIRECTION('',(0.,-1.,0.));
#5478=DIRECTION('center_axis',(0.,-1.,0.));
#5479=DIRECTION('ref_axis',(-1.,0.,0.));
#5480=DIRECTION('',(0.,-1.,0.));
#5481=DIRECTION('center_axis',(0.,0.,-1.));
#5482=DIRECTION('ref_axis',(-0.70710678118655,-0.707106781186545,0.));
#5483=DIRECTION('',(0.,0.,1.));
#5484=DIRECTION('center_axis',(0.,0.,-1.));
#5485=DIRECTION('ref_axis',(0.,-1.,0.));
#5486=DIRECTION('',(0.,0.,-1.));
#5487=DIRECTION('',(0.,0.,1.));
#5488=DIRECTION('',(0.,0.,1.));
#5489=DIRECTION('',(0.,0.,1.));
#5490=DIRECTION('',(0.,0.,1.));
#5491=DIRECTION('',(0.,0.,1.));
#5492=DIRECTION('',(0.,0.,1.));
#5493=DIRECTION('',(0.,0.,1.));
#5494=DIRECTION('',(0.,0.,1.));
#5495=DIRECTION('',(0.,0.,1.));
#5496=DIRECTION('',(0.,0.,1.));
#5497=DIRECTION('',(0.,0.,1.));
#5498=DIRECTION('',(0.,0.,1.));
#5499=DIRECTION('',(0.,0.,1.));
#5500=DIRECTION('',(0.,0.,1.));
#5501=DIRECTION('',(0.,0.,1.));
#5502=DIRECTION('',(0.,0.,1.));
#5503=DIRECTION('',(0.,0.,1.));
#5504=DIRECTION('',(0.,0.,1.));
#5505=DIRECTION('',(0.,0.,1.));
#5506=DIRECTION('',(0.,0.,1.));
#5507=DIRECTION('center_axis',(-1.,0.,0.));
#5508=DIRECTION('ref_axis',(0.,-0.707106781186541,0.707106781186554));
#5509=DIRECTION('center_axis',(1.,0.,0.));
#5510=DIRECTION('ref_axis',(0.,-0.707106781186541,0.707106781186554));
#5511=DIRECTION('',(1.,0.,0.));
#5512=DIRECTION('center_axis',(-1.,0.,0.));
#5513=DIRECTION('ref_axis',(0.,0.,1.));
#5514=DIRECTION('center_axis',(1.,0.,0.));
#5515=DIRECTION('ref_axis',(0.,-0.707106781186554,-0.707106781186541));
#5516=DIRECTION('',(0.,0.,-1.));
#5517=DIRECTION('center_axis',(0.,0.,-1.));
#5518=DIRECTION('ref_axis',(-1.,0.,0.));
#5519=DIRECTION('',(-1.,0.,0.));
#5520=DIRECTION('',(1.,0.,0.));
#5521=DIRECTION('center_axis',(-1.,0.,0.));
#5522=DIRECTION('ref_axis',(0.,-0.707106781186541,0.707106781186554));
#5523=DIRECTION('',(1.,0.,0.));
#5524=DIRECTION('',(-1.,0.,0.));
#5525=DIRECTION('center_axis',(-1.,0.,0.));
#5526=DIRECTION('ref_axis',(0.,-0.707106781186541,0.707106781186554));
#5527=DIRECTION('',(1.,0.,0.));
#5528=DIRECTION('center_axis',(-1.,0.,0.));
#5529=DIRECTION('ref_axis',(0.,-0.707106781186541,0.707106781186554));
#5530=DIRECTION('center_axis',(1.,0.,0.));
#5531=DIRECTION('ref_axis',(0.,0.,-1.));
#5532=DIRECTION('',(0.,0.,1.));
#5533=DIRECTION('center_axis',(-1.,0.,0.));
#5534=DIRECTION('ref_axis',(0.,-0.707106781186554,-0.707106781186541));
#5535=DIRECTION('center_axis',(1.,0.,0.));
#5536=DIRECTION('ref_axis',(0.,-0.707106781186554,-0.707106781186541));
#5537=DIRECTION('',(-1.,0.,0.));
#5538=DIRECTION('center_axis',(1.,0.,0.));
#5539=DIRECTION('ref_axis',(0.,-0.707106781186554,-0.707106781186541));
#5540=DIRECTION('',(-1.,0.,0.));
#5541=DIRECTION('center_axis',(1.,0.,0.));
#5542=DIRECTION('ref_axis',(0.,-0.707106781186554,-0.707106781186541));
#5543=DIRECTION('',(-1.,0.,0.));
#5544=DIRECTION('center_axis',(0.,0.,1.));
#5545=DIRECTION('ref_axis',(1.,0.,0.));
#5546=DIRECTION('',(1.,0.,0.));
#5547=DIRECTION('center_axis',(1.,0.,0.));
#5548=DIRECTION('ref_axis',(0.,0.707106781186541,0.707106781186554));
#5549=DIRECTION('',(-1.,0.,0.));
#5550=DIRECTION('center_axis',(-1.,0.,0.));
#5551=DIRECTION('ref_axis',(0.,0.707106781186554,-0.707106781186541));
#5552=DIRECTION('',(1.,0.,0.));
#5553=DIRECTION('center_axis',(0.,1.,0.));
#5554=DIRECTION('ref_axis',(0.,0.,1.));
#5555=DIRECTION('center_axis',(0.,-1.,0.));
#5556=DIRECTION('ref_axis',(0.707106781186547,0.,-0.707106781186548));
#5557=DIRECTION('center_axis',(0.,1.,0.));
#5558=DIRECTION('ref_axis',(-1.,0.,0.));
#5559=DIRECTION('',(0.,1.,0.));
#5560=DIRECTION('center_axis',(0.,-1.,0.));
#5561=DIRECTION('ref_axis',(-1.,0.,0.));
#5562=DIRECTION('',(0.,1.,0.));
#5563=DIRECTION('center_axis',(0.,1.,0.));
#5564=DIRECTION('ref_axis',(-1.,0.,0.));
#5565=DIRECTION('',(0.,-1.,0.));
#5566=DIRECTION('center_axis',(0.,-1.,0.));
#5567=DIRECTION('ref_axis',(-1.,0.,0.));
#5568=DIRECTION('',(0.,1.,0.));
#5569=DIRECTION('center_axis',(0.,1.,0.));
#5570=DIRECTION('ref_axis',(-1.,0.,0.));
#5571=DIRECTION('',(0.,-1.,0.));
#5572=DIRECTION('center_axis',(0.,-1.,0.));
#5573=DIRECTION('ref_axis',(-1.,0.,0.));
#5574=DIRECTION('',(0.,-1.,0.));
#5575=DIRECTION('center_axis',(-1.,0.,0.));
#5576=DIRECTION('ref_axis',(0.,0.707106781186554,-0.707106781186541));
#5577=DIRECTION('',(1.,0.,0.));
#5578=DIRECTION('',(-1.,0.,0.));
#5579=DIRECTION('center_axis',(0.,1.,0.));
#5580=DIRECTION('ref_axis',(0.,0.,1.));
#5581=DIRECTION('',(-1.,0.,0.));
#5582=DIRECTION('center_axis',(0.,1.,0.));
#5583=DIRECTION('ref_axis',(-1.,0.,0.));
#5584=DIRECTION('center_axis',(0.,0.,-1.));
#5585=DIRECTION('ref_axis',(-1.,0.,0.));
#5586=DIRECTION('',(0.,1.,0.));
#5587=DIRECTION('',(1.,0.,0.));
#5588=DIRECTION('center_axis',(1.,0.,0.));
#5589=DIRECTION('ref_axis',(0.,-0.707106781186554,-0.707106781186541));
#5590=DIRECTION('',(-1.,0.,0.));
#5591=DIRECTION('center_axis',(-1.,0.,0.));
#5592=DIRECTION('ref_axis',(0.,-0.707106781186541,0.707106781186554));
#5593=DIRECTION('',(1.,0.,0.));
#5594=DIRECTION('',(-1.,0.,0.));
#5595=DIRECTION('center_axis',(-1.,0.,0.));
#5596=DIRECTION('ref_axis',(0.,-0.707106781186541,0.707106781186554));
#5597=DIRECTION('center_axis',(1.,0.,0.));
#5598=DIRECTION('ref_axis',(0.,-0.707106781186541,0.707106781186554));
#5599=DIRECTION('',(1.,0.,0.));
#5600=DIRECTION('center_axis',(-1.,0.,0.));
#5601=DIRECTION('ref_axis',(0.,-0.707106781186541,0.707106781186554));
#5602=DIRECTION('',(1.,0.,0.));
#5603=DIRECTION('center_axis',(-1.,0.,0.));
#5604=DIRECTION('ref_axis',(0.,-0.707106781186541,0.707106781186554));
#5605=DIRECTION('center_axis',(1.,0.,0.));
#5606=DIRECTION('ref_axis',(0.,0.,-1.));
#5607=DIRECTION('',(0.,0.,1.));
#5608=DIRECTION('center_axis',(-1.,0.,0.));
#5609=DIRECTION('ref_axis',(0.,-0.707106781186554,-0.707106781186541));
#5610=DIRECTION('center_axis',(1.,0.,0.));
#5611=DIRECTION('ref_axis',(0.,-0.707106781186554,-0.707106781186541));
#5612=DIRECTION('',(-1.,0.,0.));
#5613=DIRECTION('center_axis',(1.,0.,0.));
#5614=DIRECTION('ref_axis',(0.,-0.707106781186554,-0.707106781186541));
#5615=DIRECTION('center_axis',(1.,0.,0.));
#5616=DIRECTION('ref_axis',(0.,-0.707106781186554,-0.707106781186541));
#5617=DIRECTION('',(-1.,0.,0.));
#5618=DIRECTION('center_axis',(0.,0.,1.));
#5619=DIRECTION('ref_axis',(1.,0.,0.));
#5620=DIRECTION('',(0.,-1.,0.));
#5621=DIRECTION('',(1.,0.,0.));
#5622=DIRECTION('center_axis',(1.,0.,0.));
#5623=DIRECTION('ref_axis',(0.,0.707106781186541,0.707106781186554));
#5624=DIRECTION('center_axis',(-1.,0.,0.));
#5625=DIRECTION('ref_axis',(0.,0.,1.));
#5626=DIRECTION('',(0.,0.,-1.));
#5627=DIRECTION('center_axis',(0.,1.,0.));
#5628=DIRECTION('ref_axis',(-1.,0.,0.));
#5629=DIRECTION('',(-1.,0.,0.));
#5630=DIRECTION('',(0.,0.,1.));
#5631=DIRECTION('',(1.,0.,0.));
#5632=DIRECTION('',(0.,0.,-1.));
#5633=DIRECTION('center_axis',(-1.,0.,0.));
#5634=DIRECTION('ref_axis',(0.,0.707106781186554,-0.707106781186541));
#5635=DIRECTION('center_axis',(-1.,0.,8.3790416952842E-17));
#5636=DIRECTION('ref_axis',(0.,0.707106781186554,-0.707106781186541));
#5637=DIRECTION('',(1.,0.,0.));
#5638=DIRECTION('center_axis',(1.,0.,-8.3790416952842E-17));
#5639=DIRECTION('ref_axis',(0.,0.707106781186554,-0.707106781186541));
#5640=DIRECTION('',(-1.,0.,0.));
#5641=DIRECTION('center_axis',(0.,1.,0.));
#5642=DIRECTION('ref_axis',(0.,0.,1.));
#5643=DIRECTION('',(-1.,0.,0.));
#5644=DIRECTION('',(8.3790416952842E-17,0.,1.));
#5645=DIRECTION('',(-8.3790416952842E-17,0.,-1.));
#5646=DIRECTION('center_axis',(1.,0.,0.));
#5647=DIRECTION('ref_axis',(0.,0.707106781186541,0.707106781186554));
#5648=DIRECTION('center_axis',(1.,0.,-8.3790416952842E-17));
#5649=DIRECTION('ref_axis',(0.,0.707106781186541,0.707106781186554));
#5650=DIRECTION('center_axis',(-1.,0.,8.3790416952842E-17));
#5651=DIRECTION('ref_axis',(0.,0.707106781186541,0.707106781186554));
#5652=DIRECTION('',(1.,0.,0.));
#5653=DIRECTION('center_axis',(0.,0.,1.));
#5654=DIRECTION('ref_axis',(1.,0.,0.));
#5655=DIRECTION('',(-1.,0.,0.));
#5656=DIRECTION('',(0.,-1.,0.));
#5657=DIRECTION('',(0.,1.,0.));
#5658=DIRECTION('center_axis',(-1.,0.,0.));
#5659=DIRECTION('ref_axis',(0.,-0.707106781186541,0.707106781186554));
#5660=DIRECTION('center_axis',(-1.,0.,8.3790416952842E-17));
#5661=DIRECTION('ref_axis',(0.,-0.707106781186541,0.707106781186554));
#5662=DIRECTION('center_axis',(1.,0.,0.));
#5663=DIRECTION('ref_axis',(0.,-0.707106781186541,0.707106781186554));
#5664=DIRECTION('center_axis',(-1.,0.,0.));
#5665=DIRECTION('ref_axis',(0.,-0.707106781186541,0.707106781186554));
#5666=DIRECTION('center_axis',(1.,0.,-8.3790416952842E-17));
#5667=DIRECTION('ref_axis',(0.,-0.707106781186541,0.707106781186554));
#5668=DIRECTION('center_axis',(0.,0.,-1.));
#5669=DIRECTION('ref_axis',(-1.,0.,0.));
#5670=DIRECTION('',(1.,0.,0.));
#5671=DIRECTION('',(0.,-1.,0.));
#5672=DIRECTION('',(0.,1.,0.));
#5673=DIRECTION('center_axis',(1.,0.,0.));
#5674=DIRECTION('ref_axis',(0.,-0.707106781186554,-0.707106781186541));
#5675=DIRECTION('center_axis',(1.,0.,-8.3790416952842E-17));
#5676=DIRECTION('ref_axis',(0.,-0.707106781186554,-0.707106781186541));
#5677=DIRECTION('center_axis',(-1.,0.,0.));
#5678=DIRECTION('ref_axis',(0.,-0.707106781186554,-0.707106781186541));
#5679=DIRECTION('center_axis',(1.,0.,0.));
#5680=DIRECTION('ref_axis',(0.,-0.707106781186554,-0.707106781186541));
#5681=DIRECTION('center_axis',(-1.,0.,8.3790416952842E-17));
#5682=DIRECTION('ref_axis',(0.,-0.707106781186554,-0.707106781186541));
#5683=DIRECTION('center_axis',(1.,0.,0.));
#5684=DIRECTION('ref_axis',(0.,0.,-1.));
#5685=DIRECTION('center_axis',(-1.,0.,0.));
#5686=DIRECTION('ref_axis',(0.,0.,1.));
#5687=DIRECTION('center_axis',(0.,1.,0.));
#5688=DIRECTION('ref_axis',(-1.,0.,0.));
#5689=DIRECTION('',(-1.,0.,0.));
#5690=DIRECTION('',(0.,0.,1.));
#5691=DIRECTION('',(1.,0.,0.));
#5692=DIRECTION('',(0.,0.,-1.));
#5693=DIRECTION('center_axis',(-1.,0.,0.));
#5694=DIRECTION('ref_axis',(0.,0.707106781186554,-0.707106781186541));
#5695=DIRECTION('center_axis',(-1.,0.,8.3790416952842E-17));
#5696=DIRECTION('ref_axis',(0.,0.707106781186554,-0.707106781186541));
#5697=DIRECTION('',(1.,0.,0.));
#5698=DIRECTION('center_axis',(1.,0.,-8.3790416952842E-17));
#5699=DIRECTION('ref_axis',(0.,0.707106781186554,-0.707106781186541));
#5700=DIRECTION('',(-1.,0.,0.));
#5701=DIRECTION('center_axis',(0.,1.,0.));
#5702=DIRECTION('ref_axis',(0.,0.,1.));
#5703=DIRECTION('',(-1.,0.,0.));
#5704=DIRECTION('',(8.3790416952842E-17,0.,1.));
#5705=DIRECTION('',(-8.3790416952842E-17,0.,-1.));
#5706=DIRECTION('center_axis',(1.,0.,0.));
#5707=DIRECTION('ref_axis',(0.,0.707106781186541,0.707106781186554));
#5708=DIRECTION('center_axis',(1.,0.,-8.3790416952842E-17));
#5709=DIRECTION('ref_axis',(0.,0.707106781186541,0.707106781186554));
#5710=DIRECTION('center_axis',(-1.,0.,8.3790416952842E-17));
#5711=DIRECTION('ref_axis',(0.,0.707106781186541,0.707106781186554));
#5712=DIRECTION('',(1.,0.,0.));
#5713=DIRECTION('center_axis',(0.,0.,1.));
#5714=DIRECTION('ref_axis',(1.,0.,0.));
#5715=DIRECTION('',(-1.,0.,0.));
#5716=DIRECTION('',(0.,-1.,0.));
#5717=DIRECTION('',(0.,1.,0.));
#5718=DIRECTION('center_axis',(-1.,0.,0.));
#5719=DIRECTION('ref_axis',(0.,-0.707106781186541,0.707106781186554));
#5720=DIRECTION('center_axis',(-1.,0.,8.3790416952842E-17));
#5721=DIRECTION('ref_axis',(0.,-0.707106781186541,0.707106781186554));
#5722=DIRECTION('center_axis',(1.,0.,0.));
#5723=DIRECTION('ref_axis',(0.,-0.707106781186541,0.707106781186554));
#5724=DIRECTION('center_axis',(-1.,0.,0.));
#5725=DIRECTION('ref_axis',(0.,-0.707106781186541,0.707106781186554));
#5726=DIRECTION('center_axis',(1.,0.,-8.3790416952842E-17));
#5727=DIRECTION('ref_axis',(0.,-0.707106781186541,0.707106781186554));
#5728=DIRECTION('center_axis',(0.,0.,-1.));
#5729=DIRECTION('ref_axis',(-1.,0.,0.));
#5730=DIRECTION('',(1.,0.,0.));
#5731=DIRECTION('',(0.,-1.,0.));
#5732=DIRECTION('',(0.,1.,0.));
#5733=DIRECTION('center_axis',(1.,0.,0.));
#5734=DIRECTION('ref_axis',(0.,-0.707106781186554,-0.707106781186541));
#5735=DIRECTION('center_axis',(1.,0.,-8.3790416952842E-17));
#5736=DIRECTION('ref_axis',(0.,-0.707106781186554,-0.707106781186541));
#5737=DIRECTION('center_axis',(-1.,0.,0.));
#5738=DIRECTION('ref_axis',(0.,-0.707106781186554,-0.707106781186541));
#5739=DIRECTION('center_axis',(1.,0.,0.));
#5740=DIRECTION('ref_axis',(0.,-0.707106781186554,-0.707106781186541));
#5741=DIRECTION('center_axis',(-1.,0.,8.3790416952842E-17));
#5742=DIRECTION('ref_axis',(0.,-0.707106781186554,-0.707106781186541));
#5743=DIRECTION('center_axis',(1.,0.,0.));
#5744=DIRECTION('ref_axis',(0.,0.,-1.));
#5745=DIRECTION('center_axis',(-1.,0.,0.));
#5746=DIRECTION('ref_axis',(0.,0.,1.));
#5747=DIRECTION('center_axis',(0.,1.,0.));
#5748=DIRECTION('ref_axis',(-1.,0.,0.));
#5749=DIRECTION('',(-1.,0.,0.));
#5750=DIRECTION('',(0.,0.,1.));
#5751=DIRECTION('',(1.,0.,0.));
#5752=DIRECTION('',(0.,0.,-1.));
#5753=DIRECTION('center_axis',(-1.,0.,0.));
#5754=DIRECTION('ref_axis',(0.,0.707106781186554,-0.707106781186541));
#5755=DIRECTION('center_axis',(-1.,0.,8.3790416952842E-17));
#5756=DIRECTION('ref_axis',(0.,0.707106781186554,-0.707106781186541));
#5757=DIRECTION('',(1.,0.,0.));
#5758=DIRECTION('center_axis',(1.,0.,-8.3790416952842E-17));
#5759=DIRECTION('ref_axis',(0.,0.707106781186554,-0.707106781186541));
#5760=DIRECTION('',(-1.,0.,0.));
#5761=DIRECTION('center_axis',(0.,1.,0.));
#5762=DIRECTION('ref_axis',(0.,0.,1.));
#5763=DIRECTION('',(-1.,0.,0.));
#5764=DIRECTION('',(8.3790416952842E-17,0.,1.));
#5765=DIRECTION('',(-8.3790416952842E-17,0.,-1.));
#5766=DIRECTION('center_axis',(1.,0.,0.));
#5767=DIRECTION('ref_axis',(0.,0.707106781186541,0.707106781186554));
#5768=DIRECTION('center_axis',(1.,0.,-8.3790416952842E-17));
#5769=DIRECTION('ref_axis',(0.,0.707106781186541,0.707106781186554));
#5770=DIRECTION('center_axis',(-1.,0.,8.3790416952842E-17));
#5771=DIRECTION('ref_axis',(0.,0.707106781186541,0.707106781186554));
#5772=DIRECTION('',(1.,0.,0.));
#5773=DIRECTION('center_axis',(0.,0.,1.));
#5774=DIRECTION('ref_axis',(1.,0.,0.));
#5775=DIRECTION('',(-1.,0.,0.));
#5776=DIRECTION('',(0.,-1.,0.));
#5777=DIRECTION('',(0.,1.,0.));
#5778=DIRECTION('center_axis',(-1.,0.,0.));
#5779=DIRECTION('ref_axis',(0.,-0.707106781186541,0.707106781186554));
#5780=DIRECTION('center_axis',(-1.,0.,8.3790416952842E-17));
#5781=DIRECTION('ref_axis',(0.,-0.707106781186541,0.707106781186554));
#5782=DIRECTION('center_axis',(1.,0.,0.));
#5783=DIRECTION('ref_axis',(0.,-0.707106781186541,0.707106781186554));
#5784=DIRECTION('center_axis',(-1.,0.,0.));
#5785=DIRECTION('ref_axis',(0.,-0.707106781186541,0.707106781186554));
#5786=DIRECTION('center_axis',(1.,0.,-8.3790416952842E-17));
#5787=DIRECTION('ref_axis',(0.,-0.707106781186541,0.707106781186554));
#5788=DIRECTION('center_axis',(0.,0.,-1.));
#5789=DIRECTION('ref_axis',(-1.,0.,0.));
#5790=DIRECTION('',(1.,0.,0.));
#5791=DIRECTION('',(0.,-1.,0.));
#5792=DIRECTION('',(0.,1.,0.));
#5793=DIRECTION('center_axis',(1.,0.,0.));
#5794=DIRECTION('ref_axis',(0.,-0.707106781186554,-0.707106781186541));
#5795=DIRECTION('center_axis',(1.,0.,-8.3790416952842E-17));
#5796=DIRECTION('ref_axis',(0.,-0.707106781186554,-0.707106781186541));
#5797=DIRECTION('center_axis',(-1.,0.,0.));
#5798=DIRECTION('ref_axis',(0.,-0.707106781186554,-0.707106781186541));
#5799=DIRECTION('center_axis',(1.,0.,0.));
#5800=DIRECTION('ref_axis',(0.,-0.707106781186554,-0.707106781186541));
#5801=DIRECTION('center_axis',(-1.,0.,8.3790416952842E-17));
#5802=DIRECTION('ref_axis',(0.,-0.707106781186554,-0.707106781186541));
#5803=DIRECTION('center_axis',(1.,0.,0.));
#5804=DIRECTION('ref_axis',(0.,0.,-1.));
#5805=DIRECTION('center_axis',(-1.,0.,0.));
#5806=DIRECTION('ref_axis',(0.,0.,1.));
#5807=DIRECTION('center_axis',(0.,1.,0.));
#5808=DIRECTION('ref_axis',(-1.,0.,0.));
#5809=DIRECTION('',(-1.,0.,0.));
#5810=DIRECTION('',(0.,0.,1.));
#5811=DIRECTION('',(1.,0.,0.));
#5812=DIRECTION('',(0.,0.,-1.));
#5813=DIRECTION('center_axis',(-1.,0.,0.));
#5814=DIRECTION('ref_axis',(0.,0.707106781186554,-0.707106781186541));
#5815=DIRECTION('center_axis',(-1.,0.,8.3790416952842E-17));
#5816=DIRECTION('ref_axis',(0.,0.707106781186554,-0.707106781186541));
#5817=DIRECTION('',(1.,0.,0.));
#5818=DIRECTION('center_axis',(1.,0.,-8.3790416952842E-17));
#5819=DIRECTION('ref_axis',(0.,0.707106781186554,-0.707106781186541));
#5820=DIRECTION('',(-1.,0.,0.));
#5821=DIRECTION('center_axis',(0.,1.,0.));
#5822=DIRECTION('ref_axis',(0.,0.,1.));
#5823=DIRECTION('',(-1.,0.,0.));
#5824=DIRECTION('',(8.3790416952842E-17,0.,1.));
#5825=DIRECTION('',(-8.3790416952842E-17,0.,-1.));
#5826=DIRECTION('center_axis',(1.,0.,0.));
#5827=DIRECTION('ref_axis',(0.,0.707106781186541,0.707106781186554));
#5828=DIRECTION('center_axis',(1.,0.,-8.3790416952842E-17));
#5829=DIRECTION('ref_axis',(0.,0.707106781186541,0.707106781186554));
#5830=DIRECTION('center_axis',(-1.,0.,8.3790416952842E-17));
#5831=DIRECTION('ref_axis',(0.,0.707106781186541,0.707106781186554));
#5832=DIRECTION('',(1.,0.,0.));
#5833=DIRECTION('center_axis',(0.,0.,1.));
#5834=DIRECTION('ref_axis',(1.,0.,0.));
#5835=DIRECTION('',(-1.,0.,0.));
#5836=DIRECTION('',(0.,-1.,0.));
#5837=DIRECTION('',(0.,1.,0.));
#5838=DIRECTION('center_axis',(-1.,0.,0.));
#5839=DIRECTION('ref_axis',(0.,-0.707106781186541,0.707106781186554));
#5840=DIRECTION('center_axis',(-1.,0.,8.3790416952842E-17));
#5841=DIRECTION('ref_axis',(0.,-0.707106781186541,0.707106781186554));
#5842=DIRECTION('center_axis',(1.,0.,0.));
#5843=DIRECTION('ref_axis',(0.,-0.707106781186541,0.707106781186554));
#5844=DIRECTION('center_axis',(-1.,0.,0.));
#5845=DIRECTION('ref_axis',(0.,-0.707106781186541,0.707106781186554));
#5846=DIRECTION('center_axis',(1.,0.,-8.3790416952842E-17));
#5847=DIRECTION('ref_axis',(0.,-0.707106781186541,0.707106781186554));
#5848=DIRECTION('center_axis',(0.,0.,-1.));
#5849=DIRECTION('ref_axis',(-1.,0.,0.));
#5850=DIRECTION('',(1.,0.,0.));
#5851=DIRECTION('',(0.,-1.,0.));
#5852=DIRECTION('',(0.,1.,0.));
#5853=DIRECTION('center_axis',(1.,0.,0.));
#5854=DIRECTION('ref_axis',(0.,-0.707106781186554,-0.707106781186541));
#5855=DIRECTION('center_axis',(1.,0.,-8.3790416952842E-17));
#5856=DIRECTION('ref_axis',(0.,-0.707106781186554,-0.707106781186541));
#5857=DIRECTION('center_axis',(-1.,0.,0.));
#5858=DIRECTION('ref_axis',(0.,-0.707106781186554,-0.707106781186541));
#5859=DIRECTION('center_axis',(1.,0.,0.));
#5860=DIRECTION('ref_axis',(0.,-0.707106781186554,-0.707106781186541));
#5861=DIRECTION('center_axis',(-1.,0.,8.3790416952842E-17));
#5862=DIRECTION('ref_axis',(0.,-0.707106781186554,-0.707106781186541));
#5863=DIRECTION('center_axis',(1.,0.,0.));
#5864=DIRECTION('ref_axis',(0.,0.,-1.));
#5865=DIRECTION('center_axis',(-1.,0.,0.));
#5866=DIRECTION('ref_axis',(0.,0.,1.));
#5867=DIRECTION('center_axis',(0.,-1.,0.));
#5868=DIRECTION('ref_axis',(0.,0.,-1.));
#5869=DIRECTION('center_axis',(0.,1.,0.));
#5870=DIRECTION('ref_axis',(-0.707106781186547,0.,0.707106781186547));
#5871=DIRECTION('',(1.,0.,0.));
#5872=DIRECTION('',(0.,0.,-1.));
#5873=DIRECTION('',(-1.,0.,0.));
#5874=DIRECTION('center_axis',(0.,1.,0.));
#5875=DIRECTION('ref_axis',(-0.707106781186547,0.,0.707106781186547));
#5876=DIRECTION('center_axis',(0.,-1.,0.));
#5877=DIRECTION('ref_axis',(-1.,0.,0.));
#5878=DIRECTION('',(-1.,0.,0.));
#5879=DIRECTION('',(0.,0.,1.));
#5880=DIRECTION('',(1.,0.,0.));
#5881=DIRECTION('center_axis',(0.,-1.,0.));
#5882=DIRECTION('ref_axis',(-1.,0.,0.));
#5883=DIRECTION('',(1.,0.,0.));
#5884=DIRECTION('',(-1.,0.,0.));
#5885=DIRECTION('center_axis',(0.,-1.,0.));
#5886=DIRECTION('ref_axis',(-1.,0.,0.));
#5887=DIRECTION('center_axis',(0.,1.,0.));
#5888=DIRECTION('ref_axis',(0.,0.,1.));
#5889=DIRECTION('center_axis',(-1.,0.,0.));
#5890=DIRECTION('ref_axis',(0.,-0.707106781186541,0.707106781186554));
#5891=DIRECTION('center_axis',(1.,0.,0.));
#5892=DIRECTION('ref_axis',(0.,-0.707106781186541,0.707106781186554));
#5893=DIRECTION('center_axis',(-1.,0.,0.));
#5894=DIRECTION('ref_axis',(0.,0.,1.));
#5895=DIRECTION('center_axis',(1.,0.,0.));
#5896=DIRECTION('ref_axis',(0.,-0.707106781186554,-0.707106781186541));
#5897=DIRECTION('center_axis',(0.,0.,-1.));
#5898=DIRECTION('ref_axis',(-1.,0.,0.));
#5899=DIRECTION('',(-1.,0.,0.));
#5900=DIRECTION('',(0.,1.,0.));
#5901=DIRECTION('',(1.,0.,0.));
#5902=DIRECTION('center_axis',(-1.,0.,0.));
#5903=DIRECTION('ref_axis',(0.,-0.707106781186541,0.707106781186554));
#5904=DIRECTION('',(-1.,0.,0.));
#5905=DIRECTION('center_axis',(-1.,0.,0.));
#5906=DIRECTION('ref_axis',(0.,-0.707106781186541,0.707106781186554));
#5907=DIRECTION('center_axis',(-1.,0.,0.));
#5908=DIRECTION('ref_axis',(0.,-0.707106781186541,0.707106781186554));
#5909=DIRECTION('center_axis',(1.,0.,0.));
#5910=DIRECTION('ref_axis',(0.,0.,-1.));
#5911=DIRECTION('center_axis',(-1.,0.,0.));
#5912=DIRECTION('ref_axis',(0.,-0.707106781186554,-0.707106781186541));
#5913=DIRECTION('center_axis',(1.,0.,0.));
#5914=DIRECTION('ref_axis',(0.,-0.707106781186554,-0.707106781186541));
#5915=DIRECTION('center_axis',(1.,0.,0.));
#5916=DIRECTION('ref_axis',(0.,-0.707106781186554,-0.707106781186541));
#5917=DIRECTION('center_axis',(1.,0.,0.));
#5918=DIRECTION('ref_axis',(0.,-0.707106781186554,-0.707106781186541));
#5919=DIRECTION('center_axis',(0.,0.,1.));
#5920=DIRECTION('ref_axis',(1.,0.,0.));
#5921=DIRECTION('',(0.,-1.,0.));
#5922=DIRECTION('',(1.,0.,0.));
#5923=DIRECTION('center_axis',(1.,0.,0.));
#5924=DIRECTION('ref_axis',(0.,0.707106781186541,0.707106781186554));
#5925=DIRECTION('',(-1.,0.,0.));
#5926=DIRECTION('center_axis',(-1.,0.,0.));
#5927=DIRECTION('ref_axis',(0.,0.707106781186554,-0.707106781186541));
#5928=DIRECTION('',(1.,0.,0.));
#5929=DIRECTION('center_axis',(0.,1.,0.));
#5930=DIRECTION('ref_axis',(0.,0.,1.));
#5931=DIRECTION('center_axis',(0.,1.,0.));
#5932=DIRECTION('ref_axis',(-1.,0.,0.));
#5933=DIRECTION('center_axis',(0.,-1.,0.));
#5934=DIRECTION('ref_axis',(0.,0.,-1.));
#5935=DIRECTION('center_axis',(1.,0.,-8.3790416952842E-17));
#5936=DIRECTION('ref_axis',(-8.3790416952842E-17,0.,-1.));
#5937=DIRECTION('',(-8.3790416952842E-17,0.,-1.));
#5938=DIRECTION('center_axis',(0.,1.,0.));
#5939=DIRECTION('ref_axis',(0.707106781186547,0.,-0.707106781186547));
#5940=DIRECTION('center_axis',(0.,1.,0.));
#5941=DIRECTION('ref_axis',(0.707106781186547,0.,-0.707106781186547));
#5942=DIRECTION('',(0.,1.,0.));
#5943=DIRECTION('center_axis',(0.,0.,-1.));
#5944=DIRECTION('ref_axis',(-1.,0.,0.));
#5945=DIRECTION('',(-1.,0.,0.));
#5946=DIRECTION('',(0.,-1.,0.));
#5947=DIRECTION('center_axis',(0.,1.,0.));
#5948=DIRECTION('ref_axis',(-0.707106781186547,0.,-0.707106781186547));
#5949=DIRECTION('center_axis',(0.,1.,0.));
#5950=DIRECTION('ref_axis',(-0.707106781186547,0.,-0.707106781186547));
#5951=DIRECTION('',(0.,1.,0.));
#5952=DIRECTION('center_axis',(-1.,0.,0.));
#5953=DIRECTION('ref_axis',(0.,0.,1.));
#5954=DIRECTION('',(0.,0.,1.));
#5955=DIRECTION('center_axis',(-1.,0.,8.3790416952842E-17));
#5956=DIRECTION('ref_axis',(8.3790416952842E-17,0.,1.));
#5957=DIRECTION('',(8.3790416952842E-17,0.,1.));
#5958=DIRECTION('',(0.,1.,0.));
#5959=DIRECTION('center_axis',(0.,-1.,0.));
#5960=DIRECTION('ref_axis',(-1.,0.,0.));
#5961=DIRECTION('center_axis',(0.,1.,0.));
#5962=DIRECTION('ref_axis',(-1.,0.,0.));
#5963=DIRECTION('',(0.,-1.,0.));
#5964=DIRECTION('center_axis',(1.67580833905684E-16,0.,-1.));
#5965=DIRECTION('ref_axis',(-1.,0.,-1.67580833905684E-16));
#5966=DIRECTION('',(-1.,0.,-1.67580833905684E-16));
#5967=DIRECTION('center_axis',(0.,1.,0.));
#5968=DIRECTION('ref_axis',(0.,0.,1.));
#5969=CARTESIAN_POINT('',(0.,0.,0.));
#5970=CARTESIAN_POINT('Origin',(2.43880610151237E-12,-17.4330892861283,
-54.999999999997));
#5971=CARTESIAN_POINT('',(1.60000000000244,-17.4330892861283,-54.999999999997));
#5972=CARTESIAN_POINT('Origin',(2.43880610151237E-12,-17.4330892861283,
-54.999999999997));
#5973=CARTESIAN_POINT('',(1.60000000000244,-17.4330892861283,-52.999999999997));
#5974=CARTESIAN_POINT('',(1.60000000000244,-17.4330892861283,-54.999999999997));
#5975=CARTESIAN_POINT('Origin',(2.43880610151237E-12,-17.4330892861283,
-52.999999999997));
#5976=CARTESIAN_POINT('Origin',(55.0000000000054,-17.4330892861283,-9.67975699595068E-15));
#5977=CARTESIAN_POINT('',(55.0000000000054,-17.4330892861283,1.59999999999999));
#5978=CARTESIAN_POINT('Origin',(55.0000000000054,-17.4330892861283,-9.67975699595068E-15));
#5979=CARTESIAN_POINT('',(53.0000000000054,-17.4330892861283,1.59999999999999));
#5980=CARTESIAN_POINT('',(55.0000000000054,-17.4330892861283,1.59999999999999));
#5981=CARTESIAN_POINT('Origin',(53.0000000000054,-17.4330892861283,-9.67975699595068E-15));
#5982=CARTESIAN_POINT('Origin',(-54.9999999999946,-17.4330892861283,-7.97972798949331E-16));
#5983=CARTESIAN_POINT('',(-54.9999999999946,-17.4330892861283,-1.6));
#5984=CARTESIAN_POINT('Origin',(-54.9999999999946,-17.4330892861283,-7.97972798949331E-16));
#5985=CARTESIAN_POINT('',(-52.9999999999946,-17.4330892861283,-1.6));
#5986=CARTESIAN_POINT('',(-54.9999999999946,-17.4330892861283,-1.6));
#5987=CARTESIAN_POINT('Origin',(-52.9999999999945,-17.4330892861283,-7.97972798949331E-16));
#5988=CARTESIAN_POINT('Origin',(29.5000000000041,-10.0753307735698,53.000000000003));
#5989=CARTESIAN_POINT('',(29.5000000000044,-17.0753283636624,51.500000000003));
#5990=CARTESIAN_POINT('',(29.5000000000045,-17.7524527081301,53.000000000003));
#5991=CARTESIAN_POINT('Origin',(29.5000000000045,-19.0753283636624,51.500000000003));
#5992=CARTESIAN_POINT('',(29.5000000000044,-17.0753283636624,43.500000000003));
#5993=CARTESIAN_POINT('',(29.5000000000044,-17.0753283636624,47.750000000003));
#5994=CARTESIAN_POINT('',(29.5000000000045,-19.0753283636624,41.500000000003));
#5995=CARTESIAN_POINT('Origin',(29.5000000000045,-19.0753283636624,43.500000000003));
#5996=CARTESIAN_POINT('',(29.5000000000053,-37.0753283636624,41.500000000003));
#5997=CARTESIAN_POINT('',(29.5000000000047,-24.0753295686161,41.500000000003));
#5998=CARTESIAN_POINT('',(29.5000000000053,-39.0753283636624,43.500000000003));
#5999=CARTESIAN_POINT('Origin',(29.5000000000053,-37.0753283636624,43.500000000003));
#6000=CARTESIAN_POINT('',(29.5000000000053,-39.0753283636624,51.500000000003));
#6001=CARTESIAN_POINT('',(29.5000000000053,-39.0753283636624,52.750000000003));
#6002=CARTESIAN_POINT('',(29.5000000000053,-38.3982040191947,53.000000000003));
#6003=CARTESIAN_POINT('Origin',(29.5000000000053,-37.0753283636624,51.500000000003));
#6004=CARTESIAN_POINT('',(29.5000000000056,-46.0753307735705,53.000000000003));
#6005=CARTESIAN_POINT('',(29.5000000000039,-5.03766538678539,53.000000000003));
#6006=CARTESIAN_POINT('',(29.5000000000056,-46.0753307735705,38.000000000003));
#6007=CARTESIAN_POINT('',(29.5000000000056,-46.0753307735705,53.000000000003));
#6008=CARTESIAN_POINT('',(29.5000000000041,-10.0753307735698,38.000000000003));
#6009=CARTESIAN_POINT('',(29.5000000000056,-46.0753307735705,38.000000000003));
#6010=CARTESIAN_POINT('',(29.5000000000041,-10.0753307735698,53.000000000003));
#6011=CARTESIAN_POINT('',(29.5000000000041,-10.0753307735698,53.000000000003));
#6012=CARTESIAN_POINT('',(29.5000000000039,-5.03766538678539,53.000000000003));
#6013=CARTESIAN_POINT('Origin',(28.5000000000053,-37.0753283636625,43.500000000003));
#6014=CARTESIAN_POINT('',(27.5000000000053,-37.0753283636625,41.500000000003));
#6015=CARTESIAN_POINT('Origin',(28.5000000000053,-37.0753283636625,41.500000000003));
#6016=CARTESIAN_POINT('',(27.5000000000054,-39.0753283636625,43.500000000003));
#6017=CARTESIAN_POINT('Origin',(27.5000000000053,-37.0753283636625,43.500000000003));
#6018=CARTESIAN_POINT('Origin',(28.5000000000047,-39.0753283636625,43.500000000003));
#6019=CARTESIAN_POINT('Origin',(28.5000000000054,-39.0753283636625,52.750000000003));
#6020=CARTESIAN_POINT('',(27.5000000000054,-39.0753283636625,51.500000000003));
#6021=CARTESIAN_POINT('Origin',(28.5000000000047,-39.0753283636625,51.500000000003));
#6022=CARTESIAN_POINT('',(27.5000000000054,-39.0753283636625,52.750000000003));
#6023=CARTESIAN_POINT('Origin',(28.5000000000053,-37.0753283636625,51.500000000003));
#6024=CARTESIAN_POINT('',(27.5000000000053,-37.0753283636625,53.500000000003));
#6025=CARTESIAN_POINT('',(29.3660254037891,-37.0753283636624,53.000000000003));
#6026=CARTESIAN_POINT('Origin',(28.5000000000046,-37.0753283636625,53.500000000003));
#6027=CARTESIAN_POINT('Ctrl Pts',(29.5000000000047,-38.3982040191947,53.000000000003));
#6028=CARTESIAN_POINT('Ctrl Pts',(29.5000000000047,-38.2604797065944,53.000000000003));
#6029=CARTESIAN_POINT('Ctrl Pts',(29.484493570124,-38.0959395872394,53.000000000003));
#6030=CARTESIAN_POINT('Ctrl Pts',(29.4283225278195,-37.6831005143674,53.000000000003));
#6031=CARTESIAN_POINT('Ctrl Pts',(29.3660254037891,-37.3542469270163,53.000000000003));
#6032=CARTESIAN_POINT('Ctrl Pts',(29.3660254037891,-37.0753283636624,53.000000000003));
#6033=CARTESIAN_POINT('',(28.5000000000047,-37.7367661914286,52.250000000003));
#6034=CARTESIAN_POINT('Origin',(28.5000000000047,-38.3982040191948,53.000000000003));
#6035=CARTESIAN_POINT('Origin',(27.5000000000053,-37.0753283636625,51.500000000003));
#6036=CARTESIAN_POINT('Origin',(28.5000000000052,-31.0753283636625,53.500000000003));
#6037=CARTESIAN_POINT('',(29.366025403789,-19.0753283636624,53.000000000003));
#6038=CARTESIAN_POINT('',(27.500000000005,-19.0753283636625,53.500000000003));
#6039=CARTESIAN_POINT('Origin',(28.5000000000043,-19.0753283636625,53.500000000003));
#6040=CARTESIAN_POINT('',(29.3660254037887,-14.0753295686161,53.000000000003));
#6041=CARTESIAN_POINT('',(27.5000000000052,-31.0753283636625,53.500000000003));
#6042=CARTESIAN_POINT('Origin',(28.500000000005,-19.0753283636625,51.500000000003));
#6043=CARTESIAN_POINT('',(27.500000000005,-17.0753283636625,51.500000000003));
#6044=CARTESIAN_POINT('Origin',(28.500000000005,-17.0753283636625,51.500000000003));
#6045=CARTESIAN_POINT('',(28.5000000000043,-18.4138905358963,52.250000000003));
#6046=CARTESIAN_POINT('Origin',(28.5000000000042,-17.7524527081302,53.000000000003));
#6047=CARTESIAN_POINT('Ctrl Pts',(29.3660254037887,-19.0753283636624,53.000000000003));
#6048=CARTESIAN_POINT('Ctrl Pts',(29.3660254037887,-18.7964098003085,53.000000000003));
#6049=CARTESIAN_POINT('Ctrl Pts',(29.4283225278191,-18.4675562129575,53.000000000003));
#6050=CARTESIAN_POINT('Ctrl Pts',(29.4844935701236,-18.0547171400855,53.000000000003));
#6051=CARTESIAN_POINT('Ctrl Pts',(29.5000000000043,-17.8901770207305,53.000000000003));
#6052=CARTESIAN_POINT('Ctrl Pts',(29.5000000000042,-17.7524527081301,53.000000000003));
#6053=CARTESIAN_POINT('Origin',(27.500000000005,-19.0753283636625,51.500000000003));
#6054=CARTESIAN_POINT('Origin',(28.500000000005,-17.0753283636625,47.750000000003));
#6055=CARTESIAN_POINT('',(27.500000000005,-17.0753283636625,43.500000000003));
#6056=CARTESIAN_POINT('Origin',(28.500000000005,-17.0753283636625,43.500000000003));
#6057=CARTESIAN_POINT('',(27.500000000005,-17.0753283636625,47.750000000003));
#6058=CARTESIAN_POINT('Origin',(28.500000000005,-19.0753283636625,43.500000000003));
#6059=CARTESIAN_POINT('',(27.500000000005,-19.0753283636625,41.500000000003));
#6060=CARTESIAN_POINT('Origin',(28.500000000005,-19.0753283636625,41.500000000003));
#6061=CARTESIAN_POINT('Origin',(27.500000000005,-19.0753283636625,43.500000000003));
#6062=CARTESIAN_POINT('Origin',(28.5000000000054,-41.0753283636625,41.500000000003));
#6063=CARTESIAN_POINT('',(27.5000000000054,-41.0753283636625,41.500000000003));
#6064=CARTESIAN_POINT('Origin',(27.5000000000055,-44.0753283636625,53.000000000003));
#6065=CARTESIAN_POINT('',(27.5000000000049,-12.0753283636625,54.500000000003));
#6066=CARTESIAN_POINT('',(27.5000000000055,-44.0753283636625,54.500000000003));
#6067=CARTESIAN_POINT('',(27.5000000000051,-22.0376641818305,54.500000000003));
#6068=CARTESIAN_POINT('',(27.5000000000049,-12.0753283636625,40.000000000003));
#6069=CARTESIAN_POINT('',(27.5000000000049,-12.0753283636625,53.000000000003));
#6070=CARTESIAN_POINT('',(27.5000000000055,-44.0753283636625,40.000000000003));
#6071=CARTESIAN_POINT('',(27.5000000000053,-36.0753283636627,40.000000000003));
#6072=CARTESIAN_POINT('',(27.5000000000055,-44.0753283636625,53.000000000003));
#6073=CARTESIAN_POINT('Origin',(-13.7499999999947,-11.5753283636639,54.500000000003));
#6074=CARTESIAN_POINT('',(28.0000000000049,-11.5753283636625,55.000000000003));
#6075=CARTESIAN_POINT('',(-27.9999999999931,-11.5753283636644,55.000000000003));
#6076=CARTESIAN_POINT('',(-13.7499999999947,-11.5753283636639,55.000000000003));
#6077=CARTESIAN_POINT('',(-27.4999999999931,-12.0753283636644,54.500000000003));
#6078=CARTESIAN_POINT('Origin',(-27.9999999999931,-11.5753283636644,54.500000000003));
#6079=CARTESIAN_POINT('',(-13.7499999999946,-12.0753283636639,54.500000000003));
#6080=CARTESIAN_POINT('Origin',(28.0000000000049,-11.5753283636625,54.500000000003));
#6081=CARTESIAN_POINT('Origin',(-41.2499999999938,-44.5753283636648,54.500000000003));
#6082=CARTESIAN_POINT('',(-27.4999999999946,-44.0753283636643,54.500000000003));
#6083=CARTESIAN_POINT('',(-41.2499999999939,-44.0753283636648,54.500000000003));
#6084=CARTESIAN_POINT('',(-27.9999999999947,-44.5753283636643,55.000000000003));
#6085=CARTESIAN_POINT('Origin',(-27.9999999999947,-44.5753283636643,54.500000000003));
#6086=CARTESIAN_POINT('',(28.0000000000055,-44.5753283636625,55.000000000003));
#6087=CARTESIAN_POINT('',(-41.2499999999938,-44.5753283636648,55.000000000003));
#6088=CARTESIAN_POINT('Origin',(28.0000000000055,-44.5753283636625,54.500000000003));
#6089=CARTESIAN_POINT('Origin',(-27.9999999999928,-6.03766418183283,54.500000000003));
#6090=CARTESIAN_POINT('',(-27.9999999999928,-6.03766418183283,55.000000000003));
#6091=CARTESIAN_POINT('',(-27.4999999999928,-6.03766418183286,54.500000000003));
#6092=CARTESIAN_POINT('Origin',(28.000000000005,-22.0376641818305,54.500000000003));
#6093=CARTESIAN_POINT('',(28.000000000005,-22.0376641818305,55.000000000003));
#6094=CARTESIAN_POINT('Origin',(-27.4999999999931,-12.0753283636644,53.000000000003));
#6095=CARTESIAN_POINT('',(-27.4999999999946,-44.0753283636643,40.000000000003));
#6096=CARTESIAN_POINT('',(-27.4999999999946,-44.0753283636643,53.000000000003));
#6097=CARTESIAN_POINT('',(-27.4999999999931,-12.0753283636644,40.000000000003));
#6098=CARTESIAN_POINT('',(-27.4999999999935,-20.0753283636632,40.000000000003));
#6099=CARTESIAN_POINT('',(-27.4999999999931,-12.0753283636644,53.000000000003));
#6100=CARTESIAN_POINT('Origin',(-27.4999999999946,-44.0753283636643,53.000000000003));
#6101=CARTESIAN_POINT('',(-13.7499999999944,-44.0753283636639,40.000000000003));
#6102=CARTESIAN_POINT('Origin',(-54.9999999999946,0.,55.000000000003));
#6103=CARTESIAN_POINT('',(-44.9999999999946,-10.,55.000000000003));
#6104=CARTESIAN_POINT('',(45.0000000000054,-10.,55.000000000003));
#6105=CARTESIAN_POINT('',(-27.4999999999946,-10.,55.000000000003));
#6106=CARTESIAN_POINT('',(-44.9999999999946,-47.,55.000000000003));
#6107=CARTESIAN_POINT('',(-44.9999999999946,0.,55.000000000003));
#6108=CARTESIAN_POINT('',(45.0000000000054,-47.,55.000000000003));
#6109=CARTESIAN_POINT('',(-27.4999999999946,-47.,55.000000000003));
#6110=CARTESIAN_POINT('',(45.0000000000054,0.,55.000000000003));
#6111=CARTESIAN_POINT('Origin',(-52.9999999999946,0.,-52.999999999997));
#6112=CARTESIAN_POINT('',(-36.5435607626049,-10.,-52.999999999997));
#6113=CARTESIAN_POINT('',(36.5435607626158,-10.,-52.999999999997));
#6114=CARTESIAN_POINT('',(-26.4999999999946,-10.,-52.999999999997));
#6115=CARTESIAN_POINT('',(-36.5435607626049,-49.8284271247462,-52.999999999997));
#6116=CARTESIAN_POINT('',(-36.5435607626049,25.2,-52.999999999997));
#6117=CARTESIAN_POINT('',(36.5435607626158,-49.8284271247462,-52.999999999997));
#6118=CARTESIAN_POINT('',(27.5000000000054,-49.8284271247462,-52.999999999997));
#6119=CARTESIAN_POINT('',(36.5435607626158,25.2,-52.999999999997));
#6120=CARTESIAN_POINT('Origin',(-44.9999999999946,0.,45.000000000003));
#6121=CARTESIAN_POINT('',(-54.9999999999946,-10.,45.000000000003));
#6122=CARTESIAN_POINT('Origin',(-44.9999999999946,-10.,45.000000000003));
#6123=CARTESIAN_POINT('',(-54.9999999999946,-47.,45.000000000003));
#6124=CARTESIAN_POINT('',(-54.9999999999946,0.,45.000000000003));
#6125=CARTESIAN_POINT('Origin',(-44.9999999999946,-47.,45.000000000003));
#6126=CARTESIAN_POINT('Origin',(45.0000000000054,0.,45.000000000003));
#6127=CARTESIAN_POINT('',(55.0000000000054,-10.,45.000000000003));
#6128=CARTESIAN_POINT('Origin',(45.0000000000054,-10.,45.000000000003));
#6129=CARTESIAN_POINT('',(55.0000000000054,-47.,45.000000000003));
#6130=CARTESIAN_POINT('Origin',(45.0000000000054,-47.,45.000000000003));
#6131=CARTESIAN_POINT('',(55.0000000000054,0.,45.000000000003));
#6132=CARTESIAN_POINT('Origin',(55.0000000000054,0.,55.000000000003));
#6133=CARTESIAN_POINT('',(55.0000000000054,-10.,-44.999999999997));
#6134=CARTESIAN_POINT('',(55.0000000000054,-10.,27.500000000003));
#6135=CARTESIAN_POINT('',(55.0000000000054,-47.,-44.999999999997));
#6136=CARTESIAN_POINT('',(55.0000000000054,-47.,27.500000000003));
#6137=CARTESIAN_POINT('',(55.0000000000054,0.,-44.999999999997));
#6138=CARTESIAN_POINT('',(55.0000000000054,-12.6027588489076,15.4213184736974));
#6139=CARTESIAN_POINT('',(55.0000000000054,-15.6027588489076,15.4213184736974));
#6140=CARTESIAN_POINT('',(55.0000000000054,-6.3013794244538,15.4213184736974));
#6141=CARTESIAN_POINT('',(55.0000000000054,-15.6027588489076,21.6213184736974));
#6142=CARTESIAN_POINT('',(55.0000000000054,-15.6027588489076,35.2106592368502));
#6143=CARTESIAN_POINT('',(55.0000000000054,-12.6027588489076,21.6213184736974));
#6144=CARTESIAN_POINT('',(55.0000000000054,-7.8013794244538,21.6213184736974));
#6145=CARTESIAN_POINT('',(55.0000000000054,-12.6027588489076,38.3106592368502));
#6146=CARTESIAN_POINT('Origin',(-27.4999999999946,-47.,52.000000000003));
#6147=CARTESIAN_POINT('',(36.5435607626158,-49.8284271247462,53.000000000003));
#6148=CARTESIAN_POINT('',(36.1572807176784,-50.,52.000000000003));
#6149=CARTESIAN_POINT('Ctrl Pts',(36.5435607626158,-49.8284271247462,53.000000000003));
#6150=CARTESIAN_POINT('Ctrl Pts',(36.4021261270881,-49.9430022745748,52.6759325384058));
#6151=CARTESIAN_POINT('Ctrl Pts',(36.2691841117986,-50.,52.3313101208293));
#6152=CARTESIAN_POINT('Ctrl Pts',(36.1572807176784,-50.,52.000000000003));
#6153=CARTESIAN_POINT('',(45.0000000000054,-50.,52.000000000003));
#6154=CARTESIAN_POINT('',(-27.4999999999946,-50.,52.000000000003));
#6155=CARTESIAN_POINT('Origin',(45.0000000000054,-47.,52.000000000003));
#6156=CARTESIAN_POINT('',(-44.9999999999946,-50.,52.000000000003));
#6157=CARTESIAN_POINT('Origin',(-44.9999999999946,-47.,52.000000000003));
#6158=CARTESIAN_POINT('',(-36.1572807176675,-50.,52.000000000003));
#6159=CARTESIAN_POINT('',(-27.4999999999946,-50.,52.000000000003));
#6160=CARTESIAN_POINT('',(-36.5435607626049,-49.8284271247462,53.000000000003));
#6161=CARTESIAN_POINT('Ctrl Pts',(-36.1572807176675,-50.,52.000000000003));
#6162=CARTESIAN_POINT('Ctrl Pts',(-36.2691841117348,-50.,52.3313101206726));
#6163=CARTESIAN_POINT('Ctrl Pts',(-36.4021261273647,-49.943002274342,52.6759325390645));
#6164=CARTESIAN_POINT('Ctrl Pts',(-36.5435607626049,-49.8284271247462,53.000000000003));
#6165=CARTESIAN_POINT('',(-27.4999999999946,-49.8284271247462,53.000000000003));
#6166=CARTESIAN_POINT('Origin',(45.0000000000054,-47.,45.000000000003));
#6167=CARTESIAN_POINT('',(53.0000000000054,-49.8280212130803,45.1354951365992));
#6168=CARTESIAN_POINT('',(51.9811874026627,-50.,45.5128571428602));
#6169=CARTESIAN_POINT('Ctrl Pts',(53.0000000000054,-49.8280212130803,45.1354951365992));
#6170=CARTESIAN_POINT('Ctrl Pts',(52.6903878305937,-49.9370431262996,45.2302622292932));
#6171=CARTESIAN_POINT('Ctrl Pts',(52.350815631009,-49.9990959377245,45.366699195223));
#6172=CARTESIAN_POINT('Ctrl Pts',(51.9864586257153,-49.9999967431081,45.5107731585477));
#6173=CARTESIAN_POINT('Ctrl Pts',(51.9838230352896,-50.,45.511815206851));
#6174=CARTESIAN_POINT('Ctrl Pts',(51.9811874026627,-50.,45.5128571428602));
#6175=CARTESIAN_POINT('',(52.0000000000054,-50.,45.000000000003));
#6176=CARTESIAN_POINT('Origin',(45.0000000000054,-50.,45.000000000003));
#6177=CARTESIAN_POINT('Origin',(52.0000000000054,-47.,45.000000000003));
#6178=CARTESIAN_POINT('',(51.8345638679714,-50.,46.5128571428602));
#6179=CARTESIAN_POINT('Origin',(45.0000000000054,-50.,45.000000000003));
#6180=CARTESIAN_POINT('',(53.0000000000054,-49.7338376068445,46.9548073364626));
#6181=CARTESIAN_POINT('Ctrl Pts',(51.8345638679714,-50.,46.5128571428602));
#6182=CARTESIAN_POINT('Ctrl Pts',(51.8369764420468,-50.,46.5139118533639));
#6183=CARTESIAN_POINT('Ctrl Pts',(51.8393890072789,-49.9999966627573,46.5149665847982));
#6184=CARTESIAN_POINT('Ctrl Pts',(51.9256288196573,-49.9997580605219,46.552669492503));
#6185=CARTESIAN_POINT('Ctrl Pts',(52.0094451941946,-49.9954965817352,46.5893278938172));
#6186=CARTESIAN_POINT('Ctrl Pts',(52.1260740769741,-49.9839173258148,46.6394880392741));
#6187=CARTESIAN_POINT('Ctrl Pts',(52.1589935534836,-49.9800201434352,46.6535512347249));
#6188=CARTESIAN_POINT('Ctrl Pts',(52.4830368799165,-49.935441266801,46.7906500950611));
#6189=CARTESIAN_POINT('Ctrl Pts',(52.7522954314469,-49.8491135608321,46.8938143702927));
#6190=CARTESIAN_POINT('Ctrl Pts',(53.0000000000054,-49.7338376068445,46.9548073364626));
#6191=CARTESIAN_POINT('Ctrl Pts',(53.0000000000054,-49.7338376068445,46.9548073364626));
#6192=CARTESIAN_POINT('Ctrl Pts',(53.0000000000054,-49.8001268880921,46.3367923778538));
#6193=CARTESIAN_POINT('Ctrl Pts',(53.0000000000054,-49.8245488852101,45.7147023312504));
#6194=CARTESIAN_POINT('Ctrl Pts',(53.0000000000054,-49.8280212130803,45.1354951365992));
#6195=CARTESIAN_POINT('Origin',(52.0000000000054,-47.,27.500000000003));
#6196=CARTESIAN_POINT('',(53.0000000000054,-49.8284271247462,37.9929912153163));
#6197=CARTESIAN_POINT('',(52.0000000000054,-50.,38.370000000003));
#6198=CARTESIAN_POINT('Ctrl Pts',(53.0000000000054,-49.8284271247462,37.9929912153163));
#6199=CARTESIAN_POINT('Ctrl Pts',(52.9511070945595,-49.8457133772426,38.0080499471963));
#6200=CARTESIAN_POINT('Ctrl Pts',(52.9018174386911,-49.861712363732,38.0240810501913));
#6201=CARTESIAN_POINT('Ctrl Pts',(52.566824618949,-49.9609679212207,38.1375728695699));
#6202=CARTESIAN_POINT('Ctrl Pts',(52.2721028033014,-50.,38.258914495727));
#6203=CARTESIAN_POINT('Ctrl Pts',(52.0000000000054,-50.,38.370000000003));
#6204=CARTESIAN_POINT('',(52.0000000000054,-50.,36.157280717676));
#6205=CARTESIAN_POINT('',(52.0000000000054,-50.,27.500000000003));
#6206=CARTESIAN_POINT('',(53.0000000000054,-49.8284271247462,36.5435607626134));
#6207=CARTESIAN_POINT('Ctrl Pts',(52.0000000000054,-50.,36.157280717676));
#6208=CARTESIAN_POINT('Ctrl Pts',(52.331310120675,-50.,36.2691841117433));
#6209=CARTESIAN_POINT('Ctrl Pts',(52.6759325390669,-49.943002274342,36.4021261273731));
#6210=CARTESIAN_POINT('Ctrl Pts',(53.0000000000054,-49.8284271247462,36.5435607626134));
#6211=CARTESIAN_POINT('',(53.0000000000054,-49.8284271247462,32.8898659275469));
#6212=CARTESIAN_POINT('',(53.0000000000054,-49.8284271247462,27.500000000003));
#6213=CARTESIAN_POINT('',(53.0000000000054,-49.8284271247462,31.1358483581734));
#6214=CARTESIAN_POINT('',(53.0000000000054,-49.8284271247462,27.500000000003));
#6215=CARTESIAN_POINT('',(53.0000000000054,-49.8284271247462,25.7470087846897));
#6216=CARTESIAN_POINT('',(53.0000000000054,-49.8284271247462,27.500000000003));
#6217=CARTESIAN_POINT('',(53.0000000000054,-49.8284271247462,23.9929912153163));
#6218=CARTESIAN_POINT('',(53.0000000000054,-49.8284271247462,27.500000000003));
#6219=CARTESIAN_POINT('',(53.0000000000054,-49.8284271247462,18.3184373561183));
#6220=CARTESIAN_POINT('',(53.0000000000054,-49.8284271247462,27.500000000003));
#6221=CARTESIAN_POINT('',(53.0000000000054,-49.8284271247462,16.5644197867449));
#6222=CARTESIAN_POINT('',(53.0000000000054,-49.8284271247462,27.500000000003));
#6223=CARTESIAN_POINT('',(53.0000000000054,-49.8284271247462,11.3184373561183));
#6224=CARTESIAN_POINT('',(53.0000000000054,-49.8284271247462,27.500000000003));
#6225=CARTESIAN_POINT('',(53.0000000000054,-49.8284271247462,9.56441978674487));
#6226=CARTESIAN_POINT('',(53.0000000000054,-49.8284271247462,27.500000000003));
#6227=CARTESIAN_POINT('',(53.0000000000054,-49.8284271247462,4.17558021326115));
#6228=CARTESIAN_POINT('',(53.0000000000054,-49.8284271247462,27.500000000003));
#6229=CARTESIAN_POINT('',(53.0000000000054,-49.8284271247462,2.42156264388773));
#6230=CARTESIAN_POINT('',(53.0000000000054,-49.8284271247462,27.500000000003));
#6231=CARTESIAN_POINT('',(53.0000000000054,-49.8284271247462,-2.96727692959599));
#6232=CARTESIAN_POINT('',(53.0000000000054,-49.8284271247462,27.500000000003));
#6233=CARTESIAN_POINT('',(53.0000000000054,-49.8284271247462,-4.72129449896942));
#6234=CARTESIAN_POINT('',(53.0000000000054,-49.8284271247462,27.500000000003));
#6235=CARTESIAN_POINT('',(53.0000000000054,-49.8284271247462,-10.1101340724531));
#6236=CARTESIAN_POINT('',(53.0000000000054,-49.8284271247462,27.500000000003));
#6237=CARTESIAN_POINT('',(53.0000000000054,-49.8284271247462,-11.8641516418266));
#6238=CARTESIAN_POINT('',(53.0000000000054,-49.8284271247462,27.500000000003));
#6239=CARTESIAN_POINT('',(53.0000000000054,-49.8284271247462,-17.2529912153103));
#6240=CARTESIAN_POINT('',(53.0000000000054,-49.8284271247462,27.500000000003));
#6241=CARTESIAN_POINT('',(53.0000000000054,-49.8284271247462,-19.0070087846837));
#6242=CARTESIAN_POINT('',(53.0000000000054,-49.8284271247462,27.500000000003));
#6243=CARTESIAN_POINT('',(53.0000000000054,-49.8284271247462,-24.3958483581674));
#6244=CARTESIAN_POINT('',(53.0000000000054,-49.8284271247462,27.500000000003));
#6245=CARTESIAN_POINT('',(53.0000000000054,-49.8284271247462,-26.1498659275408));
#6246=CARTESIAN_POINT('',(53.0000000000054,-49.8284271247462,27.500000000003));
#6247=CARTESIAN_POINT('',(53.0000000000054,-49.8284271247462,-31.5387055010246));
#6248=CARTESIAN_POINT('',(53.0000000000054,-49.8284271247462,27.500000000003));
#6249=CARTESIAN_POINT('',(53.0000000000054,-49.8284271247462,-33.292723070398));
#6250=CARTESIAN_POINT('',(53.0000000000054,-49.8284271247462,27.500000000003));
#6251=CARTESIAN_POINT('',(53.0000000000054,-49.8284271247462,-36.5435607626074));
#6252=CARTESIAN_POINT('',(53.0000000000054,-49.8284271247462,27.500000000003));
#6253=CARTESIAN_POINT('',(52.0000000000054,-50.,-36.15728071767));
#6254=CARTESIAN_POINT('Ctrl Pts',(53.0000000000054,-49.8284271247462,-36.5435607626074));
#6255=CARTESIAN_POINT('Ctrl Pts',(52.6759325384082,-49.9430022745748,-36.4021261270796));
#6256=CARTESIAN_POINT('Ctrl Pts',(52.3313101208317,-50.,-36.2691841117902));
#6257=CARTESIAN_POINT('Ctrl Pts',(52.0000000000054,-50.,-36.15728071767));
#6258=CARTESIAN_POINT('',(52.0000000000054,-50.,-39.0585714285684));
#6259=CARTESIAN_POINT('',(52.0000000000054,-50.,27.500000000003));
#6260=CARTESIAN_POINT('',(53.0000000000054,-49.8284271247462,-38.6815626438817));
#6261=CARTESIAN_POINT('Ctrl Pts',(52.0000000000054,-50.,-39.0585714285684));
#6262=CARTESIAN_POINT('Ctrl Pts',(52.2721028033014,-50.,-38.9474859242924));
#6263=CARTESIAN_POINT('Ctrl Pts',(52.566824618949,-49.9609679212207,-38.8261442981353));
#6264=CARTESIAN_POINT('Ctrl Pts',(52.9018174386911,-49.861712363732,-38.7126524787567));
#6265=CARTESIAN_POINT('Ctrl Pts',(52.9511070945595,-49.8457133772426,-38.6966213757618));
#6266=CARTESIAN_POINT('Ctrl Pts',(53.0000000000054,-49.8284271247462,-38.6815626438817));
#6267=CARTESIAN_POINT('',(53.0000000000054,-49.8284271247462,-40.4355802132551));
#6268=CARTESIAN_POINT('',(53.0000000000054,-49.8284271247462,27.500000000003));
#6269=CARTESIAN_POINT('',(52.0000000000054,-50.,-40.0585714285684));
#6270=CARTESIAN_POINT('Ctrl Pts',(53.0000000000054,-49.8284271247462,-40.4355802132551));
#6271=CARTESIAN_POINT('Ctrl Pts',(52.9511070945595,-49.8457133772426,-40.4205214813751));
#6272=CARTESIAN_POINT('Ctrl Pts',(52.9018174386911,-49.861712363732,-40.4044903783802));
#6273=CARTESIAN_POINT('Ctrl Pts',(52.566824618949,-49.9609679212207,-40.2909985590016));
#6274=CARTESIAN_POINT('Ctrl Pts',(52.2721028033014,-50.,-40.1696569328444));
#6275=CARTESIAN_POINT('Ctrl Pts',(52.0000000000054,-50.,-40.0585714285684));
#6276=CARTESIAN_POINT('',(52.0000000000054,-50.,-44.999999999997));
#6277=CARTESIAN_POINT('',(52.0000000000054,-50.,27.500000000003));
#6278=CARTESIAN_POINT('Origin',(52.0000000000054,-47.,-44.999999999997));
#6279=CARTESIAN_POINT('',(52.0000000000054,-50.,39.370000000003));
#6280=CARTESIAN_POINT('',(52.0000000000054,-50.,27.500000000003));
#6281=CARTESIAN_POINT('',(53.0000000000054,-49.8284271247462,39.7470087846897));
#6282=CARTESIAN_POINT('Ctrl Pts',(52.0000000000054,-50.,39.370000000003));
#6283=CARTESIAN_POINT('Ctrl Pts',(52.2721028033014,-50.,39.481085504279));
#6284=CARTESIAN_POINT('Ctrl Pts',(52.566824618949,-49.9609679212207,39.6024271304361));
#6285=CARTESIAN_POINT('Ctrl Pts',(52.9018174386911,-49.861712363732,39.7159189498148));
#6286=CARTESIAN_POINT('Ctrl Pts',(52.9511070945595,-49.8457133772426,39.7319500528097));
#6287=CARTESIAN_POINT('Ctrl Pts',(53.0000000000054,-49.8284271247462,39.7470087846897));
#6288=CARTESIAN_POINT('',(53.0000000000054,-49.8284271247462,27.500000000003));
#6289=CARTESIAN_POINT('Origin',(45.0000000000054,-47.,-44.999999999997));
#6290=CARTESIAN_POINT('',(53.0000000000054,-49.6328640307784,-47.6834525846504));
#6291=CARTESIAN_POINT('',(51.6448259755219,-50.,-47.2014285714256));
#6292=CARTESIAN_POINT('Ctrl Pts',(53.0000000000054,-49.6328640307783,-47.6834525846504));
#6293=CARTESIAN_POINT('Ctrl Pts',(52.7934524825604,-49.7452014440213,-47.6524881490182));
#6294=CARTESIAN_POINT('Ctrl Pts',(52.5679973186981,-49.8426624968201,-47.5835427063459));
#6295=CARTESIAN_POINT('Ctrl Pts',(52.0994350798754,-49.9689078278588,-47.4036930128768));
#6296=CARTESIAN_POINT('Ctrl Pts',(51.876198580952,-49.9993548402864,-47.3043009488807));
#6297=CARTESIAN_POINT('Ctrl Pts',(51.6496015547858,-49.9999966186565,-47.203551889787));
#6298=CARTESIAN_POINT('Ctrl Pts',(51.6472137665625,-50.,-47.2024902279211));
#6299=CARTESIAN_POINT('Ctrl Pts',(51.6448259755219,-50.,-47.2014285714256));
#6300=CARTESIAN_POINT('',(45.0000000000054,-50.,-51.999999999997));
#6301=CARTESIAN_POINT('Origin',(45.0000000000054,-50.,-44.999999999997));
#6302=CARTESIAN_POINT('',(45.0000000000054,-47.,-54.999999999997));
#6303=CARTESIAN_POINT('Origin',(45.0000000000054,-47.,-51.999999999997));
#6304=CARTESIAN_POINT('Origin',(45.0000000000054,-47.,-44.999999999997));
#6305=CARTESIAN_POINT('',(51.8961271296163,-50.,-46.2014285714256));
#6306=CARTESIAN_POINT('Origin',(45.0000000000054,-50.,-44.999999999997));
#6307=CARTESIAN_POINT('',(53.0000000000054,-49.8135583972929,-45.8119659525684));
#6308=CARTESIAN_POINT('Ctrl Pts',(51.8961271296163,-50.,-46.2014285714256));
#6309=CARTESIAN_POINT('Ctrl Pts',(51.8988819845031,-50.,-46.2003931464296));
#6310=CARTESIAN_POINT('Ctrl Pts',(51.9016367817765,-49.9999967836854,-46.1993575608817));
#6311=CARTESIAN_POINT('Ctrl Pts',(52.3020768695283,-49.9990612730807,-46.0487990920917));
#6312=CARTESIAN_POINT('Ctrl Pts',(52.6703055912369,-49.9313869840838,-45.9068303658408));
#6313=CARTESIAN_POINT('Ctrl Pts',(53.0000000000054,-49.8135583972929,-45.8119659525684));
#6314=CARTESIAN_POINT('Ctrl Pts',(53.0000000000054,-49.8135583972929,-45.8119659525684));
#6315=CARTESIAN_POINT('Ctrl Pts',(53.0000000000054,-49.7905908645654,-46.4266550167572));
#6316=CARTESIAN_POINT('Ctrl Pts',(53.0000000000054,-49.7399694375642,-47.0668425409284));
#6317=CARTESIAN_POINT('Ctrl Pts',(53.0000000000054,-49.6328640307783,-47.6834525846503));
#6318=CARTESIAN_POINT('Origin',(27.5000000000054,-47.,-51.999999999997));
#6319=CARTESIAN_POINT('',(-36.1572807176675,-50.,-51.999999999997));
#6320=CARTESIAN_POINT('Ctrl Pts',(-36.5435607626049,-49.8284271247462,-52.999999999997));
#6321=CARTESIAN_POINT('Ctrl Pts',(-36.4021261270772,-49.9430022745748,-52.6759325383998));
#6322=CARTESIAN_POINT('Ctrl Pts',(-36.2691841117877,-50.,-52.3313101208233));
#6323=CARTESIAN_POINT('Ctrl Pts',(-36.1572807176675,-50.,-51.999999999997));
#6324=CARTESIAN_POINT('',(-44.9999999999946,-50.,-51.999999999997));
#6325=CARTESIAN_POINT('',(27.5000000000054,-50.,-51.999999999997));
#6326=CARTESIAN_POINT('',(-44.9999999999946,-47.,-54.999999999997));
#6327=CARTESIAN_POINT('Origin',(-44.9999999999946,-47.,-51.999999999997));
#6328=CARTESIAN_POINT('',(27.5000000000054,-47.,-54.999999999997));
#6329=CARTESIAN_POINT('',(36.1572807176784,-50.,-51.999999999997));
#6330=CARTESIAN_POINT('',(27.5000000000054,-50.,-51.999999999997));
#6331=CARTESIAN_POINT('Ctrl Pts',(36.1572807176784,-50.,-51.999999999997));
#6332=CARTESIAN_POINT('Ctrl Pts',(36.2691841117457,-50.,-52.3313101206666));
#6333=CARTESIAN_POINT('Ctrl Pts',(36.4021261273756,-49.943002274342,-52.6759325390585));
#6334=CARTESIAN_POINT('Ctrl Pts',(36.5435607626158,-49.8284271247462,-52.999999999997));
#6335=CARTESIAN_POINT('Origin',(-44.9999999999946,-47.,-44.999999999997));
#6336=CARTESIAN_POINT('',(-52.9999999999946,-49.8135583972929,-45.8119659525684));
#6337=CARTESIAN_POINT('',(-51.8961271296054,-50.,-46.2014285714256));
#6338=CARTESIAN_POINT('Ctrl Pts',(-52.9999999999946,-49.8135583972929,-45.8119659525684));
#6339=CARTESIAN_POINT('Ctrl Pts',(-52.670305591226,-49.9313869840838,-45.9068303658409));
#6340=CARTESIAN_POINT('Ctrl Pts',(-52.3020768695173,-49.9990612730807,-46.0487990920917));
#6341=CARTESIAN_POINT('Ctrl Pts',(-51.9016367817657,-49.9999967836854,-46.1993575608817));
#6342=CARTESIAN_POINT('Ctrl Pts',(-51.8988819844922,-50.,-46.2003931464296));
#6343=CARTESIAN_POINT('Ctrl Pts',(-51.8961271296054,-50.,-46.2014285714256));
#6344=CARTESIAN_POINT('',(-51.9999999999946,-50.,-44.999999999997));
#6345=CARTESIAN_POINT('Origin',(-44.9999999999946,-50.,-44.999999999997));
#6346=CARTESIAN_POINT('',(-54.9999999999946,-47.,-44.999999999997));
#6347=CARTESIAN_POINT('Origin',(-51.9999999999946,-47.,-44.999999999997));
#6348=CARTESIAN_POINT('Origin',(-44.9999999999946,-47.,-44.999999999997));
#6349=CARTESIAN_POINT('',(-51.644825975511,-50.,-47.2014285714256));
#6350=CARTESIAN_POINT('Origin',(-44.9999999999946,-50.,-44.999999999997));
#6351=CARTESIAN_POINT('',(-52.9999999999946,-49.6328640307783,-47.6834525846504));
#6352=CARTESIAN_POINT('Ctrl Pts',(-51.644825975511,-50.,-47.2014285714256));
#6353=CARTESIAN_POINT('Ctrl Pts',(-51.6472137665516,-50.,-47.2024902279211));
#6354=CARTESIAN_POINT('Ctrl Pts',(-51.6496015547749,-49.9999966186565,-47.203551889787));
#6355=CARTESIAN_POINT('Ctrl Pts',(-51.772424474512,-49.9996487540151,-47.2581611395552));
#6356=CARTESIAN_POINT('Ctrl Pts',(-51.8927683557005,-49.9907054577973,-47.3116569778926));
#6357=CARTESIAN_POINT('Ctrl Pts',(-52.062399878851,-49.9659475808451,-47.3841679962971));
#6358=CARTESIAN_POINT('Ctrl Pts',(-52.1118885695176,-49.9572570426911,-47.4049710294184));
#6359=CARTESIAN_POINT('Ctrl Pts',(-52.4694163514591,-49.8838667160354,-47.5515876862868));
#6360=CARTESIAN_POINT('Ctrl Pts',(-52.7484049172141,-49.7697019900713,-47.6457348728013));
#6361=CARTESIAN_POINT('Ctrl Pts',(-52.9999999999946,-49.6328640307783,-47.6834525846504));
#6362=CARTESIAN_POINT('Ctrl Pts',(-52.9999999999946,-49.6328640307783,-47.6834525846504));
#6363=CARTESIAN_POINT('Ctrl Pts',(-52.9999999999946,-49.7399952395376,-47.0666939979518));
#6364=CARTESIAN_POINT('Ctrl Pts',(-52.9999999999946,-49.7905977574393,-46.426470540074));
#6365=CARTESIAN_POINT('Ctrl Pts',(-52.9999999999946,-49.8135583972929,-45.8119659525684));
#6366=CARTESIAN_POINT('Origin',(55.0000000000054,-12.6027588489076,21.6213184736974));
#6367=CARTESIAN_POINT('',(53.0000000000054,-12.6027588489076,15.4213184736974));
#6368=CARTESIAN_POINT('',(53.0000000000054,-12.6027588489076,21.6213184736974));
#6369=CARTESIAN_POINT('',(53.0000000000054,-12.6027588489076,-15.6893407631498));
#6370=CARTESIAN_POINT('',(55.0000000000054,-12.6027588489076,15.4213184736974));
#6371=CARTESIAN_POINT('',(55.0000000000054,-12.6027588489076,21.6213184736974));
#6372=CARTESIAN_POINT('Origin',(55.0000000000054,-12.6027588489076,15.4213184736974));
#6373=CARTESIAN_POINT('',(53.0000000000054,-15.6027588489076,15.4213184736974));
#6374=CARTESIAN_POINT('',(53.0000000000054,-6.3013794244538,15.4213184736974));
#6375=CARTESIAN_POINT('',(55.0000000000054,-15.6027588489076,15.4213184736974));
#6376=CARTESIAN_POINT('Origin',(55.0000000000054,-15.6027588489076,15.4213184736974));
#6377=CARTESIAN_POINT('',(53.0000000000054,-15.6027588489076,21.6213184736974));
#6378=CARTESIAN_POINT('',(53.0000000000054,-15.6027588489076,-18.7893407631498));
#6379=CARTESIAN_POINT('',(55.0000000000054,-15.6027588489076,21.6213184736974));
#6380=CARTESIAN_POINT('Origin',(55.0000000000054,-15.6027588489076,21.6213184736974));
#6381=CARTESIAN_POINT('',(53.0000000000054,-7.8013794244538,21.6213184736974));
#6382=CARTESIAN_POINT('Origin',(49.0000000000054,-14.1027588489076,9.98631548231387));
#6383=CARTESIAN_POINT('',(49.0000000000054,-14.1027588489076,10.8863154823139));
#6384=CARTESIAN_POINT('Origin',(49.0000000000054,-14.1027588489076,9.98631548231387));
#6385=CARTESIAN_POINT('Origin',(55.0000000000054,-14.1027588489076,9.98631548231387));
#6386=CARTESIAN_POINT('',(53.0000000000054,-14.1027588489076,10.8863154823139));
#6387=CARTESIAN_POINT('',(55.0000000000054,-14.1027588489076,10.8863154823139));
#6388=CARTESIAN_POINT('Origin',(53.0000000000054,-14.1027588489076,9.98631548231387));
#6389=CARTESIAN_POINT('Origin',(49.0000000000054,-14.1027588489076,27.0563214650809));
#6390=CARTESIAN_POINT('',(49.0000000000054,-14.1027588489076,27.9563214650809));
#6391=CARTESIAN_POINT('Origin',(49.0000000000054,-14.1027588489076,27.0563214650809));
#6392=CARTESIAN_POINT('Origin',(55.0000000000054,-14.1027588489076,27.0563214650809));
#6393=CARTESIAN_POINT('',(53.0000000000054,-14.1027588489076,27.9563214650809));
#6394=CARTESIAN_POINT('',(55.0000000000054,-14.1027588489076,27.9563214650809));
#6395=CARTESIAN_POINT('Origin',(53.0000000000054,-14.1027588489076,27.0563214650809));
#6396=CARTESIAN_POINT('Origin',(27.5000000000049,-12.0753283636625,53.000000000003));
#6397=CARTESIAN_POINT('',(13.7500000000049,-12.075328363663,40.000000000003));
#6398=CARTESIAN_POINT('Origin',(-7.35219796155206E-7,-28.0753283636638,
38.000000000003));
#6399=CARTESIAN_POINT('',(-29.5000014704452,-46.0753259537572,38.000000000003));
#6400=CARTESIAN_POINT('',(-29.4999985295423,-10.0753259537572,38.000000000003));
#6401=CARTESIAN_POINT('',(-29.4999985295423,-10.0753259537572,38.000000000003));
#6402=CARTESIAN_POINT('',(29.5000000000041,-10.0753307735698,38.000000000003));
#6403=CARTESIAN_POINT('',(-29.5000014704452,-46.0753259537572,38.000000000003));
#6404=CARTESIAN_POINT('Origin',(-29.5000014704452,-46.0753259537572,53.000000000003));
#6405=CARTESIAN_POINT('',(-29.4999985295423,-10.0753259537572,53.000000000003));
#6406=CARTESIAN_POINT('',(-29.5000014704452,-46.0753259537572,53.000000000003));
#6407=CARTESIAN_POINT('',(-29.499999588458,-23.0376596070941,53.000000000003));
#6408=CARTESIAN_POINT('',(-29.4999985295423,-10.0753259537572,53.000000000003));
#6409=CARTESIAN_POINT('',(-29.5000014704452,-46.0753259537572,53.000000000003));
#6410=CARTESIAN_POINT('Origin',(-29.4999985295423,-10.0753259537572,53.000000000003));
#6411=CARTESIAN_POINT('',(11.7500003236958,-10.0753293235414,53.000000000003));
#6412=CARTESIAN_POINT('Origin',(29.5000000000056,-46.0753307735705,53.000000000003));
#6413=CARTESIAN_POINT('',(41.2499981180183,-46.0753317334484,53.000000000003));
#6414=CARTESIAN_POINT('Origin',(5.40456568387526E-12,-28.0753283636634,
40.000000000003));
#6415=CARTESIAN_POINT('Origin',(5.42677014436777E-12,-50.,24.870000000003));
#6416=CARTESIAN_POINT('',(53.0000000000054,-50.,24.370000000003));
#6417=CARTESIAN_POINT('',(-52.9999999999946,-50.,24.370000000003));
#6418=CARTESIAN_POINT('',(26.5000000000054,-50.,24.370000000003));
#6419=CARTESIAN_POINT('',(53.0000000000054,-50.,25.370000000003));
#6420=CARTESIAN_POINT('',(53.0000000000054,-50.,23.870000000003));
#6421=CARTESIAN_POINT('',(-52.9999999999946,-50.,25.370000000003));
#6422=CARTESIAN_POINT('',(-26.4999999999946,-50.,25.370000000003));
#6423=CARTESIAN_POINT('',(-52.9999999999946,-50.,25.870000000003));
#6424=CARTESIAN_POINT('Origin',(26.5000000000054,-48.5,24.370000000003));
#6425=CARTESIAN_POINT('',(-52.9999999999946,-48.,24.370000000003));
#6426=CARTESIAN_POINT('',(-52.9999999999946,-48.5,23.870000000003));
#6427=CARTESIAN_POINT('Origin',(-52.9999999999945,-48.5,24.370000000003));
#6428=CARTESIAN_POINT('',(53.0000000000054,-48.,24.370000000003));
#6429=CARTESIAN_POINT('',(26.5000000000054,-48.,24.370000000003));
#6430=CARTESIAN_POINT('',(53.0000000000054,-48.5,23.870000000003));
#6431=CARTESIAN_POINT('Origin',(53.0000000000054,-48.5,24.370000000003));
#6432=CARTESIAN_POINT('',(26.5000000000054,-48.5,23.870000000003));
#6433=CARTESIAN_POINT('Origin',(5.42677014436777E-12,-48.,24.870000000003));
#6434=CARTESIAN_POINT('',(53.0000000000054,-48.,25.370000000003));
#6435=CARTESIAN_POINT('',(-52.9999999999946,-48.,25.370000000003));
#6436=CARTESIAN_POINT('',(-26.4999999999946,-48.,25.370000000003));
#6437=CARTESIAN_POINT('',(53.0000000000054,-48.,-14.064999999997));
#6438=CARTESIAN_POINT('',(-52.9999999999945,-48.,38.935000000003));
#6439=CARTESIAN_POINT('Origin',(-26.4999999999946,-48.5,25.370000000003));
#6440=CARTESIAN_POINT('',(53.0000000000054,-48.5,25.870000000003));
#6441=CARTESIAN_POINT('Origin',(53.0000000000054,-48.5,25.370000000003));
#6442=CARTESIAN_POINT('',(-52.9999999999946,-48.5,25.870000000003));
#6443=CARTESIAN_POINT('Origin',(-52.9999999999945,-48.5,25.370000000003));
#6444=CARTESIAN_POINT('',(-26.4999999999946,-48.5,25.870000000003));
#6445=CARTESIAN_POINT('Origin',(-52.9999999999946,-50.,25.870000000003));
#6446=CARTESIAN_POINT('',(53.0000000000054,-49.5,25.870000000003));
#6447=CARTESIAN_POINT('',(-52.9999999999946,-49.5,25.870000000003));
#6448=CARTESIAN_POINT('',(-26.4999999999946,-49.5,25.870000000003));
#6449=CARTESIAN_POINT('',(53.0000000000054,-25.,25.870000000003));
#6450=CARTESIAN_POINT('',(-52.9999999999945,-25.,25.870000000003));
#6451=CARTESIAN_POINT('Origin',(-26.4999999999946,-49.5,25.370000000003));
#6452=CARTESIAN_POINT('',(-52.9999999999946,-49.8284271247462,25.7470087846897));
#6453=CARTESIAN_POINT('Origin',(-52.9999999999945,-49.5,25.370000000003));
#6454=CARTESIAN_POINT('Origin',(-52.9999999999946,-49.5,25.370000000003));
#6455=CARTESIAN_POINT('Origin',(53.0000000000054,-49.5,25.370000000003));
#6456=CARTESIAN_POINT('Origin',(53.0000000000054,-49.5,25.370000000003));
#6457=CARTESIAN_POINT('Origin',(53.0000000000054,-50.,23.870000000003));
#6458=CARTESIAN_POINT('',(-52.9999999999946,-49.5,23.870000000003));
#6459=CARTESIAN_POINT('',(53.0000000000054,-49.5,23.870000000003));
#6460=CARTESIAN_POINT('',(26.5000000000054,-49.5,23.870000000003));
#6461=CARTESIAN_POINT('',(-52.9999999999945,-25.,23.870000000003));
#6462=CARTESIAN_POINT('',(53.0000000000054,-25.,23.870000000003));
#6463=CARTESIAN_POINT('Origin',(26.5000000000054,-49.5,24.370000000003));
#6464=CARTESIAN_POINT('Origin',(53.0000000000054,-49.5,24.370000000003));
#6465=CARTESIAN_POINT('Origin',(53.0000000000054,-49.5,24.370000000003));
#6466=CARTESIAN_POINT('',(-52.9999999999946,-49.8284271247462,23.9929912153163));
#6467=CARTESIAN_POINT('Origin',(-52.9999999999946,-49.5,24.370000000003));
#6468=CARTESIAN_POINT('Origin',(-52.9999999999945,-49.5,24.370000000003));
#6469=CARTESIAN_POINT('Origin',(53.0000000000054,-50.,25.870000000003));
#6470=CARTESIAN_POINT('Origin',(-52.9999999999946,-50.,23.870000000003));
#6471=CARTESIAN_POINT('',(-52.9999999999946,-49.8284271247462,-27.499999999997));
#6472=CARTESIAN_POINT('Origin',(5.42677014436777E-12,-50.,-25.2728571428541));
#6473=CARTESIAN_POINT('',(53.0000000000054,-50.,-25.7728571428541));
#6474=CARTESIAN_POINT('',(-52.9999999999946,-50.,-25.7728571428541));
#6475=CARTESIAN_POINT('',(26.5000000000054,-50.,-25.7728571428541));
#6476=CARTESIAN_POINT('',(53.0000000000054,-50.,-24.7728571428541));
#6477=CARTESIAN_POINT('',(53.0000000000054,-50.,-26.2728571428541));
#6478=CARTESIAN_POINT('',(-52.9999999999946,-50.,-24.7728571428541));
#6479=CARTESIAN_POINT('',(-26.4999999999946,-50.,-24.7728571428541));
#6480=CARTESIAN_POINT('',(-52.9999999999946,-50.,-24.2728571428541));
#6481=CARTESIAN_POINT('Origin',(26.5000000000054,-48.5,-25.7728571428541));
#6482=CARTESIAN_POINT('',(-52.9999999999946,-48.,-25.7728571428541));
#6483=CARTESIAN_POINT('',(-52.9999999999946,-48.5,-26.2728571428541));
#6484=CARTESIAN_POINT('Origin',(-52.9999999999945,-48.5,-25.7728571428541));
#6485=CARTESIAN_POINT('',(53.0000000000054,-48.,-25.7728571428541));
#6486=CARTESIAN_POINT('',(26.5000000000054,-48.,-25.7728571428541));
#6487=CARTESIAN_POINT('',(53.0000000000054,-48.5,-26.2728571428541));
#6488=CARTESIAN_POINT('Origin',(53.0000000000054,-48.5,-25.7728571428541));
#6489=CARTESIAN_POINT('',(26.5000000000054,-48.5,-26.2728571428541));
#6490=CARTESIAN_POINT('Origin',(5.42677014436777E-12,-48.,-25.2728571428541));
#6491=CARTESIAN_POINT('',(53.0000000000054,-48.,-24.7728571428541));
#6492=CARTESIAN_POINT('',(-52.9999999999946,-48.,-24.7728571428541));
#6493=CARTESIAN_POINT('',(-26.4999999999946,-48.,-24.7728571428541));
#6494=CARTESIAN_POINT('',(53.0000000000054,-48.,-39.1364285714256));
#6495=CARTESIAN_POINT('',(-52.9999999999946,-48.,13.8635714285744));
#6496=CARTESIAN_POINT('Origin',(-26.4999999999946,-48.5,-24.7728571428541));
#6497=CARTESIAN_POINT('',(53.0000000000054,-48.5,-24.2728571428541));
#6498=CARTESIAN_POINT('Origin',(53.0000000000054,-48.5,-24.7728571428541));
#6499=CARTESIAN_POINT('',(-52.9999999999946,-48.5,-24.2728571428541));
#6500=CARTESIAN_POINT('Origin',(-52.9999999999945,-48.5,-24.7728571428541));
#6501=CARTESIAN_POINT('',(-26.4999999999946,-48.5,-24.2728571428541));
#6502=CARTESIAN_POINT('Origin',(-52.9999999999946,-50.,-24.2728571428541));
#6503=CARTESIAN_POINT('',(53.0000000000054,-49.5,-24.2728571428541));
#6504=CARTESIAN_POINT('',(-52.9999999999946,-49.5,-24.2728571428541));
#6505=CARTESIAN_POINT('',(-26.4999999999946,-49.5,-24.2728571428541));
#6506=CARTESIAN_POINT('',(53.0000000000054,-25.,-24.2728571428541));
#6507=CARTESIAN_POINT('',(-52.9999999999946,-25.,-24.2728571428541));
#6508=CARTESIAN_POINT('Origin',(-26.4999999999946,-49.5,-24.7728571428541));
#6509=CARTESIAN_POINT('',(-52.9999999999946,-49.8284271247462,-24.3958483581674));
#6510=CARTESIAN_POINT('Origin',(-52.9999999999945,-49.5,-24.7728571428541));
#6511=CARTESIAN_POINT('Origin',(-52.9999999999946,-49.5,-24.7728571428541));
#6512=CARTESIAN_POINT('Origin',(53.0000000000054,-49.5,-24.7728571428541));
#6513=CARTESIAN_POINT('Origin',(53.0000000000054,-49.5,-24.7728571428541));
#6514=CARTESIAN_POINT('Origin',(53.0000000000054,-50.,-26.2728571428541));
#6515=CARTESIAN_POINT('',(-52.9999999999946,-49.5,-26.2728571428541));
#6516=CARTESIAN_POINT('',(53.0000000000054,-49.5,-26.2728571428541));
#6517=CARTESIAN_POINT('',(26.5000000000054,-49.5,-26.2728571428541));
#6518=CARTESIAN_POINT('',(-52.9999999999946,-25.,-26.2728571428541));
#6519=CARTESIAN_POINT('',(53.0000000000054,-25.,-26.2728571428541));
#6520=CARTESIAN_POINT('Origin',(26.5000000000054,-49.5,-25.7728571428541));
#6521=CARTESIAN_POINT('Origin',(53.0000000000054,-49.5,-25.7728571428541));
#6522=CARTESIAN_POINT('Origin',(53.0000000000054,-49.5,-25.7728571428541));
#6523=CARTESIAN_POINT('',(-52.9999999999946,-49.8284271247462,-26.1498659275408));
#6524=CARTESIAN_POINT('Origin',(-52.9999999999946,-49.5,-25.7728571428541));
#6525=CARTESIAN_POINT('Origin',(-52.9999999999945,-49.5,-25.7728571428541));
#6526=CARTESIAN_POINT('Origin',(53.0000000000054,-50.,-24.2728571428541));
#6527=CARTESIAN_POINT('Origin',(-52.9999999999946,-50.,-26.2728571428541));
#6528=CARTESIAN_POINT('',(-52.9999999999946,-49.8284271247462,-27.499999999997));
#6529=CARTESIAN_POINT('Origin',(5.42677014436777E-12,-50.,-3.84428571428271));
#6530=CARTESIAN_POINT('',(53.0000000000054,-50.,-4.34428571428271));
#6531=CARTESIAN_POINT('',(-52.9999999999946,-50.,-4.34428571428271));
#6532=CARTESIAN_POINT('',(26.5000000000054,-50.,-4.34428571428271));
#6533=CARTESIAN_POINT('',(53.0000000000054,-50.,-3.3442857142827));
#6534=CARTESIAN_POINT('',(53.0000000000054,-50.,-4.84428571428271));
#6535=CARTESIAN_POINT('',(-52.9999999999946,-50.,-3.3442857142827));
#6536=CARTESIAN_POINT('',(-26.4999999999946,-50.,-3.3442857142827));
#6537=CARTESIAN_POINT('',(-52.9999999999946,-50.,-2.8442857142827));
#6538=CARTESIAN_POINT('Origin',(26.5000000000054,-48.5,-4.34428571428271));
#6539=CARTESIAN_POINT('',(-52.9999999999946,-48.,-4.34428571428271));
#6540=CARTESIAN_POINT('',(-52.9999999999946,-48.5,-4.84428571428271));
#6541=CARTESIAN_POINT('Origin',(-52.9999999999945,-48.5,-4.34428571428271));
#6542=CARTESIAN_POINT('',(53.0000000000054,-48.,-4.34428571428271));
#6543=CARTESIAN_POINT('',(26.5000000000054,-48.,-4.34428571428271));
#6544=CARTESIAN_POINT('',(53.0000000000054,-48.5,-4.84428571428271));
#6545=CARTESIAN_POINT('Origin',(53.0000000000054,-48.5,-4.34428571428271));
#6546=CARTESIAN_POINT('',(26.5000000000054,-48.5,-4.84428571428271));
#6547=CARTESIAN_POINT('Origin',(5.42677014436777E-12,-48.,-3.84428571428271));
#6548=CARTESIAN_POINT('',(53.0000000000054,-48.,-3.3442857142827));
#6549=CARTESIAN_POINT('',(-52.9999999999946,-48.,-3.3442857142827));
#6550=CARTESIAN_POINT('',(-26.4999999999946,-48.,-3.3442857142827));
#6551=CARTESIAN_POINT('',(53.0000000000054,-48.,-28.4221428571398));
#6552=CARTESIAN_POINT('',(-52.9999999999946,-48.,24.5778571428602));
#6553=CARTESIAN_POINT('Origin',(-26.4999999999946,-48.5,-3.3442857142827));
#6554=CARTESIAN_POINT('',(53.0000000000054,-48.5,-2.8442857142827));
#6555=CARTESIAN_POINT('Origin',(53.0000000000054,-48.5,-3.3442857142827));
#6556=CARTESIAN_POINT('',(-52.9999999999946,-48.5,-2.8442857142827));
#6557=CARTESIAN_POINT('Origin',(-52.9999999999945,-48.5,-3.3442857142827));
#6558=CARTESIAN_POINT('',(-26.4999999999946,-48.5,-2.8442857142827));
#6559=CARTESIAN_POINT('Origin',(-52.9999999999946,-50.,-2.8442857142827));
#6560=CARTESIAN_POINT('',(53.0000000000054,-49.5,-2.8442857142827));
#6561=CARTESIAN_POINT('',(-52.9999999999946,-49.5,-2.8442857142827));
#6562=CARTESIAN_POINT('',(-26.4999999999946,-49.5,-2.8442857142827));
#6563=CARTESIAN_POINT('',(53.0000000000054,-25.,-2.8442857142827));
#6564=CARTESIAN_POINT('',(-52.9999999999946,-25.,-2.8442857142827));
#6565=CARTESIAN_POINT('Origin',(-26.4999999999946,-49.5,-3.3442857142827));
#6566=CARTESIAN_POINT('',(-52.9999999999946,-49.8284271247462,-2.96727692959597));
#6567=CARTESIAN_POINT('Origin',(-52.9999999999945,-49.5,-3.3442857142827));
#6568=CARTESIAN_POINT('Origin',(-52.9999999999946,-49.5,-3.3442857142827));
#6569=CARTESIAN_POINT('Origin',(53.0000000000054,-49.5,-3.3442857142827));
#6570=CARTESIAN_POINT('Origin',(53.0000000000054,-49.5,-3.3442857142827));
#6571=CARTESIAN_POINT('Origin',(53.0000000000054,-50.,-4.84428571428271));
#6572=CARTESIAN_POINT('',(-52.9999999999946,-49.5,-4.84428571428271));
#6573=CARTESIAN_POINT('',(53.0000000000054,-49.5,-4.84428571428271));
#6574=CARTESIAN_POINT('',(26.5000000000054,-49.5,-4.84428571428271));
#6575=CARTESIAN_POINT('',(-52.9999999999946,-25.,-4.8442857142827));
#6576=CARTESIAN_POINT('',(53.0000000000054,-25.,-4.8442857142827));
#6577=CARTESIAN_POINT('Origin',(26.5000000000054,-49.5,-4.34428571428271));
#6578=CARTESIAN_POINT('Origin',(53.0000000000054,-49.5,-4.34428571428271));
#6579=CARTESIAN_POINT('Origin',(53.0000000000054,-49.5,-4.34428571428271));
#6580=CARTESIAN_POINT('',(-52.9999999999946,-49.8284271247462,-4.72129449896942));
#6581=CARTESIAN_POINT('Origin',(-52.9999999999946,-49.5,-4.34428571428271));
#6582=CARTESIAN_POINT('Origin',(-52.9999999999945,-49.5,-4.34428571428271));
#6583=CARTESIAN_POINT('Origin',(53.0000000000054,-50.,-2.8442857142827));
#6584=CARTESIAN_POINT('Origin',(-52.9999999999946,-50.,-4.84428571428271));
#6585=CARTESIAN_POINT('',(-52.9999999999946,-49.8284271247462,-27.499999999997));
#6586=CARTESIAN_POINT('Origin',(5.42677014436777E-12,-50.,10.4414285714316));
#6587=CARTESIAN_POINT('',(53.0000000000054,-50.,9.94142857143158));
#6588=CARTESIAN_POINT('',(-52.9999999999946,-50.,9.94142857143158));
#6589=CARTESIAN_POINT('',(26.5000000000054,-50.,9.94142857143158));
#6590=CARTESIAN_POINT('',(53.0000000000054,-50.,10.9414285714316));
#6591=CARTESIAN_POINT('',(53.0000000000054,-50.,9.44142857143158));
#6592=CARTESIAN_POINT('',(-52.9999999999946,-50.,10.9414285714316));
#6593=CARTESIAN_POINT('',(-26.4999999999946,-50.,10.9414285714316));
#6594=CARTESIAN_POINT('',(-52.9999999999946,-50.,11.4414285714316));
#6595=CARTESIAN_POINT('Origin',(26.5000000000054,-48.5,9.94142857143158));
#6596=CARTESIAN_POINT('',(-52.9999999999946,-48.,9.94142857143158));
#6597=CARTESIAN_POINT('',(-52.9999999999946,-48.5,9.44142857143158));
#6598=CARTESIAN_POINT('Origin',(-52.9999999999945,-48.5,9.94142857143158));
#6599=CARTESIAN_POINT('',(53.0000000000054,-48.,9.94142857143158));
#6600=CARTESIAN_POINT('',(26.5000000000054,-48.,9.94142857143158));
#6601=CARTESIAN_POINT('',(53.0000000000054,-48.5,9.44142857143158));
#6602=CARTESIAN_POINT('Origin',(53.0000000000054,-48.5,9.94142857143158));
#6603=CARTESIAN_POINT('',(26.5000000000054,-48.5,9.44142857143158));
#6604=CARTESIAN_POINT('Origin',(5.42677014436777E-12,-48.,10.4414285714316));
#6605=CARTESIAN_POINT('',(53.0000000000054,-48.,10.9414285714316));
#6606=CARTESIAN_POINT('',(-52.9999999999946,-48.,10.9414285714316));
#6607=CARTESIAN_POINT('',(-26.4999999999946,-48.,10.9414285714316));
#6608=CARTESIAN_POINT('',(53.0000000000054,-48.,-21.2792857142827));
#6609=CARTESIAN_POINT('',(-52.9999999999945,-48.,31.7207142857173));
#6610=CARTESIAN_POINT('Origin',(-26.4999999999946,-48.5,10.9414285714316));
#6611=CARTESIAN_POINT('',(53.0000000000054,-48.5,11.4414285714316));
#6612=CARTESIAN_POINT('Origin',(53.0000000000054,-48.5,10.9414285714316));
#6613=CARTESIAN_POINT('',(-52.9999999999946,-48.5,11.4414285714316));
#6614=CARTESIAN_POINT('Origin',(-52.9999999999945,-48.5,10.9414285714316));
#6615=CARTESIAN_POINT('',(-26.4999999999946,-48.5,11.4414285714316));
#6616=CARTESIAN_POINT('Origin',(-52.9999999999946,-50.,11.4414285714316));
#6617=CARTESIAN_POINT('',(53.0000000000054,-49.5,11.4414285714316));
#6618=CARTESIAN_POINT('',(-52.9999999999946,-49.5,11.4414285714316));
#6619=CARTESIAN_POINT('',(-26.4999999999946,-49.5,11.4414285714316));
#6620=CARTESIAN_POINT('',(53.0000000000054,-25.,11.4414285714316));
#6621=CARTESIAN_POINT('',(-52.9999999999945,-25.,11.4414285714316));
#6622=CARTESIAN_POINT('Origin',(-26.4999999999946,-49.5,10.9414285714316));
#6623=CARTESIAN_POINT('',(-52.9999999999946,-49.8284271247462,11.3184373561183));
#6624=CARTESIAN_POINT('Origin',(-52.9999999999945,-49.5,10.9414285714316));
#6625=CARTESIAN_POINT('Origin',(-52.9999999999946,-49.5,10.9414285714316));
#6626=CARTESIAN_POINT('Origin',(53.0000000000054,-49.5,10.9414285714316));
#6627=CARTESIAN_POINT('Origin',(53.0000000000054,-49.5,10.9414285714316));
#6628=CARTESIAN_POINT('Origin',(53.0000000000054,-50.,9.44142857143158));
#6629=CARTESIAN_POINT('',(-52.9999999999946,-49.5,9.44142857143158));
#6630=CARTESIAN_POINT('',(53.0000000000054,-49.5,9.44142857143158));
#6631=CARTESIAN_POINT('',(26.5000000000054,-49.5,9.44142857143158));
#6632=CARTESIAN_POINT('',(-52.9999999999945,-25.,9.44142857143158));
#6633=CARTESIAN_POINT('',(53.0000000000054,-25.,9.44142857143158));
#6634=CARTESIAN_POINT('Origin',(26.5000000000054,-49.5,9.94142857143158));
#6635=CARTESIAN_POINT('Origin',(53.0000000000054,-49.5,9.94142857143158));
#6636=CARTESIAN_POINT('Origin',(53.0000000000054,-49.5,9.94142857143158));
#6637=CARTESIAN_POINT('',(-52.9999999999946,-49.8284271247462,9.56441978674487));
#6638=CARTESIAN_POINT('Origin',(-52.9999999999946,-49.5,9.94142857143158));
#6639=CARTESIAN_POINT('Origin',(-52.9999999999945,-49.5,9.94142857143158));
#6640=CARTESIAN_POINT('Origin',(53.0000000000054,-50.,11.4414285714316));
#6641=CARTESIAN_POINT('Origin',(-52.9999999999946,-50.,9.44142857143158));
#6642=CARTESIAN_POINT('',(-52.9999999999946,-49.8284271247462,-27.499999999997));
#6643=CARTESIAN_POINT('Origin',(-47.9999999999945,25.2,-47.999999999997));
#6644=CARTESIAN_POINT('',(-52.9999999999946,-10.,-36.5435607626074));
#6645=CARTESIAN_POINT('Origin',(-47.9999999999945,-10.,-47.999999999997));
#6646=CARTESIAN_POINT('',(-52.9999999999946,-49.8284271247462,-36.5435607626074));
#6647=CARTESIAN_POINT('',(-52.9999999999946,25.2,-36.5435607626074));
#6648=CARTESIAN_POINT('',(-51.9999999999946,-50.,-36.15728071767));
#6649=CARTESIAN_POINT('Ctrl Pts',(-51.9999999999946,-50.,-36.15728071767));
#6650=CARTESIAN_POINT('Ctrl Pts',(-52.3313101206641,-50.,-36.2691841117373));
#6651=CARTESIAN_POINT('Ctrl Pts',(-52.675932539056,-49.943002274342,-36.4021261273671));
#6652=CARTESIAN_POINT('Ctrl Pts',(-52.9999999999946,-49.8284271247462,-36.5435607626074));
#6653=CARTESIAN_POINT('',(-39.2649639324078,-50.,-39.0585714285684));
#6654=CARTESIAN_POINT('Origin',(-47.9999999999945,-50.,-47.999999999997));
#6655=CARTESIAN_POINT('',(-39.8079656659227,-49.5,-38.5585714285684));
#6656=CARTESIAN_POINT('Ctrl Pts',(-39.2649639324078,-50.,-39.0585714285684));
#6657=CARTESIAN_POINT('Ctrl Pts',(-39.3323294470943,-50.,-38.9927608932835));
#6658=CARTESIAN_POINT('Ctrl Pts',(-39.4060927041206,-49.9864508864372,-38.9223292143834));
#6659=CARTESIAN_POINT('Ctrl Pts',(-39.5475520015914,-49.9281555440535,-38.7904683975669));
#6660=CARTESIAN_POINT('Ctrl Pts',(-39.61527203562,-49.8836096621781,-38.728976511554));
#6661=CARTESIAN_POINT('Ctrl Pts',(-39.7076051783967,-49.7876077284681,-38.6464643810071));
#6662=CARTESIAN_POINT('Ctrl Pts',(-39.7433176074336,-49.7385089076653,-38.6149952905807));
#6663=CARTESIAN_POINT('Ctrl Pts',(-39.7810538051221,-49.6541655654485,-38.5819745800159));
#6664=CARTESIAN_POINT('Ctrl Pts',(-39.7910726549337,-49.6242776341532,-38.5732514620278));
#6665=CARTESIAN_POINT('Ctrl Pts',(-39.8045285413017,-49.5628218381755,-38.5615504199845));
#6666=CARTESIAN_POINT('Ctrl Pts',(-39.8079656659227,-49.5312541960031,-38.5585714285684));
#6667=CARTESIAN_POINT('Ctrl Pts',(-39.8079656659227,-49.5,-38.5585714285684));
#6668=CARTESIAN_POINT('',(-39.8079656659227,-48.5,-38.5585714285684));
#6669=CARTESIAN_POINT('',(-39.8079656659227,25.2,-38.5585714285684));
#6670=CARTESIAN_POINT('',(-39.2649639324078,-48.,-39.0585714285684));
#6671=CARTESIAN_POINT('Ctrl Pts',(-39.8079656659227,-48.5,-38.5585714285684));
#6672=CARTESIAN_POINT('Ctrl Pts',(-39.8079656659227,-48.4687458039969,-38.5585714285684));
#6673=CARTESIAN_POINT('Ctrl Pts',(-39.8045285413017,-48.4371781618245,-38.5615504199846));
#6674=CARTESIAN_POINT('Ctrl Pts',(-39.7910726549337,-48.3757223658468,-38.5732514620278));
#6675=CARTESIAN_POINT('Ctrl Pts',(-39.7810538051221,-48.3458344345515,-38.5819745800159));
#6676=CARTESIAN_POINT('Ctrl Pts',(-39.7433176074336,-48.2614910923347,-38.6149952905807));
#6677=CARTESIAN_POINT('Ctrl Pts',(-39.7076051783967,-48.2123922715319,-38.6464643810071));
#6678=CARTESIAN_POINT('Ctrl Pts',(-39.61527203562,-48.1163903378219,-38.728976511554));
#6679=CARTESIAN_POINT('Ctrl Pts',(-39.5475520015914,-48.0718444559465,-38.7904683975669));
#6680=CARTESIAN_POINT('Ctrl Pts',(-39.4060927041206,-48.0135491135628,-38.9223292143834));
#6681=CARTESIAN_POINT('Ctrl Pts',(-39.3323294470943,-48.,-38.9927608932835));
#6682=CARTESIAN_POINT('Ctrl Pts',(-39.2649639324078,-48.,-39.0585714285684));
#6683=CARTESIAN_POINT('',(-38.346828902117,-48.,-40.0585714285684));
#6684=CARTESIAN_POINT('Origin',(-47.9999999999945,-48.,-47.999999999997));
#6685=CARTESIAN_POINT('',(-37.9563382764832,-48.5,-40.5585714285684));
#6686=CARTESIAN_POINT('Ctrl Pts',(-38.346828902117,-48.,-40.0585714285684));
#6687=CARTESIAN_POINT('Ctrl Pts',(-38.2952258652247,-48.,-40.1212972895153));
#6688=CARTESIAN_POINT('Ctrl Pts',(-38.2401087438737,-48.0124199638153,-40.1896679104879));
#6689=CARTESIAN_POINT('Ctrl Pts',(-38.1381772388262,-48.0673169124651,-40.3187750656392));
#6690=CARTESIAN_POINT('Ctrl Pts',(-38.0913431252342,-48.1098218413972,-40.3794841371671));
#6691=CARTESIAN_POINT('Ctrl Pts',(-38.0260130521428,-48.204002031936,-40.4652961286583));
#6692=CARTESIAN_POINT('Ctrl Pts',(-38.0002574032391,-48.2561548885902,-40.4996002213974));
#6693=CARTESIAN_POINT('Ctrl Pts',(-37.9654028365587,-48.3731459830884,-40.546295647181));
#6694=CARTESIAN_POINT('Ctrl Pts',(-37.9563382764832,-48.4380405400099,-40.5585714285684));
#6695=CARTESIAN_POINT('Ctrl Pts',(-37.9563382764832,-48.5,-40.5585714285684));
#6696=CARTESIAN_POINT('',(-37.9563382764832,-49.5,-40.5585714285684));
#6697=CARTESIAN_POINT('',(-37.9563382764832,25.2,-40.5585714285684));
#6698=CARTESIAN_POINT('',(-38.346828902117,-50.,-40.0585714285684));
#6699=CARTESIAN_POINT('Ctrl Pts',(-37.9563382764832,-49.5,-40.5585714285684));
#6700=CARTESIAN_POINT('Ctrl Pts',(-37.9563382764832,-49.5619594599901,-40.5585714285684));
#6701=CARTESIAN_POINT('Ctrl Pts',(-37.9654028365587,-49.6268540169116,-40.546295647181));
#6702=CARTESIAN_POINT('Ctrl Pts',(-38.0002574032391,-49.7438451114098,-40.4996002213974));
#6703=CARTESIAN_POINT('Ctrl Pts',(-38.0260130521428,-49.795997968064,-40.4652961286584));
#6704=CARTESIAN_POINT('Ctrl Pts',(-38.0913431252342,-49.8901781586028,-40.3794841371671));
#6705=CARTESIAN_POINT('Ctrl Pts',(-38.1381772388262,-49.9326830875349,-40.3187750656392));
#6706=CARTESIAN_POINT('Ctrl Pts',(-38.2401087438737,-49.9875800361847,-40.1896679104879));
#6707=CARTESIAN_POINT('Ctrl Pts',(-38.2952258652247,-50.,-40.1212972895153));
#6708=CARTESIAN_POINT('Ctrl Pts',(-38.346828902117,-50.,-40.0585714285684));
#6709=CARTESIAN_POINT('',(-35.6300711070572,-50.,-46.2014285714256));
#6710=CARTESIAN_POINT('Origin',(-47.9999999999945,-50.,-47.999999999997));
#6711=CARTESIAN_POINT('',(-35.7131546201684,-49.5,-45.7014285714256));
#6712=CARTESIAN_POINT('Ctrl Pts',(-35.6300711070572,-50.,-46.2014285714256));
#6713=CARTESIAN_POINT('Ctrl Pts',(-35.6392265034099,-50.,-46.1384610406005));
#6714=CARTESIAN_POINT('Ctrl Pts',(-35.6495267054603,-49.9873887775999,-46.071342214739));
#6715=CARTESIAN_POINT('Ctrl Pts',(-35.6694439677844,-49.9360856431888,-45.9478549300032));
#6716=CARTESIAN_POINT('Ctrl Pts',(-35.6790342318017,-49.8973932775992,-45.8914823390902));
#6717=CARTESIAN_POINT('Ctrl Pts',(-35.694504229429,-49.8084541937506,-45.8030104371797));
#6718=CARTESIAN_POINT('Ctrl Pts',(-35.7014467362158,-49.7524806121317,-45.7647697111984));
#6719=CARTESIAN_POINT('Ctrl Pts',(-35.7107869238608,-49.629640862327,-45.7139753287359));
#6720=CARTESIAN_POINT('Ctrl Pts',(-35.7131546201684,-49.5627695634144,-45.7014285714256));
#6721=CARTESIAN_POINT('Ctrl Pts',(-35.7131546201684,-49.5,-45.7014285714256));
#6722=CARTESIAN_POINT('',(-35.7131546201684,-48.5,-45.7014285714256));
#6723=CARTESIAN_POINT('',(-35.7131546201684,25.2,-45.7014285714256));
#6724=CARTESIAN_POINT('',(-35.6300711070572,-48.,-46.2014285714256));
#6725=CARTESIAN_POINT('Ctrl Pts',(-35.7131546201684,-48.5,-45.7014285714256));
#6726=CARTESIAN_POINT('Ctrl Pts',(-35.7131546201684,-48.4372304365856,-45.7014285714256));
#6727=CARTESIAN_POINT('Ctrl Pts',(-35.7107869238608,-48.370359137673,-45.7139753287359));
#6728=CARTESIAN_POINT('Ctrl Pts',(-35.7014467362158,-48.2475193878683,-45.7647697111983));
#6729=CARTESIAN_POINT('Ctrl Pts',(-35.694504229429,-48.1915458062494,-45.8030104371797));
#6730=CARTESIAN_POINT('Ctrl Pts',(-35.6790342318017,-48.1026067224008,-45.8914823390902));
#6731=CARTESIAN_POINT('Ctrl Pts',(-35.6694439677844,-48.0639143568112,-45.9478549300032));
#6732=CARTESIAN_POINT('Ctrl Pts',(-35.6495267054603,-48.0126112224001,-46.071342214739));
#6733=CARTESIAN_POINT('Ctrl Pts',(-35.6392265034099,-48.,-46.1384610406005));
#6734=CARTESIAN_POINT('Ctrl Pts',(-35.6300711070572,-48.,-46.2014285714256));
#6735=CARTESIAN_POINT('',(-35.5255347339613,-48.,-47.2014285714256));
#6736=CARTESIAN_POINT('Origin',(-47.9999999999945,-48.,-47.999999999997));
#6737=CARTESIAN_POINT('',(-35.5035663046541,-48.5,-47.7014285714256));
#6738=CARTESIAN_POINT('Ctrl Pts',(-35.5255347339613,-48.,-47.2014285714256));
#6739=CARTESIAN_POINT('Ctrl Pts',(-35.5215188126972,-48.,-47.264161181844));
#6740=CARTESIAN_POINT('Ctrl Pts',(-35.5177565663547,-48.0125292146291,-47.3311174592104));
#6741=CARTESIAN_POINT('Ctrl Pts',(-35.5117630854801,-48.0635572387722,-47.4543409884103));
#6742=CARTESIAN_POINT('Ctrl Pts',(-35.5095048056798,-48.102057605739,-47.5106062783339));
#6743=CARTESIAN_POINT('Ctrl Pts',(-35.5063418808763,-48.1908811168553,-47.5994031517395));
#6744=CARTESIAN_POINT('Ctrl Pts',(-35.5052205469741,-48.2470939390035,-47.6378709247239));
#6745=CARTESIAN_POINT('Ctrl Pts',(-35.5038462852894,-48.3702658378641,-47.688883647305));
#6746=CARTESIAN_POINT('Ctrl Pts',(-35.5035663046541,-48.4372246218062,-47.7014285714256));
#6747=CARTESIAN_POINT('Ctrl Pts',(-35.5035663046541,-48.5,-47.7014285714256));
#6748=CARTESIAN_POINT('',(-35.5035663046541,-49.5,-47.7014285714256));
#6749=CARTESIAN_POINT('',(-35.5035663046541,25.2,-47.7014285714256));
#6750=CARTESIAN_POINT('',(-35.5255347339613,-50.,-47.2014285714256));
#6751=CARTESIAN_POINT('Ctrl Pts',(-35.5035663046541,-49.5,-47.7014285714256));
#6752=CARTESIAN_POINT('Ctrl Pts',(-35.5035663046541,-49.5627753781938,-47.7014285714256));
#6753=CARTESIAN_POINT('Ctrl Pts',(-35.5038462852894,-49.6297341621359,-47.688883647305));
#6754=CARTESIAN_POINT('Ctrl Pts',(-35.5052205469741,-49.7529060609965,-47.6378709247239));
#6755=CARTESIAN_POINT('Ctrl Pts',(-35.5063418808763,-49.8091188831447,-47.5994031517395));
#6756=CARTESIAN_POINT('Ctrl Pts',(-35.5095048056798,-49.897942394261,-47.5106062783339));
#6757=CARTESIAN_POINT('Ctrl Pts',(-35.5117630854801,-49.9364427612278,-47.4543409884103));
#6758=CARTESIAN_POINT('Ctrl Pts',(-35.5177565663547,-49.9874707853709,-47.3311174592104));
#6759=CARTESIAN_POINT('Ctrl Pts',(-35.5215188126972,-50.,-47.264161181844));
#6760=CARTESIAN_POINT('Ctrl Pts',(-35.5255347339613,-50.,-47.2014285714256));
#6761=CARTESIAN_POINT('Origin',(-47.9999999999945,-50.,-47.999999999997));
#6762=CARTESIAN_POINT('Origin',(26.5000000000054,-48.5,-47.2014285714256));
#6763=CARTESIAN_POINT('',(35.5255347339722,-48.,-47.2014285714256));
#6764=CARTESIAN_POINT('',(26.5000000000054,-48.,-47.2014285714256));
#6765=CARTESIAN_POINT('',(35.503566304665,-48.5,-47.7014285714256));
#6766=CARTESIAN_POINT('Ctrl Pts',(35.503566304665,-48.5,-47.7014285714256));
#6767=CARTESIAN_POINT('Ctrl Pts',(35.503566304665,-48.4372246218062,-47.7014285714256));
#6768=CARTESIAN_POINT('Ctrl Pts',(35.5038462853003,-48.3702658378641,-47.688883647305));
#6769=CARTESIAN_POINT('Ctrl Pts',(35.505220546985,-48.2470939390035,-47.6378709247239));
#6770=CARTESIAN_POINT('Ctrl Pts',(35.5063418808872,-48.1908811168553,-47.5994031517395));
#6771=CARTESIAN_POINT('Ctrl Pts',(35.5095048056907,-48.102057605739,-47.5106062783339));
#6772=CARTESIAN_POINT('Ctrl Pts',(35.511763085491,-48.0635572387722,-47.4543409884103));
#6773=CARTESIAN_POINT('Ctrl Pts',(35.5177565663656,-48.0125292146291,-47.3311174592104));
#6774=CARTESIAN_POINT('Ctrl Pts',(35.5215188127081,-48.,-47.264161181844));
#6775=CARTESIAN_POINT('Ctrl Pts',(35.5255347339722,-48.,-47.2014285714256));
#6776=CARTESIAN_POINT('',(26.5000000000054,-48.5,-47.7014285714256));
#6777=CARTESIAN_POINT('Origin',(5.42677014436777E-12,-48.,-46.7014285714256));
#6778=CARTESIAN_POINT('',(35.6300711070681,-48.,-46.2014285714256));
#6779=CARTESIAN_POINT('',(-26.4999999999946,-48.,-46.2014285714256));
#6780=CARTESIAN_POINT('Origin',(48.0000000000054,-48.,-47.999999999997));
#6781=CARTESIAN_POINT('Origin',(53.0000000000054,-50.,-47.7014285714256));
#6782=CARTESIAN_POINT('',(35.503566304665,-49.5,-47.7014285714256));
#6783=CARTESIAN_POINT('',(35.503566304665,25.2,-47.7014285714256));
#6784=CARTESIAN_POINT('',(26.5000000000054,-49.5,-47.7014285714256));
#6785=CARTESIAN_POINT('Origin',(26.5000000000054,-49.5,-47.2014285714256));
#6786=CARTESIAN_POINT('',(35.5255347339722,-50.,-47.2014285714256));
#6787=CARTESIAN_POINT('Ctrl Pts',(35.5255347339722,-50.,-47.2014285714256));
#6788=CARTESIAN_POINT('Ctrl Pts',(35.5215188127081,-50.,-47.264161181844));
#6789=CARTESIAN_POINT('Ctrl Pts',(35.5177565663656,-49.9874707853709,-47.3311174592104));
#6790=CARTESIAN_POINT('Ctrl Pts',(35.511763085491,-49.9364427612278,-47.4543409884103));
#6791=CARTESIAN_POINT('Ctrl Pts',(35.5095048056907,-49.897942394261,-47.5106062783339));
#6792=CARTESIAN_POINT('Ctrl Pts',(35.5063418808872,-49.8091188831447,-47.5994031517395));
#6793=CARTESIAN_POINT('Ctrl Pts',(35.505220546985,-49.7529060609965,-47.6378709247239));
#6794=CARTESIAN_POINT('Ctrl Pts',(35.5038462853003,-49.6297341621359,-47.688883647305));
#6795=CARTESIAN_POINT('Ctrl Pts',(35.503566304665,-49.5627753781938,-47.7014285714256));
#6796=CARTESIAN_POINT('Ctrl Pts',(35.503566304665,-49.5,-47.7014285714256));
#6797=CARTESIAN_POINT('',(26.5000000000054,-50.,-47.2014285714256));
#6798=CARTESIAN_POINT('Origin',(-26.4999999999946,-49.5,-46.2014285714256));
#6799=CARTESIAN_POINT('',(35.6300711070681,-50.,-46.2014285714256));
#6800=CARTESIAN_POINT('',(-26.4999999999946,-50.,-46.2014285714256));
#6801=CARTESIAN_POINT('',(35.7131546201793,-49.5,-45.7014285714256));
#6802=CARTESIAN_POINT('Ctrl Pts',(35.7131546201793,-49.5,-45.7014285714256));
#6803=CARTESIAN_POINT('Ctrl Pts',(35.7131546201793,-49.5627695634144,-45.7014285714256));
#6804=CARTESIAN_POINT('Ctrl Pts',(35.7107869238717,-49.629640862327,-45.7139753287359));
#6805=CARTESIAN_POINT('Ctrl Pts',(35.7014467362266,-49.7524806121317,-45.7647697111983));
#6806=CARTESIAN_POINT('Ctrl Pts',(35.6945042294399,-49.8084541937506,-45.8030104371797));
#6807=CARTESIAN_POINT('Ctrl Pts',(35.6790342318126,-49.8973932775992,-45.8914823390902));
#6808=CARTESIAN_POINT('Ctrl Pts',(35.6694439677953,-49.9360856431888,-45.9478549300032));
#6809=CARTESIAN_POINT('Ctrl Pts',(35.6495267054711,-49.9873887775999,-46.071342214739));
#6810=CARTESIAN_POINT('Ctrl Pts',(35.6392265034208,-50.,-46.1384610406005));
#6811=CARTESIAN_POINT('Ctrl Pts',(35.6300711070681,-50.,-46.2014285714256));
#6812=CARTESIAN_POINT('',(-26.4999999999946,-49.5,-45.7014285714256));
#6813=CARTESIAN_POINT('Origin',(-26.4999999999946,-49.5,-46.2014285714256));
#6814=CARTESIAN_POINT('',(-52.9999999999946,-50.,-46.2014285714256));
#6815=CARTESIAN_POINT('Origin',(-52.9999999999946,-49.5,-46.2014285714256));
#6816=CARTESIAN_POINT('',(-26.4999999999946,-50.,-46.2014285714256));
#6817=CARTESIAN_POINT('Origin',(-26.4999999999946,-49.5,-46.2014285714256));
#6818=CARTESIAN_POINT('',(53.0000000000054,-50.,-46.2014285714256));
#6819=CARTESIAN_POINT('',(-26.4999999999946,-50.,-46.2014285714256));
#6820=CARTESIAN_POINT('Origin',(53.0000000000054,-49.5,-46.2014285714256));
#6821=CARTESIAN_POINT('Origin',(53.0000000000054,-50.,-45.7014285714256));
#6822=CARTESIAN_POINT('',(53.0000000000054,-50.,-47.2014285714256));
#6823=CARTESIAN_POINT('',(53.0000000000054,-50.,-47.7014285714256));
#6824=CARTESIAN_POINT('Origin',(53.0000000000054,-49.5,-47.2014285714256));
#6825=CARTESIAN_POINT('Origin',(26.5000000000054,-49.5,-47.2014285714256));
#6826=CARTESIAN_POINT('',(-52.9999999999946,-50.,-47.2014285714256));
#6827=CARTESIAN_POINT('',(26.5000000000054,-50.,-47.2014285714256));
#6828=CARTESIAN_POINT('Origin',(-52.9999999999946,-49.5,-47.2014285714256));
#6829=CARTESIAN_POINT('Origin',(26.5000000000054,-49.5,-47.2014285714256));
#6830=CARTESIAN_POINT('',(26.5000000000054,-50.,-47.2014285714256));
#6831=CARTESIAN_POINT('Origin',(-52.9999999999946,-50.,-45.7014285714256));
#6832=CARTESIAN_POINT('',(35.7131546201793,-48.5,-45.7014285714256));
#6833=CARTESIAN_POINT('',(35.7131546201793,25.2,-45.7014285714256));
#6834=CARTESIAN_POINT('',(-26.4999999999946,-48.5,-45.7014285714256));
#6835=CARTESIAN_POINT('Origin',(-26.4999999999946,-48.5,-46.2014285714256));
#6836=CARTESIAN_POINT('Ctrl Pts',(35.6300711070681,-48.,-46.2014285714256));
#6837=CARTESIAN_POINT('Ctrl Pts',(35.6392265034208,-48.,-46.1384610406005));
#6838=CARTESIAN_POINT('Ctrl Pts',(35.6495267054712,-48.0126112224001,-46.071342214739));
#6839=CARTESIAN_POINT('Ctrl Pts',(35.6694439677953,-48.0639143568112,-45.9478549300032));
#6840=CARTESIAN_POINT('Ctrl Pts',(35.6790342318126,-48.1026067224008,-45.8914823390902));
#6841=CARTESIAN_POINT('Ctrl Pts',(35.6945042294399,-48.1915458062494,-45.8030104371797));
#6842=CARTESIAN_POINT('Ctrl Pts',(35.7014467362266,-48.2475193878683,-45.7647697111983));
#6843=CARTESIAN_POINT('Ctrl Pts',(35.7107869238717,-48.370359137673,-45.7139753287359));
#6844=CARTESIAN_POINT('Ctrl Pts',(35.7131546201793,-48.4372304365856,-45.7014285714256));
#6845=CARTESIAN_POINT('Ctrl Pts',(35.7131546201793,-48.5,-45.7014285714256));
#6846=CARTESIAN_POINT('Origin',(-52.9999999999946,-50.,-47.7014285714256));
#6847=CARTESIAN_POINT('',(-52.9999999999946,-50.,-45.7014285714256));
#6848=CARTESIAN_POINT('Origin',(5.42677014436777E-12,-50.,-18.129999999997));
#6849=CARTESIAN_POINT('',(53.0000000000054,-50.,-18.629999999997));
#6850=CARTESIAN_POINT('',(-52.9999999999946,-50.,-18.629999999997));
#6851=CARTESIAN_POINT('',(26.5000000000054,-50.,-18.629999999997));
#6852=CARTESIAN_POINT('',(53.0000000000054,-50.,-17.629999999997));
#6853=CARTESIAN_POINT('',(53.0000000000054,-50.,-19.129999999997));
#6854=CARTESIAN_POINT('',(-52.9999999999946,-50.,-17.629999999997));
#6855=CARTESIAN_POINT('',(-26.4999999999946,-50.,-17.629999999997));
#6856=CARTESIAN_POINT('',(-52.9999999999946,-50.,-17.129999999997));
#6857=CARTESIAN_POINT('Origin',(26.5000000000054,-48.5,-18.629999999997));
#6858=CARTESIAN_POINT('',(-52.9999999999946,-48.,-18.629999999997));
#6859=CARTESIAN_POINT('',(-52.9999999999946,-48.5,-19.129999999997));
#6860=CARTESIAN_POINT('Origin',(-52.9999999999945,-48.5,-18.629999999997));
#6861=CARTESIAN_POINT('',(53.0000000000054,-48.,-18.629999999997));
#6862=CARTESIAN_POINT('',(26.5000000000054,-48.,-18.629999999997));
#6863=CARTESIAN_POINT('',(53.0000000000054,-48.5,-19.129999999997));
#6864=CARTESIAN_POINT('Origin',(53.0000000000054,-48.5,-18.629999999997));
#6865=CARTESIAN_POINT('',(26.5000000000054,-48.5,-19.129999999997));
#6866=CARTESIAN_POINT('Origin',(5.42677014436777E-12,-48.,-18.129999999997));
#6867=CARTESIAN_POINT('',(53.0000000000054,-48.,-17.629999999997));
#6868=CARTESIAN_POINT('',(-52.9999999999946,-48.,-17.629999999997));
#6869=CARTESIAN_POINT('',(-26.4999999999946,-48.,-17.629999999997));
#6870=CARTESIAN_POINT('',(53.0000000000054,-48.,-35.564999999997));
#6871=CARTESIAN_POINT('',(-52.9999999999946,-48.,17.435000000003));
#6872=CARTESIAN_POINT('Origin',(-26.4999999999946,-48.5,-17.629999999997));
#6873=CARTESIAN_POINT('',(53.0000000000054,-48.5,-17.129999999997));
#6874=CARTESIAN_POINT('Origin',(53.0000000000054,-48.5,-17.629999999997));
#6875=CARTESIAN_POINT('',(-52.9999999999946,-48.5,-17.129999999997));
#6876=CARTESIAN_POINT('Origin',(-52.9999999999945,-48.5,-17.629999999997));
#6877=CARTESIAN_POINT('',(-26.4999999999946,-48.5,-17.129999999997));
#6878=CARTESIAN_POINT('Origin',(-52.9999999999946,-50.,-17.129999999997));
#6879=CARTESIAN_POINT('',(53.0000000000054,-49.5,-17.129999999997));
#6880=CARTESIAN_POINT('',(-52.9999999999946,-49.5,-17.129999999997));
#6881=CARTESIAN_POINT('',(-26.4999999999946,-49.5,-17.129999999997));
#6882=CARTESIAN_POINT('',(53.0000000000054,-25.,-17.129999999997));
#6883=CARTESIAN_POINT('',(-52.9999999999946,-25.,-17.129999999997));
#6884=CARTESIAN_POINT('Origin',(-26.4999999999946,-49.5,-17.629999999997));
#6885=CARTESIAN_POINT('',(-52.9999999999946,-49.8284271247462,-17.2529912153103));
#6886=CARTESIAN_POINT('Origin',(-52.9999999999945,-49.5,-17.629999999997));
#6887=CARTESIAN_POINT('Origin',(-52.9999999999946,-49.5,-17.629999999997));
#6888=CARTESIAN_POINT('Origin',(53.0000000000054,-49.5,-17.629999999997));
#6889=CARTESIAN_POINT('Origin',(53.0000000000054,-49.5,-17.629999999997));
#6890=CARTESIAN_POINT('Origin',(53.0000000000054,-50.,-19.129999999997));
#6891=CARTESIAN_POINT('',(-52.9999999999946,-49.5,-19.129999999997));
#6892=CARTESIAN_POINT('',(53.0000000000054,-49.5,-19.129999999997));
#6893=CARTESIAN_POINT('',(26.5000000000054,-49.5,-19.129999999997));
#6894=CARTESIAN_POINT('',(-52.9999999999946,-25.,-19.129999999997));
#6895=CARTESIAN_POINT('',(53.0000000000054,-25.,-19.129999999997));
#6896=CARTESIAN_POINT('Origin',(26.5000000000054,-49.5,-18.629999999997));
#6897=CARTESIAN_POINT('Origin',(53.0000000000054,-49.5,-18.629999999997));
#6898=CARTESIAN_POINT('Origin',(53.0000000000054,-49.5,-18.629999999997));
#6899=CARTESIAN_POINT('',(-52.9999999999946,-49.8284271247462,-19.0070087846837));
#6900=CARTESIAN_POINT('Origin',(-52.9999999999946,-49.5,-18.629999999997));
#6901=CARTESIAN_POINT('Origin',(-52.9999999999945,-49.5,-18.629999999997));
#6902=CARTESIAN_POINT('Origin',(53.0000000000054,-50.,-17.129999999997));
#6903=CARTESIAN_POINT('Origin',(-52.9999999999946,-50.,-19.129999999997));
#6904=CARTESIAN_POINT('',(-52.9999999999946,-49.8284271247462,-27.499999999997));
#6905=CARTESIAN_POINT('Origin',(5.42677014436777E-12,-50.,32.0128571428601));
#6906=CARTESIAN_POINT('',(53.0000000000054,-50.,31.5128571428601));
#6907=CARTESIAN_POINT('',(-52.9999999999946,-50.,31.5128571428601));
#6908=CARTESIAN_POINT('',(26.5000000000054,-50.,31.5128571428601));
#6909=CARTESIAN_POINT('',(53.0000000000054,-50.,32.5128571428602));
#6910=CARTESIAN_POINT('',(53.0000000000054,-50.,31.0128571428601));
#6911=CARTESIAN_POINT('',(-52.9999999999946,-50.,32.5128571428602));
#6912=CARTESIAN_POINT('',(-26.4999999999946,-50.,32.5128571428602));
#6913=CARTESIAN_POINT('',(-52.9999999999946,-50.,33.0128571428602));
#6914=CARTESIAN_POINT('Origin',(26.5000000000054,-48.5,31.5128571428601));
#6915=CARTESIAN_POINT('',(-52.9999999999946,-48.,31.5128571428601));
#6916=CARTESIAN_POINT('',(-52.9999999999946,-48.5,31.0128571428601));
#6917=CARTESIAN_POINT('Origin',(-52.9999999999945,-48.5,31.5128571428601));
#6918=CARTESIAN_POINT('',(53.0000000000054,-48.,31.5128571428601));
#6919=CARTESIAN_POINT('',(26.5000000000054,-48.,31.5128571428601));
#6920=CARTESIAN_POINT('',(53.0000000000054,-48.5,31.0128571428601));
#6921=CARTESIAN_POINT('Origin',(53.0000000000054,-48.5,31.5128571428601));
#6922=CARTESIAN_POINT('',(26.5000000000054,-48.5,31.0128571428601));
#6923=CARTESIAN_POINT('Origin',(5.42677014436777E-12,-48.,32.0128571428601));
#6924=CARTESIAN_POINT('',(53.0000000000054,-48.,32.5128571428602));
#6925=CARTESIAN_POINT('',(-52.9999999999946,-48.,32.5128571428602));
#6926=CARTESIAN_POINT('',(-26.4999999999946,-48.,32.5128571428602));
#6927=CARTESIAN_POINT('',(53.0000000000054,-48.,-10.4935714285684));
#6928=CARTESIAN_POINT('',(-52.9999999999945,-48.,42.5064285714316));
#6929=CARTESIAN_POINT('Origin',(-26.4999999999946,-48.5,32.5128571428602));
#6930=CARTESIAN_POINT('',(53.0000000000054,-48.5,33.0128571428602));
#6931=CARTESIAN_POINT('Origin',(53.0000000000054,-48.5,32.5128571428602));
#6932=CARTESIAN_POINT('',(-52.9999999999946,-48.5,33.0128571428602));
#6933=CARTESIAN_POINT('Origin',(-52.9999999999945,-48.5,32.5128571428602));
#6934=CARTESIAN_POINT('',(-26.4999999999946,-48.5,33.0128571428602));
#6935=CARTESIAN_POINT('Origin',(-52.9999999999946,-50.,33.0128571428602));
#6936=CARTESIAN_POINT('',(53.0000000000054,-49.5,33.0128571428602));
#6937=CARTESIAN_POINT('',(-52.9999999999946,-49.5,33.0128571428602));
#6938=CARTESIAN_POINT('',(-26.4999999999946,-49.5,33.0128571428602));
#6939=CARTESIAN_POINT('',(53.0000000000054,-25.,33.0128571428602));
#6940=CARTESIAN_POINT('',(-52.9999999999945,-25.,33.0128571428602));
#6941=CARTESIAN_POINT('Origin',(-26.4999999999946,-49.5,32.5128571428602));
#6942=CARTESIAN_POINT('',(-52.9999999999946,-49.8284271247462,32.8898659275469));
#6943=CARTESIAN_POINT('Origin',(-52.9999999999945,-49.5,32.5128571428602));
#6944=CARTESIAN_POINT('Origin',(-52.9999999999946,-49.5,32.5128571428602));
#6945=CARTESIAN_POINT('Origin',(53.0000000000054,-49.5,32.5128571428602));
#6946=CARTESIAN_POINT('Origin',(53.0000000000054,-49.5,32.5128571428602));
#6947=CARTESIAN_POINT('Origin',(53.0000000000054,-50.,31.0128571428601));
#6948=CARTESIAN_POINT('',(-52.9999999999946,-49.5,31.0128571428601));
#6949=CARTESIAN_POINT('',(53.0000000000054,-49.5,31.0128571428601));
#6950=CARTESIAN_POINT('',(26.5000000000054,-49.5,31.0128571428601));
#6951=CARTESIAN_POINT('',(-52.9999999999945,-25.,31.0128571428602));
#6952=CARTESIAN_POINT('',(53.0000000000054,-25.,31.0128571428601));
#6953=CARTESIAN_POINT('Origin',(26.5000000000054,-49.5,31.5128571428601));
#6954=CARTESIAN_POINT('Origin',(53.0000000000054,-49.5,31.5128571428601));
#6955=CARTESIAN_POINT('Origin',(53.0000000000054,-49.5,31.5128571428601));
#6956=CARTESIAN_POINT('',(-52.9999999999946,-49.8284271247462,31.1358483581734));
#6957=CARTESIAN_POINT('Origin',(-52.9999999999946,-49.5,31.5128571428601));
#6958=CARTESIAN_POINT('Origin',(-52.9999999999945,-49.5,31.5128571428601));
#6959=CARTESIAN_POINT('Origin',(53.0000000000054,-50.,33.0128571428602));
#6960=CARTESIAN_POINT('Origin',(-52.9999999999946,-50.,31.0128571428601));
#6961=CARTESIAN_POINT('',(-52.9999999999946,-49.8284271247462,-27.499999999997));
#6962=CARTESIAN_POINT('Origin',(48.0000000000054,25.2,-47.999999999997));
#6963=CARTESIAN_POINT('',(53.0000000000054,-10.,-36.5435607626074));
#6964=CARTESIAN_POINT('Origin',(48.0000000000054,-10.,-47.999999999997));
#6965=CARTESIAN_POINT('Origin',(48.0000000000054,-50.,-47.999999999997));
#6966=CARTESIAN_POINT('',(38.3468289021279,-50.,-40.0585714285684));
#6967=CARTESIAN_POINT('Origin',(48.0000000000054,-50.,-47.999999999997));
#6968=CARTESIAN_POINT('',(37.9563382764941,-49.5,-40.5585714285684));
#6969=CARTESIAN_POINT('Ctrl Pts',(38.3468289021279,-50.,-40.0585714285684));
#6970=CARTESIAN_POINT('Ctrl Pts',(38.2952258652356,-50.,-40.1212972895153));
#6971=CARTESIAN_POINT('Ctrl Pts',(38.2401087438846,-49.9875800361847,-40.1896679104879));
#6972=CARTESIAN_POINT('Ctrl Pts',(38.1381772388371,-49.9326830875349,-40.3187750656392));
#6973=CARTESIAN_POINT('Ctrl Pts',(38.0913431252451,-49.8901781586028,-40.3794841371671));
#6974=CARTESIAN_POINT('Ctrl Pts',(38.0260130521537,-49.795997968064,-40.4652961286584));
#6975=CARTESIAN_POINT('Ctrl Pts',(38.00025740325,-49.7438451114098,-40.4996002213974));
#6976=CARTESIAN_POINT('Ctrl Pts',(37.9654028365696,-49.6268540169116,-40.546295647181));
#6977=CARTESIAN_POINT('Ctrl Pts',(37.9563382764941,-49.5619594599901,-40.5585714285684));
#6978=CARTESIAN_POINT('Ctrl Pts',(37.9563382764941,-49.5,-40.5585714285684));
#6979=CARTESIAN_POINT('',(37.9563382764941,-48.5,-40.5585714285684));
#6980=CARTESIAN_POINT('',(37.9563382764941,25.2,-40.5585714285684));
#6981=CARTESIAN_POINT('',(38.3468289021279,-48.,-40.0585714285684));
#6982=CARTESIAN_POINT('Ctrl Pts',(37.9563382764941,-48.5,-40.5585714285684));
#6983=CARTESIAN_POINT('Ctrl Pts',(37.9563382764941,-48.4380405400099,-40.5585714285684));
#6984=CARTESIAN_POINT('Ctrl Pts',(37.9654028365696,-48.3731459830885,-40.546295647181));
#6985=CARTESIAN_POINT('Ctrl Pts',(38.00025740325,-48.2561548885902,-40.4996002213974));
#6986=CARTESIAN_POINT('Ctrl Pts',(38.0260130521537,-48.204002031936,-40.4652961286584));
#6987=CARTESIAN_POINT('Ctrl Pts',(38.0913431252451,-48.1098218413972,-40.3794841371671));
#6988=CARTESIAN_POINT('Ctrl Pts',(38.1381772388371,-48.0673169124651,-40.3187750656392));
#6989=CARTESIAN_POINT('Ctrl Pts',(38.2401087438846,-48.0124199638153,-40.1896679104879));
#6990=CARTESIAN_POINT('Ctrl Pts',(38.2952258652356,-48.,-40.1212972895153));
#6991=CARTESIAN_POINT('Ctrl Pts',(38.3468289021279,-48.,-40.0585714285684));
#6992=CARTESIAN_POINT('',(39.2649639324187,-48.,-39.0585714285684));
#6993=CARTESIAN_POINT('Origin',(48.0000000000054,-48.,-47.999999999997));
#6994=CARTESIAN_POINT('',(39.8079656659336,-48.5,-38.5585714285684));
#6995=CARTESIAN_POINT('Ctrl Pts',(39.2649639324187,-48.,-39.0585714285684));
#6996=CARTESIAN_POINT('Ctrl Pts',(39.3323294471052,-48.,-38.9927608932835));
#6997=CARTESIAN_POINT('Ctrl Pts',(39.4060927041315,-48.0135491135628,-38.9223292143834));
#6998=CARTESIAN_POINT('Ctrl Pts',(39.5475520016023,-48.0718444559465,-38.7904683975669));
#6999=CARTESIAN_POINT('Ctrl Pts',(39.6152720356309,-48.1163903378219,-38.728976511554));
#7000=CARTESIAN_POINT('Ctrl Pts',(39.7076051784076,-48.2123922715319,-38.6464643810071));
#7001=CARTESIAN_POINT('Ctrl Pts',(39.7433176074445,-48.2614910923347,-38.6149952905807));
#7002=CARTESIAN_POINT('Ctrl Pts',(39.781053805133,-48.3458344345515,-38.5819745800159));
#7003=CARTESIAN_POINT('Ctrl Pts',(39.7910726549446,-48.3757223658468,-38.5732514620278));
#7004=CARTESIAN_POINT('Ctrl Pts',(39.8045285413126,-48.4371781618245,-38.5615504199846));
#7005=CARTESIAN_POINT('Ctrl Pts',(39.8079656659336,-48.4687458039969,-38.5585714285684));
#7006=CARTESIAN_POINT('Ctrl Pts',(39.8079656659336,-48.5,-38.5585714285684));
#7007=CARTESIAN_POINT('',(39.8079656659336,-49.5,-38.5585714285684));
#7008=CARTESIAN_POINT('',(39.8079656659336,25.2,-38.5585714285684));
#7009=CARTESIAN_POINT('',(39.2649639324187,-50.,-39.0585714285684));
#7010=CARTESIAN_POINT('Ctrl Pts',(39.8079656659336,-49.5,-38.5585714285684));
#7011=CARTESIAN_POINT('Ctrl Pts',(39.8079656659336,-49.5312541960031,-38.5585714285684));
#7012=CARTESIAN_POINT('Ctrl Pts',(39.8045285413126,-49.5628218381755,-38.5615504199845));
#7013=CARTESIAN_POINT('Ctrl Pts',(39.7910726549446,-49.6242776341532,-38.5732514620278));
#7014=CARTESIAN_POINT('Ctrl Pts',(39.781053805133,-49.6541655654485,-38.5819745800159));
#7015=CARTESIAN_POINT('Ctrl Pts',(39.7433176074445,-49.7385089076653,-38.6149952905807));
#7016=CARTESIAN_POINT('Ctrl Pts',(39.7076051784076,-49.7876077284681,-38.6464643810071));
#7017=CARTESIAN_POINT('Ctrl Pts',(39.6152720356309,-49.8836096621781,-38.728976511554));
#7018=CARTESIAN_POINT('Ctrl Pts',(39.5475520016023,-49.9281555440535,-38.7904683975669));
#7019=CARTESIAN_POINT('Ctrl Pts',(39.4060927041315,-49.9864508864372,-38.9223292143834));
#7020=CARTESIAN_POINT('Ctrl Pts',(39.3323294471052,-50.,-38.9927608932835));
#7021=CARTESIAN_POINT('Ctrl Pts',(39.2649639324187,-50.,-39.0585714285684));
#7022=CARTESIAN_POINT('Origin',(48.0000000000054,-50.,-47.999999999997));
#7023=CARTESIAN_POINT('',(53.0000000000054,25.2,-36.5435607626074));
#7024=CARTESIAN_POINT('Origin',(-51.9999999999946,-47.,-27.499999999997));
#7025=CARTESIAN_POINT('',(-52.9999999999946,-49.8284271247462,39.7470087846897));
#7026=CARTESIAN_POINT('',(-51.9999999999946,-50.,39.370000000003));
#7027=CARTESIAN_POINT('Ctrl Pts',(-52.9999999999946,-49.8284271247462,39.7470087846897));
#7028=CARTESIAN_POINT('Ctrl Pts',(-52.9511070945486,-49.8457133772426,39.7319500528097));
#7029=CARTESIAN_POINT('Ctrl Pts',(-52.9018174386802,-49.861712363732,39.7159189498148));
#7030=CARTESIAN_POINT('Ctrl Pts',(-52.5668246189381,-49.9609679212207,39.6024271304361));
#7031=CARTESIAN_POINT('Ctrl Pts',(-52.2721028032905,-50.,39.481085504279));
#7032=CARTESIAN_POINT('Ctrl Pts',(-51.9999999999946,-50.,39.370000000003));
#7033=CARTESIAN_POINT('',(-51.9999999999946,-50.,45.000000000003));
#7034=CARTESIAN_POINT('',(-51.9999999999946,-50.,-27.499999999997));
#7035=CARTESIAN_POINT('Origin',(-51.9999999999946,-47.,45.000000000003));
#7036=CARTESIAN_POINT('',(-54.9999999999946,-47.,-27.499999999997));
#7037=CARTESIAN_POINT('',(-51.9999999999946,-50.,-40.0585714285684));
#7038=CARTESIAN_POINT('',(-51.9999999999946,-50.,-27.499999999997));
#7039=CARTESIAN_POINT('',(-52.9999999999946,-49.8284271247462,-40.4355802132552));
#7040=CARTESIAN_POINT('Ctrl Pts',(-51.9999999999946,-50.,-40.0585714285684));
#7041=CARTESIAN_POINT('Ctrl Pts',(-52.2721028032905,-50.,-40.1696569328444));
#7042=CARTESIAN_POINT('Ctrl Pts',(-52.5668246189381,-49.9609679212207,-40.2909985590016));
#7043=CARTESIAN_POINT('Ctrl Pts',(-52.9018174386802,-49.861712363732,-40.4044903783802));
#7044=CARTESIAN_POINT('Ctrl Pts',(-52.9511070945486,-49.8457133772426,-40.4205214813751));
#7045=CARTESIAN_POINT('Ctrl Pts',(-52.9999999999946,-49.8284271247462,-40.4355802132552));
#7046=CARTESIAN_POINT('',(-52.9999999999946,-49.8284271247462,-38.6815626438817));
#7047=CARTESIAN_POINT('',(-52.9999999999946,-49.8284271247462,-27.499999999997));
#7048=CARTESIAN_POINT('',(-51.9999999999946,-50.,-39.0585714285684));
#7049=CARTESIAN_POINT('Ctrl Pts',(-52.9999999999946,-49.8284271247462,-38.6815626438817));
#7050=CARTESIAN_POINT('Ctrl Pts',(-52.9511070945486,-49.8457133772426,-38.6966213757617));
#7051=CARTESIAN_POINT('Ctrl Pts',(-52.9018174386802,-49.861712363732,-38.7126524787567));
#7052=CARTESIAN_POINT('Ctrl Pts',(-52.5668246189381,-49.9609679212207,-38.8261442981353));
#7053=CARTESIAN_POINT('Ctrl Pts',(-52.2721028032905,-50.,-38.9474859242924));
#7054=CARTESIAN_POINT('Ctrl Pts',(-51.9999999999946,-50.,-39.0585714285684));
#7055=CARTESIAN_POINT('',(-51.9999999999946,-50.,-27.499999999997));
#7056=CARTESIAN_POINT('',(-52.9999999999946,-49.8284271247462,-33.292723070398));
#7057=CARTESIAN_POINT('',(-52.9999999999946,-49.8284271247462,-27.499999999997));
#7058=CARTESIAN_POINT('',(-52.9999999999946,-49.8284271247462,-31.5387055010245));
#7059=CARTESIAN_POINT('',(-52.9999999999946,-49.8284271247462,-27.499999999997));
#7060=CARTESIAN_POINT('',(-52.9999999999946,-49.8284271247462,-27.499999999997));
#7061=CARTESIAN_POINT('',(-52.9999999999946,-49.8284271247462,-27.499999999997));
#7062=CARTESIAN_POINT('',(-52.9999999999946,-49.8284271247462,-11.8641516418266));
#7063=CARTESIAN_POINT('',(-52.9999999999946,-49.8284271247462,-27.499999999997));
#7064=CARTESIAN_POINT('',(-52.9999999999946,-49.8284271247462,-10.1101340724531));
#7065=CARTESIAN_POINT('',(-52.9999999999946,-49.8284271247462,-27.499999999997));
#7066=CARTESIAN_POINT('',(-52.9999999999946,-49.8284271247462,-27.499999999997));
#7067=CARTESIAN_POINT('',(-52.9999999999946,-49.8284271247462,2.42156264388772));
#7068=CARTESIAN_POINT('',(-52.9999999999946,-49.8284271247462,-27.499999999997));
#7069=CARTESIAN_POINT('',(-52.9999999999946,-49.8284271247462,4.17558021326118));
#7070=CARTESIAN_POINT('',(-52.9999999999946,-49.8284271247462,-27.499999999997));
#7071=CARTESIAN_POINT('',(-52.9999999999946,-49.8284271247462,-27.499999999997));
#7072=CARTESIAN_POINT('',(-52.9999999999946,-49.8284271247462,16.5644197867449));
#7073=CARTESIAN_POINT('',(-52.9999999999946,-49.8284271247462,-27.499999999997));
#7074=CARTESIAN_POINT('',(-52.9999999999946,-49.8284271247462,18.3184373561183));
#7075=CARTESIAN_POINT('',(-52.9999999999946,-49.8284271247462,-27.499999999997));
#7076=CARTESIAN_POINT('',(-52.9999999999946,-49.8284271247462,-27.499999999997));
#7077=CARTESIAN_POINT('',(-52.9999999999946,-49.8284271247462,-27.499999999997));
#7078=CARTESIAN_POINT('',(-52.9999999999945,-49.8284271247462,36.5435607626134));
#7079=CARTESIAN_POINT('',(-52.9999999999946,-49.8284271247462,-27.499999999997));
#7080=CARTESIAN_POINT('',(-51.9999999999946,-50.,36.157280717676));
#7081=CARTESIAN_POINT('Ctrl Pts',(-52.9999999999945,-49.8284271247462,36.5435607626134));
#7082=CARTESIAN_POINT('Ctrl Pts',(-52.6759325383973,-49.9430022745749,36.4021261270857));
#7083=CARTESIAN_POINT('Ctrl Pts',(-52.3313101208208,-50.,36.2691841117962));
#7084=CARTESIAN_POINT('Ctrl Pts',(-51.9999999999946,-50.,36.157280717676));
#7085=CARTESIAN_POINT('',(-51.9999999999946,-50.,38.370000000003));
#7086=CARTESIAN_POINT('',(-51.9999999999946,-50.,-27.499999999997));
#7087=CARTESIAN_POINT('',(-52.9999999999946,-49.8284271247462,37.9929912153163));
#7088=CARTESIAN_POINT('Ctrl Pts',(-51.9999999999946,-50.,38.370000000003));
#7089=CARTESIAN_POINT('Ctrl Pts',(-52.2721028032905,-50.,38.258914495727));
#7090=CARTESIAN_POINT('Ctrl Pts',(-52.5668246189381,-49.9609679212207,38.1375728695699));
#7091=CARTESIAN_POINT('Ctrl Pts',(-52.9018174386802,-49.861712363732,38.0240810501912));
#7092=CARTESIAN_POINT('Ctrl Pts',(-52.9511070945486,-49.8457133772426,38.0080499471963));
#7093=CARTESIAN_POINT('Ctrl Pts',(-52.9999999999946,-49.8284271247462,37.9929912153163));
#7094=CARTESIAN_POINT('',(-52.9999999999946,-49.8284271247462,-27.499999999997));
#7095=CARTESIAN_POINT('Origin',(-26.4999999999946,-49.5,-39.0585714285684));
#7096=CARTESIAN_POINT('',(-52.9999999999946,-50.,-39.0585714285684));
#7097=CARTESIAN_POINT('Origin',(-52.9999999999946,-49.5,-39.0585714285684));
#7098=CARTESIAN_POINT('',(-26.4999999999946,-50.,-39.0585714285684));
#7099=CARTESIAN_POINT('Origin',(-52.9999999999946,-50.,-40.5585714285684));
#7100=CARTESIAN_POINT('',(-52.9999999999946,-50.,-40.0585714285684));
#7101=CARTESIAN_POINT('Origin',(-52.9999999999946,-49.5,-40.0585714285684));
#7102=CARTESIAN_POINT('',(-52.9999999999946,-50.,-38.5585714285684));
#7103=CARTESIAN_POINT('Origin',(53.0000000000054,-50.,-40.5585714285684));
#7104=CARTESIAN_POINT('',(26.5000000000054,-48.5,-40.5585714285684));
#7105=CARTESIAN_POINT('',(26.5000000000054,-49.5,-40.5585714285684));
#7106=CARTESIAN_POINT('Origin',(-26.4999999999946,-49.5,-39.0585714285684));
#7107=CARTESIAN_POINT('',(-26.4999999999946,-50.,-39.0585714285684));
#7108=CARTESIAN_POINT('',(-26.4999999999946,-49.5,-38.5585714285684));
#7109=CARTESIAN_POINT('Origin',(-26.4999999999946,-49.5,-39.0585714285684));
#7110=CARTESIAN_POINT('',(53.0000000000054,-50.,-39.0585714285684));
#7111=CARTESIAN_POINT('',(-26.4999999999946,-50.,-39.0585714285684));
#7112=CARTESIAN_POINT('Origin',(53.0000000000054,-49.5,-39.0585714285684));
#7113=CARTESIAN_POINT('Origin',(53.0000000000054,-50.,-38.5585714285684));
#7114=CARTESIAN_POINT('',(53.0000000000054,-50.,-40.0585714285684));
#7115=CARTESIAN_POINT('',(53.0000000000054,-50.,-40.5585714285684));
#7116=CARTESIAN_POINT('Origin',(53.0000000000054,-49.5,-40.0585714285684));
#7117=CARTESIAN_POINT('Origin',(26.5000000000054,-49.5,-40.0585714285684));
#7118=CARTESIAN_POINT('',(26.5000000000054,-50.,-40.0585714285684));
#7119=CARTESIAN_POINT('Origin',(26.5000000000054,-49.5,-40.0585714285684));
#7120=CARTESIAN_POINT('',(26.5000000000054,-50.,-40.0585714285684));
#7121=CARTESIAN_POINT('Origin',(26.5000000000054,-49.5,-40.0585714285684));
#7122=CARTESIAN_POINT('',(26.5000000000054,-50.,-40.0585714285684));
#7123=CARTESIAN_POINT('Origin',(-52.9999999999946,-50.,-38.5585714285684));
#7124=CARTESIAN_POINT('',(-26.4999999999946,-48.5,-38.5585714285684));
#7125=CARTESIAN_POINT('Origin',(-26.4999999999946,-48.5,-39.0585714285684));
#7126=CARTESIAN_POINT('',(-26.4999999999946,-48.,-39.0585714285684));
#7127=CARTESIAN_POINT('Origin',(26.5000000000054,-48.5,-40.0585714285684));
#7128=CARTESIAN_POINT('',(26.5000000000054,-48.,-40.0585714285684));
#7129=CARTESIAN_POINT('Origin',(5.42677014436777E-12,-48.,-39.5585714285684));
#7130=CARTESIAN_POINT('Origin',(-47.9999999999945,25.2,48.000000000003));
#7131=CARTESIAN_POINT('',(-36.5435607626049,-10.,53.000000000003));
#7132=CARTESIAN_POINT('',(-52.9999999999945,-10.,36.5435607626134));
#7133=CARTESIAN_POINT('Origin',(-47.9999999999945,-10.,48.000000000003));
#7134=CARTESIAN_POINT('',(-36.5435607626049,25.2,53.000000000003));
#7135=CARTESIAN_POINT('',(-35.5887790236986,-50.,46.5128571428602));
#7136=CARTESIAN_POINT('Origin',(-47.9999999999945,-50.,48.000000000003));
#7137=CARTESIAN_POINT('',(-35.5390390025597,-49.5,47.0128571428602));
#7138=CARTESIAN_POINT('Ctrl Pts',(-35.5887790236986,-50.,46.5128571428602));
#7139=CARTESIAN_POINT('Ctrl Pts',(-35.5812668015141,-50.,46.5755517583149));
#7140=CARTESIAN_POINT('Ctrl Pts',(-35.5737736922503,-49.987485680589,46.6425228869911));
#7141=CARTESIAN_POINT('Ctrl Pts',(-35.5609186667025,-49.9363997278141,46.7658606451284));
#7142=CARTESIAN_POINT('Ctrl Pts',(-35.555529803283,-49.8978236198768,46.8222226110869));
#7143=CARTESIAN_POINT('Ctrl Pts',(-35.5474498049056,-49.8089026849927,46.9109788344764));
#7144=CARTESIAN_POINT('Ctrl Pts',(-35.5442041523235,-49.752752024111,46.9493797517589));
#7145=CARTESIAN_POINT('Ctrl Pts',(-35.540012368542,-49.6296770428609,47.0003193870489));
#7146=CARTESIAN_POINT('Ctrl Pts',(-35.5390390025597,-49.5627532533406,47.0128571428602));
#7147=CARTESIAN_POINT('Ctrl Pts',(-35.5390390025597,-49.5,47.0128571428602));
#7148=CARTESIAN_POINT('',(-35.5390390025597,-48.5,47.0128571428602));
#7149=CARTESIAN_POINT('',(-35.5390390025597,25.2,47.0128571428602));
#7150=CARTESIAN_POINT('',(-35.5887790236986,-48.,46.5128571428602));
#7151=CARTESIAN_POINT('Ctrl Pts',(-35.5390390025597,-48.5,47.0128571428602));
#7152=CARTESIAN_POINT('Ctrl Pts',(-35.5390390025597,-48.4372467466594,47.0128571428602));
#7153=CARTESIAN_POINT('Ctrl Pts',(-35.540012368542,-48.3703229571391,47.0003193870489));
#7154=CARTESIAN_POINT('Ctrl Pts',(-35.5442041523235,-48.247247975889,46.9493797517589));
#7155=CARTESIAN_POINT('Ctrl Pts',(-35.5474498049056,-48.1910973150073,46.9109788344764));
#7156=CARTESIAN_POINT('Ctrl Pts',(-35.555529803283,-48.1021763801232,46.8222226110869));
#7157=CARTESIAN_POINT('Ctrl Pts',(-35.5609186667025,-48.0636002721859,46.7658606451284));
#7158=CARTESIAN_POINT('Ctrl Pts',(-35.5737736922503,-48.012514319411,46.6425228869911));
#7159=CARTESIAN_POINT('Ctrl Pts',(-35.5812668015141,-48.,46.5755517583149));
#7160=CARTESIAN_POINT('Ctrl Pts',(-35.5887790236986,-48.,46.5128571428602));
#7161=CARTESIAN_POINT('',(-35.7499338610644,-48.,45.5128571428602));
#7162=CARTESIAN_POINT('Origin',(-47.9999999999945,-48.,48.000000000003));
#7163=CARTESIAN_POINT('',(-35.8621675101708,-48.5,45.0128571428602));
#7164=CARTESIAN_POINT('Ctrl Pts',(-35.7499338610644,-48.,45.5128571428602));
#7165=CARTESIAN_POINT('Ctrl Pts',(-35.7627370907456,-48.,45.4497966676902));
#7166=CARTESIAN_POINT('Ctrl Pts',(-35.7769444464812,-48.0126421559653,45.3825727186676));
#7167=CARTESIAN_POINT('Ctrl Pts',(-35.804099855741,-48.0641558574931,45.2588264723119));
#7168=CARTESIAN_POINT('Ctrl Pts',(-35.8170210635421,-48.1030296494283,45.2022992204845));
#7169=CARTESIAN_POINT('Ctrl Pts',(-35.8376289586443,-48.1921317069354,45.1140456384714));
#7170=CARTESIAN_POINT('Ctrl Pts',(-35.8467744411324,-48.2479098238945,45.0759982313091));
#7171=CARTESIAN_POINT('Ctrl Pts',(-35.8590601268634,-48.3704670558354,45.0253980387503));
#7172=CARTESIAN_POINT('Ctrl Pts',(-35.8621675101708,-48.4372543670311,45.0128571428602));
#7173=CARTESIAN_POINT('Ctrl Pts',(-35.8621675101708,-48.5,45.0128571428602));
#7174=CARTESIAN_POINT('',(-35.8621675101708,-49.5,45.0128571428602));
#7175=CARTESIAN_POINT('',(-35.8621675101708,25.2,45.0128571428602));
#7176=CARTESIAN_POINT('',(-35.7499338610644,-50.,45.5128571428602));
#7177=CARTESIAN_POINT('Ctrl Pts',(-35.8621675101708,-49.5,45.0128571428602));
#7178=CARTESIAN_POINT('Ctrl Pts',(-35.8621675101708,-49.5627456329689,45.0128571428602));
#7179=CARTESIAN_POINT('Ctrl Pts',(-35.8590601268634,-49.6295329441646,45.0253980387503));
#7180=CARTESIAN_POINT('Ctrl Pts',(-35.8467744411324,-49.7520901761055,45.0759982313091));
#7181=CARTESIAN_POINT('Ctrl Pts',(-35.8376289586443,-49.8078682930646,45.1140456384714));
#7182=CARTESIAN_POINT('Ctrl Pts',(-35.8170210635421,-49.8969703505717,45.2022992204845));
#7183=CARTESIAN_POINT('Ctrl Pts',(-35.804099855741,-49.9358441425069,45.2588264723119));
#7184=CARTESIAN_POINT('Ctrl Pts',(-35.7769444464812,-49.9873578440347,45.3825727186676));
#7185=CARTESIAN_POINT('Ctrl Pts',(-35.7627370907456,-50.,45.4497966676902));
#7186=CARTESIAN_POINT('Ctrl Pts',(-35.7499338610644,-50.,45.5128571428602));
#7187=CARTESIAN_POINT('',(-38.957151997291,-50.,39.370000000003));
#7188=CARTESIAN_POINT('Origin',(-47.9999999999945,-50.,48.000000000003));
#7189=CARTESIAN_POINT('',(-38.5051013696773,-49.5,39.870000000003));
#7190=CARTESIAN_POINT('Ctrl Pts',(-38.957151997291,-50.,39.370000000003));
#7191=CARTESIAN_POINT('Ctrl Pts',(-38.89726639229,-50.,39.4327504546466));
#7192=CARTESIAN_POINT('Ctrl Pts',(-38.8330929970713,-49.9876081569287,39.5014336569753));
#7193=CARTESIAN_POINT('Ctrl Pts',(-38.7138173436435,-49.9317755737975,39.6319282065559));
#7194=CARTESIAN_POINT('Ctrl Pts',(-38.6586884836147,-49.8883449283579,39.6937195557078));
#7195=CARTESIAN_POINT('Ctrl Pts',(-38.5836935392832,-49.7925629888939,39.7789657463619));
#7196=CARTESIAN_POINT('Ctrl Pts',(-38.5548532560459,-49.7414679009476,39.8121975275552));
#7197=CARTESIAN_POINT('Ctrl Pts',(-38.5155238220358,-49.626128494742,39.8577878970011));
#7198=CARTESIAN_POINT('Ctrl Pts',(-38.5051013696773,-49.5618036018712,39.870000000003));
#7199=CARTESIAN_POINT('Ctrl Pts',(-38.5051013696773,-49.5,39.870000000003));
#7200=CARTESIAN_POINT('',(-38.5051013696773,-48.5,39.870000000003));
#7201=CARTESIAN_POINT('',(-38.5051013696773,25.2,39.870000000003));
#7202=CARTESIAN_POINT('',(-38.957151997291,-48.,39.370000000003));
#7203=CARTESIAN_POINT('Ctrl Pts',(-38.5051013696773,-48.5,39.870000000003));
#7204=CARTESIAN_POINT('Ctrl Pts',(-38.5051013696773,-48.4381963981288,39.870000000003));
#7205=CARTESIAN_POINT('Ctrl Pts',(-38.5155238220358,-48.373871505258,39.8577878970011));
#7206=CARTESIAN_POINT('Ctrl Pts',(-38.5548532560459,-48.2585320990525,39.8121975275552));
#7207=CARTESIAN_POINT('Ctrl Pts',(-38.5836935392832,-48.2074370111061,39.7789657463619));
#7208=CARTESIAN_POINT('Ctrl Pts',(-38.6586884836147,-48.1116550716421,39.6937195557078));
#7209=CARTESIAN_POINT('Ctrl Pts',(-38.7138173436435,-48.0682244262025,39.6319282065559));
#7210=CARTESIAN_POINT('Ctrl Pts',(-38.8330929970713,-48.0123918430713,39.5014336569753));
#7211=CARTESIAN_POINT('Ctrl Pts',(-38.89726639229,-48.,39.4327504546466));
#7212=CARTESIAN_POINT('Ctrl Pts',(-38.957151997291,-48.,39.370000000003));
#7213=CARTESIAN_POINT('',(-40.0304893500236,-48.,38.370000000003));
#7214=CARTESIAN_POINT('Origin',(-47.9999999999945,-48.,48.000000000003));
#7215=CARTESIAN_POINT('',(-40.6765377040583,-48.5,37.870000000003));
#7216=CARTESIAN_POINT('Ctrl Pts',(-40.0304893500236,-48.,38.370000000003));
#7217=CARTESIAN_POINT('Ctrl Pts',(-40.1111512787723,-48.,38.3032465108847));
#7218=CARTESIAN_POINT('Ctrl Pts',(-40.1996114411523,-48.0138889919732,38.2319062466578));
#7219=CARTESIAN_POINT('Ctrl Pts',(-40.3702393578765,-48.0740437107262,38.0980531897123));
#7220=CARTESIAN_POINT('Ctrl Pts',(-40.4524693577118,-48.1199624075819,38.0354640286602));
#7221=CARTESIAN_POINT('Ctrl Pts',(-40.5612053239996,-48.2181468556382,37.9542584688233));
#7222=CARTESIAN_POINT('Ctrl Pts',(-40.6015145861772,-48.2653585106156,37.9245995300784));
#7223=CARTESIAN_POINT('Ctrl Pts',(-40.6448785830437,-48.3474204238442,37.8929475523651));
#7224=CARTESIAN_POINT('Ctrl Pts',(-40.6565538226825,-48.3766454945587,37.8844728088538));
#7225=CARTESIAN_POINT('Ctrl Pts',(-40.6723828603502,-48.4372346347367,37.8730001434899));
#7226=CARTESIAN_POINT('Ctrl Pts',(-40.6765377040583,-48.4685980103169,37.870000000003));
#7227=CARTESIAN_POINT('Ctrl Pts',(-40.6765377040583,-48.5,37.870000000003));
#7228=CARTESIAN_POINT('',(-40.6765377040583,-49.5,37.870000000003));
#7229=CARTESIAN_POINT('',(-40.6765377040583,25.2,37.870000000003));
#7230=CARTESIAN_POINT('',(-40.0304893500236,-50.,38.370000000003));
#7231=CARTESIAN_POINT('Ctrl Pts',(-40.6765377040583,-49.5,37.870000000003));
#7232=CARTESIAN_POINT('Ctrl Pts',(-40.6765377040583,-49.5314019896831,37.870000000003));
#7233=CARTESIAN_POINT('Ctrl Pts',(-40.6723828603502,-49.5627653652633,37.8730001434899));
#7234=CARTESIAN_POINT('Ctrl Pts',(-40.6565538226825,-49.6233545054412,37.8844728088538));
#7235=CARTESIAN_POINT('Ctrl Pts',(-40.6448785830437,-49.6525795761558,37.8929475523651));
#7236=CARTESIAN_POINT('Ctrl Pts',(-40.6015145861772,-49.7346414893844,37.9245995300784));
#7237=CARTESIAN_POINT('Ctrl Pts',(-40.5612053239996,-49.7818531443618,37.9542584688233));
#7238=CARTESIAN_POINT('Ctrl Pts',(-40.4524693577118,-49.8800375924181,38.0354640286602));
#7239=CARTESIAN_POINT('Ctrl Pts',(-40.3702393578765,-49.9259562892738,38.0980531897123));
#7240=CARTESIAN_POINT('Ctrl Pts',(-40.1996114411523,-49.9861110080268,38.2319062466578));
#7241=CARTESIAN_POINT('Ctrl Pts',(-40.1111512787723,-50.,38.3032465108847));
#7242=CARTESIAN_POINT('Ctrl Pts',(-40.0304893500236,-50.,38.370000000003));
#7243=CARTESIAN_POINT('Origin',(-47.9999999999945,-50.,48.000000000003));
#7244=CARTESIAN_POINT('',(-52.9999999999945,25.2,36.5435607626134));
#7245=CARTESIAN_POINT('Origin',(26.5000000000054,-48.5,38.370000000003));
#7246=CARTESIAN_POINT('',(40.0304893500345,-48.,38.370000000003));
#7247=CARTESIAN_POINT('',(26.5000000000054,-48.,38.370000000003));
#7248=CARTESIAN_POINT('',(40.6765377040692,-48.5,37.870000000003));
#7249=CARTESIAN_POINT('Ctrl Pts',(40.6765377040692,-48.5,37.870000000003));
#7250=CARTESIAN_POINT('Ctrl Pts',(40.6765377040692,-48.4685980103169,37.870000000003));
#7251=CARTESIAN_POINT('Ctrl Pts',(40.6723828603611,-48.4372346347367,37.8730001434899));
#7252=CARTESIAN_POINT('Ctrl Pts',(40.6565538226935,-48.3766454945588,37.8844728088538));
#7253=CARTESIAN_POINT('Ctrl Pts',(40.6448785830546,-48.3474204238442,37.8929475523651));
#7254=CARTESIAN_POINT('Ctrl Pts',(40.6015145861881,-48.2653585106156,37.9245995300784));
#7255=CARTESIAN_POINT('Ctrl Pts',(40.5612053240105,-48.2181468556382,37.9542584688233));
#7256=CARTESIAN_POINT('Ctrl Pts',(40.4524693577228,-48.1199624075819,38.0354640286602));
#7257=CARTESIAN_POINT('Ctrl Pts',(40.3702393578874,-48.0740437107262,38.0980531897123));
#7258=CARTESIAN_POINT('Ctrl Pts',(40.1996114411632,-48.0138889919732,38.2319062466578));
#7259=CARTESIAN_POINT('Ctrl Pts',(40.1111512787832,-48.,38.3032465108847));
#7260=CARTESIAN_POINT('Ctrl Pts',(40.0304893500345,-48.,38.370000000003));
#7261=CARTESIAN_POINT('',(26.5000000000054,-48.5,37.870000000003));
#7262=CARTESIAN_POINT('Origin',(5.42677014436777E-12,-48.,38.870000000003));
#7263=CARTESIAN_POINT('',(38.9571519973019,-48.,39.370000000003));
#7264=CARTESIAN_POINT('',(-26.4999999999946,-48.,39.370000000003));
#7265=CARTESIAN_POINT('Origin',(48.0000000000054,-48.,48.000000000003));
#7266=CARTESIAN_POINT('Origin',(53.0000000000054,-50.,37.870000000003));
#7267=CARTESIAN_POINT('',(40.6765377040692,-49.5,37.870000000003));
#7268=CARTESIAN_POINT('',(40.6765377040692,25.2,37.870000000003));
#7269=CARTESIAN_POINT('',(26.5000000000054,-49.5,37.870000000003));
#7270=CARTESIAN_POINT('Origin',(26.5000000000054,-49.5,38.370000000003));
#7271=CARTESIAN_POINT('',(40.0304893500345,-50.,38.370000000003));
#7272=CARTESIAN_POINT('Ctrl Pts',(40.0304893500345,-50.,38.370000000003));
#7273=CARTESIAN_POINT('Ctrl Pts',(40.1111512787832,-50.,38.3032465108847));
#7274=CARTESIAN_POINT('Ctrl Pts',(40.1996114411632,-49.9861110080268,38.2319062466578));
#7275=CARTESIAN_POINT('Ctrl Pts',(40.3702393578874,-49.9259562892738,38.0980531897123));
#7276=CARTESIAN_POINT('Ctrl Pts',(40.4524693577228,-49.8800375924181,38.0354640286602));
#7277=CARTESIAN_POINT('Ctrl Pts',(40.5612053240105,-49.7818531443618,37.9542584688233));
#7278=CARTESIAN_POINT('Ctrl Pts',(40.6015145861881,-49.7346414893844,37.9245995300784));
#7279=CARTESIAN_POINT('Ctrl Pts',(40.6448785830546,-49.6525795761558,37.8929475523651));
#7280=CARTESIAN_POINT('Ctrl Pts',(40.6565538226935,-49.6233545054412,37.8844728088538));
#7281=CARTESIAN_POINT('Ctrl Pts',(40.6723828603611,-49.5627653652633,37.8730001434899));
#7282=CARTESIAN_POINT('Ctrl Pts',(40.6765377040692,-49.5314019896831,37.870000000003));
#7283=CARTESIAN_POINT('Ctrl Pts',(40.6765377040692,-49.5,37.870000000003));
#7284=CARTESIAN_POINT('',(26.5000000000054,-50.,38.370000000003));
#7285=CARTESIAN_POINT('Origin',(-26.4999999999946,-49.5,39.370000000003));
#7286=CARTESIAN_POINT('',(38.9571519973019,-50.,39.370000000003));
#7287=CARTESIAN_POINT('',(-26.4999999999946,-50.,39.370000000003));
#7288=CARTESIAN_POINT('',(38.5051013696882,-49.5,39.870000000003));
#7289=CARTESIAN_POINT('Ctrl Pts',(38.5051013696882,-49.5,39.870000000003));
#7290=CARTESIAN_POINT('Ctrl Pts',(38.5051013696882,-49.5618036018712,39.870000000003));
#7291=CARTESIAN_POINT('Ctrl Pts',(38.5155238220467,-49.626128494742,39.8577878970011));
#7292=CARTESIAN_POINT('Ctrl Pts',(38.5548532560568,-49.7414679009475,39.8121975275552));
#7293=CARTESIAN_POINT('Ctrl Pts',(38.5836935392941,-49.7925629888939,39.7789657463619));
#7294=CARTESIAN_POINT('Ctrl Pts',(38.6586884836256,-49.8883449283579,39.6937195557078));
#7295=CARTESIAN_POINT('Ctrl Pts',(38.7138173436544,-49.9317755737975,39.6319282065559));
#7296=CARTESIAN_POINT('Ctrl Pts',(38.8330929970822,-49.9876081569287,39.5014336569753));
#7297=CARTESIAN_POINT('Ctrl Pts',(38.8972663923009,-50.,39.4327504546466));
#7298=CARTESIAN_POINT('Ctrl Pts',(38.9571519973019,-50.,39.370000000003));
#7299=CARTESIAN_POINT('',(-26.4999999999946,-49.5,39.870000000003));
#7300=CARTESIAN_POINT('Origin',(-26.4999999999946,-49.5,39.370000000003));
#7301=CARTESIAN_POINT('',(-52.9999999999946,-50.,39.370000000003));
#7302=CARTESIAN_POINT('Origin',(-52.9999999999946,-49.5,39.370000000003));
#7303=CARTESIAN_POINT('',(-26.4999999999946,-50.,39.370000000003));
#7304=CARTESIAN_POINT('Origin',(-26.4999999999946,-49.5,39.370000000003));
#7305=CARTESIAN_POINT('',(53.0000000000054,-50.,39.370000000003));
#7306=CARTESIAN_POINT('',(-26.4999999999946,-50.,39.370000000003));
#7307=CARTESIAN_POINT('Origin',(53.0000000000054,-49.5,39.370000000003));
#7308=CARTESIAN_POINT('Origin',(53.0000000000054,-50.,39.870000000003));
#7309=CARTESIAN_POINT('',(53.0000000000054,-50.,38.370000000003));
#7310=CARTESIAN_POINT('',(53.0000000000054,-50.,37.870000000003));
#7311=CARTESIAN_POINT('Origin',(53.0000000000054,-49.5,38.370000000003));
#7312=CARTESIAN_POINT('Origin',(26.5000000000054,-49.5,38.370000000003));
#7313=CARTESIAN_POINT('',(-52.9999999999946,-50.,38.370000000003));
#7314=CARTESIAN_POINT('',(26.5000000000054,-50.,38.370000000003));
#7315=CARTESIAN_POINT('Origin',(-52.9999999999946,-49.5,38.370000000003));
#7316=CARTESIAN_POINT('Origin',(26.5000000000054,-49.5,38.370000000003));
#7317=CARTESIAN_POINT('',(26.5000000000054,-50.,38.370000000003));
#7318=CARTESIAN_POINT('Origin',(-52.9999999999946,-50.,39.870000000003));
#7319=CARTESIAN_POINT('',(38.5051013696882,-48.5,39.870000000003));
#7320=CARTESIAN_POINT('',(38.5051013696882,25.2,39.870000000003));
#7321=CARTESIAN_POINT('',(-26.4999999999946,-48.5,39.870000000003));
#7322=CARTESIAN_POINT('Origin',(-26.4999999999946,-48.5,39.370000000003));
#7323=CARTESIAN_POINT('Ctrl Pts',(38.9571519973019,-48.,39.370000000003));
#7324=CARTESIAN_POINT('Ctrl Pts',(38.8972663923009,-48.,39.4327504546466));
#7325=CARTESIAN_POINT('Ctrl Pts',(38.8330929970822,-48.0123918430713,39.5014336569753));
#7326=CARTESIAN_POINT('Ctrl Pts',(38.7138173436544,-48.0682244262025,39.6319282065559));
#7327=CARTESIAN_POINT('Ctrl Pts',(38.6586884836256,-48.1116550716421,39.6937195557078));
#7328=CARTESIAN_POINT('Ctrl Pts',(38.5836935392941,-48.2074370111061,39.7789657463619));
#7329=CARTESIAN_POINT('Ctrl Pts',(38.5548532560568,-48.2585320990525,39.8121975275552));
#7330=CARTESIAN_POINT('Ctrl Pts',(38.5155238220467,-48.373871505258,39.8577878970011));
#7331=CARTESIAN_POINT('Ctrl Pts',(38.5051013696882,-48.4381963981288,39.870000000003));
#7332=CARTESIAN_POINT('Ctrl Pts',(38.5051013696882,-48.5,39.870000000003));
#7333=CARTESIAN_POINT('Origin',(-52.9999999999946,-50.,37.870000000003));
#7334=CARTESIAN_POINT('',(-52.9999999999946,-50.,39.870000000003));
#7335=CARTESIAN_POINT('Origin',(5.42677014436777E-12,-50.,3.29857142857443));
#7336=CARTESIAN_POINT('',(53.0000000000054,-50.,2.79857142857444));
#7337=CARTESIAN_POINT('',(-52.9999999999946,-50.,2.79857142857444));
#7338=CARTESIAN_POINT('',(26.5000000000054,-50.,2.79857142857444));
#7339=CARTESIAN_POINT('',(53.0000000000054,-50.,3.79857142857444));
#7340=CARTESIAN_POINT('',(53.0000000000054,-50.,2.29857142857444));
#7341=CARTESIAN_POINT('',(-52.9999999999946,-50.,3.79857142857444));
#7342=CARTESIAN_POINT('',(-26.4999999999946,-50.,3.79857142857444));
#7343=CARTESIAN_POINT('',(-52.9999999999946,-50.,4.29857142857444));
#7344=CARTESIAN_POINT('Origin',(26.5000000000054,-48.5,2.79857142857444));
#7345=CARTESIAN_POINT('',(-52.9999999999946,-48.,2.79857142857444));
#7346=CARTESIAN_POINT('',(-52.9999999999946,-48.5,2.29857142857444));
#7347=CARTESIAN_POINT('Origin',(-52.9999999999945,-48.5,2.79857142857444));
#7348=CARTESIAN_POINT('',(53.0000000000054,-48.,2.79857142857444));
#7349=CARTESIAN_POINT('',(26.5000000000054,-48.,2.79857142857444));
#7350=CARTESIAN_POINT('',(53.0000000000054,-48.5,2.29857142857444));
#7351=CARTESIAN_POINT('Origin',(53.0000000000054,-48.5,2.79857142857444));
#7352=CARTESIAN_POINT('',(26.5000000000054,-48.5,2.29857142857444));
#7353=CARTESIAN_POINT('Origin',(5.42677014436777E-12,-48.,3.29857142857443));
#7354=CARTESIAN_POINT('',(53.0000000000054,-48.,3.79857142857444));
#7355=CARTESIAN_POINT('',(-52.9999999999946,-48.,3.79857142857444));
#7356=CARTESIAN_POINT('',(-26.4999999999946,-48.,3.79857142857444));
#7357=CARTESIAN_POINT('',(53.0000000000054,-48.,-24.8507142857113));
#7358=CARTESIAN_POINT('',(-52.9999999999945,-48.,28.1492857142887));
#7359=CARTESIAN_POINT('Origin',(-26.4999999999946,-48.5,3.79857142857444));
#7360=CARTESIAN_POINT('',(53.0000000000054,-48.5,4.29857142857444));
#7361=CARTESIAN_POINT('Origin',(53.0000000000054,-48.5,3.79857142857444));
#7362=CARTESIAN_POINT('',(-52.9999999999946,-48.5,4.29857142857444));
#7363=CARTESIAN_POINT('Origin',(-52.9999999999945,-48.5,3.79857142857444));
#7364=CARTESIAN_POINT('',(-26.4999999999946,-48.5,4.29857142857444));
#7365=CARTESIAN_POINT('Origin',(-52.9999999999946,-50.,4.29857142857444));
#7366=CARTESIAN_POINT('',(53.0000000000054,-49.5,4.29857142857444));
#7367=CARTESIAN_POINT('',(-52.9999999999946,-49.5,4.29857142857444));
#7368=CARTESIAN_POINT('',(-26.4999999999946,-49.5,4.29857142857444));
#7369=CARTESIAN_POINT('',(53.0000000000054,-25.,4.29857142857444));
#7370=CARTESIAN_POINT('',(-52.9999999999945,-25.,4.29857142857444));
#7371=CARTESIAN_POINT('Origin',(-26.4999999999946,-49.5,3.79857142857444));
#7372=CARTESIAN_POINT('Origin',(-52.9999999999945,-49.5,3.79857142857444));
#7373=CARTESIAN_POINT('Origin',(-52.9999999999946,-49.5,3.79857142857444));
#7374=CARTESIAN_POINT('Origin',(53.0000000000054,-49.5,3.79857142857444));
#7375=CARTESIAN_POINT('Origin',(53.0000000000054,-49.5,3.79857142857444));
#7376=CARTESIAN_POINT('Origin',(53.0000000000054,-50.,2.29857142857444));
#7377=CARTESIAN_POINT('',(-52.9999999999946,-49.5,2.29857142857444));
#7378=CARTESIAN_POINT('',(53.0000000000054,-49.5,2.29857142857444));
#7379=CARTESIAN_POINT('',(26.5000000000054,-49.5,2.29857142857444));
#7380=CARTESIAN_POINT('',(-52.9999999999945,-25.,2.29857142857444));
#7381=CARTESIAN_POINT('',(53.0000000000054,-25.,2.29857142857444));
#7382=CARTESIAN_POINT('Origin',(26.5000000000054,-49.5,2.79857142857444));
#7383=CARTESIAN_POINT('Origin',(53.0000000000054,-49.5,2.79857142857444));
#7384=CARTESIAN_POINT('Origin',(53.0000000000054,-49.5,2.79857142857444));
#7385=CARTESIAN_POINT('Origin',(-52.9999999999946,-49.5,2.79857142857444));
#7386=CARTESIAN_POINT('Origin',(-52.9999999999945,-49.5,2.79857142857444));
#7387=CARTESIAN_POINT('Origin',(53.0000000000054,-50.,4.29857142857444));
#7388=CARTESIAN_POINT('Origin',(-52.9999999999946,-50.,2.29857142857444));
#7389=CARTESIAN_POINT('Origin',(5.42677014436777E-12,-50.,-32.4157142857113));
#7390=CARTESIAN_POINT('',(53.0000000000054,-50.,-32.9157142857113));
#7391=CARTESIAN_POINT('',(-52.9999999999946,-50.,-32.9157142857113));
#7392=CARTESIAN_POINT('',(26.5000000000054,-50.,-32.9157142857113));
#7393=CARTESIAN_POINT('',(53.0000000000054,-50.,-31.9157142857113));
#7394=CARTESIAN_POINT('',(53.0000000000054,-50.,-33.4157142857113));
#7395=CARTESIAN_POINT('',(-52.9999999999946,-50.,-31.9157142857113));
#7396=CARTESIAN_POINT('',(-26.4999999999946,-50.,-31.9157142857113));
#7397=CARTESIAN_POINT('',(-52.9999999999946,-50.,-31.4157142857113));
#7398=CARTESIAN_POINT('Origin',(26.5000000000054,-48.5,-32.9157142857113));
#7399=CARTESIAN_POINT('',(-52.9999999999946,-48.,-32.9157142857113));
#7400=CARTESIAN_POINT('',(-52.9999999999946,-48.5,-33.4157142857113));
#7401=CARTESIAN_POINT('Origin',(-52.9999999999945,-48.5,-32.9157142857113));
#7402=CARTESIAN_POINT('',(53.0000000000054,-48.,-32.9157142857113));
#7403=CARTESIAN_POINT('',(26.5000000000054,-48.,-32.9157142857113));
#7404=CARTESIAN_POINT('',(53.0000000000054,-48.5,-33.4157142857113));
#7405=CARTESIAN_POINT('Origin',(53.0000000000054,-48.5,-32.9157142857113));
#7406=CARTESIAN_POINT('',(26.5000000000054,-48.5,-33.4157142857113));
#7407=CARTESIAN_POINT('Origin',(5.42677014436777E-12,-48.,-32.4157142857113));
#7408=CARTESIAN_POINT('',(53.0000000000054,-48.,-31.9157142857113));
#7409=CARTESIAN_POINT('',(-52.9999999999946,-48.,-31.9157142857113));
#7410=CARTESIAN_POINT('',(-26.4999999999946,-48.,-31.9157142857113));
#7411=CARTESIAN_POINT('',(53.0000000000054,-48.,-42.7078571428541));
#7412=CARTESIAN_POINT('',(-52.9999999999946,-48.,10.2921428571459));
#7413=CARTESIAN_POINT('Origin',(-26.4999999999946,-48.5,-31.9157142857113));
#7414=CARTESIAN_POINT('',(53.0000000000054,-48.5,-31.4157142857113));
#7415=CARTESIAN_POINT('Origin',(53.0000000000054,-48.5,-31.9157142857113));
#7416=CARTESIAN_POINT('',(-52.9999999999946,-48.5,-31.4157142857113));
#7417=CARTESIAN_POINT('Origin',(-52.9999999999945,-48.5,-31.9157142857113));
#7418=CARTESIAN_POINT('',(-26.4999999999946,-48.5,-31.4157142857113));
#7419=CARTESIAN_POINT('Origin',(-52.9999999999946,-50.,-31.4157142857113));
#7420=CARTESIAN_POINT('',(53.0000000000054,-49.5,-31.4157142857113));
#7421=CARTESIAN_POINT('',(-52.9999999999946,-49.5,-31.4157142857113));
#7422=CARTESIAN_POINT('',(-26.4999999999946,-49.5,-31.4157142857113));
#7423=CARTESIAN_POINT('',(53.0000000000054,-25.,-31.4157142857113));
#7424=CARTESIAN_POINT('',(-52.9999999999946,-25.,-31.4157142857113));
#7425=CARTESIAN_POINT('Origin',(-26.4999999999946,-49.5,-31.9157142857113));
#7426=CARTESIAN_POINT('Origin',(-52.9999999999945,-49.5,-31.9157142857113));
#7427=CARTESIAN_POINT('Origin',(-52.9999999999946,-49.5,-31.9157142857113));
#7428=CARTESIAN_POINT('Origin',(53.0000000000054,-49.5,-31.9157142857113));
#7429=CARTESIAN_POINT('Origin',(53.0000000000054,-49.5,-31.9157142857113));
#7430=CARTESIAN_POINT('Origin',(53.0000000000054,-50.,-33.4157142857113));
#7431=CARTESIAN_POINT('',(-52.9999999999946,-49.5,-33.4157142857113));
#7432=CARTESIAN_POINT('',(53.0000000000054,-49.5,-33.4157142857113));
#7433=CARTESIAN_POINT('',(26.5000000000054,-49.5,-33.4157142857113));
#7434=CARTESIAN_POINT('',(-52.9999999999946,-25.,-33.4157142857113));
#7435=CARTESIAN_POINT('',(53.0000000000054,-25.,-33.4157142857113));
#7436=CARTESIAN_POINT('Origin',(26.5000000000054,-49.5,-32.9157142857113));
#7437=CARTESIAN_POINT('Origin',(53.0000000000054,-49.5,-32.9157142857113));
#7438=CARTESIAN_POINT('Origin',(53.0000000000054,-49.5,-32.9157142857113));
#7439=CARTESIAN_POINT('Origin',(-52.9999999999946,-49.5,-32.9157142857113));
#7440=CARTESIAN_POINT('Origin',(-52.9999999999945,-49.5,-32.9157142857113));
#7441=CARTESIAN_POINT('Origin',(53.0000000000054,-50.,-31.4157142857113));
#7442=CARTESIAN_POINT('Origin',(-52.9999999999946,-50.,-33.4157142857113));
#7443=CARTESIAN_POINT('Origin',(5.42677014436777E-12,-50.,-10.9871428571399));
#7444=CARTESIAN_POINT('',(53.0000000000054,-50.,-11.4871428571399));
#7445=CARTESIAN_POINT('',(-52.9999999999946,-50.,-11.4871428571399));
#7446=CARTESIAN_POINT('',(26.5000000000054,-50.,-11.4871428571399));
#7447=CARTESIAN_POINT('',(53.0000000000054,-50.,-10.4871428571398));
#7448=CARTESIAN_POINT('',(53.0000000000054,-50.,-11.9871428571398));
#7449=CARTESIAN_POINT('',(-52.9999999999946,-50.,-10.4871428571398));
#7450=CARTESIAN_POINT('',(-26.4999999999946,-50.,-10.4871428571398));
#7451=CARTESIAN_POINT('',(-52.9999999999946,-50.,-9.98714285713985));
#7452=CARTESIAN_POINT('Origin',(26.5000000000054,-48.5,-11.4871428571399));
#7453=CARTESIAN_POINT('',(-52.9999999999946,-48.,-11.4871428571399));
#7454=CARTESIAN_POINT('',(-52.9999999999946,-48.5,-11.9871428571398));
#7455=CARTESIAN_POINT('Origin',(-52.9999999999945,-48.5,-11.4871428571399));
#7456=CARTESIAN_POINT('',(53.0000000000054,-48.,-11.4871428571399));
#7457=CARTESIAN_POINT('',(26.5000000000054,-48.,-11.4871428571399));
#7458=CARTESIAN_POINT('',(53.0000000000054,-48.5,-11.9871428571398));
#7459=CARTESIAN_POINT('Origin',(53.0000000000054,-48.5,-11.4871428571399));
#7460=CARTESIAN_POINT('',(26.5000000000054,-48.5,-11.9871428571398));
#7461=CARTESIAN_POINT('Origin',(5.42677014436777E-12,-48.,-10.9871428571399));
#7462=CARTESIAN_POINT('',(53.0000000000054,-48.,-10.4871428571398));
#7463=CARTESIAN_POINT('',(-52.9999999999946,-48.,-10.4871428571398));
#7464=CARTESIAN_POINT('',(-26.4999999999946,-48.,-10.4871428571398));
#7465=CARTESIAN_POINT('',(53.0000000000054,-48.,-31.9935714285684));
#7466=CARTESIAN_POINT('',(-52.9999999999946,-48.,21.0064285714316));
#7467=CARTESIAN_POINT('Origin',(-26.4999999999946,-48.5,-10.4871428571398));
#7468=CARTESIAN_POINT('',(53.0000000000054,-48.5,-9.98714285713985));
#7469=CARTESIAN_POINT('Origin',(53.0000000000054,-48.5,-10.4871428571398));
#7470=CARTESIAN_POINT('',(-52.9999999999946,-48.5,-9.98714285713985));
#7471=CARTESIAN_POINT('Origin',(-52.9999999999945,-48.5,-10.4871428571398));
#7472=CARTESIAN_POINT('',(-26.4999999999946,-48.5,-9.98714285713985));
#7473=CARTESIAN_POINT('Origin',(-52.9999999999946,-50.,-9.98714285713985));
#7474=CARTESIAN_POINT('',(53.0000000000054,-49.5,-9.98714285713985));
#7475=CARTESIAN_POINT('',(-52.9999999999946,-49.5,-9.98714285713985));
#7476=CARTESIAN_POINT('',(-26.4999999999946,-49.5,-9.98714285713985));
#7477=CARTESIAN_POINT('',(53.0000000000054,-25.,-9.98714285713985));
#7478=CARTESIAN_POINT('',(-52.9999999999946,-25.,-9.98714285713985));
#7479=CARTESIAN_POINT('Origin',(-26.4999999999946,-49.5,-10.4871428571398));
#7480=CARTESIAN_POINT('Origin',(-52.9999999999945,-49.5,-10.4871428571398));
#7481=CARTESIAN_POINT('Origin',(-52.9999999999946,-49.5,-10.4871428571398));
#7482=CARTESIAN_POINT('Origin',(53.0000000000054,-49.5,-10.4871428571398));
#7483=CARTESIAN_POINT('Origin',(53.0000000000054,-49.5,-10.4871428571398));
#7484=CARTESIAN_POINT('Origin',(53.0000000000054,-50.,-11.9871428571398));
#7485=CARTESIAN_POINT('',(-52.9999999999946,-49.5,-11.9871428571398));
#7486=CARTESIAN_POINT('',(53.0000000000054,-49.5,-11.9871428571398));
#7487=CARTESIAN_POINT('',(26.5000000000054,-49.5,-11.9871428571398));
#7488=CARTESIAN_POINT('',(-52.9999999999946,-25.,-11.9871428571398));
#7489=CARTESIAN_POINT('',(53.0000000000054,-25.,-11.9871428571398));
#7490=CARTESIAN_POINT('Origin',(26.5000000000054,-49.5,-11.4871428571399));
#7491=CARTESIAN_POINT('Origin',(53.0000000000054,-49.5,-11.4871428571399));
#7492=CARTESIAN_POINT('Origin',(53.0000000000054,-49.5,-11.4871428571399));
#7493=CARTESIAN_POINT('Origin',(-52.9999999999946,-49.5,-11.4871428571399));
#7494=CARTESIAN_POINT('Origin',(-52.9999999999945,-49.5,-11.4871428571399));
#7495=CARTESIAN_POINT('Origin',(53.0000000000054,-50.,-9.98714285713985));
#7496=CARTESIAN_POINT('Origin',(-52.9999999999946,-50.,-11.9871428571398));
#7497=CARTESIAN_POINT('Origin',(5.42677014436777E-12,-50.,17.4414285714316));
#7498=CARTESIAN_POINT('',(53.0000000000054,-50.,16.9414285714316));
#7499=CARTESIAN_POINT('',(-52.9999999999946,-50.,16.9414285714316));
#7500=CARTESIAN_POINT('',(26.5000000000054,-50.,16.9414285714316));
#7501=CARTESIAN_POINT('',(53.0000000000054,-50.,17.9414285714316));
#7502=CARTESIAN_POINT('',(53.0000000000054,-50.,16.4414285714316));
#7503=CARTESIAN_POINT('',(-52.9999999999946,-50.,17.9414285714316));
#7504=CARTESIAN_POINT('',(-26.4999999999946,-50.,17.9414285714316));
#7505=CARTESIAN_POINT('',(-52.9999999999946,-50.,18.4414285714316));
#7506=CARTESIAN_POINT('Origin',(26.5000000000054,-48.5,16.9414285714316));
#7507=CARTESIAN_POINT('',(-52.9999999999946,-48.,16.9414285714316));
#7508=CARTESIAN_POINT('',(-52.9999999999946,-48.5,16.4414285714316));
#7509=CARTESIAN_POINT('Origin',(-52.9999999999945,-48.5,16.9414285714316));
#7510=CARTESIAN_POINT('',(53.0000000000054,-48.,16.9414285714316));
#7511=CARTESIAN_POINT('',(26.5000000000054,-48.,16.9414285714316));
#7512=CARTESIAN_POINT('',(53.0000000000054,-48.5,16.4414285714316));
#7513=CARTESIAN_POINT('Origin',(53.0000000000054,-48.5,16.9414285714316));
#7514=CARTESIAN_POINT('',(26.5000000000054,-48.5,16.4414285714316));
#7515=CARTESIAN_POINT('Origin',(5.42677014436777E-12,-48.,17.4414285714316));
#7516=CARTESIAN_POINT('',(53.0000000000054,-48.,17.9414285714316));
#7517=CARTESIAN_POINT('',(-52.9999999999946,-48.,17.9414285714316));
#7518=CARTESIAN_POINT('',(-26.4999999999946,-48.,17.9414285714316));
#7519=CARTESIAN_POINT('',(53.0000000000054,-48.,-17.7792857142827));
#7520=CARTESIAN_POINT('',(-52.9999999999945,-48.,35.2207142857173));
#7521=CARTESIAN_POINT('Origin',(-26.4999999999946,-48.5,17.9414285714316));
#7522=CARTESIAN_POINT('',(53.0000000000054,-48.5,18.4414285714316));
#7523=CARTESIAN_POINT('Origin',(53.0000000000054,-48.5,17.9414285714316));
#7524=CARTESIAN_POINT('',(-52.9999999999946,-48.5,18.4414285714316));
#7525=CARTESIAN_POINT('Origin',(-52.9999999999945,-48.5,17.9414285714316));
#7526=CARTESIAN_POINT('',(-26.4999999999946,-48.5,18.4414285714316));
#7527=CARTESIAN_POINT('Origin',(-52.9999999999946,-50.,18.4414285714316));
#7528=CARTESIAN_POINT('',(53.0000000000054,-49.5,18.4414285714316));
#7529=CARTESIAN_POINT('',(-52.9999999999946,-49.5,18.4414285714316));
#7530=CARTESIAN_POINT('',(-26.4999999999946,-49.5,18.4414285714316));
#7531=CARTESIAN_POINT('',(53.0000000000054,-25.,18.4414285714316));
#7532=CARTESIAN_POINT('',(-52.9999999999945,-25.,18.4414285714316));
#7533=CARTESIAN_POINT('Origin',(-26.4999999999946,-49.5,17.9414285714316));
#7534=CARTESIAN_POINT('Origin',(-52.9999999999945,-49.5,17.9414285714316));
#7535=CARTESIAN_POINT('Origin',(-52.9999999999946,-49.5,17.9414285714316));
#7536=CARTESIAN_POINT('Origin',(53.0000000000054,-49.5,17.9414285714316));
#7537=CARTESIAN_POINT('Origin',(53.0000000000054,-49.5,17.9414285714316));
#7538=CARTESIAN_POINT('Origin',(53.0000000000054,-50.,16.4414285714316));
#7539=CARTESIAN_POINT('',(-52.9999999999946,-49.5,16.4414285714316));
#7540=CARTESIAN_POINT('',(53.0000000000054,-49.5,16.4414285714316));
#7541=CARTESIAN_POINT('',(26.5000000000054,-49.5,16.4414285714316));
#7542=CARTESIAN_POINT('',(-52.9999999999945,-25.,16.4414285714316));
#7543=CARTESIAN_POINT('',(53.0000000000054,-25.,16.4414285714316));
#7544=CARTESIAN_POINT('Origin',(26.5000000000054,-49.5,16.9414285714316));
#7545=CARTESIAN_POINT('Origin',(53.0000000000054,-49.5,16.9414285714316));
#7546=CARTESIAN_POINT('Origin',(53.0000000000054,-49.5,16.9414285714316));
#7547=CARTESIAN_POINT('Origin',(-52.9999999999946,-49.5,16.9414285714316));
#7548=CARTESIAN_POINT('Origin',(-52.9999999999945,-49.5,16.9414285714316));
#7549=CARTESIAN_POINT('Origin',(53.0000000000054,-50.,18.4414285714316));
#7550=CARTESIAN_POINT('Origin',(-52.9999999999946,-50.,16.4414285714316));
#7551=CARTESIAN_POINT('Origin',(5.43565192856477E-12,-50.,3.01092484278342E-12));
#7552=CARTESIAN_POINT('',(-51.8345638679605,-50.,46.5128571428602));
#7553=CARTESIAN_POINT('Origin',(-44.9999999999946,-50.,45.000000000003));
#7554=CARTESIAN_POINT('',(-52.9999999999946,-50.,46.5128571428602));
#7555=CARTESIAN_POINT('',(-26.4999999999946,-50.,46.5128571428602));
#7556=CARTESIAN_POINT('',(-52.9999999999946,-50.,45.5128571428602));
#7557=CARTESIAN_POINT('',(-52.9999999999946,-50.,47.0128571428602));
#7558=CARTESIAN_POINT('',(-51.9811874026518,-50.,45.5128571428602));
#7559=CARTESIAN_POINT('',(26.5000000000054,-50.,45.5128571428602));
#7560=CARTESIAN_POINT('Origin',(-44.9999999999946,-50.,45.000000000003));
#7561=CARTESIAN_POINT('Origin',(48.0000000000054,-50.,48.000000000003));
#7562=CARTESIAN_POINT('',(53.0000000000054,-50.,45.5128571428602));
#7563=CARTESIAN_POINT('',(26.5000000000054,-50.,45.5128571428602));
#7564=CARTESIAN_POINT('',(53.0000000000054,-50.,46.5128571428602));
#7565=CARTESIAN_POINT('',(53.0000000000054,-50.,45.0128571428602));
#7566=CARTESIAN_POINT('',(-26.4999999999946,-50.,46.5128571428602));
#7567=CARTESIAN_POINT('',(35.5887790237095,-50.,46.5128571428602));
#7568=CARTESIAN_POINT('Origin',(48.0000000000054,-50.,48.000000000003));
#7569=CARTESIAN_POINT('',(-26.4999999999946,-50.,46.5128571428602));
#7570=CARTESIAN_POINT('',(35.7499338610753,-50.,45.5128571428602));
#7571=CARTESIAN_POINT('',(26.5000000000054,-50.,45.5128571428602));
#7572=CARTESIAN_POINT('Origin',(48.0000000000054,-50.,48.000000000003));
#7573=CARTESIAN_POINT('Origin',(-44.9999999999946,-47.,45.000000000003));
#7574=CARTESIAN_POINT('',(-52.9999999999946,-49.8280212130803,45.1354951365992));
#7575=CARTESIAN_POINT('Ctrl Pts',(-51.9811874026518,-50.,45.5128571428602));
#7576=CARTESIAN_POINT('Ctrl Pts',(-51.9838230352788,-50.,45.511815206851));
#7577=CARTESIAN_POINT('Ctrl Pts',(-51.9864586257044,-49.9999967431081,45.5107731585477));
#7578=CARTESIAN_POINT('Ctrl Pts',(-52.3508156309962,-49.9990959377245,45.3666991952238));
#7579=CARTESIAN_POINT('Ctrl Pts',(-52.6903878305814,-49.9370431263001,45.2302622292936));
#7580=CARTESIAN_POINT('Ctrl Pts',(-52.9999999999946,-49.8280212130803,45.1354951365992));
#7581=CARTESIAN_POINT('',(-52.9999999999946,-49.7338376068445,46.9548073364626));
#7582=CARTESIAN_POINT('Ctrl Pts',(-52.9999999999946,-49.8280212130803,45.1354951365992));
#7583=CARTESIAN_POINT('Ctrl Pts',(-52.9999999999946,-49.8245485563678,45.7147571842996));
#7584=CARTESIAN_POINT('Ctrl Pts',(-52.9999999999946,-49.8001253163226,46.3368070314603));
#7585=CARTESIAN_POINT('Ctrl Pts',(-52.9999999999946,-49.7338376068445,46.9548073364626));
#7586=CARTESIAN_POINT('Ctrl Pts',(-52.9999999999946,-49.7338376068445,46.9548073364626));
#7587=CARTESIAN_POINT('Ctrl Pts',(-52.8131043367262,-49.8208145084203,46.9087875115827));
#7588=CARTESIAN_POINT('Ctrl Pts',(-52.6218409203963,-49.887395868804,46.8411318861926));
#7589=CARTESIAN_POINT('Ctrl Pts',(-52.234086613674,-49.9768081073382,46.6877242430148));
#7590=CARTESIAN_POINT('Ctrl Pts',(-52.0381010595668,-49.9994468802546,46.601840871291));
#7591=CARTESIAN_POINT('Ctrl Pts',(-51.839389007268,-49.9999966627573,46.5149665847982));
#7592=CARTESIAN_POINT('Ctrl Pts',(-51.8369764420359,-50.,46.5139118533639));
#7593=CARTESIAN_POINT('Ctrl Pts',(-51.8345638679605,-50.,46.5128571428602));
#7594=CARTESIAN_POINT('Origin',(-26.4999999999946,-49.5,46.5128571428602));
#7595=CARTESIAN_POINT('Origin',(-52.9999999999946,-49.5,46.5128571428602));
#7596=CARTESIAN_POINT('Origin',(-52.9999999999946,-50.,45.0128571428602));
#7597=CARTESIAN_POINT('Origin',(-52.9999999999946,-49.5,45.5128571428602));
#7598=CARTESIAN_POINT('Origin',(53.0000000000054,-50.,45.0128571428602));
#7599=CARTESIAN_POINT('',(35.8621675101817,-48.5,45.0128571428602));
#7600=CARTESIAN_POINT('',(26.5000000000054,-48.5,45.0128571428602));
#7601=CARTESIAN_POINT('',(35.8621675101817,-49.5,45.0128571428602));
#7602=CARTESIAN_POINT('',(35.8621675101817,25.2,45.0128571428602));
#7603=CARTESIAN_POINT('',(26.5000000000054,-49.5,45.0128571428602));
#7604=CARTESIAN_POINT('Origin',(-26.4999999999946,-49.5,46.5128571428602));
#7605=CARTESIAN_POINT('',(35.5390390025706,-49.5,47.0128571428602));
#7606=CARTESIAN_POINT('Ctrl Pts',(35.5390390025706,-49.5,47.0128571428602));
#7607=CARTESIAN_POINT('Ctrl Pts',(35.5390390025706,-49.5627532533406,47.0128571428602));
#7608=CARTESIAN_POINT('Ctrl Pts',(35.5400123685528,-49.6296770428609,47.0003193870489));
#7609=CARTESIAN_POINT('Ctrl Pts',(35.5442041523344,-49.752752024111,46.9493797517589));
#7610=CARTESIAN_POINT('Ctrl Pts',(35.5474498049165,-49.8089026849927,46.9109788344764));
#7611=CARTESIAN_POINT('Ctrl Pts',(35.5555298032939,-49.8978236198768,46.8222226110869));
#7612=CARTESIAN_POINT('Ctrl Pts',(35.5609186667134,-49.9363997278141,46.7658606451284));
#7613=CARTESIAN_POINT('Ctrl Pts',(35.5737736922612,-49.987485680589,46.6425228869911));
#7614=CARTESIAN_POINT('Ctrl Pts',(35.581266801525,-50.,46.5755517583149));
#7615=CARTESIAN_POINT('Ctrl Pts',(35.5887790237095,-50.,46.5128571428602));
#7616=CARTESIAN_POINT('',(-26.4999999999946,-49.5,47.0128571428602));
#7617=CARTESIAN_POINT('Origin',(-26.4999999999946,-49.5,46.5128571428602));
#7618=CARTESIAN_POINT('Origin',(53.0000000000054,-49.5,46.5128571428602));
#7619=CARTESIAN_POINT('Origin',(53.0000000000054,-50.,47.0128571428602));
#7620=CARTESIAN_POINT('Origin',(53.0000000000054,-49.5,45.5128571428602));
#7621=CARTESIAN_POINT('Origin',(26.5000000000054,-49.5,45.5128571428602));
#7622=CARTESIAN_POINT('Origin',(26.5000000000054,-49.5,45.5128571428602));
#7623=CARTESIAN_POINT('Ctrl Pts',(35.7499338610753,-50.,45.5128571428602));
#7624=CARTESIAN_POINT('Ctrl Pts',(35.7627370907565,-50.,45.4497966676902));
#7625=CARTESIAN_POINT('Ctrl Pts',(35.7769444464921,-49.9873578440347,45.3825727186676));
#7626=CARTESIAN_POINT('Ctrl Pts',(35.8040998557519,-49.9358441425069,45.2588264723119));
#7627=CARTESIAN_POINT('Ctrl Pts',(35.817021063553,-49.8969703505717,45.2022992204845));
#7628=CARTESIAN_POINT('Ctrl Pts',(35.8376289586552,-49.8078682930646,45.1140456384714));
#7629=CARTESIAN_POINT('Ctrl Pts',(35.8467744411433,-49.7520901761055,45.0759982313091));
#7630=CARTESIAN_POINT('Ctrl Pts',(35.8590601268743,-49.6295329441646,45.0253980387503));
#7631=CARTESIAN_POINT('Ctrl Pts',(35.8621675101817,-49.5627456329689,45.0128571428602));
#7632=CARTESIAN_POINT('Ctrl Pts',(35.8621675101817,-49.5,45.0128571428602));
#7633=CARTESIAN_POINT('Origin',(26.5000000000054,-49.5,45.5128571428602));
#7634=CARTESIAN_POINT('Origin',(-52.9999999999946,-50.,47.0128571428602));
#7635=CARTESIAN_POINT('',(35.5390390025706,-48.5,47.0128571428602));
#7636=CARTESIAN_POINT('',(35.5390390025706,25.2,47.0128571428602));
#7637=CARTESIAN_POINT('',(-26.4999999999946,-48.5,47.0128571428602));
#7638=CARTESIAN_POINT('Origin',(-26.4999999999946,-48.5,46.5128571428602));
#7639=CARTESIAN_POINT('',(35.5887790237095,-48.,46.5128571428602));
#7640=CARTESIAN_POINT('Ctrl Pts',(35.5887790237095,-48.,46.5128571428602));
#7641=CARTESIAN_POINT('Ctrl Pts',(35.581266801525,-48.,46.5755517583149));
#7642=CARTESIAN_POINT('Ctrl Pts',(35.5737736922612,-48.012514319411,46.6425228869912));
#7643=CARTESIAN_POINT('Ctrl Pts',(35.5609186667134,-48.0636002721859,46.7658606451284));
#7644=CARTESIAN_POINT('Ctrl Pts',(35.5555298032939,-48.1021763801232,46.8222226110869));
#7645=CARTESIAN_POINT('Ctrl Pts',(35.5474498049165,-48.1910973150073,46.9109788344764));
#7646=CARTESIAN_POINT('Ctrl Pts',(35.5442041523344,-48.247247975889,46.9493797517589));
#7647=CARTESIAN_POINT('Ctrl Pts',(35.5400123685528,-48.3703229571391,47.0003193870489));
#7648=CARTESIAN_POINT('Ctrl Pts',(35.5390390025706,-48.4372467466594,47.0128571428602));
#7649=CARTESIAN_POINT('Ctrl Pts',(35.5390390025706,-48.5,47.0128571428602));
#7650=CARTESIAN_POINT('',(-26.4999999999946,-48.,46.5128571428602));
#7651=CARTESIAN_POINT('Origin',(26.5000000000054,-48.5,45.5128571428602));
#7652=CARTESIAN_POINT('',(35.7499338610753,-48.,45.5128571428602));
#7653=CARTESIAN_POINT('',(26.5000000000054,-48.,45.5128571428602));
#7654=CARTESIAN_POINT('Ctrl Pts',(35.8621675101817,-48.5,45.0128571428602));
#7655=CARTESIAN_POINT('Ctrl Pts',(35.8621675101817,-48.4372543670311,45.0128571428602));
#7656=CARTESIAN_POINT('Ctrl Pts',(35.8590601268743,-48.3704670558354,45.0253980387503));
#7657=CARTESIAN_POINT('Ctrl Pts',(35.8467744411433,-48.2479098238945,45.0759982313091));
#7658=CARTESIAN_POINT('Ctrl Pts',(35.8376289586552,-48.1921317069354,45.1140456384714));
#7659=CARTESIAN_POINT('Ctrl Pts',(35.817021063553,-48.1030296494283,45.2022992204845));
#7660=CARTESIAN_POINT('Ctrl Pts',(35.8040998557519,-48.0641558574931,45.2588264723119));
#7661=CARTESIAN_POINT('Ctrl Pts',(35.7769444464921,-48.0126421559653,45.3825727186676));
#7662=CARTESIAN_POINT('Ctrl Pts',(35.7627370907565,-48.,45.4497966676902));
#7663=CARTESIAN_POINT('Ctrl Pts',(35.7499338610753,-48.,45.5128571428602));
#7664=CARTESIAN_POINT('Origin',(5.42677014436777E-12,-48.,46.0128571428601));
#7665=CARTESIAN_POINT('Origin',(48.0000000000054,-48.,48.000000000003));
#7666=CARTESIAN_POINT('Origin',(5.43565192856477E-12,-50.,3.01092484278342E-12));
#7667=CARTESIAN_POINT('Origin',(-52.9999999999945,0.,53.000000000003));
#7668=CARTESIAN_POINT('',(-52.9999999999945,-10.,26.500000000003));
#7669=CARTESIAN_POINT('Origin',(45.0000000000054,0.,-44.999999999997));
#7670=CARTESIAN_POINT('',(45.0000000000054,-10.,-54.999999999997));
#7671=CARTESIAN_POINT('Origin',(45.0000000000054,-10.,-44.999999999997));
#7672=CARTESIAN_POINT('',(45.0000000000054,0.,-54.999999999997));
#7673=CARTESIAN_POINT('Origin',(55.0000000000054,0.,-54.999999999997));
#7674=CARTESIAN_POINT('',(-44.9999999999946,-10.,-54.999999999997));
#7675=CARTESIAN_POINT('',(27.5000000000054,-10.,-54.999999999997));
#7676=CARTESIAN_POINT('',(-44.9999999999946,0.,-54.999999999997));
#7677=CARTESIAN_POINT('Origin',(-44.9999999999946,0.,-44.999999999997));
#7678=CARTESIAN_POINT('',(-54.9999999999946,-10.,-44.999999999997));
#7679=CARTESIAN_POINT('Origin',(-44.9999999999946,-10.,-44.999999999997));
#7680=CARTESIAN_POINT('',(-54.9999999999946,0.,-44.999999999997));
#7681=CARTESIAN_POINT('Origin',(-54.9999999999946,0.,-54.999999999997));
#7682=CARTESIAN_POINT('',(-54.9999999999946,-10.,-27.499999999997));
#7683=CARTESIAN_POINT('Origin',(53.0000000000054,0.,-52.999999999997));
#7684=CARTESIAN_POINT('',(53.0000000000054,-10.,36.5435607626134));
#7685=CARTESIAN_POINT('',(53.0000000000054,-10.,-26.499999999997));
#7686=CARTESIAN_POINT('',(53.0000000000054,25.2,36.5435607626134));
#7687=CARTESIAN_POINT('Origin',(48.0000000000054,25.2,48.000000000003));
#7688=CARTESIAN_POINT('',(36.5435607626158,-10.,53.000000000003));
#7689=CARTESIAN_POINT('Origin',(48.0000000000054,-10.,48.000000000003));
#7690=CARTESIAN_POINT('',(36.5435607626158,25.2,53.000000000003));
#7691=CARTESIAN_POINT('Origin',(53.0000000000054,0.,53.000000000003));
#7692=CARTESIAN_POINT('',(26.5000000000054,-10.,53.000000000003));
#7693=CARTESIAN_POINT('Origin',(5.44009282066327E-12,-10.,3.01092484278342E-12));
#7694=UNCERTAINTY_MEASURE_WITH_UNIT(LENGTH_MEASURE(0.01),#7698,
'DISTANCE_ACCURACY_VALUE',
'Maximum model space distance between geometric entities at asserted c
onnectivities');
#7695=UNCERTAINTY_MEASURE_WITH_UNIT(LENGTH_MEASURE(0.01),#7698,
'DISTANCE_ACCURACY_VALUE',
'Maximum model space distance between geometric entities at asserted c
onnectivities');
#7696=(
GEOMETRIC_REPRESENTATION_CONTEXT(3)
GLOBAL_UNCERTAINTY_ASSIGNED_CONTEXT((#7694))
GLOBAL_UNIT_ASSIGNED_CONTEXT((#7698,#7700,#7701))
REPRESENTATION_CONTEXT('','3D')
);
#7697=(
GEOMETRIC_REPRESENTATION_CONTEXT(3)
GLOBAL_UNCERTAINTY_ASSIGNED_CONTEXT((#7695))
GLOBAL_UNIT_ASSIGNED_CONTEXT((#7698,#7700,#7701))
REPRESENTATION_CONTEXT('','3D')
);
#7698=(
LENGTH_UNIT()
NAMED_UNIT(*)
SI_UNIT(.MILLI.,.METRE.)
);
#7699=(
LENGTH_UNIT()
NAMED_UNIT(*)
SI_UNIT($,.METRE.)
);
#7700=(
NAMED_UNIT(*)
PLANE_ANGLE_UNIT()
SI_UNIT($,.RADIAN.)
);
#7701=(
NAMED_UNIT(*)
SI_UNIT($,.STERADIAN.)
SOLID_ANGLE_UNIT()
);
#7702=SHAPE_DEFINITION_REPRESENTATION(#7703,#7704);
#7703=PRODUCT_DEFINITION_SHAPE('',$,#7706);
#7704=SHAPE_REPRESENTATION('',(#4308),#7696);
#7705=PRODUCT_DEFINITION_CONTEXT('part definition',#7710,'design');
#7706=PRODUCT_DEFINITION('2026-04-22-11-22-53-307',
'Fume Extractor_Case3',#7707,#7705);
#7707=PRODUCT_DEFINITION_FORMATION('',$,#7712);
#7708=PRODUCT_RELATED_PRODUCT_CATEGORY('Fume Extractor_Case3',
'Fume Extractor_Case3',(#7712));
#7709=APPLICATION_PROTOCOL_DEFINITION('international standard',
'automotive_design',2009,#7710);
#7710=APPLICATION_CONTEXT(
'Core Data for Automotive Mechanical Design Process');
#7711=PRODUCT_CONTEXT('part definition',#7710,'mechanical');
#7712=PRODUCT('2026-04-22-11-22-53-307','Fume Extractor_Case3',$,(#7711));
#7713=PRESENTATION_STYLE_ASSIGNMENT((#7714));
#7714=SURFACE_STYLE_USAGE(.BOTH.,#7715);
#7715=SURFACE_SIDE_STYLE('',(#7716));
#7716=SURFACE_STYLE_FILL_AREA(#7717);
#7717=FILL_AREA_STYLE('Steel - Satin',(#7718));
#7718=FILL_AREA_STYLE_COLOUR('Steel - Satin',#7719);
#7719=COLOUR_RGB('Steel - Satin',0.627450980392157,0.627450980392157,0.627450980392157);
ENDSEC;
END-ISO-10303-21;
