ISO-10303-21;
HEADER;
/* Generated by software containing ST-Developer
 * from STEP Tools, Inc. (www.steptools.com) 
 */

FILE_DESCRIPTION(
/* description */ (''),
/* implementation_level */ '2;1');

FILE_NAME(
/* name */ 'Fume Extractor_Case2.step',
/* time_stamp */ '2026-04-22T11:24:15+08:00',
/* author */ (''),
/* organization */ (''),
/* preprocessor_version */ 'ST-DEVELOPER v20.1',
/* originating_system */ 'Autodesk Translation Framework v15.8.0.0',
/* authorisation */ '');

FILE_SCHEMA (('AUTOMOTIVE_DESIGN { 1 0 10303 214 3 1 1 }'));
ENDSEC;

DATA;
#10=MECHANICAL_DESIGN_GEOMETRIC_PRESENTATION_REPRESENTATION('',(#13),#8548);
#11=SHAPE_REPRESENTATION_RELATIONSHIP('SRR','None',#8555,#12);
#12=ADVANCED_BREP_SHAPE_REPRESENTATION('',(#14),#8547);
#13=STYLED_ITEM('',(#8564),#14);
#14=MANIFOLD_SOLID_BREP('Body1',#4738);
#15=(
BOUNDED_CURVE()
B_SPLINE_CURVE(2,(#6824,#6825,#6826),.UNSPECIFIED.,.F.,.F.)
B_SPLINE_CURVE_WITH_KNOTS((3,3),(-0.250618116080734,-0.245515072919009),
 .UNSPECIFIED.)
CURVE()
GEOMETRIC_REPRESENTATION_ITEM()
RATIONAL_B_SPLINE_CURVE((0.999998842850122,0.999998852200712,0.999998861650271))
REPRESENTATION_ITEM('')
);
#16=FACE_BOUND('',#422,.T.);
#17=FACE_BOUND('',#426,.T.);
#18=FACE_BOUND('',#428,.T.);
#19=FACE_BOUND('',#438,.T.);
#20=FACE_BOUND('',#440,.T.);
#21=FACE_BOUND('',#447,.T.);
#22=FACE_BOUND('',#449,.T.);
#23=FACE_BOUND('',#453,.T.);
#24=FACE_BOUND('',#455,.T.);
#25=FACE_BOUND('',#469,.T.);
#26=FACE_BOUND('',#477,.T.);
#27=FACE_BOUND('',#489,.T.);
#28=FACE_BOUND('',#656,.T.);
#29=FACE_BOUND('',#657,.T.);
#30=FACE_BOUND('',#658,.T.);
#31=FACE_BOUND('',#659,.T.);
#32=FACE_BOUND('',#660,.T.);
#33=FACE_BOUND('',#661,.T.);
#34=FACE_BOUND('',#662,.T.);
#35=FACE_BOUND('',#663,.T.);
#36=FACE_BOUND('',#664,.T.);
#37=FACE_BOUND('',#665,.T.);
#38=FACE_BOUND('',#666,.T.);
#39=FACE_BOUND('',#667,.T.);
#40=FACE_BOUND('',#668,.T.);
#41=FACE_BOUND('',#669,.T.);
#42=FACE_BOUND('',#670,.T.);
#43=FACE_BOUND('',#671,.T.);
#44=FACE_BOUND('',#672,.T.);
#45=FACE_BOUND('',#673,.T.);
#46=FACE_BOUND('',#674,.T.);
#47=FACE_BOUND('',#675,.T.);
#48=FACE_BOUND('',#676,.T.);
#49=FACE_BOUND('',#677,.T.);
#50=FACE_BOUND('',#678,.T.);
#51=FACE_BOUND('',#679,.T.);
#52=FACE_BOUND('',#684,.T.);
#53=FACE_BOUND('',#687,.T.);
#54=FACE_BOUND('',#688,.T.);
#55=FACE_BOUND('',#690,.T.);
#56=FACE_BOUND('',#691,.T.);
#57=FACE_BOUND('',#692,.T.);
#58=FACE_BOUND('',#693,.T.);
#59=FACE_BOUND('',#695,.T.);
#60=PLANE('',#4754);
#61=PLANE('',#4756);
#62=PLANE('',#4758);
#63=PLANE('',#4760);
#64=PLANE('',#4767);
#65=PLANE('',#4768);
#66=PLANE('',#4769);
#67=PLANE('',#4770);
#68=PLANE('',#4771);
#69=PLANE('',#4772);
#70=PLANE('',#4773);
#71=PLANE('',#4774);
#72=PLANE('',#4781);
#73=PLANE('',#4782);
#74=PLANE('',#4783);
#75=PLANE('',#4784);
#76=PLANE('',#4785);
#77=PLANE('',#4786);
#78=PLANE('',#4787);
#79=PLANE('',#4788);
#80=PLANE('',#4789);
#81=PLANE('',#4796);
#82=PLANE('',#4797);
#83=PLANE('',#4798);
#84=PLANE('',#4799);
#85=PLANE('',#4800);
#86=PLANE('',#4801);
#87=PLANE('',#4802);
#88=PLANE('',#4803);
#89=PLANE('',#4849);
#90=PLANE('',#4850);
#91=PLANE('',#4852);
#92=PLANE('',#4854);
#93=PLANE('',#4856);
#94=PLANE('',#4876);
#95=PLANE('',#4877);
#96=PLANE('',#4878);
#97=PLANE('',#4879);
#98=PLANE('',#4880);
#99=PLANE('',#4882);
#100=PLANE('',#4883);
#101=PLANE('',#4893);
#102=PLANE('',#4958);
#103=PLANE('',#4961);
#104=PLANE('',#4962);
#105=PLANE('',#4966);
#106=PLANE('',#4969);
#107=PLANE('',#4971);
#108=PLANE('',#4976);
#109=PLANE('',#4977);
#110=PLANE('',#4979);
#111=PLANE('',#4981);
#112=PLANE('',#4985);
#113=PLANE('',#4987);
#114=PLANE('',#4990);
#115=PLANE('',#4992);
#116=PLANE('',#4994);
#117=PLANE('',#4997);
#118=PLANE('',#4999);
#119=PLANE('',#5001);
#120=PLANE('',#5004);
#121=PLANE('',#5006);
#122=PLANE('',#5008);
#123=PLANE('',#5011);
#124=PLANE('',#5013);
#125=PLANE('',#5015);
#126=PLANE('',#5018);
#127=PLANE('',#5020);
#128=PLANE('',#5022);
#129=PLANE('',#5025);
#130=PLANE('',#5027);
#131=PLANE('',#5029);
#132=PLANE('',#5032);
#133=PLANE('',#5034);
#134=PLANE('',#5036);
#135=PLANE('',#5039);
#136=PLANE('',#5041);
#137=PLANE('',#5043);
#138=PLANE('',#5046);
#139=PLANE('',#5058);
#140=PLANE('',#5062);
#141=PLANE('',#5066);
#142=PLANE('',#5070);
#143=PLANE('',#5071);
#144=PLANE('',#5072);
#145=PLANE('',#5073);
#146=PLANE('',#5074);
#147=PLANE('',#5075);
#148=PLANE('',#5076);
#149=PLANE('',#5079);
#150=PLANE('',#5083);
#151=PLANE('',#5086);
#152=PLANE('',#5087);
#153=PLANE('',#5088);
#154=PLANE('',#5091);
#155=PLANE('',#5097);
#156=PLANE('',#5101);
#157=PLANE('',#5102);
#158=PLANE('',#5103);
#159=PLANE('',#5104);
#160=PLANE('',#5108);
#161=PLANE('',#5111);
#162=PLANE('',#5113);
#163=PLANE('',#5123);
#164=PLANE('',#5126);
#165=PLANE('',#5130);
#166=PLANE('',#5131);
#167=PLANE('',#5134);
#168=PLANE('',#5135);
#169=PLANE('',#5137);
#170=PLANE('',#5139);
#171=PLANE('',#5141);
#172=PLANE('',#5143);
#173=PLANE('',#5144);
#174=PLANE('',#5147);
#175=PLANE('',#5155);
#176=PLANE('',#5157);
#177=PLANE('',#5159);
#178=PLANE('',#5161);
#179=PLANE('',#5164);
#180=PLANE('',#5165);
#181=PLANE('',#5172);
#182=FACE_OUTER_BOUND('',#417,.T.);
#183=FACE_OUTER_BOUND('',#418,.T.);
#184=FACE_OUTER_BOUND('',#419,.T.);
#185=FACE_OUTER_BOUND('',#420,.T.);
#186=FACE_OUTER_BOUND('',#421,.T.);
#187=FACE_OUTER_BOUND('',#423,.T.);
#188=FACE_OUTER_BOUND('',#424,.T.);
#189=FACE_OUTER_BOUND('',#425,.T.);
#190=FACE_OUTER_BOUND('',#427,.T.);
#191=FACE_OUTER_BOUND('',#429,.T.);
#192=FACE_OUTER_BOUND('',#430,.T.);
#193=FACE_OUTER_BOUND('',#431,.T.);
#194=FACE_OUTER_BOUND('',#432,.T.);
#195=FACE_OUTER_BOUND('',#433,.T.);
#196=FACE_OUTER_BOUND('',#434,.T.);
#197=FACE_OUTER_BOUND('',#435,.T.);
#198=FACE_OUTER_BOUND('',#436,.T.);
#199=FACE_OUTER_BOUND('',#437,.T.);
#200=FACE_OUTER_BOUND('',#439,.T.);
#201=FACE_OUTER_BOUND('',#441,.T.);
#202=FACE_OUTER_BOUND('',#442,.T.);
#203=FACE_OUTER_BOUND('',#443,.T.);
#204=FACE_OUTER_BOUND('',#444,.T.);
#205=FACE_OUTER_BOUND('',#445,.T.);
#206=FACE_OUTER_BOUND('',#446,.T.);
#207=FACE_OUTER_BOUND('',#448,.T.);
#208=FACE_OUTER_BOUND('',#450,.T.);
#209=FACE_OUTER_BOUND('',#451,.T.);
#210=FACE_OUTER_BOUND('',#452,.T.);
#211=FACE_OUTER_BOUND('',#454,.T.);
#212=FACE_OUTER_BOUND('',#456,.T.);
#213=FACE_OUTER_BOUND('',#457,.T.);
#214=FACE_OUTER_BOUND('',#458,.T.);
#215=FACE_OUTER_BOUND('',#459,.T.);
#216=FACE_OUTER_BOUND('',#460,.T.);
#217=FACE_OUTER_BOUND('',#461,.T.);
#218=FACE_OUTER_BOUND('',#462,.T.);
#219=FACE_OUTER_BOUND('',#463,.T.);
#220=FACE_OUTER_BOUND('',#464,.T.);
#221=FACE_OUTER_BOUND('',#465,.T.);
#222=FACE_OUTER_BOUND('',#466,.T.);
#223=FACE_OUTER_BOUND('',#467,.T.);
#224=FACE_OUTER_BOUND('',#468,.T.);
#225=FACE_OUTER_BOUND('',#470,.T.);
#226=FACE_OUTER_BOUND('',#471,.T.);
#227=FACE_OUTER_BOUND('',#472,.T.);
#228=FACE_OUTER_BOUND('',#473,.T.);
#229=FACE_OUTER_BOUND('',#474,.T.);
#230=FACE_OUTER_BOUND('',#475,.T.);
#231=FACE_OUTER_BOUND('',#476,.T.);
#232=FACE_OUTER_BOUND('',#478,.T.);
#233=FACE_OUTER_BOUND('',#479,.T.);
#234=FACE_OUTER_BOUND('',#480,.T.);
#235=FACE_OUTER_BOUND('',#481,.T.);
#236=FACE_OUTER_BOUND('',#482,.T.);
#237=FACE_OUTER_BOUND('',#483,.T.);
#238=FACE_OUTER_BOUND('',#484,.T.);
#239=FACE_OUTER_BOUND('',#485,.T.);
#240=FACE_OUTER_BOUND('',#486,.T.);
#241=FACE_OUTER_BOUND('',#487,.T.);
#242=FACE_OUTER_BOUND('',#488,.T.);
#243=FACE_OUTER_BOUND('',#490,.T.);
#244=FACE_OUTER_BOUND('',#491,.T.);
#245=FACE_OUTER_BOUND('',#492,.T.);
#246=FACE_OUTER_BOUND('',#493,.T.);
#247=FACE_OUTER_BOUND('',#494,.T.);
#248=FACE_OUTER_BOUND('',#495,.T.);
#249=FACE_OUTER_BOUND('',#496,.T.);
#250=FACE_OUTER_BOUND('',#497,.T.);
#251=FACE_OUTER_BOUND('',#498,.T.);
#252=FACE_OUTER_BOUND('',#499,.T.);
#253=FACE_OUTER_BOUND('',#500,.T.);
#254=FACE_OUTER_BOUND('',#501,.T.);
#255=FACE_OUTER_BOUND('',#502,.T.);
#256=FACE_OUTER_BOUND('',#503,.T.);
#257=FACE_OUTER_BOUND('',#504,.T.);
#258=FACE_OUTER_BOUND('',#505,.T.);
#259=FACE_OUTER_BOUND('',#506,.T.);
#260=FACE_OUTER_BOUND('',#507,.T.);
#261=FACE_OUTER_BOUND('',#508,.T.);
#262=FACE_OUTER_BOUND('',#509,.T.);
#263=FACE_OUTER_BOUND('',#510,.T.);
#264=FACE_OUTER_BOUND('',#511,.T.);
#265=FACE_OUTER_BOUND('',#512,.T.);
#266=FACE_OUTER_BOUND('',#513,.T.);
#267=FACE_OUTER_BOUND('',#514,.T.);
#268=FACE_OUTER_BOUND('',#515,.T.);
#269=FACE_OUTER_BOUND('',#516,.T.);
#270=FACE_OUTER_BOUND('',#517,.T.);
#271=FACE_OUTER_BOUND('',#518,.T.);
#272=FACE_OUTER_BOUND('',#519,.T.);
#273=FACE_OUTER_BOUND('',#520,.T.);
#274=FACE_OUTER_BOUND('',#521,.T.);
#275=FACE_OUTER_BOUND('',#522,.T.);
#276=FACE_OUTER_BOUND('',#523,.T.);
#277=FACE_OUTER_BOUND('',#524,.T.);
#278=FACE_OUTER_BOUND('',#525,.T.);
#279=FACE_OUTER_BOUND('',#526,.T.);
#280=FACE_OUTER_BOUND('',#527,.T.);
#281=FACE_OUTER_BOUND('',#528,.T.);
#282=FACE_OUTER_BOUND('',#529,.T.);
#283=FACE_OUTER_BOUND('',#530,.T.);
#284=FACE_OUTER_BOUND('',#531,.T.);
#285=FACE_OUTER_BOUND('',#532,.T.);
#286=FACE_OUTER_BOUND('',#533,.T.);
#287=FACE_OUTER_BOUND('',#534,.T.);
#288=FACE_OUTER_BOUND('',#535,.T.);
#289=FACE_OUTER_BOUND('',#536,.T.);
#290=FACE_OUTER_BOUND('',#537,.T.);
#291=FACE_OUTER_BOUND('',#538,.T.);
#292=FACE_OUTER_BOUND('',#539,.T.);
#293=FACE_OUTER_BOUND('',#540,.T.);
#294=FACE_OUTER_BOUND('',#541,.T.);
#295=FACE_OUTER_BOUND('',#542,.T.);
#296=FACE_OUTER_BOUND('',#543,.T.);
#297=FACE_OUTER_BOUND('',#544,.T.);
#298=FACE_OUTER_BOUND('',#545,.T.);
#299=FACE_OUTER_BOUND('',#546,.T.);
#300=FACE_OUTER_BOUND('',#547,.T.);
#301=FACE_OUTER_BOUND('',#548,.T.);
#302=FACE_OUTER_BOUND('',#549,.T.);
#303=FACE_OUTER_BOUND('',#550,.T.);
#304=FACE_OUTER_BOUND('',#551,.T.);
#305=FACE_OUTER_BOUND('',#552,.T.);
#306=FACE_OUTER_BOUND('',#553,.T.);
#307=FACE_OUTER_BOUND('',#554,.T.);
#308=FACE_OUTER_BOUND('',#555,.T.);
#309=FACE_OUTER_BOUND('',#556,.T.);
#310=FACE_OUTER_BOUND('',#557,.T.);
#311=FACE_OUTER_BOUND('',#558,.T.);
#312=FACE_OUTER_BOUND('',#559,.T.);
#313=FACE_OUTER_BOUND('',#560,.T.);
#314=FACE_OUTER_BOUND('',#561,.T.);
#315=FACE_OUTER_BOUND('',#562,.T.);
#316=FACE_OUTER_BOUND('',#563,.T.);
#317=FACE_OUTER_BOUND('',#564,.T.);
#318=FACE_OUTER_BOUND('',#565,.T.);
#319=FACE_OUTER_BOUND('',#566,.T.);
#320=FACE_OUTER_BOUND('',#567,.T.);
#321=FACE_OUTER_BOUND('',#568,.T.);
#322=FACE_OUTER_BOUND('',#569,.T.);
#323=FACE_OUTER_BOUND('',#570,.T.);
#324=FACE_OUTER_BOUND('',#571,.T.);
#325=FACE_OUTER_BOUND('',#572,.T.);
#326=FACE_OUTER_BOUND('',#573,.T.);
#327=FACE_OUTER_BOUND('',#574,.T.);
#328=FACE_OUTER_BOUND('',#575,.T.);
#329=FACE_OUTER_BOUND('',#576,.T.);
#330=FACE_OUTER_BOUND('',#577,.T.);
#331=FACE_OUTER_BOUND('',#578,.T.);
#332=FACE_OUTER_BOUND('',#579,.T.);
#333=FACE_OUTER_BOUND('',#580,.T.);
#334=FACE_OUTER_BOUND('',#581,.T.);
#335=FACE_OUTER_BOUND('',#582,.T.);
#336=FACE_OUTER_BOUND('',#583,.T.);
#337=FACE_OUTER_BOUND('',#584,.T.);
#338=FACE_OUTER_BOUND('',#585,.T.);
#339=FACE_OUTER_BOUND('',#586,.T.);
#340=FACE_OUTER_BOUND('',#587,.T.);
#341=FACE_OUTER_BOUND('',#588,.T.);
#342=FACE_OUTER_BOUND('',#589,.T.);
#343=FACE_OUTER_BOUND('',#590,.T.);
#344=FACE_OUTER_BOUND('',#591,.T.);
#345=FACE_OUTER_BOUND('',#592,.T.);
#346=FACE_OUTER_BOUND('',#593,.T.);
#347=FACE_OUTER_BOUND('',#594,.T.);
#348=FACE_OUTER_BOUND('',#595,.T.);
#349=FACE_OUTER_BOUND('',#596,.T.);
#350=FACE_OUTER_BOUND('',#597,.T.);
#351=FACE_OUTER_BOUND('',#598,.T.);
#352=FACE_OUTER_BOUND('',#599,.T.);
#353=FACE_OUTER_BOUND('',#600,.T.);
#354=FACE_OUTER_BOUND('',#601,.T.);
#355=FACE_OUTER_BOUND('',#602,.T.);
#356=FACE_OUTER_BOUND('',#603,.T.);
#357=FACE_OUTER_BOUND('',#604,.T.);
#358=FACE_OUTER_BOUND('',#605,.T.);
#359=FACE_OUTER_BOUND('',#606,.T.);
#360=FACE_OUTER_BOUND('',#607,.T.);
#361=FACE_OUTER_BOUND('',#608,.T.);
#362=FACE_OUTER_BOUND('',#609,.T.);
#363=FACE_OUTER_BOUND('',#610,.T.);
#364=FACE_OUTER_BOUND('',#611,.T.);
#365=FACE_OUTER_BOUND('',#612,.T.);
#366=FACE_OUTER_BOUND('',#613,.T.);
#367=FACE_OUTER_BOUND('',#614,.T.);
#368=FACE_OUTER_BOUND('',#615,.T.);
#369=FACE_OUTER_BOUND('',#616,.T.);
#370=FACE_OUTER_BOUND('',#617,.T.);
#371=FACE_OUTER_BOUND('',#618,.T.);
#372=FACE_OUTER_BOUND('',#619,.T.);
#373=FACE_OUTER_BOUND('',#620,.T.);
#374=FACE_OUTER_BOUND('',#621,.T.);
#375=FACE_OUTER_BOUND('',#622,.T.);
#376=FACE_OUTER_BOUND('',#623,.T.);
#377=FACE_OUTER_BOUND('',#624,.T.);
#378=FACE_OUTER_BOUND('',#625,.T.);
#379=FACE_OUTER_BOUND('',#626,.T.);
#380=FACE_OUTER_BOUND('',#627,.T.);
#381=FACE_OUTER_BOUND('',#628,.T.);
#382=FACE_OUTER_BOUND('',#629,.T.);
#383=FACE_OUTER_BOUND('',#630,.T.);
#384=FACE_OUTER_BOUND('',#631,.T.);
#385=FACE_OUTER_BOUND('',#632,.T.);
#386=FACE_OUTER_BOUND('',#633,.T.);
#387=FACE_OUTER_BOUND('',#634,.T.);
#388=FACE_OUTER_BOUND('',#635,.T.);
#389=FACE_OUTER_BOUND('',#636,.T.);
#390=FACE_OUTER_BOUND('',#637,.T.);
#391=FACE_OUTER_BOUND('',#638,.T.);
#392=FACE_OUTER_BOUND('',#639,.T.);
#393=FACE_OUTER_BOUND('',#640,.T.);
#394=FACE_OUTER_BOUND('',#641,.T.);
#395=FACE_OUTER_BOUND('',#642,.T.);
#396=FACE_OUTER_BOUND('',#643,.T.);
#397=FACE_OUTER_BOUND('',#644,.T.);
#398=FACE_OUTER_BOUND('',#645,.T.);
#399=FACE_OUTER_BOUND('',#646,.T.);
#400=FACE_OUTER_BOUND('',#647,.T.);
#401=FACE_OUTER_BOUND('',#648,.T.);
#402=FACE_OUTER_BOUND('',#649,.T.);
#403=FACE_OUTER_BOUND('',#650,.T.);
#404=FACE_OUTER_BOUND('',#651,.T.);
#405=FACE_OUTER_BOUND('',#652,.T.);
#406=FACE_OUTER_BOUND('',#653,.T.);
#407=FACE_OUTER_BOUND('',#654,.T.);
#408=FACE_OUTER_BOUND('',#655,.T.);
#409=FACE_OUTER_BOUND('',#680,.T.);
#410=FACE_OUTER_BOUND('',#681,.T.);
#411=FACE_OUTER_BOUND('',#682,.T.);
#412=FACE_OUTER_BOUND('',#683,.T.);
#413=FACE_OUTER_BOUND('',#685,.T.);
#414=FACE_OUTER_BOUND('',#686,.T.);
#415=FACE_OUTER_BOUND('',#689,.T.);
#416=FACE_OUTER_BOUND('',#694,.T.);
#417=EDGE_LOOP('',(#2990,#2991,#2992,#2993));
#418=EDGE_LOOP('',(#2994,#2995,#2996,#2997));
#419=EDGE_LOOP('',(#2998,#2999,#3000));
#420=EDGE_LOOP('',(#3001,#3002,#3003));
#421=EDGE_LOOP('',(#3004,#3005,#3006,#3007));
#422=EDGE_LOOP('',(#3008));
#423=EDGE_LOOP('',(#3009,#3010,#3011,#3012));
#424=EDGE_LOOP('',(#3013,#3014,#3015,#3016));
#425=EDGE_LOOP('',(#3017));
#426=EDGE_LOOP('',(#3018));
#427=EDGE_LOOP('',(#3019,#3020,#3021,#3022));
#428=EDGE_LOOP('',(#3023));
#429=EDGE_LOOP('',(#3024,#3025,#3026,#3027));
#430=EDGE_LOOP('',(#3028,#3029,#3030,#3031,#3032,#3033));
#431=EDGE_LOOP('',(#3034,#3035,#3036,#3037));
#432=EDGE_LOOP('',(#3038,#3039,#3040,#3041,#3042,#3043));
#433=EDGE_LOOP('',(#3044,#3045,#3046,#3047));
#434=EDGE_LOOP('',(#3048,#3049,#3050,#3051,#3052,#3053,#3054,#3055));
#435=EDGE_LOOP('',(#3056,#3057,#3058,#3059));
#436=EDGE_LOOP('',(#3060,#3061,#3062,#3063));
#437=EDGE_LOOP('',(#3064));
#438=EDGE_LOOP('',(#3065));
#439=EDGE_LOOP('',(#3066,#3067,#3068,#3069));
#440=EDGE_LOOP('',(#3070));
#441=EDGE_LOOP('',(#3071,#3072,#3073,#3074));
#442=EDGE_LOOP('',(#3075,#3076,#3077,#3078,#3079,#3080));
#443=EDGE_LOOP('',(#3081,#3082,#3083,#3084));
#444=EDGE_LOOP('',(#3085,#3086,#3087,#3088,#3089,#3090));
#445=EDGE_LOOP('',(#3091,#3092,#3093,#3094));
#446=EDGE_LOOP('',(#3095,#3096,#3097,#3098));
#447=EDGE_LOOP('',(#3099));
#448=EDGE_LOOP('',(#3100,#3101,#3102,#3103));
#449=EDGE_LOOP('',(#3104));
#450=EDGE_LOOP('',(#3105,#3106,#3107,#3108));
#451=EDGE_LOOP('',(#3109,#3110,#3111,#3112));
#452=EDGE_LOOP('',(#3113));
#453=EDGE_LOOP('',(#3114));
#454=EDGE_LOOP('',(#3115,#3116,#3117,#3118));
#455=EDGE_LOOP('',(#3119));
#456=EDGE_LOOP('',(#3120,#3121,#3122,#3123));
#457=EDGE_LOOP('',(#3124,#3125,#3126,#3127,#3128,#3129));
#458=EDGE_LOOP('',(#3130,#3131,#3132,#3133));
#459=EDGE_LOOP('',(#3134,#3135,#3136,#3137,#3138,#3139));
#460=EDGE_LOOP('',(#3140,#3141,#3142,#3143));
#461=EDGE_LOOP('',(#3144,#3145,#3146,#3147,#3148,#3149,#3150,#3151,#3152,
#3153,#3154,#3155,#3156,#3157,#3158,#3159,#3160,#3161,#3162,#3163,#3164,
#3165,#3166,#3167,#3168,#3169,#3170,#3171,#3172,#3173,#3174,#3175,#3176,
#3177,#3178,#3179,#3180,#3181,#3182,#3183,#3184,#3185,#3186,#3187,#3188,
#3189,#3190,#3191,#3192,#3193,#3194,#3195,#3196,#3197,#3198,#3199,#3200,
#3201,#3202,#3203,#3204,#3205,#3206,#3207,#3208,#3209,#3210,#3211,#3212,
#3213,#3214,#3215,#3216,#3217,#3218,#3219,#3220,#3221,#3222,#3223,#3224,
#3225,#3226,#3227,#3228,#3229,#3230,#3231,#3232,#3233));
#462=EDGE_LOOP('',(#3234,#3235,#3236,#3237));
#463=EDGE_LOOP('',(#3238,#3239,#3240,#3241));
#464=EDGE_LOOP('',(#3242,#3243,#3244));
#465=EDGE_LOOP('',(#3245,#3246,#3247));
#466=EDGE_LOOP('',(#3248,#3249,#3250,#3251));
#467=EDGE_LOOP('',(#3252,#3253,#3254,#3255,#3256,#3257,#3258));
#468=EDGE_LOOP('',(#3259,#3260,#3261,#3262,#3263,#3264,#3265,#3266));
#469=EDGE_LOOP('',(#3267,#3268,#3269,#3270,#3271,#3272,#3273,#3274,#3275,
#3276,#3277,#3278,#3279,#3280,#3281,#3282,#3283,#3284,#3285,#3286,#3287,
#3288,#3289,#3290,#3291,#3292,#3293,#3294,#3295,#3296,#3297,#3298,#3299,
#3300,#3301,#3302,#3303,#3304,#3305,#3306));
#470=EDGE_LOOP('',(#3307,#3308,#3309,#3310));
#471=EDGE_LOOP('',(#3311,#3312,#3313,#3314,#3315));
#472=EDGE_LOOP('',(#3316,#3317,#3318,#3319));
#473=EDGE_LOOP('',(#3320,#3321,#3322,#3323,#3324,#3325));
#474=EDGE_LOOP('',(#3326,#3327,#3328,#3329,#3330,#3331,#3332,#3333,#3334));
#475=EDGE_LOOP('',(#3335,#3336,#3337,#3338,#3339,#3340));
#476=EDGE_LOOP('',(#3341));
#477=EDGE_LOOP('',(#3342));
#478=EDGE_LOOP('',(#3343,#3344,#3345,#3346,#3347,#3348,#3349,#3350,#3351,
#3352,#3353,#3354,#3355,#3356,#3357,#3358,#3359,#3360,#3361,#3362,#3363,
#3364,#3365,#3366,#3367,#3368,#3369,#3370,#3371,#3372,#3373,#3374,#3375));
#479=EDGE_LOOP('',(#3376,#3377,#3378,#3379,#3380,#3381,#3382,#3383,#3384,
#3385,#3386,#3387,#3388,#3389,#3390,#3391,#3392,#3393,#3394,#3395,#3396,
#3397,#3398,#3399,#3400,#3401,#3402,#3403,#3404,#3405,#3406,#3407,#3408,
#3409,#3410,#3411,#3412,#3413,#3414,#3415,#3416,#3417,#3418,#3419,#3420,
#3421,#3422,#3423,#3424,#3425,#3426,#3427,#3428,#3429,#3430,#3431,#3432,
#3433,#3434,#3435,#3436,#3437,#3438,#3439,#3440,#3441,#3442,#3443,#3444,
#3445,#3446,#3447,#3448,#3449,#3450,#3451,#3452,#3453,#3454,#3455,#3456,
#3457,#3458,#3459,#3460,#3461,#3462,#3463,#3464,#3465));
#480=EDGE_LOOP('',(#3466,#3467,#3468,#3469,#3470,#3471,#3472,#3473,#3474,
#3475,#3476,#3477,#3478,#3479,#3480,#3481,#3482,#3483,#3484,#3485,#3486,
#3487,#3488,#3489,#3490,#3491,#3492,#3493,#3494,#3495,#3496,#3497,#3498));
#481=EDGE_LOOP('',(#3499,#3500,#3501,#3502));
#482=EDGE_LOOP('',(#3503,#3504,#3505,#3506));
#483=EDGE_LOOP('',(#3507,#3508,#3509,#3510,#3511,#3512,#3513,#3514,#3515,
#3516,#3517,#3518,#3519,#3520,#3521,#3522,#3523,#3524,#3525,#3526,#3527,
#3528,#3529,#3530,#3531,#3532,#3533,#3534,#3535,#3536,#3537,#3538,#3539));
#484=EDGE_LOOP('',(#3540,#3541,#3542,#3543));
#485=EDGE_LOOP('',(#3544,#3545,#3546,#3547));
#486=EDGE_LOOP('',(#3548,#3549,#3550,#3551));
#487=EDGE_LOOP('',(#3552,#3553,#3554,#3555));
#488=EDGE_LOOP('',(#3556));
#489=EDGE_LOOP('',(#3557));
#490=EDGE_LOOP('',(#3558,#3559,#3560,#3561));
#491=EDGE_LOOP('',(#3562,#3563,#3564,#3565));
#492=EDGE_LOOP('',(#3566,#3567,#3568,#3569));
#493=EDGE_LOOP('',(#3570,#3571,#3572,#3573));
#494=EDGE_LOOP('',(#3574,#3575,#3576,#3577));
#495=EDGE_LOOP('',(#3578,#3579,#3580,#3581));
#496=EDGE_LOOP('',(#3582,#3583,#3584,#3585));
#497=EDGE_LOOP('',(#3586,#3587,#3588,#3589));
#498=EDGE_LOOP('',(#3590,#3591,#3592,#3593));
#499=EDGE_LOOP('',(#3594,#3595,#3596,#3597));
#500=EDGE_LOOP('',(#3598,#3599,#3600,#3601));
#501=EDGE_LOOP('',(#3602,#3603,#3604,#3605));
#502=EDGE_LOOP('',(#3606,#3607,#3608,#3609));
#503=EDGE_LOOP('',(#3610,#3611,#3612,#3613));
#504=EDGE_LOOP('',(#3614,#3615,#3616,#3617));
#505=EDGE_LOOP('',(#3618,#3619,#3620,#3621));
#506=EDGE_LOOP('',(#3622,#3623,#3624,#3625));
#507=EDGE_LOOP('',(#3626,#3627,#3628,#3629));
#508=EDGE_LOOP('',(#3630,#3631,#3632,#3633));
#509=EDGE_LOOP('',(#3634,#3635,#3636,#3637));
#510=EDGE_LOOP('',(#3638,#3639,#3640,#3641));
#511=EDGE_LOOP('',(#3642,#3643,#3644,#3645));
#512=EDGE_LOOP('',(#3646,#3647,#3648,#3649));
#513=EDGE_LOOP('',(#3650,#3651,#3652,#3653));
#514=EDGE_LOOP('',(#3654,#3655,#3656,#3657));
#515=EDGE_LOOP('',(#3658,#3659,#3660,#3661));
#516=EDGE_LOOP('',(#3662,#3663,#3664,#3665));
#517=EDGE_LOOP('',(#3666,#3667,#3668,#3669));
#518=EDGE_LOOP('',(#3670,#3671,#3672,#3673));
#519=EDGE_LOOP('',(#3674,#3675,#3676,#3677));
#520=EDGE_LOOP('',(#3678,#3679,#3680,#3681));
#521=EDGE_LOOP('',(#3682,#3683,#3684,#3685));
#522=EDGE_LOOP('',(#3686,#3687,#3688,#3689));
#523=EDGE_LOOP('',(#3690,#3691,#3692,#3693));
#524=EDGE_LOOP('',(#3694,#3695,#3696,#3697));
#525=EDGE_LOOP('',(#3698,#3699,#3700,#3701));
#526=EDGE_LOOP('',(#3702,#3703,#3704,#3705));
#527=EDGE_LOOP('',(#3706,#3707,#3708,#3709));
#528=EDGE_LOOP('',(#3710,#3711,#3712,#3713));
#529=EDGE_LOOP('',(#3714,#3715,#3716,#3717));
#530=EDGE_LOOP('',(#3718,#3719,#3720,#3721));
#531=EDGE_LOOP('',(#3722,#3723,#3724,#3725));
#532=EDGE_LOOP('',(#3726,#3727,#3728,#3729));
#533=EDGE_LOOP('',(#3730,#3731,#3732,#3733));
#534=EDGE_LOOP('',(#3734,#3735,#3736,#3737));
#535=EDGE_LOOP('',(#3738,#3739,#3740,#3741));
#536=EDGE_LOOP('',(#3742,#3743,#3744,#3745));
#537=EDGE_LOOP('',(#3746,#3747,#3748,#3749));
#538=EDGE_LOOP('',(#3750,#3751,#3752,#3753));
#539=EDGE_LOOP('',(#3754,#3755,#3756,#3757));
#540=EDGE_LOOP('',(#3758,#3759,#3760,#3761));
#541=EDGE_LOOP('',(#3762,#3763,#3764,#3765));
#542=EDGE_LOOP('',(#3766,#3767,#3768,#3769));
#543=EDGE_LOOP('',(#3770,#3771,#3772,#3773));
#544=EDGE_LOOP('',(#3774,#3775,#3776,#3777));
#545=EDGE_LOOP('',(#3778,#3779,#3780,#3781));
#546=EDGE_LOOP('',(#3782,#3783,#3784,#3785));
#547=EDGE_LOOP('',(#3786,#3787,#3788,#3789));
#548=EDGE_LOOP('',(#3790,#3791,#3792,#3793));
#549=EDGE_LOOP('',(#3794,#3795,#3796,#3797));
#550=EDGE_LOOP('',(#3798,#3799,#3800,#3801));
#551=EDGE_LOOP('',(#3802,#3803,#3804,#3805));
#552=EDGE_LOOP('',(#3806,#3807,#3808,#3809));
#553=EDGE_LOOP('',(#3810,#3811,#3812,#3813));
#554=EDGE_LOOP('',(#3814,#3815,#3816,#3817));
#555=EDGE_LOOP('',(#3818,#3819,#3820,#3821));
#556=EDGE_LOOP('',(#3822,#3823,#3824,#3825));
#557=EDGE_LOOP('',(#3826,#3827,#3828,#3829));
#558=EDGE_LOOP('',(#3830,#3831,#3832,#3833));
#559=EDGE_LOOP('',(#3834,#3835,#3836,#3837));
#560=EDGE_LOOP('',(#3838,#3839,#3840,#3841));
#561=EDGE_LOOP('',(#3842,#3843,#3844,#3845));
#562=EDGE_LOOP('',(#3846,#3847,#3848,#3849));
#563=EDGE_LOOP('',(#3850,#3851,#3852,#3853));
#564=EDGE_LOOP('',(#3854,#3855,#3856,#3857));
#565=EDGE_LOOP('',(#3858,#3859,#3860,#3861));
#566=EDGE_LOOP('',(#3862,#3863,#3864,#3865));
#567=EDGE_LOOP('',(#3866,#3867,#3868,#3869));
#568=EDGE_LOOP('',(#3870,#3871,#3872,#3873));
#569=EDGE_LOOP('',(#3874,#3875,#3876,#3877,#3878,#3879,#3880,#3881,#3882,
#3883,#3884,#3885,#3886,#3887,#3888,#3889,#3890,#3891,#3892,#3893,#3894,
#3895,#3896,#3897,#3898,#3899,#3900,#3901,#3902,#3903,#3904,#3905,#3906));
#570=EDGE_LOOP('',(#3907,#3908,#3909,#3910));
#571=EDGE_LOOP('',(#3911));
#572=EDGE_LOOP('',(#3912,#3913,#3914,#3915));
#573=EDGE_LOOP('',(#3916));
#574=EDGE_LOOP('',(#3917,#3918,#3919,#3920));
#575=EDGE_LOOP('',(#3921));
#576=EDGE_LOOP('',(#3922,#3923,#3924,#3925));
#577=EDGE_LOOP('',(#3926));
#578=EDGE_LOOP('',(#3927,#3928,#3929));
#579=EDGE_LOOP('',(#3930,#3931,#3932));
#580=EDGE_LOOP('',(#3933,#3934,#3935,#3936,#3937,#3938));
#581=EDGE_LOOP('',(#3939,#3940,#3941,#3942,#3943,#3944));
#582=EDGE_LOOP('',(#3945,#3946,#3947,#3948));
#583=EDGE_LOOP('',(#3949,#3950,#3951,#3952));
#584=EDGE_LOOP('',(#3953,#3954,#3955,#3956));
#585=EDGE_LOOP('',(#3957,#3958,#3959,#3960));
#586=EDGE_LOOP('',(#3961,#3962,#3963,#3964));
#587=EDGE_LOOP('',(#3965,#3966,#3967,#3968));
#588=EDGE_LOOP('',(#3969,#3970,#3971,#3972));
#589=EDGE_LOOP('',(#3973,#3974,#3975,#3976));
#590=EDGE_LOOP('',(#3977,#3978,#3979,#3980));
#591=EDGE_LOOP('',(#3981,#3982,#3983,#3984));
#592=EDGE_LOOP('',(#3985,#3986,#3987,#3988));
#593=EDGE_LOOP('',(#3989,#3990,#3991,#3992));
#594=EDGE_LOOP('',(#3993,#3994,#3995,#3996));
#595=EDGE_LOOP('',(#3997,#3998,#3999,#4000));
#596=EDGE_LOOP('',(#4001,#4002,#4003,#4004));
#597=EDGE_LOOP('',(#4005,#4006,#4007,#4008));
#598=EDGE_LOOP('',(#4009,#4010,#4011,#4012));
#599=EDGE_LOOP('',(#4013,#4014,#4015));
#600=EDGE_LOOP('',(#4016,#4017,#4018,#4019));
#601=EDGE_LOOP('',(#4020,#4021,#4022,#4023));
#602=EDGE_LOOP('',(#4024,#4025,#4026,#4027));
#603=EDGE_LOOP('',(#4028,#4029,#4030));
#604=EDGE_LOOP('',(#4031,#4032,#4033,#4034,#4035,#4036,#4037,#4038));
#605=EDGE_LOOP('',(#4039,#4040,#4041,#4042));
#606=EDGE_LOOP('',(#4043,#4044,#4045,#4046));
#607=EDGE_LOOP('',(#4047,#4048,#4049,#4050));
#608=EDGE_LOOP('',(#4051,#4052,#4053));
#609=EDGE_LOOP('',(#4054,#4055,#4056,#4057));
#610=EDGE_LOOP('',(#4058,#4059,#4060,#4061));
#611=EDGE_LOOP('',(#4062,#4063,#4064,#4065));
#612=EDGE_LOOP('',(#4066,#4067,#4068,#4069));
#613=EDGE_LOOP('',(#4070,#4071,#4072,#4073));
#614=EDGE_LOOP('',(#4074,#4075,#4076,#4077));
#615=EDGE_LOOP('',(#4078,#4079,#4080,#4081));
#616=EDGE_LOOP('',(#4082,#4083,#4084));
#617=EDGE_LOOP('',(#4085,#4086,#4087));
#618=EDGE_LOOP('',(#4088,#4089,#4090,#4091));
#619=EDGE_LOOP('',(#4092,#4093,#4094,#4095));
#620=EDGE_LOOP('',(#4096,#4097,#4098));
#621=EDGE_LOOP('',(#4099,#4100,#4101,#4102));
#622=EDGE_LOOP('',(#4103,#4104,#4105));
#623=EDGE_LOOP('',(#4106,#4107,#4108,#4109));
#624=EDGE_LOOP('',(#4110,#4111,#4112,#4113));
#625=EDGE_LOOP('',(#4114,#4115,#4116,#4117));
#626=EDGE_LOOP('',(#4118,#4119,#4120,#4121));
#627=EDGE_LOOP('',(#4122,#4123,#4124,#4125));
#628=EDGE_LOOP('',(#4126,#4127,#4128,#4129));
#629=EDGE_LOOP('',(#4130,#4131,#4132,#4133));
#630=EDGE_LOOP('',(#4134,#4135,#4136,#4137));
#631=EDGE_LOOP('',(#4138,#4139,#4140));
#632=EDGE_LOOP('',(#4141,#4142,#4143));
#633=EDGE_LOOP('',(#4144,#4145,#4146,#4147));
#634=EDGE_LOOP('',(#4148,#4149,#4150,#4151,#4152,#4153,#4154,#4155));
#635=EDGE_LOOP('',(#4156,#4157,#4158,#4159));
#636=EDGE_LOOP('',(#4160,#4161,#4162,#4163));
#637=EDGE_LOOP('',(#4164,#4165,#4166,#4167));
#638=EDGE_LOOP('',(#4168,#4169,#4170,#4171));
#639=EDGE_LOOP('',(#4172,#4173,#4174,#4175));
#640=EDGE_LOOP('',(#4176,#4177,#4178,#4179));
#641=EDGE_LOOP('',(#4180,#4181,#4182,#4183));
#642=EDGE_LOOP('',(#4184,#4185,#4186,#4187));
#643=EDGE_LOOP('',(#4188,#4189,#4190));
#644=EDGE_LOOP('',(#4191,#4192,#4193));
#645=EDGE_LOOP('',(#4194,#4195,#4196));
#646=EDGE_LOOP('',(#4197,#4198,#4199));
#647=EDGE_LOOP('',(#4200,#4201,#4202));
#648=EDGE_LOOP('',(#4203,#4204,#4205));
#649=EDGE_LOOP('',(#4206,#4207,#4208));
#650=EDGE_LOOP('',(#4209,#4210,#4211,#4212));
#651=EDGE_LOOP('',(#4213,#4214,#4215,#4216));
#652=EDGE_LOOP('',(#4217,#4218,#4219,#4220));
#653=EDGE_LOOP('',(#4221,#4222,#4223,#4224));
#654=EDGE_LOOP('',(#4225,#4226,#4227,#4228));
#655=EDGE_LOOP('',(#4229,#4230,#4231,#4232,#4233,#4234,#4235,#4236));
#656=EDGE_LOOP('',(#4237,#4238,#4239,#4240));
#657=EDGE_LOOP('',(#4241,#4242,#4243,#4244));
#658=EDGE_LOOP('',(#4245,#4246,#4247,#4248));
#659=EDGE_LOOP('',(#4249,#4250,#4251,#4252));
#660=EDGE_LOOP('',(#4253,#4254,#4255,#4256));
#661=EDGE_LOOP('',(#4257,#4258,#4259,#4260));
#662=EDGE_LOOP('',(#4261,#4262,#4263));
#663=EDGE_LOOP('',(#4264,#4265,#4266,#4267));
#664=EDGE_LOOP('',(#4268,#4269,#4270,#4271));
#665=EDGE_LOOP('',(#4272,#4273,#4274));
#666=EDGE_LOOP('',(#4275,#4276,#4277));
#667=EDGE_LOOP('',(#4278,#4279,#4280,#4281));
#668=EDGE_LOOP('',(#4282,#4283,#4284));
#669=EDGE_LOOP('',(#4285,#4286,#4287,#4288));
#670=EDGE_LOOP('',(#4289));
#671=EDGE_LOOP('',(#4290));
#672=EDGE_LOOP('',(#4291));
#673=EDGE_LOOP('',(#4292));
#674=EDGE_LOOP('',(#4293,#4294,#4295,#4296));
#675=EDGE_LOOP('',(#4297,#4298,#4299,#4300));
#676=EDGE_LOOP('',(#4301,#4302,#4303,#4304));
#677=EDGE_LOOP('',(#4305,#4306,#4307,#4308));
#678=EDGE_LOOP('',(#4309,#4310,#4311,#4312));
#679=EDGE_LOOP('',(#4313,#4314,#4315,#4316));
#680=EDGE_LOOP('',(#4317,#4318,#4319,#4320));
#681=EDGE_LOOP('',(#4321,#4322,#4323,#4324));
#682=EDGE_LOOP('',(#4325,#4326,#4327,#4328));
#683=EDGE_LOOP('',(#4329));
#684=EDGE_LOOP('',(#4330));
#685=EDGE_LOOP('',(#4331,#4332,#4333,#4334));
#686=EDGE_LOOP('',(#4335,#4336,#4337,#4338));
#687=EDGE_LOOP('',(#4339,#4340,#4341,#4342));
#688=EDGE_LOOP('',(#4343,#4344,#4345,#4346));
#689=EDGE_LOOP('',(#4347,#4348,#4349,#4350));
#690=EDGE_LOOP('',(#4351,#4352,#4353,#4354,#4355,#4356,#4357,#4358,#4359,
#4360,#4361,#4362,#4363));
#691=EDGE_LOOP('',(#4364,#4365,#4366,#4367,#4368,#4369,#4370,#4371));
#692=EDGE_LOOP('',(#4372,#4373,#4374,#4375,#4376,#4377,#4378,#4379));
#693=EDGE_LOOP('',(#4380,#4381,#4382,#4383,#4384,#4385,#4386,#4387));
#694=EDGE_LOOP('',(#4388));
#695=EDGE_LOOP('',(#4389));
#696=B_SPLINE_CURVE_WITH_KNOTS('',3,(#6457,#6458,#6459,#6460,#6461,#6462),
 .UNSPECIFIED.,.F.,.F.,(4,2,4),(0.474314771696016,0.489812345094905,0.489887908066058),
 .UNSPECIFIED.);
#697=B_SPLINE_CURVE_WITH_KNOTS('',3,(#6841,#6842,#6843,#6844,#6845,#6846,
#6847,#6848,#6849,#6850),.UNSPECIFIED.,.F.,.F.,(4,2,2,2,4),(-0.60394350111334,
-0.528451874541453,-0.452960247969565,-0.377315234509716,-0.301670221049866),
 .UNSPECIFIED.);
#698=B_SPLINE_CURVE_WITH_KNOTS('',3,(#6853,#6854,#6855,#6856,#6857,#6858,
#6859,#6860),.UNSPECIFIED.,.F.,.F.,(4,2,2,4),(-0.603559166974129,-0.528115716689543,
-0.452672266404957,-0.377303716270316),.UNSPECIFIED.);
#699=B_SPLINE_CURVE_WITH_KNOTS('',3,(#6986,#6987,#6988,#6989,#6990,#6991,
#6992,#6993,#6994,#6995),.UNSPECIFIED.,.F.,.F.,(4,2,2,2,4),(0.305494063077208,
0.386260966658955,0.467027870240702,0.542587809249886,0.618147748259071),
 .UNSPECIFIED.);
#700=B_SPLINE_CURVE_WITH_KNOTS('',3,(#6999,#7000,#7001,#7002,#7003,#7004,
#7005,#7006,#7007,#7008),.UNSPECIFIED.,.F.,.F.,(4,2,2,2,4),(0.,0.0755599390091847,
0.151119878018369,0.231886781600116,0.312653685181863),.UNSPECIFIED.);
#701=B_SPLINE_CURVE_WITH_KNOTS('',3,(#7012,#7013,#7014,#7015,#7016,#7017,
#7018,#7019,#7020,#7021),.UNSPECIFIED.,.F.,.F.,(4,2,2,2,4),(-0.302273305080758,
-0.226682270718995,-0.151091236357233,-0.0755456181786163,0.),
 .UNSPECIFIED.);
#702=B_SPLINE_CURVE_WITH_KNOTS('',3,(#7024,#7025,#7026,#7027,#7028,#7029,
#7030,#7031,#7032,#7033),.UNSPECIFIED.,.F.,.F.,(4,2,2,2,4),(-0.603943501113344,
-0.528451874541456,-0.452960247969568,-0.377315234509717,-0.301670221049865),
 .UNSPECIFIED.);
#703=B_SPLINE_CURVE_WITH_KNOTS('',3,(#7037,#7038,#7039,#7040,#7041,#7042),
 .UNSPECIFIED.,.F.,.F.,(4,2,4),(0.234683483831827,0.333947476859663,0.36362172421921),
 .UNSPECIFIED.);
#704=B_SPLINE_CURVE_WITH_KNOTS('',3,(#7046,#7047,#7048,#7049,#7050,#7051,
#7052,#7053,#7054,#7055),.UNSPECIFIED.,.F.,.F.,(4,2,2,2,4),(0.386492320595873,
0.395132517817066,0.403772715038259,0.438136555813106,0.537400548840942),
 .UNSPECIFIED.);
#705=B_SPLINE_CURVE_WITH_KNOTS('',3,(#7059,#7060,#7061,#7062,#7063,#7064,
#7065,#7066,#7067,#7068,#7069,#7070),.UNSPECIFIED.,.F.,.F.,(4,2,2,2,2,4),
(-0.151808836764046,-0.0935834459996058,-0.0353580552351653,-0.0132883012632625,
-0.00664415063163126,0.),.UNSPECIFIED.);
#706=B_SPLINE_CURVE_WITH_KNOTS('',3,(#7074,#7075,#7076,#7077,#7078,#7079,
#7080,#7081,#7082,#7083),.UNSPECIFIED.,.F.,.F.,(4,2,2,2,4),(0.,0.0187581535108916,
0.0375163070217831,0.0591006269632979,0.0806849469048127),.UNSPECIFIED.);
#707=B_SPLINE_CURVE_WITH_KNOTS('',3,(#7087,#7088,#7089,#7090,#7091,#7092,
#7093,#7094,#7095,#7096),.UNSPECIFIED.,.F.,.F.,(4,2,2,2,4),(0.0797913789139744,
0.100680364488032,0.12156935006209,0.141027474591121,0.160485599120152),
 .UNSPECIFIED.);
#708=B_SPLINE_CURVE_WITH_KNOTS('',3,(#7100,#7101,#7102,#7103,#7104,#7105,
#7106,#7107,#7108,#7109),.UNSPECIFIED.,.F.,.F.,(4,2,2,2,4),(0.15695008671567,
0.176055478806585,0.195160870897499,0.215133155393202,0.235105439888905),
 .UNSPECIFIED.);
#709=B_SPLINE_CURVE_WITH_KNOTS('',3,(#7113,#7114,#7115,#7116,#7117,#7118,
#7119,#7120,#7121,#7122),.UNSPECIFIED.,.F.,.F.,(4,2,2,2,4),(-0.078153722936462,
-0.0578251189526069,-0.0374965149687518,-0.0187482574843759,0.),
 .UNSPECIFIED.);
#710=B_SPLINE_CURVE_WITH_KNOTS('',3,(#7126,#7127,#7128,#7129,#7130,#7131,
#7132,#7133,#7134,#7135),.UNSPECIFIED.,.F.,.F.,(4,2,2,2,4),(0.,0.0188273252280926,
0.0376546504561852,0.0565787905492582,0.0755029306423311),.UNSPECIFIED.);
#711=B_SPLINE_CURVE_WITH_KNOTS('',3,(#7139,#7140,#7141,#7142,#7143,#7144,
#7145,#7146,#7147,#7148),.UNSPECIFIED.,.F.,.F.,(4,2,2,2,4),(0.0756470021123123,
0.0945522349766886,0.113457467841065,0.132303701587366,0.151149935333667),
 .UNSPECIFIED.);
#712=B_SPLINE_CURVE_WITH_KNOTS('',3,(#7152,#7153,#7154,#7155,#7156,#7157,
#7158,#7159,#7160,#7161),.UNSPECIFIED.,.F.,.F.,(4,2,2,2,4),(0.152090365323809,
0.171026578327285,0.18996279133076,0.20911425173017,0.22826571212958),
 .UNSPECIFIED.);
#713=B_SPLINE_CURVE_WITH_KNOTS('',3,(#7165,#7166,#7167,#7168,#7169,#7170,
#7171,#7172,#7173,#7174),.UNSPECIFIED.,.F.,.F.,(4,2,2,2,4),(-0.0761751086820975,
-0.0569126543286745,-0.0376501999752514,-0.0188250999876257,0.),
 .UNSPECIFIED.);
#714=B_SPLINE_CURVE_WITH_KNOTS('',3,(#7348,#7349,#7350,#7351,#7352,#7353,
#7354,#7355,#7356,#7357),.UNSPECIFIED.,.F.,.F.,(4,2,2,2,4),(0.305494063077231,
0.386260966658998,0.467027870240766,0.542587809249951,0.618147748259137),
 .UNSPECIFIED.);
#715=B_SPLINE_CURVE_WITH_KNOTS('',3,(#7361,#7362,#7363,#7364,#7365,#7366,
#7367,#7368,#7369,#7370),.UNSPECIFIED.,.F.,.F.,(4,2,2,2,4),(0.,0.0755599390091853,
0.151119878018371,0.231886781600138,0.312653685181906),.UNSPECIFIED.);
#716=B_SPLINE_CURVE_WITH_KNOTS('',3,(#7374,#7375,#7376,#7377,#7378,#7379,
#7380,#7381,#7382,#7383),.UNSPECIFIED.,.F.,.F.,(4,2,2,2,4),(-0.302273305080748,
-0.226682270718988,-0.151091236357229,-0.0755456181786147,0.),
 .UNSPECIFIED.);
#717=B_SPLINE_CURVE_WITH_KNOTS('',3,(#7386,#7387,#7388,#7389,#7390,#7391,
#7392,#7393,#7394,#7395),.UNSPECIFIED.,.F.,.F.,(4,2,2,2,4),(-0.603943501113339,
-0.528451874541451,-0.452960247969563,-0.377315234509716,-0.301670221049869),
 .UNSPECIFIED.);
#718=B_SPLINE_CURVE_WITH_KNOTS('',3,(#7399,#7400,#7401,#7402,#7403,#7404,
#7405,#7406,#7407,#7408),.UNSPECIFIED.,.F.,.F.,(4,2,2,2,4),(0.,0.0188218674925788,
0.0376437349851576,0.0570015940208992,0.0763594530566408),.UNSPECIFIED.);
#719=B_SPLINE_CURVE_WITH_KNOTS('',3,(#7412,#7413,#7414,#7415,#7416,#7417,
#7418,#7419,#7420,#7421),.UNSPECIFIED.,.F.,.F.,(4,2,2,2,4),(0.0760668122881581,
0.0952893734022729,0.114511934516388,0.133469275325713,0.152426616135039),
 .UNSPECIFIED.);
#720=B_SPLINE_CURVE_WITH_KNOTS('',3,(#7425,#7426,#7427,#7428,#7429,#7430,
#7431,#7432,#7433,#7434),.UNSPECIFIED.,.F.,.F.,(4,2,2,2,4),(0.151342967135796,
0.170196485054862,0.189050002973927,0.207989006391515,0.226928009809103),
 .UNSPECIFIED.);
#721=B_SPLINE_CURVE_WITH_KNOTS('',3,(#7438,#7439,#7440,#7441,#7442,#7443,
#7444,#7445,#7446,#7447),.UNSPECIFIED.,.F.,.F.,(4,2,2,2,4),(-0.0755850348425689,
-0.0566167241820798,-0.0376484135215908,-0.0188242067607954,0.),
 .UNSPECIFIED.);
#722=B_SPLINE_CURVE_WITH_KNOTS('',3,(#7451,#7452,#7453,#7454,#7455,#7456,
#7457,#7458,#7459,#7460),.UNSPECIFIED.,.F.,.F.,(4,2,2,2,4),(0.,0.0187574280386486,
0.0375148560772971,0.0576616024439371,0.077808348810577),.UNSPECIFIED.);
#723=B_SPLINE_CURVE_WITH_KNOTS('',3,(#7464,#7465,#7466,#7467,#7468,#7469,
#7470,#7471,#7472,#7473),.UNSPECIFIED.,.F.,.F.,(4,2,2,2,4),(0.0783977868379473,
0.0982319583478456,0.118066129857744,0.137136759221063,0.156207388584382),
 .UNSPECIFIED.);
#724=B_SPLINE_CURVE_WITH_KNOTS('',3,(#7477,#7478,#7479,#7480,#7481,#7482,
#7483,#7484,#7485,#7486),.UNSPECIFIED.,.F.,.F.,(4,2,2,2,4),(0.15944683522718,
0.178839856806923,0.198232878386666,0.218910263397418,0.23958764840817),
 .UNSPECIFIED.);
#725=B_SPLINE_CURVE_WITH_KNOTS('',3,(#7490,#7491,#7492,#7493,#7494,#7495,
#7496,#7497,#7498,#7499),.UNSPECIFIED.,.F.,.F.,(4,2,2,2,4),(-0.0801333784849487,
-0.0588312427301946,-0.0375291069754404,-0.0187645534877202,0.),
 .UNSPECIFIED.);
#726=B_SPLINE_CURVE_WITH_KNOTS('',3,(#7503,#7504,#7505,#7506,#7507,#7508,
#7509,#7510,#7511,#7512,#7513,#7514),.UNSPECIFIED.,.F.,.F.,(4,2,2,2,2,4),
(0.,0.00921974552065708,0.0184394910413142,0.0368789820826283,0.0870721070396713,
0.137265231996714),.UNSPECIFIED.);
#727=B_SPLINE_CURVE_WITH_KNOTS('',3,(#7518,#7519,#7520,#7521,#7522,#7523,
#7524,#7525,#7526,#7527),.UNSPECIFIED.,.F.,.F.,(4,2,2,2,4),(0.172618857345996,
0.258997541102484,0.290359927442591,0.299061198413004,0.307762469383417),
 .UNSPECIFIED.);
#728=B_SPLINE_CURVE_WITH_KNOTS('',3,(#7530,#7531,#7532,#7533),
 .UNSPECIFIED.,.F.,.F.,(4,4),(0.395636289144655,0.445027701380131),
 .UNSPECIFIED.);
#729=B_SPLINE_CURVE_WITH_KNOTS('',3,(#7544,#7545,#7546,#7547,#7548,#7549,
#7550,#7551,#7552,#7553),.UNSPECIFIED.,.F.,.F.,(4,2,2,2,4),(0.305494063077244,
0.386260966659023,0.467027870240803,0.542587809249988,0.618147748259174),
 .UNSPECIFIED.);
#730=B_SPLINE_CURVE_WITH_KNOTS('',3,(#7557,#7558,#7559,#7560,#7561,#7562,
#7563,#7564,#7565,#7566),.UNSPECIFIED.,.F.,.F.,(4,2,2,2,4),(0.,0.0770271795874562,
0.154054359174912,0.233361301507362,0.312668243839811),.UNSPECIFIED.);
#731=B_SPLINE_CURVE_WITH_KNOTS('',3,(#7570,#7571,#7572,#7573,#7574,#7575,
#7576,#7577,#7578,#7579),.UNSPECIFIED.,.F.,.F.,(4,2,2,2,4),(-0.302273280063465,
-0.22662826660362,-0.150983253143775,-0.0754916265718877,0.),
 .UNSPECIFIED.);
#732=B_SPLINE_CURVE_WITH_KNOTS('',3,(#7582,#7583,#7584,#7585,#7586,#7587,
#7588,#7589,#7590,#7591),.UNSPECIFIED.,.F.,.F.,(4,2,2,2,4),(-0.603943501113336,
-0.528451874541449,-0.452960247969561,-0.377315234509716,-0.301670221049871),
 .UNSPECIFIED.);
#733=B_SPLINE_CURVE_WITH_KNOTS('',3,(#7593,#7594,#7595,#7596),
 .UNSPECIFIED.,.F.,.F.,(4,4),(0.172618857345996,0.222010269581468),
 .UNSPECIFIED.);
#734=B_SPLINE_CURVE_WITH_KNOTS('',3,(#7600,#7601,#7602,#7603,#7604,#7605,
#7606,#7607,#7608,#7609),.UNSPECIFIED.,.F.,.F.,(4,2,2,2,4),(0.30988408934271,
0.318585360313123,0.327286631283536,0.358649017623643,0.445027701380131),
 .UNSPECIFIED.);
#735=B_SPLINE_CURVE_WITH_KNOTS('',3,(#7613,#7614,#7615,#7616,#7617,#7618,
#7619,#7620,#7621,#7622,#7623,#7624),.UNSPECIFIED.,.F.,.F.,(4,2,2,2,2,4),
(-0.137265231996714,-0.0870721070396713,-0.0368789820826283,-0.0184394910413141,
-0.00921974552065707,0.),.UNSPECIFIED.);
#736=B_SPLINE_CURVE_WITH_KNOTS('',3,(#7628,#7629,#7630,#7631,#7632,#7633,
#7634,#7635,#7636,#7637),.UNSPECIFIED.,.F.,.F.,(4,2,2,2,4),(0.,0.0187645534877202,
0.0375291069754404,0.0588312427301946,0.0801333784849487),.UNSPECIFIED.);
#737=B_SPLINE_CURVE_WITH_KNOTS('',3,(#7641,#7642,#7643,#7644,#7645,#7646,
#7647,#7648,#7649,#7650),.UNSPECIFIED.,.F.,.F.,(4,2,2,2,4),(0.0793134567422315,
0.0999908417529837,0.120668226763736,0.140061248343479,0.159454269923221),
 .UNSPECIFIED.);
#738=B_SPLINE_CURVE_WITH_KNOTS('',3,(#7654,#7655,#7656,#7657,#7658,#7659,
#7660,#7661,#7662,#7663),.UNSPECIFIED.,.F.,.F.,(4,2,2,2,4),(0.156206135648524,
0.175276765011843,0.194347394375161,0.21418156588506,0.234015737394958),
 .UNSPECIFIED.);
#739=B_SPLINE_CURVE_WITH_KNOTS('',3,(#7667,#7668,#7669,#7670,#7671,#7672,
#7673,#7674,#7675,#7676),.UNSPECIFIED.,.F.,.F.,(4,2,2,2,4),(-0.0778083488105771,
-0.0576616024439371,-0.0375148560772972,-0.0187574280386486,0.),
 .UNSPECIFIED.);
#740=B_SPLINE_CURVE_WITH_KNOTS('',3,(#7680,#7681,#7682,#7683,#7684,#7685,
#7686,#7687,#7688,#7689),.UNSPECIFIED.,.F.,.F.,(4,2,2,2,4),(0.,0.0188242067607954,
0.0376484135215908,0.0566167241820798,0.0755850348425689),.UNSPECIFIED.);
#741=B_SPLINE_CURVE_WITH_KNOTS('',3,(#7693,#7694,#7695,#7696,#7697,#7698,
#7699,#7700,#7701,#7702),.UNSPECIFIED.,.F.,.F.,(4,2,2,2,4),(0.0757579322932273,
0.0946969357108155,0.113635939128404,0.132489457047469,0.151342974966535),
 .UNSPECIFIED.);
#742=B_SPLINE_CURVE_WITH_KNOTS('',3,(#7706,#7707,#7708,#7709,#7710,#7711,
#7712,#7713,#7714,#7715),.UNSPECIFIED.,.F.,.F.,(4,2,2,2,4),(0.152426265344799,
0.171383606154124,0.19034094696345,0.209563508077565,0.228786069191679),
 .UNSPECIFIED.);
#743=B_SPLINE_CURVE_WITH_KNOTS('',3,(#7719,#7720,#7721,#7722,#7723,#7724,
#7725,#7726,#7727,#7728),.UNSPECIFIED.,.F.,.F.,(4,2,2,2,4),(-0.0763594530566408,
-0.0570015940208992,-0.0376437349851576,-0.0188218674925787,0.),
 .UNSPECIFIED.);
#744=B_SPLINE_CURVE_WITH_KNOTS('',3,(#7757,#7758,#7759,#7760,#7761,#7762,
#7763,#7764,#7765,#7766),.UNSPECIFIED.,.F.,.F.,(4,2,2,2,4),(0.,0.0754625387554944,
0.150925077510989,0.229902611036956,0.308880144562924),.UNSPECIFIED.);
#745=B_SPLINE_CURVE_WITH_KNOTS('',3,(#7773,#7774,#7775,#7776,#7777,#7778,
#7779,#7780,#7781,#7782),.UNSPECIFIED.,.F.,.F.,(4,2,2,2,4),(0.304184331693047,
0.383161865219014,0.462139398744982,0.537601937500476,0.613064476255971),
 .UNSPECIFIED.);
#746=B_SPLINE_CURVE_WITH_KNOTS('',3,(#7787,#7788,#7789,#7790,#7791,#7792,
#7793,#7794,#7795,#7796),.UNSPECIFIED.,.F.,.F.,(4,2,2,2,4),(0.,0.0754625387554944,
0.150925077510989,0.229902611036956,0.308880144562924),.UNSPECIFIED.);
#747=B_SPLINE_CURVE_WITH_KNOTS('',3,(#7803,#7804,#7805,#7806,#7807,#7808,
#7809,#7810,#7811,#7812),.UNSPECIFIED.,.F.,.F.,(4,2,2,2,4),(0.304184331693047,
0.383161865219014,0.462139398744982,0.537601937500476,0.61306447625597),
 .UNSPECIFIED.);
#748=B_SPLINE_CURVE_WITH_KNOTS('',3,(#7820,#7821,#7822,#7823,#7824,#7825,
#7826,#7827,#7828,#7829),.UNSPECIFIED.,.F.,.F.,(4,2,2,2,4),(0.304184247259423,
0.38316178078539,0.462139314311358,0.537601853066852,0.613064391822346),
 .UNSPECIFIED.);
#749=B_SPLINE_CURVE_WITH_KNOTS('',3,(#7833,#7834,#7835,#7836,#7837,#7838,
#7839,#7840,#7841,#7842),.UNSPECIFIED.,.F.,.F.,(4,2,2,2,4),(-0.603559166974128,
-0.528115716689543,-0.452672266404957,-0.377121950511091,-0.301571634617225),
 .UNSPECIFIED.);
#750=B_SPLINE_CURVE_WITH_KNOTS('',3,(#7845,#7846,#7847,#7848,#7849,#7850,
#7851,#7852,#7853,#7854),.UNSPECIFIED.,.F.,.F.,(4,2,2,2,4),(0.,0.0754625387554943,
0.150925077510989,0.229902611036956,0.308880144562924),.UNSPECIFIED.);
#751=B_SPLINE_CURVE_WITH_KNOTS('',3,(#7860,#7861,#7862,#7863,#7864,#7865,
#7866,#7867,#7868,#7869),.UNSPECIFIED.,.F.,.F.,(4,2,2,2,4),(-0.301987532356902,
-0.226437216463037,-0.150886900569172,-0.0754434502845858,0.),
 .UNSPECIFIED.);
#752=B_SPLINE_CURVE_WITH_KNOTS('',3,(#7887,#7888,#7889,#7890,#7891,#7892,
#7893,#7894,#7895,#7896),.UNSPECIFIED.,.F.,.F.,(4,2,2,2,4),(-0.301987532356903,
-0.226437216463037,-0.150886900569172,-0.075443450284586,0.),
 .UNSPECIFIED.);
#753=B_SPLINE_CURVE_WITH_KNOTS('',3,(#7900,#7901,#7902,#7903,#7904,#7905,
#7906,#7907,#7908,#7909),.UNSPECIFIED.,.F.,.F.,(4,2,2,2,4),(-0.301987532356903,
-0.226437216463037,-0.150886900569172,-0.0754434502845858,0.),
 .UNSPECIFIED.);
#754=B_SPLINE_CURVE_WITH_KNOTS('',3,(#7914,#7915,#7916,#7917,#7918,#7919,
#7920,#7921,#7922,#7923),.UNSPECIFIED.,.F.,.F.,(4,2,2,2,4),(-0.603559166974129,
-0.528115716689543,-0.452672266404957,-0.377121950511092,-0.301571634617226),
 .UNSPECIFIED.);
#755=B_SPLINE_CURVE_WITH_KNOTS('',3,(#7929,#7930,#7931,#7932,#7933,#7934,
#7935,#7936,#7937,#7938),.UNSPECIFIED.,.F.,.F.,(4,2,2,2,4),(-0.603559166974129,
-0.528115716689543,-0.452672266404957,-0.377121950511091,-0.301571634617226),
 .UNSPECIFIED.);
#756=B_SPLINE_CURVE_WITH_KNOTS('',3,(#7941,#7942,#7943,#7944,#7945,#7946,
#7947,#7948,#7949,#7950),.UNSPECIFIED.,.F.,.F.,(4,2,2,2,4),(0.304184331693047,
0.383161865219014,0.462139398744982,0.537601937500476,0.61306447625597),
 .UNSPECIFIED.);
#757=B_SPLINE_CURVE_WITH_KNOTS('',3,(#7953,#7954,#7955,#7956,#7957,#7958,
#7959,#7960,#7961,#7962),.UNSPECIFIED.,.F.,.F.,(4,2,2,2,4),(0.30549406307722,
0.386260966658979,0.467027870240737,0.542587809249923,0.618147748259108),
 .UNSPECIFIED.);
#758=B_SPLINE_CURVE_WITH_KNOTS('',3,(#8095,#8096,#8097,#8098,#8099,#8100,
#8101,#8102,#8103,#8104),.UNSPECIFIED.,.F.,.F.,(4,2,2,2,4),(0.,0.0188250999876257,
0.0376501999752514,0.0569126543286744,0.0761751086820974),.UNSPECIFIED.);
#759=B_SPLINE_CURVE_WITH_KNOTS('',3,(#8108,#8109,#8110,#8111,#8112,#8113,
#8114,#8115,#8116,#8117),.UNSPECIFIED.,.F.,.F.,(4,2,2,2,4),(0.0759152566417119,
0.0950667170411219,0.114218177440532,0.133154390444007,0.152090603447482),
 .UNSPECIFIED.);
#760=B_SPLINE_CURVE_WITH_KNOTS('',3,(#8121,#8122,#8123,#8124,#8125,#8126,
#8127,#8128,#8129,#8130),.UNSPECIFIED.,.F.,.F.,(4,2,2,2,4),(0.151149932754643,
0.169996166500944,0.188842400247245,0.207747633111622,0.226652865975998),
 .UNSPECIFIED.);
#761=B_SPLINE_CURVE_WITH_KNOTS('',3,(#8134,#8135,#8136,#8137,#8138,#8139,
#8140,#8141,#8142,#8143),.UNSPECIFIED.,.F.,.F.,(4,2,2,2,4),(-0.0755029306423311,
-0.0565787905492582,-0.0376546504561852,-0.0188273252280926,0.),
 .UNSPECIFIED.);
#762=B_SPLINE_CURVE_WITH_KNOTS('',3,(#8147,#8148,#8149,#8150,#8151,#8152,
#8153,#8154,#8155,#8156),.UNSPECIFIED.,.F.,.F.,(4,2,2,2,4),(0.,0.0187482574843759,
0.0374965149687518,0.057825118952607,0.0781537229364621),.UNSPECIFIED.);
#763=B_SPLINE_CURVE_WITH_KNOTS('',3,(#8160,#8161,#8162,#8163,#8164,#8165,
#8166,#8167,#8168,#8169),.UNSPECIFIED.,.F.,.F.,(4,2,2,2,4),(0.0787963637792084,
0.0987686482749111,0.118740932770614,0.137846324861528,0.156951716952443),
 .UNSPECIFIED.);
#764=B_SPLINE_CURVE_WITH_KNOTS('',3,(#8173,#8174,#8175,#8176,#8177,#8178,
#8179,#8180,#8181,#8182),.UNSPECIFIED.,.F.,.F.,(4,2,2,2,4),(0.160476325818788,
0.179934450347819,0.19939257487685,0.220281560450908,0.241170546024966),
 .UNSPECIFIED.);
#765=B_SPLINE_CURVE_WITH_KNOTS('',3,(#8186,#8187,#8188,#8189,#8190,#8191,
#8192,#8193,#8194,#8195),.UNSPECIFIED.,.F.,.F.,(4,2,2,2,4),(-0.0806849469048128,
-0.059100626963298,-0.0375163070217832,-0.0187581535108916,0.),
 .UNSPECIFIED.);
#766=B_SPLINE_CURVE_WITH_KNOTS('',3,(#8199,#8200,#8201,#8202,#8203,#8204,
#8205,#8206,#8207,#8208,#8209,#8210),.UNSPECIFIED.,.F.,.F.,(4,2,2,2,2,4),
(0.,0.00664415063163144,0.0132883012632629,0.0353580552351646,0.0935834459996064,
0.151808836764048),.UNSPECIFIED.);
#767=B_SPLINE_CURVE_WITH_KNOTS('',3,(#8214,#8215,#8216,#8217,#8218,#8219,
#8220,#8221,#8222,#8223),.UNSPECIFIED.,.F.,.F.,(4,2,2,2,4),(0.234683483831835,
0.333947476859673,0.368311317634521,0.376951514855713,0.385591712076906),
 .UNSPECIFIED.);
#768=B_SPLINE_CURVE_WITH_KNOTS('',3,(#8226,#8227,#8228,#8229,#8230,#8231),
 .UNSPECIFIED.,.F.,.F.,(4,2,4),(0.408462308453564,0.438136555813116,0.537400548840954),
 .UNSPECIFIED.);
#769=B_SPLINE_CURVE_WITH_KNOTS('',3,(#8233,#8234,#8235,#8236,#8237,#8238,
#8239,#8240,#8241,#8242),.UNSPECIFIED.,.F.,.F.,(4,2,2,2,4),(0.,0.0770271795874502,
0.1540543591749,0.233361301507335,0.312668243839769),.UNSPECIFIED.);
#770=B_SPLINE_CURVE_WITH_KNOTS('',3,(#8246,#8247,#8248,#8249,#8250,#8251,
#8252,#8253,#8254,#8255),.UNSPECIFIED.,.F.,.F.,(4,2,2,2,4),(-0.302273280063474,
-0.226628266603625,-0.150983253143776,-0.0754916265718879,0.),
 .UNSPECIFIED.);
#771=B_SPLINE_CURVE_WITH_KNOTS('',3,(#8300,#8301,#8302,#8303,#8304,#8305,
#8306,#8307,#8308,#8309),.UNSPECIFIED.,.F.,.F.,(4,2,2,2,4),(-0.301987532356903,
-0.226437216463037,-0.150886900569172,-0.075443450284586,0.),
 .UNSPECIFIED.);
#772=B_SPLINE_CURVE_WITH_KNOTS('',3,(#8313,#8314,#8315,#8316,#8317,#8318,
#8319,#8320,#8321,#8322),.UNSPECIFIED.,.F.,.F.,(4,2,2,2,4),(0.,0.0754625387554944,
0.150925077510989,0.229902611036956,0.308880144562924),.UNSPECIFIED.);
#773=B_SPLINE_CURVE_WITH_KNOTS('',3,(#8362,#8363,#8364,#8365,#8366,#8367,
#8368,#8369),.UNSPECIFIED.,.F.,.F.,(4,2,2,4),(0.0217574693598871,0.0353580552351652,
0.0935834459996057,0.151808836764046),.UNSPECIFIED.);
#774=B_SPLINE_CURVE_WITH_KNOTS('',3,(#8393,#8394,#8395,#8396),
 .UNSPECIFIED.,.F.,.F.,(4,4),(0.482502946688706,0.532280148396413),
 .UNSPECIFIED.);
#775=B_SPLINE_CURVE_WITH_KNOTS('',3,(#8422,#8423,#8424,#8425),
 .UNSPECIFIED.,.F.,.F.,(4,4),(0.0874880302890085,0.137265231996714),
 .UNSPECIFIED.);
#776=B_SPLINE_CURVE_WITH_KNOTS('',3,(#8441,#8442,#8443,#8444,#8445,#8446,
#8447,#8448),.UNSPECIFIED.,.F.,.F.,(4,2,2,4),(0.621175804427719,0.67940119519216,
0.737626585956602,0.751227171831883),.UNSPECIFIED.);
#777=LINE('',#6455,#1209);
#778=LINE('',#6463,#1210);
#779=LINE('',#6466,#1211);
#780=LINE('',#6468,#1212);
#781=LINE('',#6475,#1213);
#782=LINE('',#6479,#1214);
#783=LINE('',#6481,#1215);
#784=LINE('',#6483,#1216);
#785=LINE('',#6484,#1217);
#786=LINE('',#6490,#1218);
#787=LINE('',#6495,#1219);
#788=LINE('',#6501,#1220);
#789=LINE('',#6503,#1221);
#790=LINE('',#6505,#1222);
#791=LINE('',#6506,#1223);
#792=LINE('',#6509,#1224);
#793=LINE('',#6511,#1225);
#794=LINE('',#6512,#1226);
#795=LINE('',#6514,#1227);
#796=LINE('',#6516,#1228);
#797=LINE('',#6517,#1229);
#798=LINE('',#6520,#1230);
#799=LINE('',#6521,#1231);
#800=LINE('',#6523,#1232);
#801=LINE('',#6524,#1233);
#802=LINE('',#6528,#1234);
#803=LINE('',#6530,#1235);
#804=LINE('',#6532,#1236);
#805=LINE('',#6534,#1237);
#806=LINE('',#6535,#1238);
#807=LINE('',#6540,#1239);
#808=LINE('',#6546,#1240);
#809=LINE('',#6552,#1241);
#810=LINE('',#6554,#1242);
#811=LINE('',#6556,#1243);
#812=LINE('',#6557,#1244);
#813=LINE('',#6560,#1245);
#814=LINE('',#6562,#1246);
#815=LINE('',#6563,#1247);
#816=LINE('',#6566,#1248);
#817=LINE('',#6568,#1249);
#818=LINE('',#6570,#1250);
#819=LINE('',#6571,#1251);
#820=LINE('',#6574,#1252);
#821=LINE('',#6575,#1253);
#822=LINE('',#6578,#1254);
#823=LINE('',#6580,#1255);
#824=LINE('',#6581,#1256);
#825=LINE('',#6583,#1257);
#826=LINE('',#6585,#1258);
#827=LINE('',#6589,#1259);
#828=LINE('',#6591,#1260);
#829=LINE('',#6593,#1261);
#830=LINE('',#6594,#1262);
#831=LINE('',#6600,#1263);
#832=LINE('',#6605,#1264);
#833=LINE('',#6611,#1265);
#834=LINE('',#6613,#1266);
#835=LINE('',#6615,#1267);
#836=LINE('',#6616,#1268);
#837=LINE('',#6619,#1269);
#838=LINE('',#6621,#1270);
#839=LINE('',#6622,#1271);
#840=LINE('',#6624,#1272);
#841=LINE('',#6626,#1273);
#842=LINE('',#6627,#1274);
#843=LINE('',#6630,#1275);
#844=LINE('',#6631,#1276);
#845=LINE('',#6633,#1277);
#846=LINE('',#6634,#1278);
#847=LINE('',#6638,#1279);
#848=LINE('',#6640,#1280);
#849=LINE('',#6644,#1281);
#850=LINE('',#6648,#1282);
#851=LINE('',#6652,#1283);
#852=LINE('',#6656,#1284);
#853=LINE('',#6660,#1285);
#854=LINE('',#6664,#1286);
#855=LINE('',#6668,#1287);
#856=LINE('',#6672,#1288);
#857=LINE('',#6676,#1289);
#858=LINE('',#6680,#1290);
#859=LINE('',#6684,#1291);
#860=LINE('',#6688,#1292);
#861=LINE('',#6692,#1293);
#862=LINE('',#6696,#1294);
#863=LINE('',#6700,#1295);
#864=LINE('',#6704,#1296);
#865=LINE('',#6708,#1297);
#866=LINE('',#6712,#1298);
#867=LINE('',#6716,#1299);
#868=LINE('',#6720,#1300);
#869=LINE('',#6724,#1301);
#870=LINE('',#6728,#1302);
#871=LINE('',#6732,#1303);
#872=LINE('',#6736,#1304);
#873=LINE('',#6740,#1305);
#874=LINE('',#6744,#1306);
#875=LINE('',#6748,#1307);
#876=LINE('',#6752,#1308);
#877=LINE('',#6756,#1309);
#878=LINE('',#6760,#1310);
#879=LINE('',#6764,#1311);
#880=LINE('',#6768,#1312);
#881=LINE('',#6772,#1313);
#882=LINE('',#6776,#1314);
#883=LINE('',#6780,#1315);
#884=LINE('',#6784,#1316);
#885=LINE('',#6788,#1317);
#886=LINE('',#6792,#1318);
#887=LINE('',#6796,#1319);
#888=LINE('',#6800,#1320);
#889=LINE('',#6804,#1321);
#890=LINE('',#6808,#1322);
#891=LINE('',#6809,#1323);
#892=LINE('',#6814,#1324);
#893=LINE('',#6819,#1325);
#894=LINE('',#6821,#1326);
#895=LINE('',#6823,#1327);
#896=LINE('',#6830,#1328);
#897=LINE('',#6834,#1329);
#898=LINE('',#6836,#1330);
#899=LINE('',#6839,#1331);
#900=LINE('',#6852,#1332);
#901=LINE('',#6866,#1333);
#902=LINE('',#6870,#1334);
#903=LINE('',#6874,#1335);
#904=LINE('',#6877,#1336);
#905=LINE('',#6881,#1337);
#906=LINE('',#6885,#1338);
#907=LINE('',#6887,#1339);
#908=LINE('',#6889,#1340);
#909=LINE('',#6893,#1341);
#910=LINE('',#6895,#1342);
#911=LINE('',#6897,#1343);
#912=LINE('',#6901,#1344);
#913=LINE('',#6906,#1345);
#914=LINE('',#6910,#1346);
#915=LINE('',#6915,#1347);
#916=LINE('',#6919,#1348);
#917=LINE('',#6922,#1349);
#918=LINE('',#6924,#1350);
#919=LINE('',#6928,#1351);
#920=LINE('',#6932,#1352);
#921=LINE('',#6936,#1353);
#922=LINE('',#6940,#1354);
#923=LINE('',#6942,#1355);
#924=LINE('',#6944,#1356);
#925=LINE('',#6945,#1357);
#926=LINE('',#6949,#1358);
#927=LINE('',#6951,#1359);
#928=LINE('',#6952,#1360);
#929=LINE('',#6953,#1361);
#930=LINE('',#6956,#1362);
#931=LINE('',#6957,#1363);
#932=LINE('',#6960,#1364);
#933=LINE('',#6962,#1365);
#934=LINE('',#6964,#1366);
#935=LINE('',#6965,#1367);
#936=LINE('',#6968,#1368);
#937=LINE('',#6970,#1369);
#938=LINE('',#6972,#1370);
#939=LINE('',#6973,#1371);
#940=LINE('',#6977,#1372);
#941=LINE('',#6979,#1373);
#942=LINE('',#6980,#1374);
#943=LINE('',#6997,#1375);
#944=LINE('',#7023,#1376);
#945=LINE('',#7035,#1377);
#946=LINE('',#7057,#1378);
#947=LINE('',#7085,#1379);
#948=LINE('',#7111,#1380);
#949=LINE('',#7137,#1381);
#950=LINE('',#7163,#1382);
#951=LINE('',#7177,#1383);
#952=LINE('',#7180,#1384);
#953=LINE('',#7184,#1385);
#954=LINE('',#7188,#1386);
#955=LINE('',#7192,#1387);
#956=LINE('',#7196,#1388);
#957=LINE('',#7200,#1389);
#958=LINE('',#7204,#1390);
#959=LINE('',#7208,#1391);
#960=LINE('',#7212,#1392);
#961=LINE('',#7216,#1393);
#962=LINE('',#7220,#1394);
#963=LINE('',#7224,#1395);
#964=LINE('',#7228,#1396);
#965=LINE('',#7232,#1397);
#966=LINE('',#7236,#1398);
#967=LINE('',#7240,#1399);
#968=LINE('',#7244,#1400);
#969=LINE('',#7248,#1401);
#970=LINE('',#7252,#1402);
#971=LINE('',#7256,#1403);
#972=LINE('',#7260,#1404);
#973=LINE('',#7264,#1405);
#974=LINE('',#7268,#1406);
#975=LINE('',#7272,#1407);
#976=LINE('',#7276,#1408);
#977=LINE('',#7280,#1409);
#978=LINE('',#7284,#1410);
#979=LINE('',#7288,#1411);
#980=LINE('',#7292,#1412);
#981=LINE('',#7296,#1413);
#982=LINE('',#7300,#1414);
#983=LINE('',#7304,#1415);
#984=LINE('',#7308,#1416);
#985=LINE('',#7312,#1417);
#986=LINE('',#7316,#1418);
#987=LINE('',#7320,#1419);
#988=LINE('',#7324,#1420);
#989=LINE('',#7328,#1421);
#990=LINE('',#7332,#1422);
#991=LINE('',#7336,#1423);
#992=LINE('',#7340,#1424);
#993=LINE('',#7344,#1425);
#994=LINE('',#7359,#1426);
#995=LINE('',#7385,#1427);
#996=LINE('',#7410,#1428);
#997=LINE('',#7436,#1429);
#998=LINE('',#7462,#1430);
#999=LINE('',#7488,#1431);
#1000=LINE('',#7516,#1432);
#1001=LINE('',#7536,#1433);
#1002=LINE('',#7541,#1434);
#1003=LINE('',#7555,#1435);
#1004=LINE('',#7581,#1436);
#1005=LINE('',#7611,#1437);
#1006=LINE('',#7639,#1438);
#1007=LINE('',#7665,#1439);
#1008=LINE('',#7691,#1440);
#1009=LINE('',#7717,#1441);
#1010=LINE('',#7732,#1442);
#1011=LINE('',#7735,#1443);
#1012=LINE('',#7738,#1444);
#1013=LINE('',#7739,#1445);
#1014=LINE('',#7742,#1446);
#1015=LINE('',#7746,#1447);
#1016=LINE('',#7747,#1448);
#1017=LINE('',#7755,#1449);
#1018=LINE('',#7767,#1450);
#1019=LINE('',#7770,#1451);
#1020=LINE('',#7771,#1452);
#1021=LINE('',#7785,#1453);
#1022=LINE('',#7797,#1454);
#1023=LINE('',#7800,#1455);
#1024=LINE('',#7801,#1456);
#1025=LINE('',#7815,#1457);
#1026=LINE('',#7817,#1458);
#1027=LINE('',#7818,#1459);
#1028=LINE('',#7832,#1460);
#1029=LINE('',#7855,#1461);
#1030=LINE('',#7858,#1462);
#1031=LINE('',#7870,#1463);
#1032=LINE('',#7873,#1464);
#1033=LINE('',#7874,#1465);
#1034=LINE('',#7880,#1466);
#1035=LINE('',#7884,#1467);
#1036=LINE('',#7897,#1468);
#1037=LINE('',#7910,#1469);
#1038=LINE('',#7912,#1470);
#1039=LINE('',#7926,#1471);
#1040=LINE('',#7927,#1472);
#1041=LINE('',#7952,#1473);
#1042=LINE('',#7965,#1474);
#1043=LINE('',#7967,#1475);
#1044=LINE('',#7968,#1476);
#1045=LINE('',#7970,#1477);
#1046=LINE('',#7971,#1478);
#1047=LINE('',#7973,#1479);
#1048=LINE('',#7975,#1480);
#1049=LINE('',#7976,#1481);
#1050=LINE('',#7978,#1482);
#1051=LINE('',#7980,#1483);
#1052=LINE('',#7982,#1484);
#1053=LINE('',#7985,#1485);
#1054=LINE('',#7986,#1486);
#1055=LINE('',#7988,#1487);
#1056=LINE('',#7990,#1488);
#1057=LINE('',#7991,#1489);
#1058=LINE('',#7993,#1490);
#1059=LINE('',#7995,#1491);
#1060=LINE('',#7997,#1492);
#1061=LINE('',#8000,#1493);
#1062=LINE('',#8001,#1494);
#1063=LINE('',#8003,#1495);
#1064=LINE('',#8005,#1496);
#1065=LINE('',#8006,#1497);
#1066=LINE('',#8008,#1498);
#1067=LINE('',#8010,#1499);
#1068=LINE('',#8012,#1500);
#1069=LINE('',#8015,#1501);
#1070=LINE('',#8016,#1502);
#1071=LINE('',#8018,#1503);
#1072=LINE('',#8020,#1504);
#1073=LINE('',#8021,#1505);
#1074=LINE('',#8023,#1506);
#1075=LINE('',#8025,#1507);
#1076=LINE('',#8027,#1508);
#1077=LINE('',#8030,#1509);
#1078=LINE('',#8031,#1510);
#1079=LINE('',#8033,#1511);
#1080=LINE('',#8035,#1512);
#1081=LINE('',#8036,#1513);
#1082=LINE('',#8038,#1514);
#1083=LINE('',#8040,#1515);
#1084=LINE('',#8042,#1516);
#1085=LINE('',#8045,#1517);
#1086=LINE('',#8046,#1518);
#1087=LINE('',#8048,#1519);
#1088=LINE('',#8050,#1520);
#1089=LINE('',#8051,#1521);
#1090=LINE('',#8053,#1522);
#1091=LINE('',#8055,#1523);
#1092=LINE('',#8057,#1524);
#1093=LINE('',#8060,#1525);
#1094=LINE('',#8061,#1526);
#1095=LINE('',#8063,#1527);
#1096=LINE('',#8065,#1528);
#1097=LINE('',#8066,#1529);
#1098=LINE('',#8068,#1530);
#1099=LINE('',#8070,#1531);
#1100=LINE('',#8072,#1532);
#1101=LINE('',#8075,#1533);
#1102=LINE('',#8076,#1534);
#1103=LINE('',#8078,#1535);
#1104=LINE('',#8080,#1536);
#1105=LINE('',#8081,#1537);
#1106=LINE('',#8083,#1538);
#1107=LINE('',#8085,#1539);
#1108=LINE('',#8087,#1540);
#1109=LINE('',#8091,#1541);
#1110=LINE('',#8106,#1542);
#1111=LINE('',#8132,#1543);
#1112=LINE('',#8158,#1544);
#1113=LINE('',#8184,#1545);
#1114=LINE('',#8212,#1546);
#1115=LINE('',#8256,#1547);
#1116=LINE('',#8261,#1548);
#1117=LINE('',#8268,#1549);
#1118=LINE('',#8275,#1550);
#1119=LINE('',#8282,#1551);
#1120=LINE('',#8286,#1552);
#1121=LINE('',#8288,#1553);
#1122=LINE('',#8290,#1554);
#1123=LINE('',#8292,#1555);
#1124=LINE('',#8296,#1556);
#1125=LINE('',#8297,#1557);
#1126=LINE('',#8310,#1558);
#1127=LINE('',#8323,#1559);
#1128=LINE('',#8328,#1560);
#1129=LINE('',#8332,#1561);
#1130=LINE('',#8333,#1562);
#1131=LINE('',#8336,#1563);
#1132=LINE('',#8339,#1564);
#1133=LINE('',#8341,#1565);
#1134=LINE('',#8343,#1566);
#1135=LINE('',#8344,#1567);
#1136=LINE('',#8346,#1568);
#1137=LINE('',#8348,#1569);
#1138=LINE('',#8350,#1570);
#1139=LINE('',#8351,#1571);
#1140=LINE('',#8353,#1572);
#1141=LINE('',#8355,#1573);
#1142=LINE('',#8357,#1574);
#1143=LINE('',#8358,#1575);
#1144=LINE('',#8371,#1576);
#1145=LINE('',#8374,#1577);
#1146=LINE('',#8376,#1578);
#1147=LINE('',#8378,#1579);
#1148=LINE('',#8379,#1580);
#1149=LINE('',#8381,#1581);
#1150=LINE('',#8383,#1582);
#1151=LINE('',#8385,#1583);
#1152=LINE('',#8387,#1584);
#1153=LINE('',#8389,#1585);
#1154=LINE('',#8399,#1586);
#1155=LINE('',#8401,#1587);
#1156=LINE('',#8402,#1588);
#1157=LINE('',#8404,#1589);
#1158=LINE('',#8406,#1590);
#1159=LINE('',#8408,#1591);
#1160=LINE('',#8409,#1592);
#1161=LINE('',#8411,#1593);
#1162=LINE('',#8413,#1594);
#1163=LINE('',#8414,#1595);
#1164=LINE('',#8416,#1596);
#1165=LINE('',#8418,#1597);
#1166=LINE('',#8427,#1598);
#1167=LINE('',#8430,#1599);
#1168=LINE('',#8431,#1600);
#1169=LINE('',#8433,#1601);
#1170=LINE('',#8434,#1602);
#1171=LINE('',#8437,#1603);
#1172=LINE('',#8451,#1604);
#1173=LINE('',#8453,#1605);
#1174=LINE('',#8455,#1606);
#1175=LINE('',#8457,#1607);
#1176=LINE('',#8459,#1608);
#1177=LINE('',#8461,#1609);
#1178=LINE('',#8463,#1610);
#1179=LINE('',#8465,#1611);
#1180=LINE('',#8466,#1612);
#1181=LINE('',#8468,#1613);
#1182=LINE('',#8471,#1614);
#1183=LINE('',#8472,#1615);
#1184=LINE('',#8474,#1616);
#1185=LINE('',#8476,#1617);
#1186=LINE('',#8479,#1618);
#1187=LINE('',#8481,#1619);
#1188=LINE('',#8483,#1620);
#1189=LINE('',#8486,#1621);
#1190=LINE('',#8488,#1622);
#1191=LINE('',#8490,#1623);
#1192=LINE('',#8494,#1624);
#1193=LINE('',#8495,#1625);
#1194=LINE('',#8498,#1626);
#1195=LINE('',#8499,#1627);
#1196=LINE('',#8504,#1628);
#1197=LINE('',#8505,#1629);
#1198=LINE('',#8513,#1630);
#1199=LINE('',#8514,#1631);
#1200=LINE('',#8516,#1632);
#1201=LINE('',#8518,#1633);
#1202=LINE('',#8519,#1634);
#1203=LINE('',#8521,#1635);
#1204=LINE('',#8523,#1636);
#1205=LINE('',#8525,#1637);
#1206=LINE('',#8530,#1638);
#1207=LINE('',#8539,#1639);
#1208=LINE('',#8543,#1640);
#1209=VECTOR('',#5179,1.);
#1210=VECTOR('',#5180,10.);
#1211=VECTOR('',#5183,10.);
#1212=VECTOR('',#5184,10.);
#1213=VECTOR('',#5195,10.);
#1214=VECTOR('',#5198,10.);
#1215=VECTOR('',#5199,10.);
#1216=VECTOR('',#5200,10.);
#1217=VECTOR('',#5201,10.);
#1218=VECTOR('',#5208,1.6);
#1219=VECTOR('',#5213,2.1);
#1220=VECTOR('',#5220,10.);
#1221=VECTOR('',#5221,10.);
#1222=VECTOR('',#5222,10.);
#1223=VECTOR('',#5223,10.);
#1224=VECTOR('',#5226,10.);
#1225=VECTOR('',#5227,10.);
#1226=VECTOR('',#5228,10.);
#1227=VECTOR('',#5231,10.);
#1228=VECTOR('',#5232,10.);
#1229=VECTOR('',#5233,10.);
#1230=VECTOR('',#5236,10.);
#1231=VECTOR('',#5237,10.);
#1232=VECTOR('',#5240,10.);
#1233=VECTOR('',#5241,10.);
#1234=VECTOR('',#5246,10.);
#1235=VECTOR('',#5247,10.);
#1236=VECTOR('',#5248,10.);
#1237=VECTOR('',#5249,10.);
#1238=VECTOR('',#5250,10.);
#1239=VECTOR('',#5255,1.6);
#1240=VECTOR('',#5262,2.1);
#1241=VECTOR('',#5269,10.);
#1242=VECTOR('',#5270,10.);
#1243=VECTOR('',#5271,10.);
#1244=VECTOR('',#5272,10.);
#1245=VECTOR('',#5275,10.);
#1246=VECTOR('',#5276,10.);
#1247=VECTOR('',#5277,10.);
#1248=VECTOR('',#5280,10.);
#1249=VECTOR('',#5281,10.);
#1250=VECTOR('',#5282,10.);
#1251=VECTOR('',#5283,10.);
#1252=VECTOR('',#5286,10.);
#1253=VECTOR('',#5287,10.);
#1254=VECTOR('',#5290,10.);
#1255=VECTOR('',#5291,10.);
#1256=VECTOR('',#5292,10.);
#1257=VECTOR('',#5295,10.);
#1258=VECTOR('',#5298,10.);
#1259=VECTOR('',#5301,10.);
#1260=VECTOR('',#5302,10.);
#1261=VECTOR('',#5303,10.);
#1262=VECTOR('',#5304,10.);
#1263=VECTOR('',#5311,1.6);
#1264=VECTOR('',#5316,2.1);
#1265=VECTOR('',#5323,10.);
#1266=VECTOR('',#5324,10.);
#1267=VECTOR('',#5325,10.);
#1268=VECTOR('',#5326,10.);
#1269=VECTOR('',#5329,10.);
#1270=VECTOR('',#5330,10.);
#1271=VECTOR('',#5331,10.);
#1272=VECTOR('',#5334,10.);
#1273=VECTOR('',#5335,10.);
#1274=VECTOR('',#5336,10.);
#1275=VECTOR('',#5339,10.);
#1276=VECTOR('',#5340,10.);
#1277=VECTOR('',#5343,10.);
#1278=VECTOR('',#5344,10.);
#1279=VECTOR('',#5349,10.);
#1280=VECTOR('',#5350,10.);
#1281=VECTOR('',#5353,10.);
#1282=VECTOR('',#5356,10.);
#1283=VECTOR('',#5359,10.);
#1284=VECTOR('',#5362,10.);
#1285=VECTOR('',#5365,10.);
#1286=VECTOR('',#5368,10.);
#1287=VECTOR('',#5371,10.);
#1288=VECTOR('',#5374,10.);
#1289=VECTOR('',#5377,10.);
#1290=VECTOR('',#5380,10.);
#1291=VECTOR('',#5383,10.);
#1292=VECTOR('',#5386,10.);
#1293=VECTOR('',#5389,10.);
#1294=VECTOR('',#5392,10.);
#1295=VECTOR('',#5395,10.);
#1296=VECTOR('',#5398,10.);
#1297=VECTOR('',#5401,10.);
#1298=VECTOR('',#5404,10.);
#1299=VECTOR('',#5407,10.);
#1300=VECTOR('',#5410,10.);
#1301=VECTOR('',#5413,10.);
#1302=VECTOR('',#5416,10.);
#1303=VECTOR('',#5419,10.);
#1304=VECTOR('',#5422,10.);
#1305=VECTOR('',#5425,10.);
#1306=VECTOR('',#5428,10.);
#1307=VECTOR('',#5431,10.);
#1308=VECTOR('',#5434,10.);
#1309=VECTOR('',#5437,10.);
#1310=VECTOR('',#5440,10.);
#1311=VECTOR('',#5443,10.);
#1312=VECTOR('',#5446,10.);
#1313=VECTOR('',#5449,10.);
#1314=VECTOR('',#5452,10.);
#1315=VECTOR('',#5455,10.);
#1316=VECTOR('',#5458,10.);
#1317=VECTOR('',#5461,10.);
#1318=VECTOR('',#5464,10.);
#1319=VECTOR('',#5467,10.);
#1320=VECTOR('',#5470,10.);
#1321=VECTOR('',#5473,10.);
#1322=VECTOR('',#5476,10.);
#1323=VECTOR('',#5477,10.);
#1324=VECTOR('',#5482,0.75);
#1325=VECTOR('',#5487,10.);
#1326=VECTOR('',#5488,10.);
#1327=VECTOR('',#5489,10.);
#1328=VECTOR('',#5494,10.);
#1329=VECTOR('',#5499,10.);
#1330=VECTOR('',#5502,10.);
#1331=VECTOR('',#5505,10.);
#1332=VECTOR('',#5506,10.);
#1333=VECTOR('',#5511,10.);
#1334=VECTOR('',#5514,10.);
#1335=VECTOR('',#5517,10.);
#1336=VECTOR('',#5520,10.);
#1337=VECTOR('',#5523,10.);
#1338=VECTOR('',#5526,10.);
#1339=VECTOR('',#5527,10.);
#1340=VECTOR('',#5528,10.);
#1341=VECTOR('',#5531,10.);
#1342=VECTOR('',#5532,10.);
#1343=VECTOR('',#5533,10.);
#1344=VECTOR('',#5536,10.);
#1345=VECTOR('',#5541,10.);
#1346=VECTOR('',#5544,10.);
#1347=VECTOR('',#5549,10.);
#1348=VECTOR('',#5552,10.);
#1349=VECTOR('',#5555,10.);
#1350=VECTOR('',#5556,10.);
#1351=VECTOR('',#5559,10.);
#1352=VECTOR('',#5562,10.);
#1353=VECTOR('',#5565,10.);
#1354=VECTOR('',#5570,10.);
#1355=VECTOR('',#5571,10.);
#1356=VECTOR('',#5572,10.);
#1357=VECTOR('',#5573,10.);
#1358=VECTOR('',#5576,10.);
#1359=VECTOR('',#5577,10.);
#1360=VECTOR('',#5578,10.);
#1361=VECTOR('',#5579,10.);
#1362=VECTOR('',#5582,10.);
#1363=VECTOR('',#5583,10.);
#1364=VECTOR('',#5586,10.);
#1365=VECTOR('',#5587,10.);
#1366=VECTOR('',#5588,10.);
#1367=VECTOR('',#5589,10.);
#1368=VECTOR('',#5592,10.);
#1369=VECTOR('',#5593,10.);
#1370=VECTOR('',#5594,10.);
#1371=VECTOR('',#5595,10.);
#1372=VECTOR('',#5600,10.);
#1373=VECTOR('',#5601,10.);
#1374=VECTOR('',#5602,10.);
#1375=VECTOR('',#5609,10.);
#1376=VECTOR('',#5612,10.);
#1377=VECTOR('',#5613,10.);
#1378=VECTOR('',#5616,10.);
#1379=VECTOR('',#5619,10.);
#1380=VECTOR('',#5622,10.);
#1381=VECTOR('',#5625,10.);
#1382=VECTOR('',#5628,10.);
#1383=VECTOR('',#5631,10.);
#1384=VECTOR('',#5634,10.);
#1385=VECTOR('',#5637,10.);
#1386=VECTOR('',#5640,10.);
#1387=VECTOR('',#5643,10.);
#1388=VECTOR('',#5646,10.);
#1389=VECTOR('',#5649,10.);
#1390=VECTOR('',#5652,10.);
#1391=VECTOR('',#5655,10.);
#1392=VECTOR('',#5658,10.);
#1393=VECTOR('',#5661,10.);
#1394=VECTOR('',#5664,10.);
#1395=VECTOR('',#5667,10.);
#1396=VECTOR('',#5670,10.);
#1397=VECTOR('',#5673,10.);
#1398=VECTOR('',#5676,10.);
#1399=VECTOR('',#5679,10.);
#1400=VECTOR('',#5682,10.);
#1401=VECTOR('',#5685,10.);
#1402=VECTOR('',#5688,10.);
#1403=VECTOR('',#5691,10.);
#1404=VECTOR('',#5694,10.);
#1405=VECTOR('',#5697,10.);
#1406=VECTOR('',#5700,10.);
#1407=VECTOR('',#5703,10.);
#1408=VECTOR('',#5706,10.);
#1409=VECTOR('',#5709,10.);
#1410=VECTOR('',#5712,10.);
#1411=VECTOR('',#5715,10.);
#1412=VECTOR('',#5718,10.);
#1413=VECTOR('',#5721,10.);
#1414=VECTOR('',#5724,10.);
#1415=VECTOR('',#5727,10.);
#1416=VECTOR('',#5730,10.);
#1417=VECTOR('',#5733,10.);
#1418=VECTOR('',#5736,10.);
#1419=VECTOR('',#5739,10.);
#1420=VECTOR('',#5742,10.);
#1421=VECTOR('',#5745,10.);
#1422=VECTOR('',#5748,10.);
#1423=VECTOR('',#5751,10.);
#1424=VECTOR('',#5754,10.);
#1425=VECTOR('',#5757,10.);
#1426=VECTOR('',#5762,10.);
#1427=VECTOR('',#5765,10.);
#1428=VECTOR('',#5768,10.);
#1429=VECTOR('',#5771,10.);
#1430=VECTOR('',#5774,10.);
#1431=VECTOR('',#5777,10.);
#1432=VECTOR('',#5780,10.);
#1433=VECTOR('',#5785,10.);
#1434=VECTOR('',#5792,10.);
#1435=VECTOR('',#5795,10.);
#1436=VECTOR('',#5798,10.);
#1437=VECTOR('',#5801,10.);
#1438=VECTOR('',#5804,10.);
#1439=VECTOR('',#5807,10.);
#1440=VECTOR('',#5810,10.);
#1441=VECTOR('',#5813,10.);
#1442=VECTOR('',#5818,10.);
#1443=VECTOR('',#5821,10.);
#1444=VECTOR('',#5824,10.);
#1445=VECTOR('',#5825,10.);
#1446=VECTOR('',#5828,10.);
#1447=VECTOR('',#5833,10.);
#1448=VECTOR('',#5834,10.);
#1449=VECTOR('',#5843,10.);
#1450=VECTOR('',#5844,10.);
#1451=VECTOR('',#5847,10.);
#1452=VECTOR('',#5848,10.);
#1453=VECTOR('',#5853,10.);
#1454=VECTOR('',#5854,10.);
#1455=VECTOR('',#5857,10.);
#1456=VECTOR('',#5858,10.);
#1457=VECTOR('',#5863,10.);
#1458=VECTOR('',#5864,10.);
#1459=VECTOR('',#5865,10.);
#1460=VECTOR('',#5870,10.);
#1461=VECTOR('',#5873,10.);
#1462=VECTOR('',#5876,10.);
#1463=VECTOR('',#5877,10.);
#1464=VECTOR('',#5880,10.);
#1465=VECTOR('',#5881,10.);
#1466=VECTOR('',#5890,10.);
#1467=VECTOR('',#5895,10.);
#1468=VECTOR('',#5898,10.);
#1469=VECTOR('',#5901,10.);
#1470=VECTOR('',#5904,10.);
#1471=VECTOR('',#5909,10.);
#1472=VECTOR('',#5910,10.);
#1473=VECTOR('',#5915,10.);
#1474=VECTOR('',#5918,10.);
#1475=VECTOR('',#5919,10.);
#1476=VECTOR('',#5920,10.);
#1477=VECTOR('',#5923,10.);
#1478=VECTOR('',#5924,10.);
#1479=VECTOR('',#5927,10.);
#1480=VECTOR('',#5930,10.);
#1481=VECTOR('',#5931,10.);
#1482=VECTOR('',#5934,10.);
#1483=VECTOR('',#5937,10.);
#1484=VECTOR('',#5940,10.);
#1485=VECTOR('',#5945,10.);
#1486=VECTOR('',#5946,10.);
#1487=VECTOR('',#5949,10.);
#1488=VECTOR('',#5952,10.);
#1489=VECTOR('',#5953,10.);
#1490=VECTOR('',#5956,10.);
#1491=VECTOR('',#5959,10.);
#1492=VECTOR('',#5962,10.);
#1493=VECTOR('',#5967,10.);
#1494=VECTOR('',#5968,10.);
#1495=VECTOR('',#5971,10.);
#1496=VECTOR('',#5974,10.);
#1497=VECTOR('',#5975,10.);
#1498=VECTOR('',#5978,10.);
#1499=VECTOR('',#5981,10.);
#1500=VECTOR('',#5984,10.);
#1501=VECTOR('',#5989,10.);
#1502=VECTOR('',#5990,10.);
#1503=VECTOR('',#5993,10.);
#1504=VECTOR('',#5996,10.);
#1505=VECTOR('',#5997,10.);
#1506=VECTOR('',#6000,10.);
#1507=VECTOR('',#6003,10.);
#1508=VECTOR('',#6006,10.);
#1509=VECTOR('',#6011,10.);
#1510=VECTOR('',#6012,10.);
#1511=VECTOR('',#6015,10.);
#1512=VECTOR('',#6018,10.);
#1513=VECTOR('',#6019,10.);
#1514=VECTOR('',#6022,10.);
#1515=VECTOR('',#6025,10.);
#1516=VECTOR('',#6028,10.);
#1517=VECTOR('',#6033,10.);
#1518=VECTOR('',#6034,10.);
#1519=VECTOR('',#6037,10.);
#1520=VECTOR('',#6040,10.);
#1521=VECTOR('',#6041,10.);
#1522=VECTOR('',#6044,10.);
#1523=VECTOR('',#6047,10.);
#1524=VECTOR('',#6050,10.);
#1525=VECTOR('',#6055,10.);
#1526=VECTOR('',#6056,10.);
#1527=VECTOR('',#6059,10.);
#1528=VECTOR('',#6062,10.);
#1529=VECTOR('',#6063,10.);
#1530=VECTOR('',#6066,10.);
#1531=VECTOR('',#6069,10.);
#1532=VECTOR('',#6072,10.);
#1533=VECTOR('',#6077,10.);
#1534=VECTOR('',#6078,10.);
#1535=VECTOR('',#6081,10.);
#1536=VECTOR('',#6084,10.);
#1537=VECTOR('',#6085,10.);
#1538=VECTOR('',#6088,10.);
#1539=VECTOR('',#6091,10.);
#1540=VECTOR('',#6094,10.);
#1541=VECTOR('',#6099,10.);
#1542=VECTOR('',#6102,10.);
#1543=VECTOR('',#6105,10.);
#1544=VECTOR('',#6108,10.);
#1545=VECTOR('',#6111,10.);
#1546=VECTOR('',#6114,10.);
#1547=VECTOR('',#6119,10.);
#1548=VECTOR('',#6124,4.99999999999999);
#1549=VECTOR('',#6133,5.);
#1550=VECTOR('',#6142,5.);
#1551=VECTOR('',#6151,5.);
#1552=VECTOR('',#6158,10.);
#1553=VECTOR('',#6161,10.);
#1554=VECTOR('',#6164,10.);
#1555=VECTOR('',#6167,10.);
#1556=VECTOR('',#6172,10.);
#1557=VECTOR('',#6173,10.);
#1558=VECTOR('',#6176,10.);
#1559=VECTOR('',#6179,10.);
#1560=VECTOR('',#6186,10.);
#1561=VECTOR('',#6191,10.);
#1562=VECTOR('',#6192,10.);
#1563=VECTOR('',#6195,10.);
#1564=VECTOR('',#6200,10.);
#1565=VECTOR('',#6203,10.);
#1566=VECTOR('',#6206,10.);
#1567=VECTOR('',#6207,10.);
#1568=VECTOR('',#6210,10.);
#1569=VECTOR('',#6213,10.);
#1570=VECTOR('',#6216,10.);
#1571=VECTOR('',#6217,10.);
#1572=VECTOR('',#6220,10.);
#1573=VECTOR('',#6223,10.);
#1574=VECTOR('',#6226,10.);
#1575=VECTOR('',#6227,10.);
#1576=VECTOR('',#6230,10.);
#1577=VECTOR('',#6235,10.);
#1578=VECTOR('',#6238,10.);
#1579=VECTOR('',#6241,10.);
#1580=VECTOR('',#6242,10.);
#1581=VECTOR('',#6245,10.);
#1582=VECTOR('',#6248,10.);
#1583=VECTOR('',#6251,10.);
#1584=VECTOR('',#6254,10.);
#1585=VECTOR('',#6257,10.);
#1586=VECTOR('',#6262,10.);
#1587=VECTOR('',#6265,10.);
#1588=VECTOR('',#6266,10.);
#1589=VECTOR('',#6269,10.);
#1590=VECTOR('',#6272,10.);
#1591=VECTOR('',#6275,10.);
#1592=VECTOR('',#6276,10.);
#1593=VECTOR('',#6279,10.);
#1594=VECTOR('',#6282,10.);
#1595=VECTOR('',#6283,10.);
#1596=VECTOR('',#6286,10.);
#1597=VECTOR('',#6289,10.);
#1598=VECTOR('',#6292,10.);
#1599=VECTOR('',#6297,10.);
#1600=VECTOR('',#6298,10.);
#1601=VECTOR('',#6301,10.);
#1602=VECTOR('',#6302,10.);
#1603=VECTOR('',#6307,10.);
#1604=VECTOR('',#6312,10.);
#1605=VECTOR('',#6315,10.);
#1606=VECTOR('',#6318,10.);
#1607=VECTOR('',#6321,10.);
#1608=VECTOR('',#6324,10.);
#1609=VECTOR('',#6327,10.);
#1610=VECTOR('',#6330,10.);
#1611=VECTOR('',#6333,10.);
#1612=VECTOR('',#6334,10.);
#1613=VECTOR('',#6337,10.);
#1614=VECTOR('',#6340,10.);
#1615=VECTOR('',#6341,10.);
#1616=VECTOR('',#6344,10.);
#1617=VECTOR('',#6347,10.);
#1618=VECTOR('',#6352,10.);
#1619=VECTOR('',#6355,10.);
#1620=VECTOR('',#6358,10.);
#1621=VECTOR('',#6363,10.);
#1622=VECTOR('',#6366,10.);
#1623=VECTOR('',#6369,10.);
#1624=VECTOR('',#6374,10.);
#1625=VECTOR('',#6375,10.);
#1626=VECTOR('',#6378,10.);
#1627=VECTOR('',#6379,10.);
#1628=VECTOR('',#6386,10.);
#1629=VECTOR('',#6387,10.);
#1630=VECTOR('',#6402,10.);
#1631=VECTOR('',#6403,10.);
#1632=VECTOR('',#6406,10.);
#1633=VECTOR('',#6409,10.);
#1634=VECTOR('',#6410,10.);
#1635=VECTOR('',#6413,10.);
#1636=VECTOR('',#6416,10.);
#1637=VECTOR('',#6419,10.);
#1638=VECTOR('',#6426,5.);
#1639=VECTOR('',#6441,12.5);
#1640=VECTOR('',#6446,15.);
#1641=CIRCLE('',#4753,1.);
#1642=CIRCLE('',#4755,2.00000051723514);
#1643=CIRCLE('',#4757,15.);
#1644=CIRCLE('',#4759,15.);
#1645=CIRCLE('',#4761,1.6);
#1646=CIRCLE('',#4763,1.6);
#1647=CIRCLE('',#4765,2.1);
#1648=CIRCLE('',#4766,2.1);
#1649=CIRCLE('',#4776,1.6);
#1650=CIRCLE('',#4777,1.6);
#1651=CIRCLE('',#4779,2.1);
#1652=CIRCLE('',#4780,2.1);
#1653=CIRCLE('',#4790,1.6);
#1654=CIRCLE('',#4792,1.6);
#1655=CIRCLE('',#4794,2.1);
#1656=CIRCLE('',#4795,2.1);
#1657=CIRCLE('',#4804,0.5);
#1658=CIRCLE('',#4805,0.5);
#1659=CIRCLE('',#4806,0.5);
#1660=CIRCLE('',#4807,0.5);
#1661=CIRCLE('',#4808,0.5);
#1662=CIRCLE('',#4809,0.5);
#1663=CIRCLE('',#4810,0.5);
#1664=CIRCLE('',#4811,0.5);
#1665=CIRCLE('',#4812,0.5);
#1666=CIRCLE('',#4813,0.5);
#1667=CIRCLE('',#4814,0.5);
#1668=CIRCLE('',#4815,0.5);
#1669=CIRCLE('',#4816,0.5);
#1670=CIRCLE('',#4817,0.5);
#1671=CIRCLE('',#4818,0.5);
#1672=CIRCLE('',#4819,0.5);
#1673=CIRCLE('',#4820,0.5);
#1674=CIRCLE('',#4821,0.5);
#1675=CIRCLE('',#4822,0.5);
#1676=CIRCLE('',#4823,0.5);
#1677=CIRCLE('',#4824,0.5);
#1678=CIRCLE('',#4825,0.5);
#1679=CIRCLE('',#4826,0.5);
#1680=CIRCLE('',#4827,0.5);
#1681=CIRCLE('',#4828,0.5);
#1682=CIRCLE('',#4829,0.5);
#1683=CIRCLE('',#4830,0.5);
#1684=CIRCLE('',#4831,0.5);
#1685=CIRCLE('',#4832,0.5);
#1686=CIRCLE('',#4833,0.5);
#1687=CIRCLE('',#4834,0.5);
#1688=CIRCLE('',#4835,0.5);
#1689=CIRCLE('',#4836,0.5);
#1690=CIRCLE('',#4837,0.5);
#1691=CIRCLE('',#4838,0.5);
#1692=CIRCLE('',#4839,0.5);
#1693=CIRCLE('',#4840,0.5);
#1694=CIRCLE('',#4841,0.5);
#1695=CIRCLE('',#4842,0.5);
#1696=CIRCLE('',#4843,0.5);
#1697=CIRCLE('',#4844,0.5);
#1698=CIRCLE('',#4845,0.5);
#1699=CIRCLE('',#4847,0.75);
#1700=CIRCLE('',#4848,0.75);
#1701=CIRCLE('',#4851,12.5);
#1702=CIRCLE('',#4853,12.500000562366);
#1703=CIRCLE('',#4857,10.);
#1704=CIRCLE('',#4858,10.);
#1705=CIRCLE('',#4859,10.);
#1706=CIRCLE('',#4860,10.);
#1707=CIRCLE('',#4861,15.);
#1708=CIRCLE('',#4862,12.5);
#1709=CIRCLE('',#4863,12.5);
#1710=CIRCLE('',#4864,15.);
#1711=CIRCLE('',#4865,12.5);
#1712=CIRCLE('',#4866,12.5);
#1713=CIRCLE('',#4867,15.);
#1714=CIRCLE('',#4868,12.5);
#1715=CIRCLE('',#4869,12.5);
#1716=CIRCLE('',#4870,15.);
#1717=CIRCLE('',#4871,12.5);
#1718=CIRCLE('',#4872,12.5);
#1719=CIRCLE('',#4873,15.);
#1720=CIRCLE('',#4874,12.5);
#1721=CIRCLE('',#4875,12.5);
#1722=CIRCLE('',#4881,12.5);
#1723=CIRCLE('',#4884,12.5);
#1724=CIRCLE('',#4886,12.5);
#1725=CIRCLE('',#4887,12.5);
#1726=CIRCLE('',#4888,12.5);
#1727=CIRCLE('',#4889,12.5);
#1728=CIRCLE('',#4890,12.5);
#1729=CIRCLE('',#4891,12.5);
#1730=CIRCLE('',#4892,12.5);
#1731=CIRCLE('',#4894,0.5);
#1732=CIRCLE('',#4895,0.5);
#1733=CIRCLE('',#4896,0.5);
#1734=CIRCLE('',#4897,0.5);
#1735=CIRCLE('',#4898,0.5);
#1736=CIRCLE('',#4899,0.5);
#1737=CIRCLE('',#4900,0.5);
#1738=CIRCLE('',#4901,0.5);
#1739=CIRCLE('',#4902,0.5);
#1740=CIRCLE('',#4903,0.5);
#1741=CIRCLE('',#4904,0.5);
#1742=CIRCLE('',#4905,0.5);
#1743=CIRCLE('',#4906,0.5);
#1744=CIRCLE('',#4907,0.5);
#1745=CIRCLE('',#4908,0.5);
#1746=CIRCLE('',#4909,0.5);
#1747=CIRCLE('',#4910,0.5);
#1748=CIRCLE('',#4911,0.5);
#1749=CIRCLE('',#4912,0.5);
#1750=CIRCLE('',#4913,0.5);
#1751=CIRCLE('',#4914,0.5);
#1752=CIRCLE('',#4915,0.5);
#1753=CIRCLE('',#4916,0.5);
#1754=CIRCLE('',#4917,0.5);
#1755=CIRCLE('',#4918,0.5);
#1756=CIRCLE('',#4919,0.5);
#1757=CIRCLE('',#4920,0.5);
#1758=CIRCLE('',#4921,0.5);
#1759=CIRCLE('',#4922,0.5);
#1760=CIRCLE('',#4923,0.5);
#1761=CIRCLE('',#4924,0.5);
#1762=CIRCLE('',#4925,0.5);
#1763=CIRCLE('',#4926,0.5);
#1764=CIRCLE('',#4927,0.5);
#1765=CIRCLE('',#4928,0.5);
#1766=CIRCLE('',#4929,0.5);
#1767=CIRCLE('',#4930,0.5);
#1768=CIRCLE('',#4931,0.5);
#1769=CIRCLE('',#4932,0.5);
#1770=CIRCLE('',#4933,0.5);
#1771=CIRCLE('',#4934,0.5);
#1772=CIRCLE('',#4935,0.5);
#1773=CIRCLE('',#4937,12.5);
#1774=CIRCLE('',#4938,12.5);
#1775=CIRCLE('',#4939,12.5);
#1776=CIRCLE('',#4940,12.5);
#1777=CIRCLE('',#4941,12.5);
#1778=CIRCLE('',#4942,12.5);
#1779=CIRCLE('',#4943,12.5);
#1780=CIRCLE('',#4945,12.5);
#1781=CIRCLE('',#4947,12.5);
#1782=CIRCLE('',#4949,12.5);
#1783=CIRCLE('',#4950,12.5);
#1784=CIRCLE('',#4951,12.5);
#1785=CIRCLE('',#4952,12.5);
#1786=CIRCLE('',#4953,12.5);
#1787=CIRCLE('',#4954,12.5);
#1788=CIRCLE('',#4955,12.5);
#1789=CIRCLE('',#4957,10.);
#1790=CIRCLE('',#4960,10.);
#1791=CIRCLE('',#4963,15.);
#1792=CIRCLE('',#4964,5.);
#1793=CIRCLE('',#4978,15.);
#1794=CIRCLE('',#4980,15.);
#1795=CIRCLE('',#4982,15.);
#1796=CIRCLE('',#5048,12.5);
#1797=CIRCLE('',#5049,12.5);
#1798=CIRCLE('',#5050,12.5);
#1799=CIRCLE('',#5051,12.5);
#1800=CIRCLE('',#5052,12.5);
#1801=CIRCLE('',#5053,12.5);
#1802=CIRCLE('',#5054,12.5);
#1803=CIRCLE('',#5056,4.99999999999999);
#1804=CIRCLE('',#5057,4.99999999999999);
#1805=CIRCLE('',#5060,5.);
#1806=CIRCLE('',#5061,5.);
#1807=CIRCLE('',#5064,5.);
#1808=CIRCLE('',#5065,5.);
#1809=CIRCLE('',#5068,5.);
#1810=CIRCLE('',#5069,5.);
#1811=CIRCLE('',#5080,15.);
#1812=CIRCLE('',#5082,10.);
#1813=CIRCLE('',#5085,10.);
#1814=CIRCLE('',#5096,0.5);
#1815=CIRCLE('',#5106,0.5);
#1816=CIRCLE('',#5116,0.5);
#1817=CIRCLE('',#5122,0.5);
#1818=CIRCLE('',#5146,12.5);
#1819=CIRCLE('',#5149,12.5);
#1820=CIRCLE('',#5151,12.5);
#1821=CIRCLE('',#5153,12.5);
#1822=CIRCLE('',#5163,5.);
#1823=CIRCLE('',#5166,15.);
#1824=CIRCLE('',#5167,12.5);
#1825=CIRCLE('',#5169,12.5);
#1826=CIRCLE('',#5171,15.);
#1827=VERTEX_POINT('',#6451);
#1828=VERTEX_POINT('',#6452);
#1829=VERTEX_POINT('',#6454);
#1830=VERTEX_POINT('',#6456);
#1831=VERTEX_POINT('',#6465);
#1832=VERTEX_POINT('',#6467);
#1833=VERTEX_POINT('',#6473);
#1834=VERTEX_POINT('',#6477);
#1835=VERTEX_POINT('',#6478);
#1836=VERTEX_POINT('',#6480);
#1837=VERTEX_POINT('',#6482);
#1838=VERTEX_POINT('',#6485);
#1839=VERTEX_POINT('',#6488);
#1840=VERTEX_POINT('',#6492);
#1841=VERTEX_POINT('',#6494);
#1842=VERTEX_POINT('',#6499);
#1843=VERTEX_POINT('',#6500);
#1844=VERTEX_POINT('',#6502);
#1845=VERTEX_POINT('',#6504);
#1846=VERTEX_POINT('',#6508);
#1847=VERTEX_POINT('',#6510);
#1848=VERTEX_POINT('',#6515);
#1849=VERTEX_POINT('',#6519);
#1850=VERTEX_POINT('',#6527);
#1851=VERTEX_POINT('',#6529);
#1852=VERTEX_POINT('',#6531);
#1853=VERTEX_POINT('',#6533);
#1854=VERTEX_POINT('',#6537);
#1855=VERTEX_POINT('',#6539);
#1856=VERTEX_POINT('',#6543);
#1857=VERTEX_POINT('',#6545);
#1858=VERTEX_POINT('',#6550);
#1859=VERTEX_POINT('',#6551);
#1860=VERTEX_POINT('',#6553);
#1861=VERTEX_POINT('',#6555);
#1862=VERTEX_POINT('',#6559);
#1863=VERTEX_POINT('',#6561);
#1864=VERTEX_POINT('',#6565);
#1865=VERTEX_POINT('',#6567);
#1866=VERTEX_POINT('',#6569);
#1867=VERTEX_POINT('',#6573);
#1868=VERTEX_POINT('',#6577);
#1869=VERTEX_POINT('',#6579);
#1870=VERTEX_POINT('',#6587);
#1871=VERTEX_POINT('',#6588);
#1872=VERTEX_POINT('',#6590);
#1873=VERTEX_POINT('',#6592);
#1874=VERTEX_POINT('',#6595);
#1875=VERTEX_POINT('',#6598);
#1876=VERTEX_POINT('',#6602);
#1877=VERTEX_POINT('',#6604);
#1878=VERTEX_POINT('',#6609);
#1879=VERTEX_POINT('',#6610);
#1880=VERTEX_POINT('',#6612);
#1881=VERTEX_POINT('',#6614);
#1882=VERTEX_POINT('',#6618);
#1883=VERTEX_POINT('',#6620);
#1884=VERTEX_POINT('',#6625);
#1885=VERTEX_POINT('',#6629);
#1886=VERTEX_POINT('',#6637);
#1887=VERTEX_POINT('',#6639);
#1888=VERTEX_POINT('',#6641);
#1889=VERTEX_POINT('',#6643);
#1890=VERTEX_POINT('',#6645);
#1891=VERTEX_POINT('',#6647);
#1892=VERTEX_POINT('',#6649);
#1893=VERTEX_POINT('',#6651);
#1894=VERTEX_POINT('',#6653);
#1895=VERTEX_POINT('',#6655);
#1896=VERTEX_POINT('',#6657);
#1897=VERTEX_POINT('',#6659);
#1898=VERTEX_POINT('',#6661);
#1899=VERTEX_POINT('',#6663);
#1900=VERTEX_POINT('',#6665);
#1901=VERTEX_POINT('',#6667);
#1902=VERTEX_POINT('',#6669);
#1903=VERTEX_POINT('',#6671);
#1904=VERTEX_POINT('',#6673);
#1905=VERTEX_POINT('',#6675);
#1906=VERTEX_POINT('',#6677);
#1907=VERTEX_POINT('',#6679);
#1908=VERTEX_POINT('',#6681);
#1909=VERTEX_POINT('',#6683);
#1910=VERTEX_POINT('',#6685);
#1911=VERTEX_POINT('',#6687);
#1912=VERTEX_POINT('',#6689);
#1913=VERTEX_POINT('',#6691);
#1914=VERTEX_POINT('',#6693);
#1915=VERTEX_POINT('',#6695);
#1916=VERTEX_POINT('',#6697);
#1917=VERTEX_POINT('',#6699);
#1918=VERTEX_POINT('',#6701);
#1919=VERTEX_POINT('',#6703);
#1920=VERTEX_POINT('',#6705);
#1921=VERTEX_POINT('',#6707);
#1922=VERTEX_POINT('',#6709);
#1923=VERTEX_POINT('',#6711);
#1924=VERTEX_POINT('',#6713);
#1925=VERTEX_POINT('',#6715);
#1926=VERTEX_POINT('',#6717);
#1927=VERTEX_POINT('',#6719);
#1928=VERTEX_POINT('',#6721);
#1929=VERTEX_POINT('',#6723);
#1930=VERTEX_POINT('',#6725);
#1931=VERTEX_POINT('',#6727);
#1932=VERTEX_POINT('',#6729);
#1933=VERTEX_POINT('',#6731);
#1934=VERTEX_POINT('',#6733);
#1935=VERTEX_POINT('',#6735);
#1936=VERTEX_POINT('',#6737);
#1937=VERTEX_POINT('',#6739);
#1938=VERTEX_POINT('',#6741);
#1939=VERTEX_POINT('',#6743);
#1940=VERTEX_POINT('',#6745);
#1941=VERTEX_POINT('',#6747);
#1942=VERTEX_POINT('',#6749);
#1943=VERTEX_POINT('',#6751);
#1944=VERTEX_POINT('',#6753);
#1945=VERTEX_POINT('',#6755);
#1946=VERTEX_POINT('',#6757);
#1947=VERTEX_POINT('',#6759);
#1948=VERTEX_POINT('',#6761);
#1949=VERTEX_POINT('',#6763);
#1950=VERTEX_POINT('',#6765);
#1951=VERTEX_POINT('',#6767);
#1952=VERTEX_POINT('',#6769);
#1953=VERTEX_POINT('',#6771);
#1954=VERTEX_POINT('',#6773);
#1955=VERTEX_POINT('',#6775);
#1956=VERTEX_POINT('',#6777);
#1957=VERTEX_POINT('',#6779);
#1958=VERTEX_POINT('',#6781);
#1959=VERTEX_POINT('',#6783);
#1960=VERTEX_POINT('',#6785);
#1961=VERTEX_POINT('',#6787);
#1962=VERTEX_POINT('',#6789);
#1963=VERTEX_POINT('',#6791);
#1964=VERTEX_POINT('',#6793);
#1965=VERTEX_POINT('',#6795);
#1966=VERTEX_POINT('',#6797);
#1967=VERTEX_POINT('',#6799);
#1968=VERTEX_POINT('',#6801);
#1969=VERTEX_POINT('',#6803);
#1970=VERTEX_POINT('',#6805);
#1971=VERTEX_POINT('',#6807);
#1972=VERTEX_POINT('',#6811);
#1973=VERTEX_POINT('',#6813);
#1974=VERTEX_POINT('',#6817);
#1975=VERTEX_POINT('',#6818);
#1976=VERTEX_POINT('',#6820);
#1977=VERTEX_POINT('',#6822);
#1978=VERTEX_POINT('',#6828);
#1979=VERTEX_POINT('',#6832);
#1980=VERTEX_POINT('',#6838);
#1981=VERTEX_POINT('',#6840);
#1982=VERTEX_POINT('',#6851);
#1983=VERTEX_POINT('',#6862);
#1984=VERTEX_POINT('',#6863);
#1985=VERTEX_POINT('',#6865);
#1986=VERTEX_POINT('',#6867);
#1987=VERTEX_POINT('',#6869);
#1988=VERTEX_POINT('',#6871);
#1989=VERTEX_POINT('',#6873);
#1990=VERTEX_POINT('',#6875);
#1991=VERTEX_POINT('',#6878);
#1992=VERTEX_POINT('',#6880);
#1993=VERTEX_POINT('',#6882);
#1994=VERTEX_POINT('',#6884);
#1995=VERTEX_POINT('',#6886);
#1996=VERTEX_POINT('',#6888);
#1997=VERTEX_POINT('',#6890);
#1998=VERTEX_POINT('',#6892);
#1999=VERTEX_POINT('',#6894);
#2000=VERTEX_POINT('',#6896);
#2001=VERTEX_POINT('',#6898);
#2002=VERTEX_POINT('',#6900);
#2003=VERTEX_POINT('',#6903);
#2004=VERTEX_POINT('',#6905);
#2005=VERTEX_POINT('',#6907);
#2006=VERTEX_POINT('',#6909);
#2007=VERTEX_POINT('',#6912);
#2008=VERTEX_POINT('',#6914);
#2009=VERTEX_POINT('',#6916);
#2010=VERTEX_POINT('',#6918);
#2011=VERTEX_POINT('',#6920);
#2012=VERTEX_POINT('',#6923);
#2013=VERTEX_POINT('',#6925);
#2014=VERTEX_POINT('',#6927);
#2015=VERTEX_POINT('',#6929);
#2016=VERTEX_POINT('',#6931);
#2017=VERTEX_POINT('',#6933);
#2018=VERTEX_POINT('',#6935);
#2019=VERTEX_POINT('',#6939);
#2020=VERTEX_POINT('',#6941);
#2021=VERTEX_POINT('',#6943);
#2022=VERTEX_POINT('',#6947);
#2023=VERTEX_POINT('',#6948);
#2024=VERTEX_POINT('',#6950);
#2025=VERTEX_POINT('',#6955);
#2026=VERTEX_POINT('',#6959);
#2027=VERTEX_POINT('',#6961);
#2028=VERTEX_POINT('',#6963);
#2029=VERTEX_POINT('',#6967);
#2030=VERTEX_POINT('',#6969);
#2031=VERTEX_POINT('',#6971);
#2032=VERTEX_POINT('',#6976);
#2033=VERTEX_POINT('',#6978);
#2034=VERTEX_POINT('',#6982);
#2035=VERTEX_POINT('',#6985);
#2036=VERTEX_POINT('',#6996);
#2037=VERTEX_POINT('',#6998);
#2038=VERTEX_POINT('',#7009);
#2039=VERTEX_POINT('',#7011);
#2040=VERTEX_POINT('',#7022);
#2041=VERTEX_POINT('',#7034);
#2042=VERTEX_POINT('',#7036);
#2043=VERTEX_POINT('',#7043);
#2044=VERTEX_POINT('',#7045);
#2045=VERTEX_POINT('',#7056);
#2046=VERTEX_POINT('',#7058);
#2047=VERTEX_POINT('',#7071);
#2048=VERTEX_POINT('',#7073);
#2049=VERTEX_POINT('',#7084);
#2050=VERTEX_POINT('',#7086);
#2051=VERTEX_POINT('',#7097);
#2052=VERTEX_POINT('',#7099);
#2053=VERTEX_POINT('',#7110);
#2054=VERTEX_POINT('',#7112);
#2055=VERTEX_POINT('',#7123);
#2056=VERTEX_POINT('',#7125);
#2057=VERTEX_POINT('',#7136);
#2058=VERTEX_POINT('',#7138);
#2059=VERTEX_POINT('',#7149);
#2060=VERTEX_POINT('',#7151);
#2061=VERTEX_POINT('',#7162);
#2062=VERTEX_POINT('',#7164);
#2063=VERTEX_POINT('',#7175);
#2064=VERTEX_POINT('',#7179);
#2065=VERTEX_POINT('',#7181);
#2066=VERTEX_POINT('',#7183);
#2067=VERTEX_POINT('',#7185);
#2068=VERTEX_POINT('',#7187);
#2069=VERTEX_POINT('',#7189);
#2070=VERTEX_POINT('',#7191);
#2071=VERTEX_POINT('',#7193);
#2072=VERTEX_POINT('',#7195);
#2073=VERTEX_POINT('',#7197);
#2074=VERTEX_POINT('',#7199);
#2075=VERTEX_POINT('',#7201);
#2076=VERTEX_POINT('',#7203);
#2077=VERTEX_POINT('',#7205);
#2078=VERTEX_POINT('',#7207);
#2079=VERTEX_POINT('',#7209);
#2080=VERTEX_POINT('',#7211);
#2081=VERTEX_POINT('',#7213);
#2082=VERTEX_POINT('',#7215);
#2083=VERTEX_POINT('',#7217);
#2084=VERTEX_POINT('',#7219);
#2085=VERTEX_POINT('',#7221);
#2086=VERTEX_POINT('',#7223);
#2087=VERTEX_POINT('',#7225);
#2088=VERTEX_POINT('',#7227);
#2089=VERTEX_POINT('',#7229);
#2090=VERTEX_POINT('',#7231);
#2091=VERTEX_POINT('',#7233);
#2092=VERTEX_POINT('',#7235);
#2093=VERTEX_POINT('',#7237);
#2094=VERTEX_POINT('',#7239);
#2095=VERTEX_POINT('',#7241);
#2096=VERTEX_POINT('',#7243);
#2097=VERTEX_POINT('',#7245);
#2098=VERTEX_POINT('',#7247);
#2099=VERTEX_POINT('',#7249);
#2100=VERTEX_POINT('',#7251);
#2101=VERTEX_POINT('',#7253);
#2102=VERTEX_POINT('',#7255);
#2103=VERTEX_POINT('',#7257);
#2104=VERTEX_POINT('',#7259);
#2105=VERTEX_POINT('',#7261);
#2106=VERTEX_POINT('',#7263);
#2107=VERTEX_POINT('',#7265);
#2108=VERTEX_POINT('',#7267);
#2109=VERTEX_POINT('',#7269);
#2110=VERTEX_POINT('',#7271);
#2111=VERTEX_POINT('',#7273);
#2112=VERTEX_POINT('',#7275);
#2113=VERTEX_POINT('',#7277);
#2114=VERTEX_POINT('',#7279);
#2115=VERTEX_POINT('',#7281);
#2116=VERTEX_POINT('',#7283);
#2117=VERTEX_POINT('',#7285);
#2118=VERTEX_POINT('',#7287);
#2119=VERTEX_POINT('',#7289);
#2120=VERTEX_POINT('',#7291);
#2121=VERTEX_POINT('',#7293);
#2122=VERTEX_POINT('',#7295);
#2123=VERTEX_POINT('',#7297);
#2124=VERTEX_POINT('',#7299);
#2125=VERTEX_POINT('',#7301);
#2126=VERTEX_POINT('',#7303);
#2127=VERTEX_POINT('',#7305);
#2128=VERTEX_POINT('',#7307);
#2129=VERTEX_POINT('',#7309);
#2130=VERTEX_POINT('',#7311);
#2131=VERTEX_POINT('',#7313);
#2132=VERTEX_POINT('',#7315);
#2133=VERTEX_POINT('',#7317);
#2134=VERTEX_POINT('',#7319);
#2135=VERTEX_POINT('',#7321);
#2136=VERTEX_POINT('',#7323);
#2137=VERTEX_POINT('',#7325);
#2138=VERTEX_POINT('',#7327);
#2139=VERTEX_POINT('',#7329);
#2140=VERTEX_POINT('',#7331);
#2141=VERTEX_POINT('',#7333);
#2142=VERTEX_POINT('',#7335);
#2143=VERTEX_POINT('',#7337);
#2144=VERTEX_POINT('',#7339);
#2145=VERTEX_POINT('',#7341);
#2146=VERTEX_POINT('',#7343);
#2147=VERTEX_POINT('',#7347);
#2148=VERTEX_POINT('',#7358);
#2149=VERTEX_POINT('',#7360);
#2150=VERTEX_POINT('',#7371);
#2151=VERTEX_POINT('',#7373);
#2152=VERTEX_POINT('',#7384);
#2153=VERTEX_POINT('',#7396);
#2154=VERTEX_POINT('',#7398);
#2155=VERTEX_POINT('',#7409);
#2156=VERTEX_POINT('',#7411);
#2157=VERTEX_POINT('',#7422);
#2158=VERTEX_POINT('',#7424);
#2159=VERTEX_POINT('',#7435);
#2160=VERTEX_POINT('',#7437);
#2161=VERTEX_POINT('',#7448);
#2162=VERTEX_POINT('',#7450);
#2163=VERTEX_POINT('',#7461);
#2164=VERTEX_POINT('',#7463);
#2165=VERTEX_POINT('',#7474);
#2166=VERTEX_POINT('',#7476);
#2167=VERTEX_POINT('',#7487);
#2168=VERTEX_POINT('',#7489);
#2169=VERTEX_POINT('',#7500);
#2170=VERTEX_POINT('',#7502);
#2171=VERTEX_POINT('',#7515);
#2172=VERTEX_POINT('',#7517);
#2173=VERTEX_POINT('',#7528);
#2174=VERTEX_POINT('',#7535);
#2175=VERTEX_POINT('',#7539);
#2176=VERTEX_POINT('',#7543);
#2177=VERTEX_POINT('',#7554);
#2178=VERTEX_POINT('',#7556);
#2179=VERTEX_POINT('',#7567);
#2180=VERTEX_POINT('',#7569);
#2181=VERTEX_POINT('',#7580);
#2182=VERTEX_POINT('',#7592);
#2183=VERTEX_POINT('',#7597);
#2184=VERTEX_POINT('',#7599);
#2185=VERTEX_POINT('',#7610);
#2186=VERTEX_POINT('',#7612);
#2187=VERTEX_POINT('',#7625);
#2188=VERTEX_POINT('',#7627);
#2189=VERTEX_POINT('',#7638);
#2190=VERTEX_POINT('',#7640);
#2191=VERTEX_POINT('',#7651);
#2192=VERTEX_POINT('',#7653);
#2193=VERTEX_POINT('',#7664);
#2194=VERTEX_POINT('',#7666);
#2195=VERTEX_POINT('',#7677);
#2196=VERTEX_POINT('',#7679);
#2197=VERTEX_POINT('',#7690);
#2198=VERTEX_POINT('',#7692);
#2199=VERTEX_POINT('',#7703);
#2200=VERTEX_POINT('',#7705);
#2201=VERTEX_POINT('',#7716);
#2202=VERTEX_POINT('',#7718);
#2203=VERTEX_POINT('',#7731);
#2204=VERTEX_POINT('',#7733);
#2205=VERTEX_POINT('',#7737);
#2206=VERTEX_POINT('',#7741);
#2207=VERTEX_POINT('',#7745);
#2208=VERTEX_POINT('',#7749);
#2209=VERTEX_POINT('',#7751);
#2210=VERTEX_POINT('',#7754);
#2211=VERTEX_POINT('',#7756);
#2212=VERTEX_POINT('',#7769);
#2213=VERTEX_POINT('',#7784);
#2214=VERTEX_POINT('',#7786);
#2215=VERTEX_POINT('',#7799);
#2216=VERTEX_POINT('',#7814);
#2217=VERTEX_POINT('',#7816);
#2218=VERTEX_POINT('',#7831);
#2219=VERTEX_POINT('',#7844);
#2220=VERTEX_POINT('',#7857);
#2221=VERTEX_POINT('',#7859);
#2222=VERTEX_POINT('',#7872);
#2223=VERTEX_POINT('',#7878);
#2224=VERTEX_POINT('',#7882);
#2225=VERTEX_POINT('',#7886);
#2226=VERTEX_POINT('',#7899);
#2227=VERTEX_POINT('',#7925);
#2228=VERTEX_POINT('',#7940);
#2229=VERTEX_POINT('',#7951);
#2230=VERTEX_POINT('',#7964);
#2231=VERTEX_POINT('',#7966);
#2232=VERTEX_POINT('',#8090);
#2233=VERTEX_POINT('',#8092);
#2234=VERTEX_POINT('',#8094);
#2235=VERTEX_POINT('',#8105);
#2236=VERTEX_POINT('',#8107);
#2237=VERTEX_POINT('',#8118);
#2238=VERTEX_POINT('',#8120);
#2239=VERTEX_POINT('',#8131);
#2240=VERTEX_POINT('',#8133);
#2241=VERTEX_POINT('',#8144);
#2242=VERTEX_POINT('',#8146);
#2243=VERTEX_POINT('',#8157);
#2244=VERTEX_POINT('',#8159);
#2245=VERTEX_POINT('',#8170);
#2246=VERTEX_POINT('',#8172);
#2247=VERTEX_POINT('',#8183);
#2248=VERTEX_POINT('',#8185);
#2249=VERTEX_POINT('',#8196);
#2250=VERTEX_POINT('',#8198);
#2251=VERTEX_POINT('',#8211);
#2252=VERTEX_POINT('',#8213);
#2253=VERTEX_POINT('',#8224);
#2254=VERTEX_POINT('',#8232);
#2255=VERTEX_POINT('',#8243);
#2256=VERTEX_POINT('',#8245);
#2257=VERTEX_POINT('',#8258);
#2258=VERTEX_POINT('',#8260);
#2259=VERTEX_POINT('',#8265);
#2260=VERTEX_POINT('',#8267);
#2261=VERTEX_POINT('',#8272);
#2262=VERTEX_POINT('',#8274);
#2263=VERTEX_POINT('',#8279);
#2264=VERTEX_POINT('',#8281);
#2265=VERTEX_POINT('',#8295);
#2266=VERTEX_POINT('',#8299);
#2267=VERTEX_POINT('',#8312);
#2268=VERTEX_POINT('',#8327);
#2269=VERTEX_POINT('',#8331);
#2270=VERTEX_POINT('',#8335);
#2271=VERTEX_POINT('',#8360);
#2272=VERTEX_POINT('',#8361);
#2273=VERTEX_POINT('',#8370);
#2274=VERTEX_POINT('',#8391);
#2275=VERTEX_POINT('',#8392);
#2276=VERTEX_POINT('',#8397);
#2277=VERTEX_POINT('',#8420);
#2278=VERTEX_POINT('',#8421);
#2279=VERTEX_POINT('',#8426);
#2280=VERTEX_POINT('',#8439);
#2281=VERTEX_POINT('',#8440);
#2282=VERTEX_POINT('',#8449);
#2283=VERTEX_POINT('',#8470);
#2284=VERTEX_POINT('',#8493);
#2285=VERTEX_POINT('',#8497);
#2286=VERTEX_POINT('',#8503);
#2287=VERTEX_POINT('',#8529);
#2288=VERTEX_POINT('',#8537);
#2289=VERTEX_POINT('',#8541);
#2290=EDGE_CURVE('',#1827,#1828,#1641,.T.);
#2291=EDGE_CURVE('',#1828,#1829,#777,.T.);
#2292=EDGE_CURVE('',#1830,#1829,#696,.T.);
#2293=EDGE_CURVE('',#1827,#1830,#778,.T.);
#2294=EDGE_CURVE('',#1828,#1831,#779,.T.);
#2295=EDGE_CURVE('',#1832,#1831,#780,.T.);
#2296=EDGE_CURVE('',#1829,#1832,#1642,.T.);
#2297=EDGE_CURVE('',#1827,#1831,#1643,.T.);
#2298=EDGE_CURVE('',#1831,#1833,#1644,.T.);
#2299=EDGE_CURVE('',#1833,#1832,#781,.T.);
#2300=EDGE_CURVE('',#1834,#1835,#782,.T.);
#2301=EDGE_CURVE('',#1836,#1835,#783,.T.);
#2302=EDGE_CURVE('',#1837,#1836,#784,.T.);
#2303=EDGE_CURVE('',#1834,#1837,#785,.T.);
#2304=EDGE_CURVE('',#1838,#1838,#1645,.T.);
#2305=EDGE_CURVE('',#1839,#1839,#1646,.T.);
#2306=EDGE_CURVE('',#1839,#1838,#786,.T.);
#2307=EDGE_CURVE('',#1840,#1840,#1647,.T.);
#2308=EDGE_CURVE('',#1840,#1841,#787,.T.);
#2309=EDGE_CURVE('',#1841,#1841,#1648,.T.);
#2310=EDGE_CURVE('',#1842,#1843,#788,.T.);
#2311=EDGE_CURVE('',#1844,#1843,#789,.T.);
#2312=EDGE_CURVE('',#1845,#1844,#790,.T.);
#2313=EDGE_CURVE('',#1842,#1845,#791,.T.);
#2314=EDGE_CURVE('',#1846,#1842,#792,.T.);
#2315=EDGE_CURVE('',#1847,#1846,#793,.T.);
#2316=EDGE_CURVE('',#1843,#1847,#794,.T.);
#2317=EDGE_CURVE('',#1836,#1845,#795,.T.);
#2318=EDGE_CURVE('',#1848,#1835,#796,.T.);
#2319=EDGE_CURVE('',#1848,#1846,#797,.T.);
#2320=EDGE_CURVE('',#1849,#1848,#798,.T.);
#2321=EDGE_CURVE('',#1849,#1847,#799,.T.);
#2322=EDGE_CURVE('',#1834,#1849,#800,.T.);
#2323=EDGE_CURVE('',#1837,#1844,#801,.T.);
#2324=EDGE_CURVE('',#1835,#1850,#802,.T.);
#2325=EDGE_CURVE('',#1850,#1851,#803,.T.);
#2326=EDGE_CURVE('',#1852,#1851,#804,.T.);
#2327=EDGE_CURVE('',#1852,#1853,#805,.T.);
#2328=EDGE_CURVE('',#1853,#1834,#806,.T.);
#2329=EDGE_CURVE('',#1854,#1854,#1649,.T.);
#2330=EDGE_CURVE('',#1854,#1855,#807,.T.);
#2331=EDGE_CURVE('',#1855,#1855,#1650,.T.);
#2332=EDGE_CURVE('',#1856,#1856,#1651,.T.);
#2333=EDGE_CURVE('',#1856,#1857,#808,.T.);
#2334=EDGE_CURVE('',#1857,#1857,#1652,.T.);
#2335=EDGE_CURVE('',#1858,#1859,#809,.T.);
#2336=EDGE_CURVE('',#1858,#1860,#810,.T.);
#2337=EDGE_CURVE('',#1860,#1861,#811,.T.);
#2338=EDGE_CURVE('',#1861,#1859,#812,.T.);
#2339=EDGE_CURVE('',#1862,#1858,#813,.T.);
#2340=EDGE_CURVE('',#1859,#1863,#814,.T.);
#2341=EDGE_CURVE('',#1863,#1862,#815,.T.);
#2342=EDGE_CURVE('',#1864,#1862,#816,.T.);
#2343=EDGE_CURVE('',#1865,#1864,#817,.T.);
#2344=EDGE_CURVE('',#1866,#1865,#818,.T.);
#2345=EDGE_CURVE('',#1866,#1860,#819,.T.);
#2346=EDGE_CURVE('',#1867,#1863,#820,.T.);
#2347=EDGE_CURVE('',#1864,#1867,#821,.T.);
#2348=EDGE_CURVE('',#1868,#1861,#822,.T.);
#2349=EDGE_CURVE('',#1869,#1868,#823,.T.);
#2350=EDGE_CURVE('',#1867,#1869,#824,.T.);
#2351=EDGE_CURVE('',#1868,#1866,#825,.T.);
#2352=EDGE_CURVE('',#1865,#1869,#826,.T.);
#2353=EDGE_CURVE('',#1870,#1871,#827,.T.);
#2354=EDGE_CURVE('',#1872,#1871,#828,.T.);
#2355=EDGE_CURVE('',#1873,#1872,#829,.T.);
#2356=EDGE_CURVE('',#1870,#1873,#830,.T.);
#2357=EDGE_CURVE('',#1874,#1874,#1653,.T.);
#2358=EDGE_CURVE('',#1875,#1875,#1654,.T.);
#2359=EDGE_CURVE('',#1875,#1874,#831,.T.);
#2360=EDGE_CURVE('',#1876,#1876,#1655,.T.);
#2361=EDGE_CURVE('',#1876,#1877,#832,.T.);
#2362=EDGE_CURVE('',#1877,#1877,#1656,.T.);
#2363=EDGE_CURVE('',#1878,#1879,#833,.T.);
#2364=EDGE_CURVE('',#1880,#1879,#834,.T.);
#2365=EDGE_CURVE('',#1881,#1880,#835,.T.);
#2366=EDGE_CURVE('',#1878,#1881,#836,.T.);
#2367=EDGE_CURVE('',#1882,#1878,#837,.T.);
#2368=EDGE_CURVE('',#1883,#1882,#838,.T.);
#2369=EDGE_CURVE('',#1879,#1883,#839,.T.);
#2370=EDGE_CURVE('',#1872,#1881,#840,.T.);
#2371=EDGE_CURVE('',#1884,#1871,#841,.T.);
#2372=EDGE_CURVE('',#1884,#1882,#842,.T.);
#2373=EDGE_CURVE('',#1885,#1884,#843,.T.);
#2374=EDGE_CURVE('',#1885,#1883,#844,.T.);
#2375=EDGE_CURVE('',#1870,#1885,#845,.T.);
#2376=EDGE_CURVE('',#1873,#1880,#846,.T.);
#2377=EDGE_CURVE('',#1871,#1886,#847,.T.);
#2378=EDGE_CURVE('',#1886,#1887,#848,.T.);
#2379=EDGE_CURVE('',#1887,#1888,#1657,.T.);
#2380=EDGE_CURVE('',#1888,#1889,#849,.T.);
#2381=EDGE_CURVE('',#1889,#1890,#1658,.T.);
#2382=EDGE_CURVE('',#1890,#1891,#850,.T.);
#2383=EDGE_CURVE('',#1891,#1892,#1659,.T.);
#2384=EDGE_CURVE('',#1893,#1892,#851,.T.);
#2385=EDGE_CURVE('',#1893,#1894,#1660,.T.);
#2386=EDGE_CURVE('',#1894,#1895,#852,.T.);
#2387=EDGE_CURVE('',#1895,#1896,#1661,.T.);
#2388=EDGE_CURVE('',#1896,#1897,#853,.T.);
#2389=EDGE_CURVE('',#1897,#1898,#1662,.T.);
#2390=EDGE_CURVE('',#1898,#1899,#854,.T.);
#2391=EDGE_CURVE('',#1899,#1900,#1663,.T.);
#2392=EDGE_CURVE('',#1901,#1900,#855,.T.);
#2393=EDGE_CURVE('',#1901,#1902,#1664,.T.);
#2394=EDGE_CURVE('',#1902,#1903,#856,.T.);
#2395=EDGE_CURVE('',#1903,#1904,#1665,.T.);
#2396=EDGE_CURVE('',#1904,#1905,#857,.T.);
#2397=EDGE_CURVE('',#1905,#1906,#1666,.T.);
#2398=EDGE_CURVE('',#1906,#1907,#858,.T.);
#2399=EDGE_CURVE('',#1907,#1908,#1667,.T.);
#2400=EDGE_CURVE('',#1909,#1908,#859,.T.);
#2401=EDGE_CURVE('',#1909,#1910,#1668,.T.);
#2402=EDGE_CURVE('',#1910,#1911,#860,.T.);
#2403=EDGE_CURVE('',#1911,#1912,#1669,.T.);
#2404=EDGE_CURVE('',#1912,#1913,#861,.T.);
#2405=EDGE_CURVE('',#1913,#1914,#1670,.T.);
#2406=EDGE_CURVE('',#1914,#1915,#862,.T.);
#2407=EDGE_CURVE('',#1915,#1916,#1671,.T.);
#2408=EDGE_CURVE('',#1917,#1916,#863,.T.);
#2409=EDGE_CURVE('',#1917,#1918,#1672,.T.);
#2410=EDGE_CURVE('',#1918,#1919,#864,.T.);
#2411=EDGE_CURVE('',#1919,#1920,#1673,.T.);
#2412=EDGE_CURVE('',#1920,#1921,#865,.T.);
#2413=EDGE_CURVE('',#1921,#1922,#1674,.T.);
#2414=EDGE_CURVE('',#1922,#1923,#866,.T.);
#2415=EDGE_CURVE('',#1923,#1924,#1675,.T.);
#2416=EDGE_CURVE('',#1925,#1924,#867,.T.);
#2417=EDGE_CURVE('',#1925,#1926,#1676,.T.);
#2418=EDGE_CURVE('',#1926,#1927,#868,.T.);
#2419=EDGE_CURVE('',#1927,#1928,#1677,.T.);
#2420=EDGE_CURVE('',#1928,#1929,#869,.T.);
#2421=EDGE_CURVE('',#1929,#1930,#1678,.T.);
#2422=EDGE_CURVE('',#1930,#1931,#870,.T.);
#2423=EDGE_CURVE('',#1931,#1932,#1679,.T.);
#2424=EDGE_CURVE('',#1933,#1932,#871,.T.);
#2425=EDGE_CURVE('',#1933,#1934,#1680,.T.);
#2426=EDGE_CURVE('',#1934,#1935,#872,.T.);
#2427=EDGE_CURVE('',#1935,#1936,#1681,.T.);
#2428=EDGE_CURVE('',#1936,#1937,#873,.T.);
#2429=EDGE_CURVE('',#1937,#1938,#1682,.T.);
#2430=EDGE_CURVE('',#1938,#1939,#874,.T.);
#2431=EDGE_CURVE('',#1939,#1940,#1683,.T.);
#2432=EDGE_CURVE('',#1941,#1940,#875,.T.);
#2433=EDGE_CURVE('',#1942,#1941,#1684,.T.);
#2434=EDGE_CURVE('',#1943,#1942,#876,.T.);
#2435=EDGE_CURVE('',#1944,#1943,#1685,.T.);
#2436=EDGE_CURVE('',#1945,#1944,#877,.T.);
#2437=EDGE_CURVE('',#1946,#1945,#1686,.T.);
#2438=EDGE_CURVE('',#1946,#1947,#878,.T.);
#2439=EDGE_CURVE('',#1948,#1947,#1687,.T.);
#2440=EDGE_CURVE('',#1949,#1948,#879,.T.);
#2441=EDGE_CURVE('',#1949,#1950,#1688,.T.);
#2442=EDGE_CURVE('',#1950,#1951,#880,.T.);
#2443=EDGE_CURVE('',#1951,#1952,#1689,.T.);
#2444=EDGE_CURVE('',#1952,#1953,#881,.T.);
#2445=EDGE_CURVE('',#1953,#1954,#1690,.T.);
#2446=EDGE_CURVE('',#1954,#1955,#882,.T.);
#2447=EDGE_CURVE('',#1955,#1956,#1691,.T.);
#2448=EDGE_CURVE('',#1957,#1956,#883,.T.);
#2449=EDGE_CURVE('',#1957,#1958,#1692,.T.);
#2450=EDGE_CURVE('',#1958,#1959,#884,.T.);
#2451=EDGE_CURVE('',#1959,#1960,#1693,.T.);
#2452=EDGE_CURVE('',#1960,#1961,#885,.T.);
#2453=EDGE_CURVE('',#1961,#1962,#1694,.T.);
#2454=EDGE_CURVE('',#1962,#1963,#886,.T.);
#2455=EDGE_CURVE('',#1963,#1964,#1695,.T.);
#2456=EDGE_CURVE('',#1965,#1964,#887,.T.);
#2457=EDGE_CURVE('',#1965,#1966,#1696,.T.);
#2458=EDGE_CURVE('',#1966,#1967,#888,.T.);
#2459=EDGE_CURVE('',#1967,#1968,#1697,.T.);
#2460=EDGE_CURVE('',#1968,#1969,#889,.T.);
#2461=EDGE_CURVE('',#1969,#1970,#1698,.T.);
#2462=EDGE_CURVE('',#1970,#1971,#890,.T.);
#2463=EDGE_CURVE('',#1971,#1870,#891,.T.);
#2464=EDGE_CURVE('',#1972,#1972,#1699,.T.);
#2465=EDGE_CURVE('',#1972,#1973,#892,.T.);
#2466=EDGE_CURVE('',#1973,#1973,#1700,.T.);
#2467=EDGE_CURVE('',#1974,#1975,#893,.T.);
#2468=EDGE_CURVE('',#1974,#1976,#894,.T.);
#2469=EDGE_CURVE('',#1976,#1977,#895,.T.);
#2470=EDGE_CURVE('',#1977,#1975,#15,.T.);
#2471=EDGE_CURVE('',#1974,#1978,#1701,.T.);
#2472=EDGE_CURVE('',#1978,#1976,#896,.T.);
#2473=EDGE_CURVE('',#1975,#1979,#1702,.T.);
#2474=EDGE_CURVE('',#1979,#1977,#897,.T.);
#2475=EDGE_CURVE('',#1978,#1979,#898,.T.);
#2476=EDGE_CURVE('',#1833,#1980,#899,.T.);
#2477=EDGE_CURVE('',#1981,#1980,#697,.T.);
#2478=EDGE_CURVE('',#1981,#1982,#900,.T.);
#2479=EDGE_CURVE('',#1982,#1830,#698,.T.);
#2480=EDGE_CURVE('',#1983,#1984,#1703,.T.);
#2481=EDGE_CURVE('',#1985,#1983,#901,.T.);
#2482=EDGE_CURVE('',#1986,#1985,#1704,.T.);
#2483=EDGE_CURVE('',#1987,#1986,#902,.T.);
#2484=EDGE_CURVE('',#1988,#1987,#1705,.T.);
#2485=EDGE_CURVE('',#1989,#1988,#903,.T.);
#2486=EDGE_CURVE('',#1990,#1989,#1706,.T.);
#2487=EDGE_CURVE('',#1984,#1990,#904,.T.);
#2488=EDGE_CURVE('',#1833,#1991,#1707,.T.);
#2489=EDGE_CURVE('',#1991,#1992,#905,.T.);
#2490=EDGE_CURVE('',#1993,#1992,#1708,.T.);
#2491=EDGE_CURVE('',#1993,#1994,#906,.T.);
#2492=EDGE_CURVE('',#1995,#1994,#907,.T.);
#2493=EDGE_CURVE('',#1996,#1995,#908,.T.);
#2494=EDGE_CURVE('',#1997,#1996,#1709,.T.);
#2495=EDGE_CURVE('',#1997,#1998,#909,.T.);
#2496=EDGE_CURVE('',#1998,#1999,#910,.T.);
#2497=EDGE_CURVE('',#1999,#2000,#911,.T.);
#2498=EDGE_CURVE('',#2000,#2001,#1710,.T.);
#2499=EDGE_CURVE('',#2002,#2001,#912,.T.);
#2500=EDGE_CURVE('',#1886,#2002,#1711,.T.);
#2501=EDGE_CURVE('',#2003,#1971,#1712,.T.);
#2502=EDGE_CURVE('',#2004,#2003,#913,.T.);
#2503=EDGE_CURVE('',#2004,#2005,#1713,.T.);
#2504=EDGE_CURVE('',#2006,#2005,#914,.T.);
#2505=EDGE_CURVE('',#1850,#2006,#1714,.T.);
#2506=EDGE_CURVE('',#2007,#1853,#1715,.T.);
#2507=EDGE_CURVE('',#2008,#2007,#915,.T.);
#2508=EDGE_CURVE('',#2008,#2009,#1716,.T.);
#2509=EDGE_CURVE('',#2010,#2009,#916,.T.);
#2510=EDGE_CURVE('',#2011,#2010,#1717,.T.);
#2511=EDGE_CURVE('',#1869,#2011,#917,.T.);
#2512=EDGE_CURVE('',#2012,#1865,#918,.T.);
#2513=EDGE_CURVE('',#2013,#2012,#1718,.T.);
#2514=EDGE_CURVE('',#2014,#2013,#919,.T.);
#2515=EDGE_CURVE('',#2014,#2015,#1719,.T.);
#2516=EDGE_CURVE('',#2016,#2015,#920,.T.);
#2517=EDGE_CURVE('',#2017,#2016,#1720,.T.);
#2518=EDGE_CURVE('',#2018,#2017,#921,.T.);
#2519=EDGE_CURVE('',#1980,#2018,#1721,.T.);
#2520=EDGE_CURVE('',#1991,#2019,#922,.T.);
#2521=EDGE_CURVE('',#2020,#1991,#923,.T.);
#2522=EDGE_CURVE('',#2021,#2020,#924,.T.);
#2523=EDGE_CURVE('',#2019,#2021,#925,.T.);
#2524=EDGE_CURVE('',#2022,#2023,#926,.T.);
#2525=EDGE_CURVE('',#2024,#2023,#927,.T.);
#2526=EDGE_CURVE('',#2000,#2024,#928,.T.);
#2527=EDGE_CURVE('',#2022,#1999,#929,.T.);
#2528=EDGE_CURVE('',#2025,#1998,#930,.T.);
#2529=EDGE_CURVE('',#2025,#2022,#931,.T.);
#2530=EDGE_CURVE('',#2019,#2026,#932,.T.);
#2531=EDGE_CURVE('',#2027,#2026,#933,.T.);
#2532=EDGE_CURVE('',#2027,#2028,#934,.T.);
#2533=EDGE_CURVE('',#2028,#1992,#935,.T.);
#2534=EDGE_CURVE('',#2029,#2025,#936,.T.);
#2535=EDGE_CURVE('',#2029,#2030,#937,.T.);
#2536=EDGE_CURVE('',#2030,#2031,#938,.T.);
#2537=EDGE_CURVE('',#2031,#2026,#939,.T.);
#2538=EDGE_CURVE('',#2023,#2021,#1722,.T.);
#2539=EDGE_CURVE('',#1997,#2032,#940,.T.);
#2540=EDGE_CURVE('',#2032,#2033,#941,.T.);
#2541=EDGE_CURVE('',#2033,#2029,#942,.T.);
#2542=EDGE_CURVE('',#2034,#2034,#1723,.T.);
#2543=EDGE_CURVE('',#2016,#2035,#699,.T.);
#2544=EDGE_CURVE('',#2035,#2036,#943,.T.);
#2545=EDGE_CURVE('',#2036,#2037,#700,.T.);
#2546=EDGE_CURVE('',#2037,#2038,#1724,.T.);
#2547=EDGE_CURVE('',#2038,#2039,#701,.T.);
#2548=EDGE_CURVE('',#2039,#2040,#944,.T.);
#2549=EDGE_CURVE('',#2040,#2013,#702,.T.);
#2550=EDGE_CURVE('',#2041,#2012,#945,.T.);
#2551=EDGE_CURVE('',#2042,#2041,#703,.T.);
#2552=EDGE_CURVE('',#2043,#2042,#1725,.T.);
#2553=EDGE_CURVE('',#2044,#2043,#704,.T.);
#2554=EDGE_CURVE('',#2045,#2044,#946,.T.);
#2555=EDGE_CURVE('',#2046,#2045,#705,.T.);
#2556=EDGE_CURVE('',#2047,#2046,#1726,.T.);
#2557=EDGE_CURVE('',#2048,#2047,#706,.T.);
#2558=EDGE_CURVE('',#2049,#2048,#947,.T.);
#2559=EDGE_CURVE('',#2050,#2049,#707,.T.);
#2560=EDGE_CURVE('',#2051,#2050,#1727,.T.);
#2561=EDGE_CURVE('',#2052,#2051,#708,.T.);
#2562=EDGE_CURVE('',#2053,#2052,#948,.T.);
#2563=EDGE_CURVE('',#2054,#2053,#709,.T.);
#2564=EDGE_CURVE('',#2055,#2054,#1728,.T.);
#2565=EDGE_CURVE('',#2056,#2055,#710,.T.);
#2566=EDGE_CURVE('',#2057,#2056,#949,.T.);
#2567=EDGE_CURVE('',#2058,#2057,#711,.T.);
#2568=EDGE_CURVE('',#2059,#2058,#1729,.T.);
#2569=EDGE_CURVE('',#2060,#2059,#712,.T.);
#2570=EDGE_CURVE('',#2061,#2060,#950,.T.);
#2571=EDGE_CURVE('',#2062,#2061,#713,.T.);
#2572=EDGE_CURVE('',#2063,#2062,#1730,.T.);
#2573=EDGE_CURVE('',#2017,#2063,#951,.T.);
#2574=EDGE_CURVE('',#2011,#2064,#952,.T.);
#2575=EDGE_CURVE('',#2064,#2065,#1731,.T.);
#2576=EDGE_CURVE('',#2065,#2066,#953,.T.);
#2577=EDGE_CURVE('',#2066,#2067,#1732,.T.);
#2578=EDGE_CURVE('',#2067,#2068,#954,.T.);
#2579=EDGE_CURVE('',#2068,#2069,#1733,.T.);
#2580=EDGE_CURVE('',#2070,#2069,#955,.T.);
#2581=EDGE_CURVE('',#2070,#2071,#1734,.T.);
#2582=EDGE_CURVE('',#2071,#2072,#956,.T.);
#2583=EDGE_CURVE('',#2072,#2073,#1735,.T.);
#2584=EDGE_CURVE('',#2073,#2074,#957,.T.);
#2585=EDGE_CURVE('',#2074,#2075,#1736,.T.);
#2586=EDGE_CURVE('',#2075,#2076,#958,.T.);
#2587=EDGE_CURVE('',#2076,#2077,#1737,.T.);
#2588=EDGE_CURVE('',#2078,#2077,#959,.T.);
#2589=EDGE_CURVE('',#2078,#2079,#1738,.T.);
#2590=EDGE_CURVE('',#2079,#2080,#960,.T.);
#2591=EDGE_CURVE('',#2080,#2081,#1739,.T.);
#2592=EDGE_CURVE('',#2081,#2082,#961,.T.);
#2593=EDGE_CURVE('',#2082,#2083,#1740,.T.);
#2594=EDGE_CURVE('',#2083,#2084,#962,.T.);
#2595=EDGE_CURVE('',#2084,#2085,#1741,.T.);
#2596=EDGE_CURVE('',#2086,#2085,#963,.T.);
#2597=EDGE_CURVE('',#2087,#2086,#1742,.T.);
#2598=EDGE_CURVE('',#2088,#2087,#964,.T.);
#2599=EDGE_CURVE('',#2089,#2088,#1743,.T.);
#2600=EDGE_CURVE('',#2090,#2089,#965,.T.);
#2601=EDGE_CURVE('',#2091,#2090,#1744,.T.);
#2602=EDGE_CURVE('',#2091,#2092,#966,.T.);
#2603=EDGE_CURVE('',#2093,#2092,#1745,.T.);
#2604=EDGE_CURVE('',#2094,#2093,#967,.T.);
#2605=EDGE_CURVE('',#2094,#2095,#1746,.T.);
#2606=EDGE_CURVE('',#2095,#2096,#968,.T.);
#2607=EDGE_CURVE('',#2096,#2097,#1747,.T.);
#2608=EDGE_CURVE('',#2097,#2098,#969,.T.);
#2609=EDGE_CURVE('',#2098,#2099,#1748,.T.);
#2610=EDGE_CURVE('',#2099,#2100,#970,.T.);
#2611=EDGE_CURVE('',#2100,#2101,#1749,.T.);
#2612=EDGE_CURVE('',#2102,#2101,#971,.T.);
#2613=EDGE_CURVE('',#2102,#2103,#1750,.T.);
#2614=EDGE_CURVE('',#2103,#2104,#972,.T.);
#2615=EDGE_CURVE('',#2104,#2105,#1751,.T.);
#2616=EDGE_CURVE('',#2105,#2106,#973,.T.);
#2617=EDGE_CURVE('',#2106,#2107,#1752,.T.);
#2618=EDGE_CURVE('',#2107,#2108,#974,.T.);
#2619=EDGE_CURVE('',#2108,#2109,#1753,.T.);
#2620=EDGE_CURVE('',#2110,#2109,#975,.T.);
#2621=EDGE_CURVE('',#2110,#2111,#1754,.T.);
#2622=EDGE_CURVE('',#2111,#2112,#976,.T.);
#2623=EDGE_CURVE('',#2112,#2113,#1755,.T.);
#2624=EDGE_CURVE('',#2113,#2114,#977,.T.);
#2625=EDGE_CURVE('',#2114,#2115,#1756,.T.);
#2626=EDGE_CURVE('',#2115,#2116,#978,.T.);
#2627=EDGE_CURVE('',#2116,#2117,#1757,.T.);
#2628=EDGE_CURVE('',#2118,#2117,#979,.T.);
#2629=EDGE_CURVE('',#2118,#2119,#1758,.T.);
#2630=EDGE_CURVE('',#2119,#2120,#980,.T.);
#2631=EDGE_CURVE('',#2120,#2121,#1759,.T.);
#2632=EDGE_CURVE('',#2121,#2122,#981,.T.);
#2633=EDGE_CURVE('',#2122,#2123,#1760,.T.);
#2634=EDGE_CURVE('',#2123,#2124,#982,.T.);
#2635=EDGE_CURVE('',#2124,#2125,#1761,.T.);
#2636=EDGE_CURVE('',#2126,#2125,#983,.T.);
#2637=EDGE_CURVE('',#2126,#2127,#1762,.T.);
#2638=EDGE_CURVE('',#2127,#2128,#984,.T.);
#2639=EDGE_CURVE('',#2128,#2129,#1763,.T.);
#2640=EDGE_CURVE('',#2129,#2130,#985,.T.);
#2641=EDGE_CURVE('',#2130,#2131,#1764,.T.);
#2642=EDGE_CURVE('',#2131,#2132,#986,.T.);
#2643=EDGE_CURVE('',#2132,#2133,#1765,.T.);
#2644=EDGE_CURVE('',#2134,#2133,#987,.T.);
#2645=EDGE_CURVE('',#2134,#2135,#1766,.T.);
#2646=EDGE_CURVE('',#2135,#2136,#988,.T.);
#2647=EDGE_CURVE('',#2136,#2137,#1767,.T.);
#2648=EDGE_CURVE('',#2137,#2138,#989,.T.);
#2649=EDGE_CURVE('',#2138,#2139,#1768,.T.);
#2650=EDGE_CURVE('',#2139,#2140,#990,.T.);
#2651=EDGE_CURVE('',#2140,#2141,#1769,.T.);
#2652=EDGE_CURVE('',#2142,#2141,#991,.T.);
#2653=EDGE_CURVE('',#2142,#2143,#1770,.T.);
#2654=EDGE_CURVE('',#2143,#2144,#992,.T.);
#2655=EDGE_CURVE('',#2144,#2145,#1771,.T.);
#2656=EDGE_CURVE('',#2145,#2146,#993,.T.);
#2657=EDGE_CURVE('',#2146,#2041,#1772,.T.);
#2658=EDGE_CURVE('',#2010,#2147,#714,.T.);
#2659=EDGE_CURVE('',#2147,#2148,#994,.T.);
#2660=EDGE_CURVE('',#2148,#2149,#715,.T.);
#2661=EDGE_CURVE('',#2149,#2150,#1773,.T.);
#2662=EDGE_CURVE('',#2150,#2151,#716,.T.);
#2663=EDGE_CURVE('',#2151,#2152,#995,.T.);
#2664=EDGE_CURVE('',#2152,#2007,#717,.T.);
#2665=EDGE_CURVE('',#2153,#1852,#1774,.T.);
#2666=EDGE_CURVE('',#2154,#2153,#718,.T.);
#2667=EDGE_CURVE('',#2155,#2154,#996,.T.);
#2668=EDGE_CURVE('',#2156,#2155,#719,.T.);
#2669=EDGE_CURVE('',#2157,#2156,#1775,.T.);
#2670=EDGE_CURVE('',#2158,#2157,#720,.T.);
#2671=EDGE_CURVE('',#2159,#2158,#997,.T.);
#2672=EDGE_CURVE('',#2160,#2159,#721,.T.);
#2673=EDGE_CURVE('',#2161,#2160,#1776,.T.);
#2674=EDGE_CURVE('',#2162,#2161,#722,.T.);
#2675=EDGE_CURVE('',#2163,#2162,#998,.T.);
#2676=EDGE_CURVE('',#2164,#2163,#723,.T.);
#2677=EDGE_CURVE('',#2165,#2164,#1777,.T.);
#2678=EDGE_CURVE('',#2166,#2165,#724,.T.);
#2679=EDGE_CURVE('',#2167,#2166,#999,.T.);
#2680=EDGE_CURVE('',#2168,#2167,#725,.T.);
#2681=EDGE_CURVE('',#2169,#2168,#1778,.T.);
#2682=EDGE_CURVE('',#2170,#2169,#726,.T.);
#2683=EDGE_CURVE('',#2171,#2170,#1000,.T.);
#2684=EDGE_CURVE('',#2172,#2171,#727,.T.);
#2685=EDGE_CURVE('',#2173,#2172,#1779,.T.);
#2686=EDGE_CURVE('',#2064,#2173,#728,.T.);
#2687=EDGE_CURVE('',#2174,#1996,#1001,.T.);
#2688=EDGE_CURVE('',#2032,#2174,#1780,.T.);
#2689=EDGE_CURVE('',#2175,#2028,#1781,.T.);
#2690=EDGE_CURVE('',#1993,#2175,#1002,.T.);
#2691=EDGE_CURVE('',#2006,#2176,#729,.T.);
#2692=EDGE_CURVE('',#2176,#2177,#1003,.T.);
#2693=EDGE_CURVE('',#2177,#2178,#730,.T.);
#2694=EDGE_CURVE('',#2178,#2179,#1782,.T.);
#2695=EDGE_CURVE('',#2179,#2180,#731,.T.);
#2696=EDGE_CURVE('',#2180,#2181,#1004,.T.);
#2697=EDGE_CURVE('',#2181,#2003,#732,.T.);
#2698=EDGE_CURVE('',#2182,#1970,#733,.T.);
#2699=EDGE_CURVE('',#2183,#2182,#1783,.T.);
#2700=EDGE_CURVE('',#2184,#2183,#734,.T.);
#2701=EDGE_CURVE('',#2185,#2184,#1005,.T.);
#2702=EDGE_CURVE('',#2186,#2185,#735,.T.);
#2703=EDGE_CURVE('',#2187,#2186,#1784,.T.);
#2704=EDGE_CURVE('',#2188,#2187,#736,.T.);
#2705=EDGE_CURVE('',#2189,#2188,#1006,.T.);
#2706=EDGE_CURVE('',#2190,#2189,#737,.T.);
#2707=EDGE_CURVE('',#2191,#2190,#1785,.T.);
#2708=EDGE_CURVE('',#2192,#2191,#738,.T.);
#2709=EDGE_CURVE('',#2193,#2192,#1007,.T.);
#2710=EDGE_CURVE('',#2194,#2193,#739,.T.);
#2711=EDGE_CURVE('',#2195,#2194,#1786,.T.);
#2712=EDGE_CURVE('',#2196,#2195,#740,.T.);
#2713=EDGE_CURVE('',#2197,#2196,#1008,.T.);
#2714=EDGE_CURVE('',#2198,#2197,#741,.T.);
#2715=EDGE_CURVE('',#2199,#2198,#1787,.T.);
#2716=EDGE_CURVE('',#2200,#2199,#742,.T.);
#2717=EDGE_CURVE('',#2201,#2200,#1009,.T.);
#2718=EDGE_CURVE('',#2202,#2201,#743,.T.);
#2719=EDGE_CURVE('',#1851,#2202,#1788,.T.);
#2720=EDGE_CURVE('',#1987,#2203,#1010,.T.);
#2721=EDGE_CURVE('',#2203,#2204,#1789,.T.);
#2722=EDGE_CURVE('',#2204,#1988,#1011,.T.);
#2723=EDGE_CURVE('',#2205,#1986,#1012,.T.);
#2724=EDGE_CURVE('',#2203,#2205,#1013,.T.);
#2725=EDGE_CURVE('',#1985,#2206,#1014,.T.);
#2726=EDGE_CURVE('',#2206,#2205,#1790,.T.);
#2727=EDGE_CURVE('',#2207,#1983,#1015,.T.);
#2728=EDGE_CURVE('',#2206,#2207,#1016,.T.);
#2729=EDGE_CURVE('',#2208,#2208,#1791,.T.);
#2730=EDGE_CURVE('',#2209,#2209,#1792,.T.);
#2731=EDGE_CURVE('',#2177,#2210,#1017,.T.);
#2732=EDGE_CURVE('',#2210,#2211,#744,.T.);
#2733=EDGE_CURVE('',#2211,#2178,#1018,.T.);
#2734=EDGE_CURVE('',#2212,#2176,#1019,.T.);
#2735=EDGE_CURVE('',#2212,#2210,#1020,.T.);
#2736=EDGE_CURVE('',#2005,#2212,#745,.T.);
#2737=EDGE_CURVE('',#2148,#2213,#1021,.T.);
#2738=EDGE_CURVE('',#2213,#2214,#746,.T.);
#2739=EDGE_CURVE('',#2214,#2149,#1022,.T.);
#2740=EDGE_CURVE('',#2215,#2147,#1023,.T.);
#2741=EDGE_CURVE('',#2215,#2213,#1024,.T.);
#2742=EDGE_CURVE('',#2009,#2215,#747,.T.);
#2743=EDGE_CURVE('',#2216,#2035,#1025,.T.);
#2744=EDGE_CURVE('',#2216,#2217,#1026,.T.);
#2745=EDGE_CURVE('',#2036,#2217,#1027,.T.);
#2746=EDGE_CURVE('',#2015,#2216,#748,.T.);
#2747=EDGE_CURVE('',#2040,#2218,#1028,.T.);
#2748=EDGE_CURVE('',#2218,#2014,#749,.T.);
#2749=EDGE_CURVE('',#2217,#2219,#750,.T.);
#2750=EDGE_CURVE('',#2219,#2037,#1029,.T.);
#2751=EDGE_CURVE('',#2150,#2220,#1030,.T.);
#2752=EDGE_CURVE('',#2220,#2221,#751,.T.);
#2753=EDGE_CURVE('',#2221,#2151,#1031,.T.);
#2754=EDGE_CURVE('',#2221,#2222,#1032,.T.);
#2755=EDGE_CURVE('',#2152,#2222,#1033,.T.);
#2756=EDGE_CURVE('',#2214,#2220,#1793,.T.);
#2757=EDGE_CURVE('',#2211,#2223,#1794,.T.);
#2758=EDGE_CURVE('',#2179,#2223,#1034,.T.);
#2759=EDGE_CURVE('',#2219,#2224,#1795,.T.);
#2760=EDGE_CURVE('',#2038,#2224,#1035,.T.);
#2761=EDGE_CURVE('',#2223,#2225,#752,.T.);
#2762=EDGE_CURVE('',#2225,#2180,#1036,.T.);
#2763=EDGE_CURVE('',#2224,#2226,#753,.T.);
#2764=EDGE_CURVE('',#2226,#2039,#1037,.T.);
#2765=EDGE_CURVE('',#2226,#2218,#1038,.T.);
#2766=EDGE_CURVE('',#2222,#2008,#754,.T.);
#2767=EDGE_CURVE('',#2225,#2227,#1039,.T.);
#2768=EDGE_CURVE('',#2181,#2227,#1040,.T.);
#2769=EDGE_CURVE('',#2227,#2004,#755,.T.);
#2770=EDGE_CURVE('',#2001,#2228,#756,.T.);
#2771=EDGE_CURVE('',#2228,#2229,#1041,.T.);
#2772=EDGE_CURVE('',#2002,#2229,#757,.T.);
#2773=EDGE_CURVE('',#2228,#2230,#1042,.T.);
#2774=EDGE_CURVE('',#2231,#2230,#1043,.T.);
#2775=EDGE_CURVE('',#2229,#2231,#1044,.T.);
#2776=EDGE_CURVE('',#1929,#2105,#1045,.T.);
#2777=EDGE_CURVE('',#2104,#1930,#1046,.T.);
#2778=EDGE_CURVE('',#1931,#2103,#1047,.T.);
#2779=EDGE_CURVE('',#2106,#1928,#1048,.T.);
#2780=EDGE_CURVE('',#1927,#2107,#1049,.T.);
#2781=EDGE_CURVE('',#2108,#1926,#1050,.T.);
#2782=EDGE_CURVE('',#1925,#2109,#1051,.T.);
#2783=EDGE_CURVE('',#2102,#1932,#1052,.T.);
#2784=EDGE_CURVE('',#1905,#2129,#1053,.T.);
#2785=EDGE_CURVE('',#2128,#1906,#1054,.T.);
#2786=EDGE_CURVE('',#1907,#2127,#1055,.T.);
#2787=EDGE_CURVE('',#2130,#1904,#1056,.T.);
#2788=EDGE_CURVE('',#1903,#2131,#1057,.T.);
#2789=EDGE_CURVE('',#2132,#1902,#1058,.T.);
#2790=EDGE_CURVE('',#1901,#2133,#1059,.T.);
#2791=EDGE_CURVE('',#2126,#1908,#1060,.T.);
#2792=EDGE_CURVE('',#1921,#2113,#1061,.T.);
#2793=EDGE_CURVE('',#2112,#1922,#1062,.T.);
#2794=EDGE_CURVE('',#1923,#2111,#1063,.T.);
#2795=EDGE_CURVE('',#2114,#1920,#1064,.T.);
#2796=EDGE_CURVE('',#1919,#2115,#1065,.T.);
#2797=EDGE_CURVE('',#2116,#1918,#1066,.T.);
#2798=EDGE_CURVE('',#1917,#2117,#1067,.T.);
#2799=EDGE_CURVE('',#2110,#1924,#1068,.T.);
#2800=EDGE_CURVE('',#1913,#2121,#1069,.T.);
#2801=EDGE_CURVE('',#2120,#1914,#1070,.T.);
#2802=EDGE_CURVE('',#1915,#2119,#1071,.T.);
#2803=EDGE_CURVE('',#2122,#1912,#1072,.T.);
#2804=EDGE_CURVE('',#1911,#2123,#1073,.T.);
#2805=EDGE_CURVE('',#2124,#1910,#1074,.T.);
#2806=EDGE_CURVE('',#1909,#2125,#1075,.T.);
#2807=EDGE_CURVE('',#2118,#1916,#1076,.T.);
#2808=EDGE_CURVE('',#1953,#2081,#1077,.T.);
#2809=EDGE_CURVE('',#2080,#1954,#1078,.T.);
#2810=EDGE_CURVE('',#1955,#2079,#1079,.T.);
#2811=EDGE_CURVE('',#2082,#1952,#1080,.T.);
#2812=EDGE_CURVE('',#1951,#2083,#1081,.T.);
#2813=EDGE_CURVE('',#2084,#1950,#1082,.T.);
#2814=EDGE_CURVE('',#1949,#2085,#1083,.T.);
#2815=EDGE_CURVE('',#2078,#1956,#1084,.T.);
#2816=EDGE_CURVE('',#1937,#2097,#1085,.T.);
#2817=EDGE_CURVE('',#2096,#1938,#1086,.T.);
#2818=EDGE_CURVE('',#1939,#2095,#1087,.T.);
#2819=EDGE_CURVE('',#2098,#1936,#1088,.T.);
#2820=EDGE_CURVE('',#1935,#2099,#1089,.T.);
#2821=EDGE_CURVE('',#2100,#1934,#1090,.T.);
#2822=EDGE_CURVE('',#1933,#2101,#1091,.T.);
#2823=EDGE_CURVE('',#2094,#1940,#1092,.T.);
#2824=EDGE_CURVE('',#1897,#2137,#1093,.T.);
#2825=EDGE_CURVE('',#2136,#1898,#1094,.T.);
#2826=EDGE_CURVE('',#1899,#2135,#1095,.T.);
#2827=EDGE_CURVE('',#2138,#1896,#1096,.T.);
#2828=EDGE_CURVE('',#1895,#2139,#1097,.T.);
#2829=EDGE_CURVE('',#2140,#1894,#1098,.T.);
#2830=EDGE_CURVE('',#1893,#2141,#1099,.T.);
#2831=EDGE_CURVE('',#2134,#1900,#1100,.T.);
#2832=EDGE_CURVE('',#1961,#2073,#1101,.T.);
#2833=EDGE_CURVE('',#2072,#1962,#1102,.T.);
#2834=EDGE_CURVE('',#1963,#2071,#1103,.T.);
#2835=EDGE_CURVE('',#2074,#1960,#1104,.T.);
#2836=EDGE_CURVE('',#1959,#2075,#1105,.T.);
#2837=EDGE_CURVE('',#2076,#1958,#1106,.T.);
#2838=EDGE_CURVE('',#1957,#2077,#1107,.T.);
#2839=EDGE_CURVE('',#2070,#1964,#1108,.T.);
#2840=EDGE_CURVE('',#2232,#2018,#1109,.T.);
#2841=EDGE_CURVE('',#2233,#2232,#1796,.T.);
#2842=EDGE_CURVE('',#2234,#2233,#758,.T.);
#2843=EDGE_CURVE('',#2235,#2234,#1110,.T.);
#2844=EDGE_CURVE('',#2236,#2235,#759,.T.);
#2845=EDGE_CURVE('',#2237,#2236,#1797,.T.);
#2846=EDGE_CURVE('',#2238,#2237,#760,.T.);
#2847=EDGE_CURVE('',#2239,#2238,#1111,.T.);
#2848=EDGE_CURVE('',#2240,#2239,#761,.T.);
#2849=EDGE_CURVE('',#2241,#2240,#1798,.T.);
#2850=EDGE_CURVE('',#2242,#2241,#762,.T.);
#2851=EDGE_CURVE('',#2243,#2242,#1112,.T.);
#2852=EDGE_CURVE('',#2244,#2243,#763,.T.);
#2853=EDGE_CURVE('',#2245,#2244,#1799,.T.);
#2854=EDGE_CURVE('',#2246,#2245,#764,.T.);
#2855=EDGE_CURVE('',#2247,#2246,#1113,.T.);
#2856=EDGE_CURVE('',#2248,#2247,#765,.T.);
#2857=EDGE_CURVE('',#2249,#2248,#1800,.T.);
#2858=EDGE_CURVE('',#2250,#2249,#766,.T.);
#2859=EDGE_CURVE('',#2251,#2250,#1114,.T.);
#2860=EDGE_CURVE('',#2252,#2251,#767,.T.);
#2861=EDGE_CURVE('',#2253,#2252,#1801,.T.);
#2862=EDGE_CURVE('',#1887,#2253,#768,.T.);
#2863=EDGE_CURVE('',#2231,#2254,#769,.T.);
#2864=EDGE_CURVE('',#2254,#2255,#1802,.T.);
#2865=EDGE_CURVE('',#2255,#2256,#770,.T.);
#2866=EDGE_CURVE('',#2256,#1981,#1115,.T.);
#2867=EDGE_CURVE('',#2257,#2257,#1803,.T.);
#2868=EDGE_CURVE('',#2257,#2258,#1116,.T.);
#2869=EDGE_CURVE('',#2258,#2258,#1804,.T.);
#2870=EDGE_CURVE('',#2259,#2259,#1805,.T.);
#2871=EDGE_CURVE('',#2259,#2260,#1117,.T.);
#2872=EDGE_CURVE('',#2260,#2260,#1806,.T.);
#2873=EDGE_CURVE('',#2261,#2261,#1807,.T.);
#2874=EDGE_CURVE('',#2261,#2262,#1118,.T.);
#2875=EDGE_CURVE('',#2262,#2262,#1808,.T.);
#2876=EDGE_CURVE('',#2263,#2263,#1809,.T.);
#2877=EDGE_CURVE('',#2263,#2264,#1119,.T.);
#2878=EDGE_CURVE('',#2264,#2264,#1810,.T.);
#2879=EDGE_CURVE('',#2175,#2027,#1120,.T.);
#2880=EDGE_CURVE('',#2033,#2174,#1121,.T.);
#2881=EDGE_CURVE('',#2030,#1995,#1122,.T.);
#2882=EDGE_CURVE('',#1994,#2031,#1123,.T.);
#2883=EDGE_CURVE('',#2265,#1982,#1124,.T.);
#2884=EDGE_CURVE('',#2265,#2256,#1125,.T.);
#2885=EDGE_CURVE('',#2266,#2265,#771,.T.);
#2886=EDGE_CURVE('',#2255,#2266,#1126,.T.);
#2887=EDGE_CURVE('',#2230,#2267,#772,.T.);
#2888=EDGE_CURVE('',#2267,#2254,#1127,.T.);
#2889=EDGE_CURVE('',#2267,#2266,#1811,.T.);
#2890=EDGE_CURVE('',#1984,#2268,#1128,.T.);
#2891=EDGE_CURVE('',#2268,#2207,#1812,.T.);
#2892=EDGE_CURVE('',#2269,#1990,#1129,.T.);
#2893=EDGE_CURVE('',#2268,#2269,#1130,.T.);
#2894=EDGE_CURVE('',#1989,#2270,#1131,.T.);
#2895=EDGE_CURVE('',#2270,#2269,#1813,.T.);
#2896=EDGE_CURVE('',#2270,#2204,#1132,.T.);
#2897=EDGE_CURVE('',#2232,#2063,#1133,.T.);
#2898=EDGE_CURVE('',#2059,#2236,#1134,.T.);
#2899=EDGE_CURVE('',#2237,#2058,#1135,.T.);
#2900=EDGE_CURVE('',#2235,#2060,#1136,.T.);
#2901=EDGE_CURVE('',#2057,#2238,#1137,.T.);
#2902=EDGE_CURVE('',#2051,#2244,#1138,.T.);
#2903=EDGE_CURVE('',#2245,#2050,#1139,.T.);
#2904=EDGE_CURVE('',#2243,#2052,#1140,.T.);
#2905=EDGE_CURVE('',#2049,#2246,#1141,.T.);
#2906=EDGE_CURVE('',#2142,#1892,#1142,.T.);
#2907=EDGE_CURVE('',#1891,#2143,#1143,.T.);
#2908=EDGE_CURVE('',#2271,#2272,#773,.T.);
#2909=EDGE_CURVE('',#2272,#2273,#1144,.T.);
#2910=EDGE_CURVE('',#2271,#2273,#1814,.T.);
#2911=EDGE_CURVE('',#2144,#1890,#1145,.T.);
#2912=EDGE_CURVE('',#1889,#2145,#1146,.T.);
#2913=EDGE_CURVE('',#2251,#2044,#1147,.T.);
#2914=EDGE_CURVE('',#2043,#2252,#1148,.T.);
#2915=EDGE_CURVE('',#2146,#2042,#1149,.T.);
#2916=EDGE_CURVE('',#2253,#1888,#1150,.T.);
#2917=EDGE_CURVE('',#2045,#2250,#1151,.T.);
#2918=EDGE_CURVE('',#2061,#2234,#1152,.T.);
#2919=EDGE_CURVE('',#2053,#2242,#1153,.T.);
#2920=EDGE_CURVE('',#2274,#2275,#774,.T.);
#2921=EDGE_CURVE('',#2276,#2275,#1815,.T.);
#2922=EDGE_CURVE('',#2276,#2274,#1154,.T.);
#2923=EDGE_CURVE('',#1965,#2069,#1155,.T.);
#2924=EDGE_CURVE('',#2068,#1966,#1156,.T.);
#2925=EDGE_CURVE('',#1967,#2067,#1157,.T.);
#2926=EDGE_CURVE('',#2066,#1968,#1158,.T.);
#2927=EDGE_CURVE('',#2167,#2188,#1159,.T.);
#2928=EDGE_CURVE('',#2187,#2168,#1160,.T.);
#2929=EDGE_CURVE('',#2189,#2166,#1161,.T.);
#2930=EDGE_CURVE('',#2159,#2196,#1162,.T.);
#2931=EDGE_CURVE('',#2195,#2160,#1163,.T.);
#2932=EDGE_CURVE('',#2197,#2158,#1164,.T.);
#2933=EDGE_CURVE('',#1969,#2182,#1165,.T.);
#2934=EDGE_CURVE('',#2277,#2278,#775,.T.);
#2935=EDGE_CURVE('',#2278,#2279,#1166,.T.);
#2936=EDGE_CURVE('',#2277,#2279,#1816,.T.);
#2937=EDGE_CURVE('',#2161,#2194,#1167,.T.);
#2938=EDGE_CURVE('',#2193,#2162,#1168,.T.);
#2939=EDGE_CURVE('',#2153,#2202,#1169,.T.);
#2940=EDGE_CURVE('',#2201,#2154,#1170,.T.);
#2941=EDGE_CURVE('',#2249,#2046,#1171,.T.);
#2942=EDGE_CURVE('',#2280,#2281,#776,.T.);
#2943=EDGE_CURVE('',#2282,#2281,#1817,.T.);
#2944=EDGE_CURVE('',#2282,#2280,#1172,.T.);
#2945=EDGE_CURVE('',#2239,#2056,#1173,.T.);
#2946=EDGE_CURVE('',#2055,#2240,#1174,.T.);
#2947=EDGE_CURVE('',#2233,#2062,#1175,.T.);
#2948=EDGE_CURVE('',#2247,#2048,#1176,.T.);
#2949=EDGE_CURVE('',#2047,#2248,#1177,.T.);
#2950=EDGE_CURVE('',#2241,#2054,#1178,.T.);
#2951=EDGE_CURVE('',#2169,#2186,#1179,.T.);
#2952=EDGE_CURVE('',#2185,#2170,#1180,.T.);
#2953=EDGE_CURVE('',#2171,#2184,#1181,.T.);
#2954=EDGE_CURVE('',#2283,#2273,#1182,.T.);
#2955=EDGE_CURVE('',#2283,#2271,#1183,.T.);
#2956=EDGE_CURVE('',#2173,#2065,#1184,.T.);
#2957=EDGE_CURVE('',#2183,#2172,#1185,.T.);
#2958=EDGE_CURVE('',#2163,#2192,#1186,.T.);
#2959=EDGE_CURVE('',#2191,#2164,#1187,.T.);
#2960=EDGE_CURVE('',#2165,#2190,#1188,.T.);
#2961=EDGE_CURVE('',#2155,#2200,#1189,.T.);
#2962=EDGE_CURVE('',#2199,#2156,#1190,.T.);
#2963=EDGE_CURVE('',#2157,#2198,#1191,.T.);
#2964=EDGE_CURVE('',#2282,#2284,#1192,.T.);
#2965=EDGE_CURVE('',#2281,#2284,#1193,.T.);
#2966=EDGE_CURVE('',#2285,#2279,#1194,.T.);
#2967=EDGE_CURVE('',#2285,#2277,#1195,.T.);
#2968=EDGE_CURVE('',#2278,#2285,#1818,.T.);
#2969=EDGE_CURVE('',#2276,#2286,#1196,.T.);
#2970=EDGE_CURVE('',#2275,#2286,#1197,.T.);
#2971=EDGE_CURVE('',#2286,#2274,#1819,.T.);
#2972=EDGE_CURVE('',#2284,#2280,#1820,.T.);
#2973=EDGE_CURVE('',#2272,#2283,#1821,.T.);
#2974=EDGE_CURVE('',#1945,#2089,#1198,.T.);
#2975=EDGE_CURVE('',#2088,#1946,#1199,.T.);
#2976=EDGE_CURVE('',#1947,#2087,#1200,.T.);
#2977=EDGE_CURVE('',#2090,#1944,#1201,.T.);
#2978=EDGE_CURVE('',#1943,#2091,#1202,.T.);
#2979=EDGE_CURVE('',#2092,#1942,#1203,.T.);
#2980=EDGE_CURVE('',#1941,#2093,#1204,.T.);
#2981=EDGE_CURVE('',#2086,#1948,#1205,.T.);
#2982=EDGE_CURVE('',#2209,#2287,#1206,.T.);
#2983=EDGE_CURVE('',#2287,#2287,#1822,.T.);
#2984=EDGE_CURVE('',#1991,#2000,#1823,.T.);
#2985=EDGE_CURVE('',#2024,#2020,#1824,.T.);
#2986=EDGE_CURVE('',#2288,#2288,#1825,.T.);
#2987=EDGE_CURVE('',#2288,#2034,#1207,.T.);
#2988=EDGE_CURVE('',#2289,#2289,#1826,.T.);
#2989=EDGE_CURVE('',#2289,#2208,#1208,.T.);
#2990=ORIENTED_EDGE('',*,*,#2290,.T.);
#2991=ORIENTED_EDGE('',*,*,#2291,.T.);
#2992=ORIENTED_EDGE('',*,*,#2292,.F.);
#2993=ORIENTED_EDGE('',*,*,#2293,.F.);
#2994=ORIENTED_EDGE('',*,*,#2291,.F.);
#2995=ORIENTED_EDGE('',*,*,#2294,.T.);
#2996=ORIENTED_EDGE('',*,*,#2295,.F.);
#2997=ORIENTED_EDGE('',*,*,#2296,.F.);
#2998=ORIENTED_EDGE('',*,*,#2297,.T.);
#2999=ORIENTED_EDGE('',*,*,#2294,.F.);
#3000=ORIENTED_EDGE('',*,*,#2290,.F.);
#3001=ORIENTED_EDGE('',*,*,#2295,.T.);
#3002=ORIENTED_EDGE('',*,*,#2298,.T.);
#3003=ORIENTED_EDGE('',*,*,#2299,.T.);
#3004=ORIENTED_EDGE('',*,*,#2300,.T.);
#3005=ORIENTED_EDGE('',*,*,#2301,.F.);
#3006=ORIENTED_EDGE('',*,*,#2302,.F.);
#3007=ORIENTED_EDGE('',*,*,#2303,.F.);
#3008=ORIENTED_EDGE('',*,*,#2304,.F.);
#3009=ORIENTED_EDGE('',*,*,#2305,.F.);
#3010=ORIENTED_EDGE('',*,*,#2306,.T.);
#3011=ORIENTED_EDGE('',*,*,#2304,.T.);
#3012=ORIENTED_EDGE('',*,*,#2306,.F.);
#3013=ORIENTED_EDGE('',*,*,#2307,.T.);
#3014=ORIENTED_EDGE('',*,*,#2308,.T.);
#3015=ORIENTED_EDGE('',*,*,#2309,.F.);
#3016=ORIENTED_EDGE('',*,*,#2308,.F.);
#3017=ORIENTED_EDGE('',*,*,#2309,.T.);
#3018=ORIENTED_EDGE('',*,*,#2305,.T.);
#3019=ORIENTED_EDGE('',*,*,#2310,.T.);
#3020=ORIENTED_EDGE('',*,*,#2311,.F.);
#3021=ORIENTED_EDGE('',*,*,#2312,.F.);
#3022=ORIENTED_EDGE('',*,*,#2313,.F.);
#3023=ORIENTED_EDGE('',*,*,#2307,.F.);
#3024=ORIENTED_EDGE('',*,*,#2314,.F.);
#3025=ORIENTED_EDGE('',*,*,#2315,.F.);
#3026=ORIENTED_EDGE('',*,*,#2316,.F.);
#3027=ORIENTED_EDGE('',*,*,#2310,.F.);
#3028=ORIENTED_EDGE('',*,*,#2314,.T.);
#3029=ORIENTED_EDGE('',*,*,#2313,.T.);
#3030=ORIENTED_EDGE('',*,*,#2317,.F.);
#3031=ORIENTED_EDGE('',*,*,#2301,.T.);
#3032=ORIENTED_EDGE('',*,*,#2318,.F.);
#3033=ORIENTED_EDGE('',*,*,#2319,.T.);
#3034=ORIENTED_EDGE('',*,*,#2315,.T.);
#3035=ORIENTED_EDGE('',*,*,#2319,.F.);
#3036=ORIENTED_EDGE('',*,*,#2320,.F.);
#3037=ORIENTED_EDGE('',*,*,#2321,.T.);
#3038=ORIENTED_EDGE('',*,*,#2316,.T.);
#3039=ORIENTED_EDGE('',*,*,#2321,.F.);
#3040=ORIENTED_EDGE('',*,*,#2322,.F.);
#3041=ORIENTED_EDGE('',*,*,#2303,.T.);
#3042=ORIENTED_EDGE('',*,*,#2323,.T.);
#3043=ORIENTED_EDGE('',*,*,#2311,.T.);
#3044=ORIENTED_EDGE('',*,*,#2302,.T.);
#3045=ORIENTED_EDGE('',*,*,#2317,.T.);
#3046=ORIENTED_EDGE('',*,*,#2312,.T.);
#3047=ORIENTED_EDGE('',*,*,#2323,.F.);
#3048=ORIENTED_EDGE('',*,*,#2322,.T.);
#3049=ORIENTED_EDGE('',*,*,#2320,.T.);
#3050=ORIENTED_EDGE('',*,*,#2318,.T.);
#3051=ORIENTED_EDGE('',*,*,#2324,.T.);
#3052=ORIENTED_EDGE('',*,*,#2325,.T.);
#3053=ORIENTED_EDGE('',*,*,#2326,.F.);
#3054=ORIENTED_EDGE('',*,*,#2327,.T.);
#3055=ORIENTED_EDGE('',*,*,#2328,.T.);
#3056=ORIENTED_EDGE('',*,*,#2329,.T.);
#3057=ORIENTED_EDGE('',*,*,#2330,.T.);
#3058=ORIENTED_EDGE('',*,*,#2331,.F.);
#3059=ORIENTED_EDGE('',*,*,#2330,.F.);
#3060=ORIENTED_EDGE('',*,*,#2332,.F.);
#3061=ORIENTED_EDGE('',*,*,#2333,.T.);
#3062=ORIENTED_EDGE('',*,*,#2334,.T.);
#3063=ORIENTED_EDGE('',*,*,#2333,.F.);
#3064=ORIENTED_EDGE('',*,*,#2334,.F.);
#3065=ORIENTED_EDGE('',*,*,#2329,.F.);
#3066=ORIENTED_EDGE('',*,*,#2335,.F.);
#3067=ORIENTED_EDGE('',*,*,#2336,.T.);
#3068=ORIENTED_EDGE('',*,*,#2337,.T.);
#3069=ORIENTED_EDGE('',*,*,#2338,.T.);
#3070=ORIENTED_EDGE('',*,*,#2332,.T.);
#3071=ORIENTED_EDGE('',*,*,#2339,.T.);
#3072=ORIENTED_EDGE('',*,*,#2335,.T.);
#3073=ORIENTED_EDGE('',*,*,#2340,.T.);
#3074=ORIENTED_EDGE('',*,*,#2341,.T.);
#3075=ORIENTED_EDGE('',*,*,#2339,.F.);
#3076=ORIENTED_EDGE('',*,*,#2342,.F.);
#3077=ORIENTED_EDGE('',*,*,#2343,.F.);
#3078=ORIENTED_EDGE('',*,*,#2344,.F.);
#3079=ORIENTED_EDGE('',*,*,#2345,.T.);
#3080=ORIENTED_EDGE('',*,*,#2336,.F.);
#3081=ORIENTED_EDGE('',*,*,#2341,.F.);
#3082=ORIENTED_EDGE('',*,*,#2346,.F.);
#3083=ORIENTED_EDGE('',*,*,#2347,.F.);
#3084=ORIENTED_EDGE('',*,*,#2342,.T.);
#3085=ORIENTED_EDGE('',*,*,#2340,.F.);
#3086=ORIENTED_EDGE('',*,*,#2338,.F.);
#3087=ORIENTED_EDGE('',*,*,#2348,.F.);
#3088=ORIENTED_EDGE('',*,*,#2349,.F.);
#3089=ORIENTED_EDGE('',*,*,#2350,.F.);
#3090=ORIENTED_EDGE('',*,*,#2346,.T.);
#3091=ORIENTED_EDGE('',*,*,#2351,.F.);
#3092=ORIENTED_EDGE('',*,*,#2348,.T.);
#3093=ORIENTED_EDGE('',*,*,#2337,.F.);
#3094=ORIENTED_EDGE('',*,*,#2345,.F.);
#3095=ORIENTED_EDGE('',*,*,#2352,.T.);
#3096=ORIENTED_EDGE('',*,*,#2349,.T.);
#3097=ORIENTED_EDGE('',*,*,#2351,.T.);
#3098=ORIENTED_EDGE('',*,*,#2344,.T.);
#3099=ORIENTED_EDGE('',*,*,#2331,.T.);
#3100=ORIENTED_EDGE('',*,*,#2353,.T.);
#3101=ORIENTED_EDGE('',*,*,#2354,.F.);
#3102=ORIENTED_EDGE('',*,*,#2355,.F.);
#3103=ORIENTED_EDGE('',*,*,#2356,.F.);
#3104=ORIENTED_EDGE('',*,*,#2357,.F.);
#3105=ORIENTED_EDGE('',*,*,#2358,.F.);
#3106=ORIENTED_EDGE('',*,*,#2359,.T.);
#3107=ORIENTED_EDGE('',*,*,#2357,.T.);
#3108=ORIENTED_EDGE('',*,*,#2359,.F.);
#3109=ORIENTED_EDGE('',*,*,#2360,.T.);
#3110=ORIENTED_EDGE('',*,*,#2361,.T.);
#3111=ORIENTED_EDGE('',*,*,#2362,.F.);
#3112=ORIENTED_EDGE('',*,*,#2361,.F.);
#3113=ORIENTED_EDGE('',*,*,#2362,.T.);
#3114=ORIENTED_EDGE('',*,*,#2358,.T.);
#3115=ORIENTED_EDGE('',*,*,#2363,.T.);
#3116=ORIENTED_EDGE('',*,*,#2364,.F.);
#3117=ORIENTED_EDGE('',*,*,#2365,.F.);
#3118=ORIENTED_EDGE('',*,*,#2366,.F.);
#3119=ORIENTED_EDGE('',*,*,#2360,.F.);
#3120=ORIENTED_EDGE('',*,*,#2367,.F.);
#3121=ORIENTED_EDGE('',*,*,#2368,.F.);
#3122=ORIENTED_EDGE('',*,*,#2369,.F.);
#3123=ORIENTED_EDGE('',*,*,#2363,.F.);
#3124=ORIENTED_EDGE('',*,*,#2367,.T.);
#3125=ORIENTED_EDGE('',*,*,#2366,.T.);
#3126=ORIENTED_EDGE('',*,*,#2370,.F.);
#3127=ORIENTED_EDGE('',*,*,#2354,.T.);
#3128=ORIENTED_EDGE('',*,*,#2371,.F.);
#3129=ORIENTED_EDGE('',*,*,#2372,.T.);
#3130=ORIENTED_EDGE('',*,*,#2368,.T.);
#3131=ORIENTED_EDGE('',*,*,#2372,.F.);
#3132=ORIENTED_EDGE('',*,*,#2373,.F.);
#3133=ORIENTED_EDGE('',*,*,#2374,.T.);
#3134=ORIENTED_EDGE('',*,*,#2369,.T.);
#3135=ORIENTED_EDGE('',*,*,#2374,.F.);
#3136=ORIENTED_EDGE('',*,*,#2375,.F.);
#3137=ORIENTED_EDGE('',*,*,#2356,.T.);
#3138=ORIENTED_EDGE('',*,*,#2376,.T.);
#3139=ORIENTED_EDGE('',*,*,#2364,.T.);
#3140=ORIENTED_EDGE('',*,*,#2355,.T.);
#3141=ORIENTED_EDGE('',*,*,#2370,.T.);
#3142=ORIENTED_EDGE('',*,*,#2365,.T.);
#3143=ORIENTED_EDGE('',*,*,#2376,.F.);
#3144=ORIENTED_EDGE('',*,*,#2375,.T.);
#3145=ORIENTED_EDGE('',*,*,#2373,.T.);
#3146=ORIENTED_EDGE('',*,*,#2371,.T.);
#3147=ORIENTED_EDGE('',*,*,#2377,.T.);
#3148=ORIENTED_EDGE('',*,*,#2378,.T.);
#3149=ORIENTED_EDGE('',*,*,#2379,.T.);
#3150=ORIENTED_EDGE('',*,*,#2380,.T.);
#3151=ORIENTED_EDGE('',*,*,#2381,.T.);
#3152=ORIENTED_EDGE('',*,*,#2382,.T.);
#3153=ORIENTED_EDGE('',*,*,#2383,.T.);
#3154=ORIENTED_EDGE('',*,*,#2384,.F.);
#3155=ORIENTED_EDGE('',*,*,#2385,.T.);
#3156=ORIENTED_EDGE('',*,*,#2386,.T.);
#3157=ORIENTED_EDGE('',*,*,#2387,.T.);
#3158=ORIENTED_EDGE('',*,*,#2388,.T.);
#3159=ORIENTED_EDGE('',*,*,#2389,.T.);
#3160=ORIENTED_EDGE('',*,*,#2390,.T.);
#3161=ORIENTED_EDGE('',*,*,#2391,.T.);
#3162=ORIENTED_EDGE('',*,*,#2392,.F.);
#3163=ORIENTED_EDGE('',*,*,#2393,.T.);
#3164=ORIENTED_EDGE('',*,*,#2394,.T.);
#3165=ORIENTED_EDGE('',*,*,#2395,.T.);
#3166=ORIENTED_EDGE('',*,*,#2396,.T.);
#3167=ORIENTED_EDGE('',*,*,#2397,.T.);
#3168=ORIENTED_EDGE('',*,*,#2398,.T.);
#3169=ORIENTED_EDGE('',*,*,#2399,.T.);
#3170=ORIENTED_EDGE('',*,*,#2400,.F.);
#3171=ORIENTED_EDGE('',*,*,#2401,.T.);
#3172=ORIENTED_EDGE('',*,*,#2402,.T.);
#3173=ORIENTED_EDGE('',*,*,#2403,.T.);
#3174=ORIENTED_EDGE('',*,*,#2404,.T.);
#3175=ORIENTED_EDGE('',*,*,#2405,.T.);
#3176=ORIENTED_EDGE('',*,*,#2406,.T.);
#3177=ORIENTED_EDGE('',*,*,#2407,.T.);
#3178=ORIENTED_EDGE('',*,*,#2408,.F.);
#3179=ORIENTED_EDGE('',*,*,#2409,.T.);
#3180=ORIENTED_EDGE('',*,*,#2410,.T.);
#3181=ORIENTED_EDGE('',*,*,#2411,.T.);
#3182=ORIENTED_EDGE('',*,*,#2412,.T.);
#3183=ORIENTED_EDGE('',*,*,#2413,.T.);
#3184=ORIENTED_EDGE('',*,*,#2414,.T.);
#3185=ORIENTED_EDGE('',*,*,#2415,.T.);
#3186=ORIENTED_EDGE('',*,*,#2416,.F.);
#3187=ORIENTED_EDGE('',*,*,#2417,.T.);
#3188=ORIENTED_EDGE('',*,*,#2418,.T.);
#3189=ORIENTED_EDGE('',*,*,#2419,.T.);
#3190=ORIENTED_EDGE('',*,*,#2420,.T.);
#3191=ORIENTED_EDGE('',*,*,#2421,.T.);
#3192=ORIENTED_EDGE('',*,*,#2422,.T.);
#3193=ORIENTED_EDGE('',*,*,#2423,.T.);
#3194=ORIENTED_EDGE('',*,*,#2424,.F.);
#3195=ORIENTED_EDGE('',*,*,#2425,.T.);
#3196=ORIENTED_EDGE('',*,*,#2426,.T.);
#3197=ORIENTED_EDGE('',*,*,#2427,.T.);
#3198=ORIENTED_EDGE('',*,*,#2428,.T.);
#3199=ORIENTED_EDGE('',*,*,#2429,.T.);
#3200=ORIENTED_EDGE('',*,*,#2430,.T.);
#3201=ORIENTED_EDGE('',*,*,#2431,.T.);
#3202=ORIENTED_EDGE('',*,*,#2432,.F.);
#3203=ORIENTED_EDGE('',*,*,#2433,.F.);
#3204=ORIENTED_EDGE('',*,*,#2434,.F.);
#3205=ORIENTED_EDGE('',*,*,#2435,.F.);
#3206=ORIENTED_EDGE('',*,*,#2436,.F.);
#3207=ORIENTED_EDGE('',*,*,#2437,.F.);
#3208=ORIENTED_EDGE('',*,*,#2438,.T.);
#3209=ORIENTED_EDGE('',*,*,#2439,.F.);
#3210=ORIENTED_EDGE('',*,*,#2440,.F.);
#3211=ORIENTED_EDGE('',*,*,#2441,.T.);
#3212=ORIENTED_EDGE('',*,*,#2442,.T.);
#3213=ORIENTED_EDGE('',*,*,#2443,.T.);
#3214=ORIENTED_EDGE('',*,*,#2444,.T.);
#3215=ORIENTED_EDGE('',*,*,#2445,.T.);
#3216=ORIENTED_EDGE('',*,*,#2446,.T.);
#3217=ORIENTED_EDGE('',*,*,#2447,.T.);
#3218=ORIENTED_EDGE('',*,*,#2448,.F.);
#3219=ORIENTED_EDGE('',*,*,#2449,.T.);
#3220=ORIENTED_EDGE('',*,*,#2450,.T.);
#3221=ORIENTED_EDGE('',*,*,#2451,.T.);
#3222=ORIENTED_EDGE('',*,*,#2452,.T.);
#3223=ORIENTED_EDGE('',*,*,#2453,.T.);
#3224=ORIENTED_EDGE('',*,*,#2454,.T.);
#3225=ORIENTED_EDGE('',*,*,#2455,.T.);
#3226=ORIENTED_EDGE('',*,*,#2456,.F.);
#3227=ORIENTED_EDGE('',*,*,#2457,.T.);
#3228=ORIENTED_EDGE('',*,*,#2458,.T.);
#3229=ORIENTED_EDGE('',*,*,#2459,.T.);
#3230=ORIENTED_EDGE('',*,*,#2460,.T.);
#3231=ORIENTED_EDGE('',*,*,#2461,.T.);
#3232=ORIENTED_EDGE('',*,*,#2462,.T.);
#3233=ORIENTED_EDGE('',*,*,#2463,.T.);
#3234=ORIENTED_EDGE('',*,*,#2464,.F.);
#3235=ORIENTED_EDGE('',*,*,#2465,.T.);
#3236=ORIENTED_EDGE('',*,*,#2466,.F.);
#3237=ORIENTED_EDGE('',*,*,#2465,.F.);
#3238=ORIENTED_EDGE('',*,*,#2467,.F.);
#3239=ORIENTED_EDGE('',*,*,#2468,.T.);
#3240=ORIENTED_EDGE('',*,*,#2469,.T.);
#3241=ORIENTED_EDGE('',*,*,#2470,.T.);
#3242=ORIENTED_EDGE('',*,*,#2471,.T.);
#3243=ORIENTED_EDGE('',*,*,#2472,.T.);
#3244=ORIENTED_EDGE('',*,*,#2468,.F.);
#3245=ORIENTED_EDGE('',*,*,#2473,.F.);
#3246=ORIENTED_EDGE('',*,*,#2470,.F.);
#3247=ORIENTED_EDGE('',*,*,#2474,.F.);
#3248=ORIENTED_EDGE('',*,*,#2475,.T.);
#3249=ORIENTED_EDGE('',*,*,#2474,.T.);
#3250=ORIENTED_EDGE('',*,*,#2469,.F.);
#3251=ORIENTED_EDGE('',*,*,#2472,.F.);
#3252=ORIENTED_EDGE('',*,*,#2296,.T.);
#3253=ORIENTED_EDGE('',*,*,#2299,.F.);
#3254=ORIENTED_EDGE('',*,*,#2476,.T.);
#3255=ORIENTED_EDGE('',*,*,#2477,.F.);
#3256=ORIENTED_EDGE('',*,*,#2478,.T.);
#3257=ORIENTED_EDGE('',*,*,#2479,.T.);
#3258=ORIENTED_EDGE('',*,*,#2292,.T.);
#3259=ORIENTED_EDGE('',*,*,#2480,.F.);
#3260=ORIENTED_EDGE('',*,*,#2481,.F.);
#3261=ORIENTED_EDGE('',*,*,#2482,.F.);
#3262=ORIENTED_EDGE('',*,*,#2483,.F.);
#3263=ORIENTED_EDGE('',*,*,#2484,.F.);
#3264=ORIENTED_EDGE('',*,*,#2485,.F.);
#3265=ORIENTED_EDGE('',*,*,#2486,.F.);
#3266=ORIENTED_EDGE('',*,*,#2487,.F.);
#3267=ORIENTED_EDGE('',*,*,#2488,.T.);
#3268=ORIENTED_EDGE('',*,*,#2489,.T.);
#3269=ORIENTED_EDGE('',*,*,#2490,.F.);
#3270=ORIENTED_EDGE('',*,*,#2491,.T.);
#3271=ORIENTED_EDGE('',*,*,#2492,.F.);
#3272=ORIENTED_EDGE('',*,*,#2493,.F.);
#3273=ORIENTED_EDGE('',*,*,#2494,.F.);
#3274=ORIENTED_EDGE('',*,*,#2495,.T.);
#3275=ORIENTED_EDGE('',*,*,#2496,.T.);
#3276=ORIENTED_EDGE('',*,*,#2497,.T.);
#3277=ORIENTED_EDGE('',*,*,#2498,.T.);
#3278=ORIENTED_EDGE('',*,*,#2499,.F.);
#3279=ORIENTED_EDGE('',*,*,#2500,.F.);
#3280=ORIENTED_EDGE('',*,*,#2377,.F.);
#3281=ORIENTED_EDGE('',*,*,#2353,.F.);
#3282=ORIENTED_EDGE('',*,*,#2463,.F.);
#3283=ORIENTED_EDGE('',*,*,#2501,.F.);
#3284=ORIENTED_EDGE('',*,*,#2502,.F.);
#3285=ORIENTED_EDGE('',*,*,#2503,.T.);
#3286=ORIENTED_EDGE('',*,*,#2504,.F.);
#3287=ORIENTED_EDGE('',*,*,#2505,.F.);
#3288=ORIENTED_EDGE('',*,*,#2324,.F.);
#3289=ORIENTED_EDGE('',*,*,#2300,.F.);
#3290=ORIENTED_EDGE('',*,*,#2328,.F.);
#3291=ORIENTED_EDGE('',*,*,#2506,.F.);
#3292=ORIENTED_EDGE('',*,*,#2507,.F.);
#3293=ORIENTED_EDGE('',*,*,#2508,.T.);
#3294=ORIENTED_EDGE('',*,*,#2509,.F.);
#3295=ORIENTED_EDGE('',*,*,#2510,.F.);
#3296=ORIENTED_EDGE('',*,*,#2511,.F.);
#3297=ORIENTED_EDGE('',*,*,#2352,.F.);
#3298=ORIENTED_EDGE('',*,*,#2512,.F.);
#3299=ORIENTED_EDGE('',*,*,#2513,.F.);
#3300=ORIENTED_EDGE('',*,*,#2514,.F.);
#3301=ORIENTED_EDGE('',*,*,#2515,.T.);
#3302=ORIENTED_EDGE('',*,*,#2516,.F.);
#3303=ORIENTED_EDGE('',*,*,#2517,.F.);
#3304=ORIENTED_EDGE('',*,*,#2518,.F.);
#3305=ORIENTED_EDGE('',*,*,#2519,.F.);
#3306=ORIENTED_EDGE('',*,*,#2476,.F.);
#3307=ORIENTED_EDGE('',*,*,#2520,.F.);
#3308=ORIENTED_EDGE('',*,*,#2521,.F.);
#3309=ORIENTED_EDGE('',*,*,#2522,.F.);
#3310=ORIENTED_EDGE('',*,*,#2523,.F.);
#3311=ORIENTED_EDGE('',*,*,#2524,.T.);
#3312=ORIENTED_EDGE('',*,*,#2525,.F.);
#3313=ORIENTED_EDGE('',*,*,#2526,.F.);
#3314=ORIENTED_EDGE('',*,*,#2497,.F.);
#3315=ORIENTED_EDGE('',*,*,#2527,.F.);
#3316=ORIENTED_EDGE('',*,*,#2528,.F.);
#3317=ORIENTED_EDGE('',*,*,#2529,.T.);
#3318=ORIENTED_EDGE('',*,*,#2527,.T.);
#3319=ORIENTED_EDGE('',*,*,#2496,.F.);
#3320=ORIENTED_EDGE('',*,*,#2520,.T.);
#3321=ORIENTED_EDGE('',*,*,#2530,.T.);
#3322=ORIENTED_EDGE('',*,*,#2531,.F.);
#3323=ORIENTED_EDGE('',*,*,#2532,.T.);
#3324=ORIENTED_EDGE('',*,*,#2533,.T.);
#3325=ORIENTED_EDGE('',*,*,#2489,.F.);
#3326=ORIENTED_EDGE('',*,*,#2534,.F.);
#3327=ORIENTED_EDGE('',*,*,#2535,.T.);
#3328=ORIENTED_EDGE('',*,*,#2536,.T.);
#3329=ORIENTED_EDGE('',*,*,#2537,.T.);
#3330=ORIENTED_EDGE('',*,*,#2530,.F.);
#3331=ORIENTED_EDGE('',*,*,#2523,.T.);
#3332=ORIENTED_EDGE('',*,*,#2538,.F.);
#3333=ORIENTED_EDGE('',*,*,#2524,.F.);
#3334=ORIENTED_EDGE('',*,*,#2529,.F.);
#3335=ORIENTED_EDGE('',*,*,#2528,.T.);
#3336=ORIENTED_EDGE('',*,*,#2495,.F.);
#3337=ORIENTED_EDGE('',*,*,#2539,.T.);
#3338=ORIENTED_EDGE('',*,*,#2540,.T.);
#3339=ORIENTED_EDGE('',*,*,#2541,.T.);
#3340=ORIENTED_EDGE('',*,*,#2534,.T.);
#3341=ORIENTED_EDGE('',*,*,#2542,.F.);
#3342=ORIENTED_EDGE('',*,*,#2464,.T.);
#3343=ORIENTED_EDGE('',*,*,#2517,.T.);
#3344=ORIENTED_EDGE('',*,*,#2543,.T.);
#3345=ORIENTED_EDGE('',*,*,#2544,.T.);
#3346=ORIENTED_EDGE('',*,*,#2545,.T.);
#3347=ORIENTED_EDGE('',*,*,#2546,.T.);
#3348=ORIENTED_EDGE('',*,*,#2547,.T.);
#3349=ORIENTED_EDGE('',*,*,#2548,.T.);
#3350=ORIENTED_EDGE('',*,*,#2549,.T.);
#3351=ORIENTED_EDGE('',*,*,#2513,.T.);
#3352=ORIENTED_EDGE('',*,*,#2550,.F.);
#3353=ORIENTED_EDGE('',*,*,#2551,.F.);
#3354=ORIENTED_EDGE('',*,*,#2552,.F.);
#3355=ORIENTED_EDGE('',*,*,#2553,.F.);
#3356=ORIENTED_EDGE('',*,*,#2554,.F.);
#3357=ORIENTED_EDGE('',*,*,#2555,.F.);
#3358=ORIENTED_EDGE('',*,*,#2556,.F.);
#3359=ORIENTED_EDGE('',*,*,#2557,.F.);
#3360=ORIENTED_EDGE('',*,*,#2558,.F.);
#3361=ORIENTED_EDGE('',*,*,#2559,.F.);
#3362=ORIENTED_EDGE('',*,*,#2560,.F.);
#3363=ORIENTED_EDGE('',*,*,#2561,.F.);
#3364=ORIENTED_EDGE('',*,*,#2562,.F.);
#3365=ORIENTED_EDGE('',*,*,#2563,.F.);
#3366=ORIENTED_EDGE('',*,*,#2564,.F.);
#3367=ORIENTED_EDGE('',*,*,#2565,.F.);
#3368=ORIENTED_EDGE('',*,*,#2566,.F.);
#3369=ORIENTED_EDGE('',*,*,#2567,.F.);
#3370=ORIENTED_EDGE('',*,*,#2568,.F.);
#3371=ORIENTED_EDGE('',*,*,#2569,.F.);
#3372=ORIENTED_EDGE('',*,*,#2570,.F.);
#3373=ORIENTED_EDGE('',*,*,#2571,.F.);
#3374=ORIENTED_EDGE('',*,*,#2572,.F.);
#3375=ORIENTED_EDGE('',*,*,#2573,.F.);
#3376=ORIENTED_EDGE('',*,*,#2350,.T.);
#3377=ORIENTED_EDGE('',*,*,#2511,.T.);
#3378=ORIENTED_EDGE('',*,*,#2574,.T.);
#3379=ORIENTED_EDGE('',*,*,#2575,.T.);
#3380=ORIENTED_EDGE('',*,*,#2576,.T.);
#3381=ORIENTED_EDGE('',*,*,#2577,.T.);
#3382=ORIENTED_EDGE('',*,*,#2578,.T.);
#3383=ORIENTED_EDGE('',*,*,#2579,.T.);
#3384=ORIENTED_EDGE('',*,*,#2580,.F.);
#3385=ORIENTED_EDGE('',*,*,#2581,.T.);
#3386=ORIENTED_EDGE('',*,*,#2582,.T.);
#3387=ORIENTED_EDGE('',*,*,#2583,.T.);
#3388=ORIENTED_EDGE('',*,*,#2584,.T.);
#3389=ORIENTED_EDGE('',*,*,#2585,.T.);
#3390=ORIENTED_EDGE('',*,*,#2586,.T.);
#3391=ORIENTED_EDGE('',*,*,#2587,.T.);
#3392=ORIENTED_EDGE('',*,*,#2588,.F.);
#3393=ORIENTED_EDGE('',*,*,#2589,.T.);
#3394=ORIENTED_EDGE('',*,*,#2590,.T.);
#3395=ORIENTED_EDGE('',*,*,#2591,.T.);
#3396=ORIENTED_EDGE('',*,*,#2592,.T.);
#3397=ORIENTED_EDGE('',*,*,#2593,.T.);
#3398=ORIENTED_EDGE('',*,*,#2594,.T.);
#3399=ORIENTED_EDGE('',*,*,#2595,.T.);
#3400=ORIENTED_EDGE('',*,*,#2596,.F.);
#3401=ORIENTED_EDGE('',*,*,#2597,.F.);
#3402=ORIENTED_EDGE('',*,*,#2598,.F.);
#3403=ORIENTED_EDGE('',*,*,#2599,.F.);
#3404=ORIENTED_EDGE('',*,*,#2600,.F.);
#3405=ORIENTED_EDGE('',*,*,#2601,.F.);
#3406=ORIENTED_EDGE('',*,*,#2602,.T.);
#3407=ORIENTED_EDGE('',*,*,#2603,.F.);
#3408=ORIENTED_EDGE('',*,*,#2604,.F.);
#3409=ORIENTED_EDGE('',*,*,#2605,.T.);
#3410=ORIENTED_EDGE('',*,*,#2606,.T.);
#3411=ORIENTED_EDGE('',*,*,#2607,.T.);
#3412=ORIENTED_EDGE('',*,*,#2608,.T.);
#3413=ORIENTED_EDGE('',*,*,#2609,.T.);
#3414=ORIENTED_EDGE('',*,*,#2610,.T.);
#3415=ORIENTED_EDGE('',*,*,#2611,.T.);
#3416=ORIENTED_EDGE('',*,*,#2612,.F.);
#3417=ORIENTED_EDGE('',*,*,#2613,.T.);
#3418=ORIENTED_EDGE('',*,*,#2614,.T.);
#3419=ORIENTED_EDGE('',*,*,#2615,.T.);
#3420=ORIENTED_EDGE('',*,*,#2616,.T.);
#3421=ORIENTED_EDGE('',*,*,#2617,.T.);
#3422=ORIENTED_EDGE('',*,*,#2618,.T.);
#3423=ORIENTED_EDGE('',*,*,#2619,.T.);
#3424=ORIENTED_EDGE('',*,*,#2620,.F.);
#3425=ORIENTED_EDGE('',*,*,#2621,.T.);
#3426=ORIENTED_EDGE('',*,*,#2622,.T.);
#3427=ORIENTED_EDGE('',*,*,#2623,.T.);
#3428=ORIENTED_EDGE('',*,*,#2624,.T.);
#3429=ORIENTED_EDGE('',*,*,#2625,.T.);
#3430=ORIENTED_EDGE('',*,*,#2626,.T.);
#3431=ORIENTED_EDGE('',*,*,#2627,.T.);
#3432=ORIENTED_EDGE('',*,*,#2628,.F.);
#3433=ORIENTED_EDGE('',*,*,#2629,.T.);
#3434=ORIENTED_EDGE('',*,*,#2630,.T.);
#3435=ORIENTED_EDGE('',*,*,#2631,.T.);
#3436=ORIENTED_EDGE('',*,*,#2632,.T.);
#3437=ORIENTED_EDGE('',*,*,#2633,.T.);
#3438=ORIENTED_EDGE('',*,*,#2634,.T.);
#3439=ORIENTED_EDGE('',*,*,#2635,.T.);
#3440=ORIENTED_EDGE('',*,*,#2636,.F.);
#3441=ORIENTED_EDGE('',*,*,#2637,.T.);
#3442=ORIENTED_EDGE('',*,*,#2638,.T.);
#3443=ORIENTED_EDGE('',*,*,#2639,.T.);
#3444=ORIENTED_EDGE('',*,*,#2640,.T.);
#3445=ORIENTED_EDGE('',*,*,#2641,.T.);
#3446=ORIENTED_EDGE('',*,*,#2642,.T.);
#3447=ORIENTED_EDGE('',*,*,#2643,.T.);
#3448=ORIENTED_EDGE('',*,*,#2644,.F.);
#3449=ORIENTED_EDGE('',*,*,#2645,.T.);
#3450=ORIENTED_EDGE('',*,*,#2646,.T.);
#3451=ORIENTED_EDGE('',*,*,#2647,.T.);
#3452=ORIENTED_EDGE('',*,*,#2648,.T.);
#3453=ORIENTED_EDGE('',*,*,#2649,.T.);
#3454=ORIENTED_EDGE('',*,*,#2650,.T.);
#3455=ORIENTED_EDGE('',*,*,#2651,.T.);
#3456=ORIENTED_EDGE('',*,*,#2652,.F.);
#3457=ORIENTED_EDGE('',*,*,#2653,.T.);
#3458=ORIENTED_EDGE('',*,*,#2654,.T.);
#3459=ORIENTED_EDGE('',*,*,#2655,.T.);
#3460=ORIENTED_EDGE('',*,*,#2656,.T.);
#3461=ORIENTED_EDGE('',*,*,#2657,.T.);
#3462=ORIENTED_EDGE('',*,*,#2550,.T.);
#3463=ORIENTED_EDGE('',*,*,#2512,.T.);
#3464=ORIENTED_EDGE('',*,*,#2343,.T.);
#3465=ORIENTED_EDGE('',*,*,#2347,.T.);
#3466=ORIENTED_EDGE('',*,*,#2510,.T.);
#3467=ORIENTED_EDGE('',*,*,#2658,.T.);
#3468=ORIENTED_EDGE('',*,*,#2659,.T.);
#3469=ORIENTED_EDGE('',*,*,#2660,.T.);
#3470=ORIENTED_EDGE('',*,*,#2661,.T.);
#3471=ORIENTED_EDGE('',*,*,#2662,.T.);
#3472=ORIENTED_EDGE('',*,*,#2663,.T.);
#3473=ORIENTED_EDGE('',*,*,#2664,.T.);
#3474=ORIENTED_EDGE('',*,*,#2506,.T.);
#3475=ORIENTED_EDGE('',*,*,#2327,.F.);
#3476=ORIENTED_EDGE('',*,*,#2665,.F.);
#3477=ORIENTED_EDGE('',*,*,#2666,.F.);
#3478=ORIENTED_EDGE('',*,*,#2667,.F.);
#3479=ORIENTED_EDGE('',*,*,#2668,.F.);
#3480=ORIENTED_EDGE('',*,*,#2669,.F.);
#3481=ORIENTED_EDGE('',*,*,#2670,.F.);
#3482=ORIENTED_EDGE('',*,*,#2671,.F.);
#3483=ORIENTED_EDGE('',*,*,#2672,.F.);
#3484=ORIENTED_EDGE('',*,*,#2673,.F.);
#3485=ORIENTED_EDGE('',*,*,#2674,.F.);
#3486=ORIENTED_EDGE('',*,*,#2675,.F.);
#3487=ORIENTED_EDGE('',*,*,#2676,.F.);
#3488=ORIENTED_EDGE('',*,*,#2677,.F.);
#3489=ORIENTED_EDGE('',*,*,#2678,.F.);
#3490=ORIENTED_EDGE('',*,*,#2679,.F.);
#3491=ORIENTED_EDGE('',*,*,#2680,.F.);
#3492=ORIENTED_EDGE('',*,*,#2681,.F.);
#3493=ORIENTED_EDGE('',*,*,#2682,.F.);
#3494=ORIENTED_EDGE('',*,*,#2683,.F.);
#3495=ORIENTED_EDGE('',*,*,#2684,.F.);
#3496=ORIENTED_EDGE('',*,*,#2685,.F.);
#3497=ORIENTED_EDGE('',*,*,#2686,.F.);
#3498=ORIENTED_EDGE('',*,*,#2574,.F.);
#3499=ORIENTED_EDGE('',*,*,#2494,.T.);
#3500=ORIENTED_EDGE('',*,*,#2687,.F.);
#3501=ORIENTED_EDGE('',*,*,#2688,.F.);
#3502=ORIENTED_EDGE('',*,*,#2539,.F.);
#3503=ORIENTED_EDGE('',*,*,#2490,.T.);
#3504=ORIENTED_EDGE('',*,*,#2533,.F.);
#3505=ORIENTED_EDGE('',*,*,#2689,.F.);
#3506=ORIENTED_EDGE('',*,*,#2690,.F.);
#3507=ORIENTED_EDGE('',*,*,#2505,.T.);
#3508=ORIENTED_EDGE('',*,*,#2691,.T.);
#3509=ORIENTED_EDGE('',*,*,#2692,.T.);
#3510=ORIENTED_EDGE('',*,*,#2693,.T.);
#3511=ORIENTED_EDGE('',*,*,#2694,.T.);
#3512=ORIENTED_EDGE('',*,*,#2695,.T.);
#3513=ORIENTED_EDGE('',*,*,#2696,.T.);
#3514=ORIENTED_EDGE('',*,*,#2697,.T.);
#3515=ORIENTED_EDGE('',*,*,#2501,.T.);
#3516=ORIENTED_EDGE('',*,*,#2462,.F.);
#3517=ORIENTED_EDGE('',*,*,#2698,.F.);
#3518=ORIENTED_EDGE('',*,*,#2699,.F.);
#3519=ORIENTED_EDGE('',*,*,#2700,.F.);
#3520=ORIENTED_EDGE('',*,*,#2701,.F.);
#3521=ORIENTED_EDGE('',*,*,#2702,.F.);
#3522=ORIENTED_EDGE('',*,*,#2703,.F.);
#3523=ORIENTED_EDGE('',*,*,#2704,.F.);
#3524=ORIENTED_EDGE('',*,*,#2705,.F.);
#3525=ORIENTED_EDGE('',*,*,#2706,.F.);
#3526=ORIENTED_EDGE('',*,*,#2707,.F.);
#3527=ORIENTED_EDGE('',*,*,#2708,.F.);
#3528=ORIENTED_EDGE('',*,*,#2709,.F.);
#3529=ORIENTED_EDGE('',*,*,#2710,.F.);
#3530=ORIENTED_EDGE('',*,*,#2711,.F.);
#3531=ORIENTED_EDGE('',*,*,#2712,.F.);
#3532=ORIENTED_EDGE('',*,*,#2713,.F.);
#3533=ORIENTED_EDGE('',*,*,#2714,.F.);
#3534=ORIENTED_EDGE('',*,*,#2715,.F.);
#3535=ORIENTED_EDGE('',*,*,#2716,.F.);
#3536=ORIENTED_EDGE('',*,*,#2717,.F.);
#3537=ORIENTED_EDGE('',*,*,#2718,.F.);
#3538=ORIENTED_EDGE('',*,*,#2719,.F.);
#3539=ORIENTED_EDGE('',*,*,#2325,.F.);
#3540=ORIENTED_EDGE('',*,*,#2484,.T.);
#3541=ORIENTED_EDGE('',*,*,#2720,.T.);
#3542=ORIENTED_EDGE('',*,*,#2721,.T.);
#3543=ORIENTED_EDGE('',*,*,#2722,.T.);
#3544=ORIENTED_EDGE('',*,*,#2483,.T.);
#3545=ORIENTED_EDGE('',*,*,#2723,.F.);
#3546=ORIENTED_EDGE('',*,*,#2724,.F.);
#3547=ORIENTED_EDGE('',*,*,#2720,.F.);
#3548=ORIENTED_EDGE('',*,*,#2482,.T.);
#3549=ORIENTED_EDGE('',*,*,#2725,.T.);
#3550=ORIENTED_EDGE('',*,*,#2726,.T.);
#3551=ORIENTED_EDGE('',*,*,#2723,.T.);
#3552=ORIENTED_EDGE('',*,*,#2481,.T.);
#3553=ORIENTED_EDGE('',*,*,#2727,.F.);
#3554=ORIENTED_EDGE('',*,*,#2728,.F.);
#3555=ORIENTED_EDGE('',*,*,#2725,.F.);
#3556=ORIENTED_EDGE('',*,*,#2729,.F.);
#3557=ORIENTED_EDGE('',*,*,#2730,.F.);
#3558=ORIENTED_EDGE('',*,*,#2693,.F.);
#3559=ORIENTED_EDGE('',*,*,#2731,.T.);
#3560=ORIENTED_EDGE('',*,*,#2732,.T.);
#3561=ORIENTED_EDGE('',*,*,#2733,.T.);
#3562=ORIENTED_EDGE('',*,*,#2692,.F.);
#3563=ORIENTED_EDGE('',*,*,#2734,.F.);
#3564=ORIENTED_EDGE('',*,*,#2735,.T.);
#3565=ORIENTED_EDGE('',*,*,#2731,.F.);
#3566=ORIENTED_EDGE('',*,*,#2691,.F.);
#3567=ORIENTED_EDGE('',*,*,#2504,.T.);
#3568=ORIENTED_EDGE('',*,*,#2736,.T.);
#3569=ORIENTED_EDGE('',*,*,#2734,.T.);
#3570=ORIENTED_EDGE('',*,*,#2660,.F.);
#3571=ORIENTED_EDGE('',*,*,#2737,.T.);
#3572=ORIENTED_EDGE('',*,*,#2738,.T.);
#3573=ORIENTED_EDGE('',*,*,#2739,.T.);
#3574=ORIENTED_EDGE('',*,*,#2659,.F.);
#3575=ORIENTED_EDGE('',*,*,#2740,.F.);
#3576=ORIENTED_EDGE('',*,*,#2741,.T.);
#3577=ORIENTED_EDGE('',*,*,#2737,.F.);
#3578=ORIENTED_EDGE('',*,*,#2658,.F.);
#3579=ORIENTED_EDGE('',*,*,#2509,.T.);
#3580=ORIENTED_EDGE('',*,*,#2742,.T.);
#3581=ORIENTED_EDGE('',*,*,#2740,.T.);
#3582=ORIENTED_EDGE('',*,*,#2544,.F.);
#3583=ORIENTED_EDGE('',*,*,#2743,.F.);
#3584=ORIENTED_EDGE('',*,*,#2744,.T.);
#3585=ORIENTED_EDGE('',*,*,#2745,.F.);
#3586=ORIENTED_EDGE('',*,*,#2543,.F.);
#3587=ORIENTED_EDGE('',*,*,#2516,.T.);
#3588=ORIENTED_EDGE('',*,*,#2746,.T.);
#3589=ORIENTED_EDGE('',*,*,#2743,.T.);
#3590=ORIENTED_EDGE('',*,*,#2549,.F.);
#3591=ORIENTED_EDGE('',*,*,#2747,.T.);
#3592=ORIENTED_EDGE('',*,*,#2748,.T.);
#3593=ORIENTED_EDGE('',*,*,#2514,.T.);
#3594=ORIENTED_EDGE('',*,*,#2545,.F.);
#3595=ORIENTED_EDGE('',*,*,#2745,.T.);
#3596=ORIENTED_EDGE('',*,*,#2749,.T.);
#3597=ORIENTED_EDGE('',*,*,#2750,.T.);
#3598=ORIENTED_EDGE('',*,*,#2662,.F.);
#3599=ORIENTED_EDGE('',*,*,#2751,.T.);
#3600=ORIENTED_EDGE('',*,*,#2752,.T.);
#3601=ORIENTED_EDGE('',*,*,#2753,.T.);
#3602=ORIENTED_EDGE('',*,*,#2663,.F.);
#3603=ORIENTED_EDGE('',*,*,#2753,.F.);
#3604=ORIENTED_EDGE('',*,*,#2754,.T.);
#3605=ORIENTED_EDGE('',*,*,#2755,.F.);
#3606=ORIENTED_EDGE('',*,*,#2661,.F.);
#3607=ORIENTED_EDGE('',*,*,#2739,.F.);
#3608=ORIENTED_EDGE('',*,*,#2756,.T.);
#3609=ORIENTED_EDGE('',*,*,#2751,.F.);
#3610=ORIENTED_EDGE('',*,*,#2694,.F.);
#3611=ORIENTED_EDGE('',*,*,#2733,.F.);
#3612=ORIENTED_EDGE('',*,*,#2757,.T.);
#3613=ORIENTED_EDGE('',*,*,#2758,.F.);
#3614=ORIENTED_EDGE('',*,*,#2546,.F.);
#3615=ORIENTED_EDGE('',*,*,#2750,.F.);
#3616=ORIENTED_EDGE('',*,*,#2759,.T.);
#3617=ORIENTED_EDGE('',*,*,#2760,.F.);
#3618=ORIENTED_EDGE('',*,*,#2695,.F.);
#3619=ORIENTED_EDGE('',*,*,#2758,.T.);
#3620=ORIENTED_EDGE('',*,*,#2761,.T.);
#3621=ORIENTED_EDGE('',*,*,#2762,.T.);
#3622=ORIENTED_EDGE('',*,*,#2547,.F.);
#3623=ORIENTED_EDGE('',*,*,#2760,.T.);
#3624=ORIENTED_EDGE('',*,*,#2763,.T.);
#3625=ORIENTED_EDGE('',*,*,#2764,.T.);
#3626=ORIENTED_EDGE('',*,*,#2548,.F.);
#3627=ORIENTED_EDGE('',*,*,#2764,.F.);
#3628=ORIENTED_EDGE('',*,*,#2765,.T.);
#3629=ORIENTED_EDGE('',*,*,#2747,.F.);
#3630=ORIENTED_EDGE('',*,*,#2664,.F.);
#3631=ORIENTED_EDGE('',*,*,#2755,.T.);
#3632=ORIENTED_EDGE('',*,*,#2766,.T.);
#3633=ORIENTED_EDGE('',*,*,#2507,.T.);
#3634=ORIENTED_EDGE('',*,*,#2696,.F.);
#3635=ORIENTED_EDGE('',*,*,#2762,.F.);
#3636=ORIENTED_EDGE('',*,*,#2767,.T.);
#3637=ORIENTED_EDGE('',*,*,#2768,.F.);
#3638=ORIENTED_EDGE('',*,*,#2697,.F.);
#3639=ORIENTED_EDGE('',*,*,#2768,.T.);
#3640=ORIENTED_EDGE('',*,*,#2769,.T.);
#3641=ORIENTED_EDGE('',*,*,#2502,.T.);
#3642=ORIENTED_EDGE('',*,*,#2770,.T.);
#3643=ORIENTED_EDGE('',*,*,#2771,.T.);
#3644=ORIENTED_EDGE('',*,*,#2772,.F.);
#3645=ORIENTED_EDGE('',*,*,#2499,.T.);
#3646=ORIENTED_EDGE('',*,*,#2773,.T.);
#3647=ORIENTED_EDGE('',*,*,#2774,.F.);
#3648=ORIENTED_EDGE('',*,*,#2775,.F.);
#3649=ORIENTED_EDGE('',*,*,#2771,.F.);
#3650=ORIENTED_EDGE('',*,*,#2421,.F.);
#3651=ORIENTED_EDGE('',*,*,#2776,.T.);
#3652=ORIENTED_EDGE('',*,*,#2615,.F.);
#3653=ORIENTED_EDGE('',*,*,#2777,.T.);
#3654=ORIENTED_EDGE('',*,*,#2777,.F.);
#3655=ORIENTED_EDGE('',*,*,#2614,.F.);
#3656=ORIENTED_EDGE('',*,*,#2778,.F.);
#3657=ORIENTED_EDGE('',*,*,#2422,.F.);
#3658=ORIENTED_EDGE('',*,*,#2617,.F.);
#3659=ORIENTED_EDGE('',*,*,#2779,.T.);
#3660=ORIENTED_EDGE('',*,*,#2419,.F.);
#3661=ORIENTED_EDGE('',*,*,#2780,.T.);
#3662=ORIENTED_EDGE('',*,*,#2780,.F.);
#3663=ORIENTED_EDGE('',*,*,#2418,.F.);
#3664=ORIENTED_EDGE('',*,*,#2781,.F.);
#3665=ORIENTED_EDGE('',*,*,#2618,.F.);
#3666=ORIENTED_EDGE('',*,*,#2417,.F.);
#3667=ORIENTED_EDGE('',*,*,#2782,.T.);
#3668=ORIENTED_EDGE('',*,*,#2619,.F.);
#3669=ORIENTED_EDGE('',*,*,#2781,.T.);
#3670=ORIENTED_EDGE('',*,*,#2613,.F.);
#3671=ORIENTED_EDGE('',*,*,#2783,.T.);
#3672=ORIENTED_EDGE('',*,*,#2423,.F.);
#3673=ORIENTED_EDGE('',*,*,#2778,.T.);
#3674=ORIENTED_EDGE('',*,*,#2776,.F.);
#3675=ORIENTED_EDGE('',*,*,#2420,.F.);
#3676=ORIENTED_EDGE('',*,*,#2779,.F.);
#3677=ORIENTED_EDGE('',*,*,#2616,.F.);
#3678=ORIENTED_EDGE('',*,*,#2397,.F.);
#3679=ORIENTED_EDGE('',*,*,#2784,.T.);
#3680=ORIENTED_EDGE('',*,*,#2639,.F.);
#3681=ORIENTED_EDGE('',*,*,#2785,.T.);
#3682=ORIENTED_EDGE('',*,*,#2785,.F.);
#3683=ORIENTED_EDGE('',*,*,#2638,.F.);
#3684=ORIENTED_EDGE('',*,*,#2786,.F.);
#3685=ORIENTED_EDGE('',*,*,#2398,.F.);
#3686=ORIENTED_EDGE('',*,*,#2641,.F.);
#3687=ORIENTED_EDGE('',*,*,#2787,.T.);
#3688=ORIENTED_EDGE('',*,*,#2395,.F.);
#3689=ORIENTED_EDGE('',*,*,#2788,.T.);
#3690=ORIENTED_EDGE('',*,*,#2788,.F.);
#3691=ORIENTED_EDGE('',*,*,#2394,.F.);
#3692=ORIENTED_EDGE('',*,*,#2789,.F.);
#3693=ORIENTED_EDGE('',*,*,#2642,.F.);
#3694=ORIENTED_EDGE('',*,*,#2393,.F.);
#3695=ORIENTED_EDGE('',*,*,#2790,.T.);
#3696=ORIENTED_EDGE('',*,*,#2643,.F.);
#3697=ORIENTED_EDGE('',*,*,#2789,.T.);
#3698=ORIENTED_EDGE('',*,*,#2637,.F.);
#3699=ORIENTED_EDGE('',*,*,#2791,.T.);
#3700=ORIENTED_EDGE('',*,*,#2399,.F.);
#3701=ORIENTED_EDGE('',*,*,#2786,.T.);
#3702=ORIENTED_EDGE('',*,*,#2784,.F.);
#3703=ORIENTED_EDGE('',*,*,#2396,.F.);
#3704=ORIENTED_EDGE('',*,*,#2787,.F.);
#3705=ORIENTED_EDGE('',*,*,#2640,.F.);
#3706=ORIENTED_EDGE('',*,*,#2413,.F.);
#3707=ORIENTED_EDGE('',*,*,#2792,.T.);
#3708=ORIENTED_EDGE('',*,*,#2623,.F.);
#3709=ORIENTED_EDGE('',*,*,#2793,.T.);
#3710=ORIENTED_EDGE('',*,*,#2793,.F.);
#3711=ORIENTED_EDGE('',*,*,#2622,.F.);
#3712=ORIENTED_EDGE('',*,*,#2794,.F.);
#3713=ORIENTED_EDGE('',*,*,#2414,.F.);
#3714=ORIENTED_EDGE('',*,*,#2625,.F.);
#3715=ORIENTED_EDGE('',*,*,#2795,.T.);
#3716=ORIENTED_EDGE('',*,*,#2411,.F.);
#3717=ORIENTED_EDGE('',*,*,#2796,.T.);
#3718=ORIENTED_EDGE('',*,*,#2796,.F.);
#3719=ORIENTED_EDGE('',*,*,#2410,.F.);
#3720=ORIENTED_EDGE('',*,*,#2797,.F.);
#3721=ORIENTED_EDGE('',*,*,#2626,.F.);
#3722=ORIENTED_EDGE('',*,*,#2409,.F.);
#3723=ORIENTED_EDGE('',*,*,#2798,.T.);
#3724=ORIENTED_EDGE('',*,*,#2627,.F.);
#3725=ORIENTED_EDGE('',*,*,#2797,.T.);
#3726=ORIENTED_EDGE('',*,*,#2621,.F.);
#3727=ORIENTED_EDGE('',*,*,#2799,.T.);
#3728=ORIENTED_EDGE('',*,*,#2415,.F.);
#3729=ORIENTED_EDGE('',*,*,#2794,.T.);
#3730=ORIENTED_EDGE('',*,*,#2792,.F.);
#3731=ORIENTED_EDGE('',*,*,#2412,.F.);
#3732=ORIENTED_EDGE('',*,*,#2795,.F.);
#3733=ORIENTED_EDGE('',*,*,#2624,.F.);
#3734=ORIENTED_EDGE('',*,*,#2405,.F.);
#3735=ORIENTED_EDGE('',*,*,#2800,.T.);
#3736=ORIENTED_EDGE('',*,*,#2631,.F.);
#3737=ORIENTED_EDGE('',*,*,#2801,.T.);
#3738=ORIENTED_EDGE('',*,*,#2801,.F.);
#3739=ORIENTED_EDGE('',*,*,#2630,.F.);
#3740=ORIENTED_EDGE('',*,*,#2802,.F.);
#3741=ORIENTED_EDGE('',*,*,#2406,.F.);
#3742=ORIENTED_EDGE('',*,*,#2633,.F.);
#3743=ORIENTED_EDGE('',*,*,#2803,.T.);
#3744=ORIENTED_EDGE('',*,*,#2403,.F.);
#3745=ORIENTED_EDGE('',*,*,#2804,.T.);
#3746=ORIENTED_EDGE('',*,*,#2804,.F.);
#3747=ORIENTED_EDGE('',*,*,#2402,.F.);
#3748=ORIENTED_EDGE('',*,*,#2805,.F.);
#3749=ORIENTED_EDGE('',*,*,#2634,.F.);
#3750=ORIENTED_EDGE('',*,*,#2401,.F.);
#3751=ORIENTED_EDGE('',*,*,#2806,.T.);
#3752=ORIENTED_EDGE('',*,*,#2635,.F.);
#3753=ORIENTED_EDGE('',*,*,#2805,.T.);
#3754=ORIENTED_EDGE('',*,*,#2629,.F.);
#3755=ORIENTED_EDGE('',*,*,#2807,.T.);
#3756=ORIENTED_EDGE('',*,*,#2407,.F.);
#3757=ORIENTED_EDGE('',*,*,#2802,.T.);
#3758=ORIENTED_EDGE('',*,*,#2800,.F.);
#3759=ORIENTED_EDGE('',*,*,#2404,.F.);
#3760=ORIENTED_EDGE('',*,*,#2803,.F.);
#3761=ORIENTED_EDGE('',*,*,#2632,.F.);
#3762=ORIENTED_EDGE('',*,*,#2445,.F.);
#3763=ORIENTED_EDGE('',*,*,#2808,.T.);
#3764=ORIENTED_EDGE('',*,*,#2591,.F.);
#3765=ORIENTED_EDGE('',*,*,#2809,.T.);
#3766=ORIENTED_EDGE('',*,*,#2809,.F.);
#3767=ORIENTED_EDGE('',*,*,#2590,.F.);
#3768=ORIENTED_EDGE('',*,*,#2810,.F.);
#3769=ORIENTED_EDGE('',*,*,#2446,.F.);
#3770=ORIENTED_EDGE('',*,*,#2593,.F.);
#3771=ORIENTED_EDGE('',*,*,#2811,.T.);
#3772=ORIENTED_EDGE('',*,*,#2443,.F.);
#3773=ORIENTED_EDGE('',*,*,#2812,.T.);
#3774=ORIENTED_EDGE('',*,*,#2812,.F.);
#3775=ORIENTED_EDGE('',*,*,#2442,.F.);
#3776=ORIENTED_EDGE('',*,*,#2813,.F.);
#3777=ORIENTED_EDGE('',*,*,#2594,.F.);
#3778=ORIENTED_EDGE('',*,*,#2441,.F.);
#3779=ORIENTED_EDGE('',*,*,#2814,.T.);
#3780=ORIENTED_EDGE('',*,*,#2595,.F.);
#3781=ORIENTED_EDGE('',*,*,#2813,.T.);
#3782=ORIENTED_EDGE('',*,*,#2589,.F.);
#3783=ORIENTED_EDGE('',*,*,#2815,.T.);
#3784=ORIENTED_EDGE('',*,*,#2447,.F.);
#3785=ORIENTED_EDGE('',*,*,#2810,.T.);
#3786=ORIENTED_EDGE('',*,*,#2808,.F.);
#3787=ORIENTED_EDGE('',*,*,#2444,.F.);
#3788=ORIENTED_EDGE('',*,*,#2811,.F.);
#3789=ORIENTED_EDGE('',*,*,#2592,.F.);
#3790=ORIENTED_EDGE('',*,*,#2429,.F.);
#3791=ORIENTED_EDGE('',*,*,#2816,.T.);
#3792=ORIENTED_EDGE('',*,*,#2607,.F.);
#3793=ORIENTED_EDGE('',*,*,#2817,.T.);
#3794=ORIENTED_EDGE('',*,*,#2817,.F.);
#3795=ORIENTED_EDGE('',*,*,#2606,.F.);
#3796=ORIENTED_EDGE('',*,*,#2818,.F.);
#3797=ORIENTED_EDGE('',*,*,#2430,.F.);
#3798=ORIENTED_EDGE('',*,*,#2609,.F.);
#3799=ORIENTED_EDGE('',*,*,#2819,.T.);
#3800=ORIENTED_EDGE('',*,*,#2427,.F.);
#3801=ORIENTED_EDGE('',*,*,#2820,.T.);
#3802=ORIENTED_EDGE('',*,*,#2820,.F.);
#3803=ORIENTED_EDGE('',*,*,#2426,.F.);
#3804=ORIENTED_EDGE('',*,*,#2821,.F.);
#3805=ORIENTED_EDGE('',*,*,#2610,.F.);
#3806=ORIENTED_EDGE('',*,*,#2425,.F.);
#3807=ORIENTED_EDGE('',*,*,#2822,.T.);
#3808=ORIENTED_EDGE('',*,*,#2611,.F.);
#3809=ORIENTED_EDGE('',*,*,#2821,.T.);
#3810=ORIENTED_EDGE('',*,*,#2605,.F.);
#3811=ORIENTED_EDGE('',*,*,#2823,.T.);
#3812=ORIENTED_EDGE('',*,*,#2431,.F.);
#3813=ORIENTED_EDGE('',*,*,#2818,.T.);
#3814=ORIENTED_EDGE('',*,*,#2816,.F.);
#3815=ORIENTED_EDGE('',*,*,#2428,.F.);
#3816=ORIENTED_EDGE('',*,*,#2819,.F.);
#3817=ORIENTED_EDGE('',*,*,#2608,.F.);
#3818=ORIENTED_EDGE('',*,*,#2389,.F.);
#3819=ORIENTED_EDGE('',*,*,#2824,.T.);
#3820=ORIENTED_EDGE('',*,*,#2647,.F.);
#3821=ORIENTED_EDGE('',*,*,#2825,.T.);
#3822=ORIENTED_EDGE('',*,*,#2825,.F.);
#3823=ORIENTED_EDGE('',*,*,#2646,.F.);
#3824=ORIENTED_EDGE('',*,*,#2826,.F.);
#3825=ORIENTED_EDGE('',*,*,#2390,.F.);
#3826=ORIENTED_EDGE('',*,*,#2649,.F.);
#3827=ORIENTED_EDGE('',*,*,#2827,.T.);
#3828=ORIENTED_EDGE('',*,*,#2387,.F.);
#3829=ORIENTED_EDGE('',*,*,#2828,.T.);
#3830=ORIENTED_EDGE('',*,*,#2828,.F.);
#3831=ORIENTED_EDGE('',*,*,#2386,.F.);
#3832=ORIENTED_EDGE('',*,*,#2829,.F.);
#3833=ORIENTED_EDGE('',*,*,#2650,.F.);
#3834=ORIENTED_EDGE('',*,*,#2385,.F.);
#3835=ORIENTED_EDGE('',*,*,#2830,.T.);
#3836=ORIENTED_EDGE('',*,*,#2651,.F.);
#3837=ORIENTED_EDGE('',*,*,#2829,.T.);
#3838=ORIENTED_EDGE('',*,*,#2645,.F.);
#3839=ORIENTED_EDGE('',*,*,#2831,.T.);
#3840=ORIENTED_EDGE('',*,*,#2391,.F.);
#3841=ORIENTED_EDGE('',*,*,#2826,.T.);
#3842=ORIENTED_EDGE('',*,*,#2824,.F.);
#3843=ORIENTED_EDGE('',*,*,#2388,.F.);
#3844=ORIENTED_EDGE('',*,*,#2827,.F.);
#3845=ORIENTED_EDGE('',*,*,#2648,.F.);
#3846=ORIENTED_EDGE('',*,*,#2453,.F.);
#3847=ORIENTED_EDGE('',*,*,#2832,.T.);
#3848=ORIENTED_EDGE('',*,*,#2583,.F.);
#3849=ORIENTED_EDGE('',*,*,#2833,.T.);
#3850=ORIENTED_EDGE('',*,*,#2833,.F.);
#3851=ORIENTED_EDGE('',*,*,#2582,.F.);
#3852=ORIENTED_EDGE('',*,*,#2834,.F.);
#3853=ORIENTED_EDGE('',*,*,#2454,.F.);
#3854=ORIENTED_EDGE('',*,*,#2585,.F.);
#3855=ORIENTED_EDGE('',*,*,#2835,.T.);
#3856=ORIENTED_EDGE('',*,*,#2451,.F.);
#3857=ORIENTED_EDGE('',*,*,#2836,.T.);
#3858=ORIENTED_EDGE('',*,*,#2836,.F.);
#3859=ORIENTED_EDGE('',*,*,#2450,.F.);
#3860=ORIENTED_EDGE('',*,*,#2837,.F.);
#3861=ORIENTED_EDGE('',*,*,#2586,.F.);
#3862=ORIENTED_EDGE('',*,*,#2449,.F.);
#3863=ORIENTED_EDGE('',*,*,#2838,.T.);
#3864=ORIENTED_EDGE('',*,*,#2587,.F.);
#3865=ORIENTED_EDGE('',*,*,#2837,.T.);
#3866=ORIENTED_EDGE('',*,*,#2581,.F.);
#3867=ORIENTED_EDGE('',*,*,#2839,.T.);
#3868=ORIENTED_EDGE('',*,*,#2455,.F.);
#3869=ORIENTED_EDGE('',*,*,#2834,.T.);
#3870=ORIENTED_EDGE('',*,*,#2832,.F.);
#3871=ORIENTED_EDGE('',*,*,#2452,.F.);
#3872=ORIENTED_EDGE('',*,*,#2835,.F.);
#3873=ORIENTED_EDGE('',*,*,#2584,.F.);
#3874=ORIENTED_EDGE('',*,*,#2519,.T.);
#3875=ORIENTED_EDGE('',*,*,#2840,.F.);
#3876=ORIENTED_EDGE('',*,*,#2841,.F.);
#3877=ORIENTED_EDGE('',*,*,#2842,.F.);
#3878=ORIENTED_EDGE('',*,*,#2843,.F.);
#3879=ORIENTED_EDGE('',*,*,#2844,.F.);
#3880=ORIENTED_EDGE('',*,*,#2845,.F.);
#3881=ORIENTED_EDGE('',*,*,#2846,.F.);
#3882=ORIENTED_EDGE('',*,*,#2847,.F.);
#3883=ORIENTED_EDGE('',*,*,#2848,.F.);
#3884=ORIENTED_EDGE('',*,*,#2849,.F.);
#3885=ORIENTED_EDGE('',*,*,#2850,.F.);
#3886=ORIENTED_EDGE('',*,*,#2851,.F.);
#3887=ORIENTED_EDGE('',*,*,#2852,.F.);
#3888=ORIENTED_EDGE('',*,*,#2853,.F.);
#3889=ORIENTED_EDGE('',*,*,#2854,.F.);
#3890=ORIENTED_EDGE('',*,*,#2855,.F.);
#3891=ORIENTED_EDGE('',*,*,#2856,.F.);
#3892=ORIENTED_EDGE('',*,*,#2857,.F.);
#3893=ORIENTED_EDGE('',*,*,#2858,.F.);
#3894=ORIENTED_EDGE('',*,*,#2859,.F.);
#3895=ORIENTED_EDGE('',*,*,#2860,.F.);
#3896=ORIENTED_EDGE('',*,*,#2861,.F.);
#3897=ORIENTED_EDGE('',*,*,#2862,.F.);
#3898=ORIENTED_EDGE('',*,*,#2378,.F.);
#3899=ORIENTED_EDGE('',*,*,#2500,.T.);
#3900=ORIENTED_EDGE('',*,*,#2772,.T.);
#3901=ORIENTED_EDGE('',*,*,#2775,.T.);
#3902=ORIENTED_EDGE('',*,*,#2863,.T.);
#3903=ORIENTED_EDGE('',*,*,#2864,.T.);
#3904=ORIENTED_EDGE('',*,*,#2865,.T.);
#3905=ORIENTED_EDGE('',*,*,#2866,.T.);
#3906=ORIENTED_EDGE('',*,*,#2477,.T.);
#3907=ORIENTED_EDGE('',*,*,#2867,.F.);
#3908=ORIENTED_EDGE('',*,*,#2868,.T.);
#3909=ORIENTED_EDGE('',*,*,#2869,.T.);
#3910=ORIENTED_EDGE('',*,*,#2868,.F.);
#3911=ORIENTED_EDGE('',*,*,#2869,.F.);
#3912=ORIENTED_EDGE('',*,*,#2870,.F.);
#3913=ORIENTED_EDGE('',*,*,#2871,.T.);
#3914=ORIENTED_EDGE('',*,*,#2872,.T.);
#3915=ORIENTED_EDGE('',*,*,#2871,.F.);
#3916=ORIENTED_EDGE('',*,*,#2872,.F.);
#3917=ORIENTED_EDGE('',*,*,#2873,.F.);
#3918=ORIENTED_EDGE('',*,*,#2874,.T.);
#3919=ORIENTED_EDGE('',*,*,#2875,.T.);
#3920=ORIENTED_EDGE('',*,*,#2874,.F.);
#3921=ORIENTED_EDGE('',*,*,#2875,.F.);
#3922=ORIENTED_EDGE('',*,*,#2876,.F.);
#3923=ORIENTED_EDGE('',*,*,#2877,.T.);
#3924=ORIENTED_EDGE('',*,*,#2878,.T.);
#3925=ORIENTED_EDGE('',*,*,#2877,.F.);
#3926=ORIENTED_EDGE('',*,*,#2878,.F.);
#3927=ORIENTED_EDGE('',*,*,#2879,.F.);
#3928=ORIENTED_EDGE('',*,*,#2689,.T.);
#3929=ORIENTED_EDGE('',*,*,#2532,.F.);
#3930=ORIENTED_EDGE('',*,*,#2880,.F.);
#3931=ORIENTED_EDGE('',*,*,#2540,.F.);
#3932=ORIENTED_EDGE('',*,*,#2688,.T.);
#3933=ORIENTED_EDGE('',*,*,#2687,.T.);
#3934=ORIENTED_EDGE('',*,*,#2493,.T.);
#3935=ORIENTED_EDGE('',*,*,#2881,.F.);
#3936=ORIENTED_EDGE('',*,*,#2535,.F.);
#3937=ORIENTED_EDGE('',*,*,#2541,.F.);
#3938=ORIENTED_EDGE('',*,*,#2880,.T.);
#3939=ORIENTED_EDGE('',*,*,#2879,.T.);
#3940=ORIENTED_EDGE('',*,*,#2531,.T.);
#3941=ORIENTED_EDGE('',*,*,#2537,.F.);
#3942=ORIENTED_EDGE('',*,*,#2882,.F.);
#3943=ORIENTED_EDGE('',*,*,#2491,.F.);
#3944=ORIENTED_EDGE('',*,*,#2690,.T.);
#3945=ORIENTED_EDGE('',*,*,#2492,.T.);
#3946=ORIENTED_EDGE('',*,*,#2882,.T.);
#3947=ORIENTED_EDGE('',*,*,#2536,.F.);
#3948=ORIENTED_EDGE('',*,*,#2881,.T.);
#3949=ORIENTED_EDGE('',*,*,#2883,.T.);
#3950=ORIENTED_EDGE('',*,*,#2478,.F.);
#3951=ORIENTED_EDGE('',*,*,#2866,.F.);
#3952=ORIENTED_EDGE('',*,*,#2884,.F.);
#3953=ORIENTED_EDGE('',*,*,#2885,.T.);
#3954=ORIENTED_EDGE('',*,*,#2884,.T.);
#3955=ORIENTED_EDGE('',*,*,#2865,.F.);
#3956=ORIENTED_EDGE('',*,*,#2886,.T.);
#3957=ORIENTED_EDGE('',*,*,#2887,.T.);
#3958=ORIENTED_EDGE('',*,*,#2888,.T.);
#3959=ORIENTED_EDGE('',*,*,#2863,.F.);
#3960=ORIENTED_EDGE('',*,*,#2774,.T.);
#3961=ORIENTED_EDGE('',*,*,#2889,.T.);
#3962=ORIENTED_EDGE('',*,*,#2886,.F.);
#3963=ORIENTED_EDGE('',*,*,#2864,.F.);
#3964=ORIENTED_EDGE('',*,*,#2888,.F.);
#3965=ORIENTED_EDGE('',*,*,#2480,.T.);
#3966=ORIENTED_EDGE('',*,*,#2890,.T.);
#3967=ORIENTED_EDGE('',*,*,#2891,.T.);
#3968=ORIENTED_EDGE('',*,*,#2727,.T.);
#3969=ORIENTED_EDGE('',*,*,#2487,.T.);
#3970=ORIENTED_EDGE('',*,*,#2892,.F.);
#3971=ORIENTED_EDGE('',*,*,#2893,.F.);
#3972=ORIENTED_EDGE('',*,*,#2890,.F.);
#3973=ORIENTED_EDGE('',*,*,#2486,.T.);
#3974=ORIENTED_EDGE('',*,*,#2894,.T.);
#3975=ORIENTED_EDGE('',*,*,#2895,.T.);
#3976=ORIENTED_EDGE('',*,*,#2892,.T.);
#3977=ORIENTED_EDGE('',*,*,#2485,.T.);
#3978=ORIENTED_EDGE('',*,*,#2722,.F.);
#3979=ORIENTED_EDGE('',*,*,#2896,.F.);
#3980=ORIENTED_EDGE('',*,*,#2894,.F.);
#3981=ORIENTED_EDGE('',*,*,#2518,.T.);
#3982=ORIENTED_EDGE('',*,*,#2573,.T.);
#3983=ORIENTED_EDGE('',*,*,#2897,.F.);
#3984=ORIENTED_EDGE('',*,*,#2840,.T.);
#3985=ORIENTED_EDGE('',*,*,#2845,.T.);
#3986=ORIENTED_EDGE('',*,*,#2898,.F.);
#3987=ORIENTED_EDGE('',*,*,#2568,.T.);
#3988=ORIENTED_EDGE('',*,*,#2899,.F.);
#3989=ORIENTED_EDGE('',*,*,#2844,.T.);
#3990=ORIENTED_EDGE('',*,*,#2900,.T.);
#3991=ORIENTED_EDGE('',*,*,#2569,.T.);
#3992=ORIENTED_EDGE('',*,*,#2898,.T.);
#3993=ORIENTED_EDGE('',*,*,#2846,.T.);
#3994=ORIENTED_EDGE('',*,*,#2899,.T.);
#3995=ORIENTED_EDGE('',*,*,#2567,.T.);
#3996=ORIENTED_EDGE('',*,*,#2901,.T.);
#3997=ORIENTED_EDGE('',*,*,#2853,.T.);
#3998=ORIENTED_EDGE('',*,*,#2902,.F.);
#3999=ORIENTED_EDGE('',*,*,#2560,.T.);
#4000=ORIENTED_EDGE('',*,*,#2903,.F.);
#4001=ORIENTED_EDGE('',*,*,#2852,.T.);
#4002=ORIENTED_EDGE('',*,*,#2904,.T.);
#4003=ORIENTED_EDGE('',*,*,#2561,.T.);
#4004=ORIENTED_EDGE('',*,*,#2902,.T.);
#4005=ORIENTED_EDGE('',*,*,#2854,.T.);
#4006=ORIENTED_EDGE('',*,*,#2903,.T.);
#4007=ORIENTED_EDGE('',*,*,#2559,.T.);
#4008=ORIENTED_EDGE('',*,*,#2905,.T.);
#4009=ORIENTED_EDGE('',*,*,#2653,.F.);
#4010=ORIENTED_EDGE('',*,*,#2906,.T.);
#4011=ORIENTED_EDGE('',*,*,#2383,.F.);
#4012=ORIENTED_EDGE('',*,*,#2907,.T.);
#4013=ORIENTED_EDGE('',*,*,#2908,.T.);
#4014=ORIENTED_EDGE('',*,*,#2909,.T.);
#4015=ORIENTED_EDGE('',*,*,#2910,.F.);
#4016=ORIENTED_EDGE('',*,*,#2911,.F.);
#4017=ORIENTED_EDGE('',*,*,#2654,.F.);
#4018=ORIENTED_EDGE('',*,*,#2907,.F.);
#4019=ORIENTED_EDGE('',*,*,#2382,.F.);
#4020=ORIENTED_EDGE('',*,*,#2381,.F.);
#4021=ORIENTED_EDGE('',*,*,#2912,.T.);
#4022=ORIENTED_EDGE('',*,*,#2655,.F.);
#4023=ORIENTED_EDGE('',*,*,#2911,.T.);
#4024=ORIENTED_EDGE('',*,*,#2860,.T.);
#4025=ORIENTED_EDGE('',*,*,#2913,.T.);
#4026=ORIENTED_EDGE('',*,*,#2553,.T.);
#4027=ORIENTED_EDGE('',*,*,#2914,.T.);
#4028=ORIENTED_EDGE('',*,*,#2551,.T.);
#4029=ORIENTED_EDGE('',*,*,#2657,.F.);
#4030=ORIENTED_EDGE('',*,*,#2915,.T.);
#4031=ORIENTED_EDGE('',*,*,#2861,.T.);
#4032=ORIENTED_EDGE('',*,*,#2914,.F.);
#4033=ORIENTED_EDGE('',*,*,#2552,.T.);
#4034=ORIENTED_EDGE('',*,*,#2915,.F.);
#4035=ORIENTED_EDGE('',*,*,#2656,.F.);
#4036=ORIENTED_EDGE('',*,*,#2912,.F.);
#4037=ORIENTED_EDGE('',*,*,#2380,.F.);
#4038=ORIENTED_EDGE('',*,*,#2916,.F.);
#4039=ORIENTED_EDGE('',*,*,#2859,.T.);
#4040=ORIENTED_EDGE('',*,*,#2917,.F.);
#4041=ORIENTED_EDGE('',*,*,#2554,.T.);
#4042=ORIENTED_EDGE('',*,*,#2913,.F.);
#4043=ORIENTED_EDGE('',*,*,#2843,.T.);
#4044=ORIENTED_EDGE('',*,*,#2918,.F.);
#4045=ORIENTED_EDGE('',*,*,#2570,.T.);
#4046=ORIENTED_EDGE('',*,*,#2900,.F.);
#4047=ORIENTED_EDGE('',*,*,#2851,.T.);
#4048=ORIENTED_EDGE('',*,*,#2919,.F.);
#4049=ORIENTED_EDGE('',*,*,#2562,.T.);
#4050=ORIENTED_EDGE('',*,*,#2904,.F.);
#4051=ORIENTED_EDGE('',*,*,#2920,.T.);
#4052=ORIENTED_EDGE('',*,*,#2921,.F.);
#4053=ORIENTED_EDGE('',*,*,#2922,.T.);
#4054=ORIENTED_EDGE('',*,*,#2457,.F.);
#4055=ORIENTED_EDGE('',*,*,#2923,.T.);
#4056=ORIENTED_EDGE('',*,*,#2579,.F.);
#4057=ORIENTED_EDGE('',*,*,#2924,.T.);
#4058=ORIENTED_EDGE('',*,*,#2925,.F.);
#4059=ORIENTED_EDGE('',*,*,#2458,.F.);
#4060=ORIENTED_EDGE('',*,*,#2924,.F.);
#4061=ORIENTED_EDGE('',*,*,#2578,.F.);
#4062=ORIENTED_EDGE('',*,*,#2577,.F.);
#4063=ORIENTED_EDGE('',*,*,#2926,.T.);
#4064=ORIENTED_EDGE('',*,*,#2459,.F.);
#4065=ORIENTED_EDGE('',*,*,#2925,.T.);
#4066=ORIENTED_EDGE('',*,*,#2680,.T.);
#4067=ORIENTED_EDGE('',*,*,#2927,.T.);
#4068=ORIENTED_EDGE('',*,*,#2704,.T.);
#4069=ORIENTED_EDGE('',*,*,#2928,.T.);
#4070=ORIENTED_EDGE('',*,*,#2679,.T.);
#4071=ORIENTED_EDGE('',*,*,#2929,.F.);
#4072=ORIENTED_EDGE('',*,*,#2705,.T.);
#4073=ORIENTED_EDGE('',*,*,#2927,.F.);
#4074=ORIENTED_EDGE('',*,*,#2672,.T.);
#4075=ORIENTED_EDGE('',*,*,#2930,.T.);
#4076=ORIENTED_EDGE('',*,*,#2712,.T.);
#4077=ORIENTED_EDGE('',*,*,#2931,.T.);
#4078=ORIENTED_EDGE('',*,*,#2671,.T.);
#4079=ORIENTED_EDGE('',*,*,#2932,.F.);
#4080=ORIENTED_EDGE('',*,*,#2713,.T.);
#4081=ORIENTED_EDGE('',*,*,#2930,.F.);
#4082=ORIENTED_EDGE('',*,*,#2698,.T.);
#4083=ORIENTED_EDGE('',*,*,#2461,.F.);
#4084=ORIENTED_EDGE('',*,*,#2933,.T.);
#4085=ORIENTED_EDGE('',*,*,#2934,.T.);
#4086=ORIENTED_EDGE('',*,*,#2935,.T.);
#4087=ORIENTED_EDGE('',*,*,#2936,.F.);
#4088=ORIENTED_EDGE('',*,*,#2674,.T.);
#4089=ORIENTED_EDGE('',*,*,#2937,.T.);
#4090=ORIENTED_EDGE('',*,*,#2710,.T.);
#4091=ORIENTED_EDGE('',*,*,#2938,.T.);
#4092=ORIENTED_EDGE('',*,*,#2666,.T.);
#4093=ORIENTED_EDGE('',*,*,#2939,.T.);
#4094=ORIENTED_EDGE('',*,*,#2718,.T.);
#4095=ORIENTED_EDGE('',*,*,#2940,.T.);
#4096=ORIENTED_EDGE('',*,*,#2862,.T.);
#4097=ORIENTED_EDGE('',*,*,#2916,.T.);
#4098=ORIENTED_EDGE('',*,*,#2379,.F.);
#4099=ORIENTED_EDGE('',*,*,#2858,.T.);
#4100=ORIENTED_EDGE('',*,*,#2941,.T.);
#4101=ORIENTED_EDGE('',*,*,#2555,.T.);
#4102=ORIENTED_EDGE('',*,*,#2917,.T.);
#4103=ORIENTED_EDGE('',*,*,#2942,.T.);
#4104=ORIENTED_EDGE('',*,*,#2943,.F.);
#4105=ORIENTED_EDGE('',*,*,#2944,.T.);
#4106=ORIENTED_EDGE('',*,*,#2847,.T.);
#4107=ORIENTED_EDGE('',*,*,#2901,.F.);
#4108=ORIENTED_EDGE('',*,*,#2566,.T.);
#4109=ORIENTED_EDGE('',*,*,#2945,.F.);
#4110=ORIENTED_EDGE('',*,*,#2848,.T.);
#4111=ORIENTED_EDGE('',*,*,#2945,.T.);
#4112=ORIENTED_EDGE('',*,*,#2565,.T.);
#4113=ORIENTED_EDGE('',*,*,#2946,.T.);
#4114=ORIENTED_EDGE('',*,*,#2842,.T.);
#4115=ORIENTED_EDGE('',*,*,#2947,.T.);
#4116=ORIENTED_EDGE('',*,*,#2571,.T.);
#4117=ORIENTED_EDGE('',*,*,#2918,.T.);
#4118=ORIENTED_EDGE('',*,*,#2855,.T.);
#4119=ORIENTED_EDGE('',*,*,#2905,.F.);
#4120=ORIENTED_EDGE('',*,*,#2558,.T.);
#4121=ORIENTED_EDGE('',*,*,#2948,.F.);
#4122=ORIENTED_EDGE('',*,*,#2856,.T.);
#4123=ORIENTED_EDGE('',*,*,#2948,.T.);
#4124=ORIENTED_EDGE('',*,*,#2557,.T.);
#4125=ORIENTED_EDGE('',*,*,#2949,.T.);
#4126=ORIENTED_EDGE('',*,*,#2850,.T.);
#4127=ORIENTED_EDGE('',*,*,#2950,.T.);
#4128=ORIENTED_EDGE('',*,*,#2563,.T.);
#4129=ORIENTED_EDGE('',*,*,#2919,.T.);
#4130=ORIENTED_EDGE('',*,*,#2682,.T.);
#4131=ORIENTED_EDGE('',*,*,#2951,.T.);
#4132=ORIENTED_EDGE('',*,*,#2702,.T.);
#4133=ORIENTED_EDGE('',*,*,#2952,.T.);
#4134=ORIENTED_EDGE('',*,*,#2683,.T.);
#4135=ORIENTED_EDGE('',*,*,#2952,.F.);
#4136=ORIENTED_EDGE('',*,*,#2701,.T.);
#4137=ORIENTED_EDGE('',*,*,#2953,.F.);
#4138=ORIENTED_EDGE('',*,*,#2954,.F.);
#4139=ORIENTED_EDGE('',*,*,#2955,.T.);
#4140=ORIENTED_EDGE('',*,*,#2910,.T.);
#4141=ORIENTED_EDGE('',*,*,#2686,.T.);
#4142=ORIENTED_EDGE('',*,*,#2956,.T.);
#4143=ORIENTED_EDGE('',*,*,#2575,.F.);
#4144=ORIENTED_EDGE('',*,*,#2684,.T.);
#4145=ORIENTED_EDGE('',*,*,#2953,.T.);
#4146=ORIENTED_EDGE('',*,*,#2700,.T.);
#4147=ORIENTED_EDGE('',*,*,#2957,.T.);
#4148=ORIENTED_EDGE('',*,*,#2685,.T.);
#4149=ORIENTED_EDGE('',*,*,#2957,.F.);
#4150=ORIENTED_EDGE('',*,*,#2699,.T.);
#4151=ORIENTED_EDGE('',*,*,#2933,.F.);
#4152=ORIENTED_EDGE('',*,*,#2460,.F.);
#4153=ORIENTED_EDGE('',*,*,#2926,.F.);
#4154=ORIENTED_EDGE('',*,*,#2576,.F.);
#4155=ORIENTED_EDGE('',*,*,#2956,.F.);
#4156=ORIENTED_EDGE('',*,*,#2675,.T.);
#4157=ORIENTED_EDGE('',*,*,#2938,.F.);
#4158=ORIENTED_EDGE('',*,*,#2709,.T.);
#4159=ORIENTED_EDGE('',*,*,#2958,.F.);
#4160=ORIENTED_EDGE('',*,*,#2676,.T.);
#4161=ORIENTED_EDGE('',*,*,#2958,.T.);
#4162=ORIENTED_EDGE('',*,*,#2708,.T.);
#4163=ORIENTED_EDGE('',*,*,#2959,.T.);
#4164=ORIENTED_EDGE('',*,*,#2677,.T.);
#4165=ORIENTED_EDGE('',*,*,#2959,.F.);
#4166=ORIENTED_EDGE('',*,*,#2707,.T.);
#4167=ORIENTED_EDGE('',*,*,#2960,.F.);
#4168=ORIENTED_EDGE('',*,*,#2678,.T.);
#4169=ORIENTED_EDGE('',*,*,#2960,.T.);
#4170=ORIENTED_EDGE('',*,*,#2706,.T.);
#4171=ORIENTED_EDGE('',*,*,#2929,.T.);
#4172=ORIENTED_EDGE('',*,*,#2667,.T.);
#4173=ORIENTED_EDGE('',*,*,#2940,.F.);
#4174=ORIENTED_EDGE('',*,*,#2717,.T.);
#4175=ORIENTED_EDGE('',*,*,#2961,.F.);
#4176=ORIENTED_EDGE('',*,*,#2668,.T.);
#4177=ORIENTED_EDGE('',*,*,#2961,.T.);
#4178=ORIENTED_EDGE('',*,*,#2716,.T.);
#4179=ORIENTED_EDGE('',*,*,#2962,.T.);
#4180=ORIENTED_EDGE('',*,*,#2669,.T.);
#4181=ORIENTED_EDGE('',*,*,#2962,.F.);
#4182=ORIENTED_EDGE('',*,*,#2715,.T.);
#4183=ORIENTED_EDGE('',*,*,#2963,.F.);
#4184=ORIENTED_EDGE('',*,*,#2670,.T.);
#4185=ORIENTED_EDGE('',*,*,#2963,.T.);
#4186=ORIENTED_EDGE('',*,*,#2714,.T.);
#4187=ORIENTED_EDGE('',*,*,#2932,.T.);
#4188=ORIENTED_EDGE('',*,*,#2964,.F.);
#4189=ORIENTED_EDGE('',*,*,#2943,.T.);
#4190=ORIENTED_EDGE('',*,*,#2965,.T.);
#4191=ORIENTED_EDGE('',*,*,#2966,.F.);
#4192=ORIENTED_EDGE('',*,*,#2967,.T.);
#4193=ORIENTED_EDGE('',*,*,#2936,.T.);
#4194=ORIENTED_EDGE('',*,*,#2968,.F.);
#4195=ORIENTED_EDGE('',*,*,#2934,.F.);
#4196=ORIENTED_EDGE('',*,*,#2967,.F.);
#4197=ORIENTED_EDGE('',*,*,#2969,.F.);
#4198=ORIENTED_EDGE('',*,*,#2921,.T.);
#4199=ORIENTED_EDGE('',*,*,#2970,.T.);
#4200=ORIENTED_EDGE('',*,*,#2971,.F.);
#4201=ORIENTED_EDGE('',*,*,#2970,.F.);
#4202=ORIENTED_EDGE('',*,*,#2920,.F.);
#4203=ORIENTED_EDGE('',*,*,#2972,.F.);
#4204=ORIENTED_EDGE('',*,*,#2965,.F.);
#4205=ORIENTED_EDGE('',*,*,#2942,.F.);
#4206=ORIENTED_EDGE('',*,*,#2973,.F.);
#4207=ORIENTED_EDGE('',*,*,#2908,.F.);
#4208=ORIENTED_EDGE('',*,*,#2955,.F.);
#4209=ORIENTED_EDGE('',*,*,#2437,.T.);
#4210=ORIENTED_EDGE('',*,*,#2974,.T.);
#4211=ORIENTED_EDGE('',*,*,#2599,.T.);
#4212=ORIENTED_EDGE('',*,*,#2975,.T.);
#4213=ORIENTED_EDGE('',*,*,#2975,.F.);
#4214=ORIENTED_EDGE('',*,*,#2598,.T.);
#4215=ORIENTED_EDGE('',*,*,#2976,.F.);
#4216=ORIENTED_EDGE('',*,*,#2438,.F.);
#4217=ORIENTED_EDGE('',*,*,#2601,.T.);
#4218=ORIENTED_EDGE('',*,*,#2977,.T.);
#4219=ORIENTED_EDGE('',*,*,#2435,.T.);
#4220=ORIENTED_EDGE('',*,*,#2978,.T.);
#4221=ORIENTED_EDGE('',*,*,#2978,.F.);
#4222=ORIENTED_EDGE('',*,*,#2434,.T.);
#4223=ORIENTED_EDGE('',*,*,#2979,.F.);
#4224=ORIENTED_EDGE('',*,*,#2602,.F.);
#4225=ORIENTED_EDGE('',*,*,#2433,.T.);
#4226=ORIENTED_EDGE('',*,*,#2980,.T.);
#4227=ORIENTED_EDGE('',*,*,#2603,.T.);
#4228=ORIENTED_EDGE('',*,*,#2979,.T.);
#4229=ORIENTED_EDGE('',*,*,#2891,.F.);
#4230=ORIENTED_EDGE('',*,*,#2893,.T.);
#4231=ORIENTED_EDGE('',*,*,#2895,.F.);
#4232=ORIENTED_EDGE('',*,*,#2896,.T.);
#4233=ORIENTED_EDGE('',*,*,#2721,.F.);
#4234=ORIENTED_EDGE('',*,*,#2724,.T.);
#4235=ORIENTED_EDGE('',*,*,#2726,.F.);
#4236=ORIENTED_EDGE('',*,*,#2728,.T.);
#4237=ORIENTED_EDGE('',*,*,#2980,.F.);
#4238=ORIENTED_EDGE('',*,*,#2432,.T.);
#4239=ORIENTED_EDGE('',*,*,#2823,.F.);
#4240=ORIENTED_EDGE('',*,*,#2604,.T.);
#4241=ORIENTED_EDGE('',*,*,#2782,.F.);
#4242=ORIENTED_EDGE('',*,*,#2416,.T.);
#4243=ORIENTED_EDGE('',*,*,#2799,.F.);
#4244=ORIENTED_EDGE('',*,*,#2620,.T.);
#4245=ORIENTED_EDGE('',*,*,#2644,.T.);
#4246=ORIENTED_EDGE('',*,*,#2790,.F.);
#4247=ORIENTED_EDGE('',*,*,#2392,.T.);
#4248=ORIENTED_EDGE('',*,*,#2831,.F.);
#4249=ORIENTED_EDGE('',*,*,#2580,.T.);
#4250=ORIENTED_EDGE('',*,*,#2923,.F.);
#4251=ORIENTED_EDGE('',*,*,#2456,.T.);
#4252=ORIENTED_EDGE('',*,*,#2839,.F.);
#4253=ORIENTED_EDGE('',*,*,#2556,.T.);
#4254=ORIENTED_EDGE('',*,*,#2941,.F.);
#4255=ORIENTED_EDGE('',*,*,#2857,.T.);
#4256=ORIENTED_EDGE('',*,*,#2949,.F.);
#4257=ORIENTED_EDGE('',*,*,#2947,.F.);
#4258=ORIENTED_EDGE('',*,*,#2841,.T.);
#4259=ORIENTED_EDGE('',*,*,#2897,.T.);
#4260=ORIENTED_EDGE('',*,*,#2572,.T.);
#4261=ORIENTED_EDGE('',*,*,#2964,.T.);
#4262=ORIENTED_EDGE('',*,*,#2972,.T.);
#4263=ORIENTED_EDGE('',*,*,#2944,.F.);
#4264=ORIENTED_EDGE('',*,*,#2939,.F.);
#4265=ORIENTED_EDGE('',*,*,#2665,.T.);
#4266=ORIENTED_EDGE('',*,*,#2326,.T.);
#4267=ORIENTED_EDGE('',*,*,#2719,.T.);
#4268=ORIENTED_EDGE('',*,*,#2703,.T.);
#4269=ORIENTED_EDGE('',*,*,#2951,.F.);
#4270=ORIENTED_EDGE('',*,*,#2681,.T.);
#4271=ORIENTED_EDGE('',*,*,#2928,.F.);
#4272=ORIENTED_EDGE('',*,*,#2968,.T.);
#4273=ORIENTED_EDGE('',*,*,#2966,.T.);
#4274=ORIENTED_EDGE('',*,*,#2935,.F.);
#4275=ORIENTED_EDGE('',*,*,#2969,.T.);
#4276=ORIENTED_EDGE('',*,*,#2971,.T.);
#4277=ORIENTED_EDGE('',*,*,#2922,.F.);
#4278=ORIENTED_EDGE('',*,*,#2711,.T.);
#4279=ORIENTED_EDGE('',*,*,#2937,.F.);
#4280=ORIENTED_EDGE('',*,*,#2673,.T.);
#4281=ORIENTED_EDGE('',*,*,#2931,.F.);
#4282=ORIENTED_EDGE('',*,*,#2973,.T.);
#4283=ORIENTED_EDGE('',*,*,#2954,.T.);
#4284=ORIENTED_EDGE('',*,*,#2909,.F.);
#4285=ORIENTED_EDGE('',*,*,#2950,.F.);
#4286=ORIENTED_EDGE('',*,*,#2849,.T.);
#4287=ORIENTED_EDGE('',*,*,#2946,.F.);
#4288=ORIENTED_EDGE('',*,*,#2564,.T.);
#4289=ORIENTED_EDGE('',*,*,#2876,.T.);
#4290=ORIENTED_EDGE('',*,*,#2873,.T.);
#4291=ORIENTED_EDGE('',*,*,#2870,.T.);
#4292=ORIENTED_EDGE('',*,*,#2867,.T.);
#4293=ORIENTED_EDGE('',*,*,#2798,.F.);
#4294=ORIENTED_EDGE('',*,*,#2408,.T.);
#4295=ORIENTED_EDGE('',*,*,#2807,.F.);
#4296=ORIENTED_EDGE('',*,*,#2628,.T.);
#4297=ORIENTED_EDGE('',*,*,#2636,.T.);
#4298=ORIENTED_EDGE('',*,*,#2806,.F.);
#4299=ORIENTED_EDGE('',*,*,#2400,.T.);
#4300=ORIENTED_EDGE('',*,*,#2791,.F.);
#4301=ORIENTED_EDGE('',*,*,#2588,.T.);
#4302=ORIENTED_EDGE('',*,*,#2838,.F.);
#4303=ORIENTED_EDGE('',*,*,#2448,.T.);
#4304=ORIENTED_EDGE('',*,*,#2815,.F.);
#4305=ORIENTED_EDGE('',*,*,#2830,.F.);
#4306=ORIENTED_EDGE('',*,*,#2384,.T.);
#4307=ORIENTED_EDGE('',*,*,#2906,.F.);
#4308=ORIENTED_EDGE('',*,*,#2652,.T.);
#4309=ORIENTED_EDGE('',*,*,#2822,.F.);
#4310=ORIENTED_EDGE('',*,*,#2424,.T.);
#4311=ORIENTED_EDGE('',*,*,#2783,.F.);
#4312=ORIENTED_EDGE('',*,*,#2612,.T.);
#4313=ORIENTED_EDGE('',*,*,#2596,.T.);
#4314=ORIENTED_EDGE('',*,*,#2814,.F.);
#4315=ORIENTED_EDGE('',*,*,#2440,.T.);
#4316=ORIENTED_EDGE('',*,*,#2981,.F.);
#4317=ORIENTED_EDGE('',*,*,#2597,.T.);
#4318=ORIENTED_EDGE('',*,*,#2981,.T.);
#4319=ORIENTED_EDGE('',*,*,#2439,.T.);
#4320=ORIENTED_EDGE('',*,*,#2976,.T.);
#4321=ORIENTED_EDGE('',*,*,#2974,.F.);
#4322=ORIENTED_EDGE('',*,*,#2436,.T.);
#4323=ORIENTED_EDGE('',*,*,#2977,.F.);
#4324=ORIENTED_EDGE('',*,*,#2600,.T.);
#4325=ORIENTED_EDGE('',*,*,#2730,.T.);
#4326=ORIENTED_EDGE('',*,*,#2982,.T.);
#4327=ORIENTED_EDGE('',*,*,#2983,.T.);
#4328=ORIENTED_EDGE('',*,*,#2982,.F.);
#4329=ORIENTED_EDGE('',*,*,#2983,.F.);
#4330=ORIENTED_EDGE('',*,*,#2466,.T.);
#4331=ORIENTED_EDGE('',*,*,#2521,.T.);
#4332=ORIENTED_EDGE('',*,*,#2984,.T.);
#4333=ORIENTED_EDGE('',*,*,#2526,.T.);
#4334=ORIENTED_EDGE('',*,*,#2985,.T.);
#4335=ORIENTED_EDGE('',*,*,#2986,.F.);
#4336=ORIENTED_EDGE('',*,*,#2987,.T.);
#4337=ORIENTED_EDGE('',*,*,#2542,.T.);
#4338=ORIENTED_EDGE('',*,*,#2987,.F.);
#4339=ORIENTED_EDGE('',*,*,#2473,.T.);
#4340=ORIENTED_EDGE('',*,*,#2475,.F.);
#4341=ORIENTED_EDGE('',*,*,#2471,.F.);
#4342=ORIENTED_EDGE('',*,*,#2467,.T.);
#4343=ORIENTED_EDGE('',*,*,#2985,.F.);
#4344=ORIENTED_EDGE('',*,*,#2525,.T.);
#4345=ORIENTED_EDGE('',*,*,#2538,.T.);
#4346=ORIENTED_EDGE('',*,*,#2522,.T.);
#4347=ORIENTED_EDGE('',*,*,#2988,.F.);
#4348=ORIENTED_EDGE('',*,*,#2989,.T.);
#4349=ORIENTED_EDGE('',*,*,#2729,.T.);
#4350=ORIENTED_EDGE('',*,*,#2989,.F.);
#4351=ORIENTED_EDGE('',*,*,#2498,.F.);
#4352=ORIENTED_EDGE('',*,*,#2984,.F.);
#4353=ORIENTED_EDGE('',*,*,#2488,.F.);
#4354=ORIENTED_EDGE('',*,*,#2298,.F.);
#4355=ORIENTED_EDGE('',*,*,#2297,.F.);
#4356=ORIENTED_EDGE('',*,*,#2293,.T.);
#4357=ORIENTED_EDGE('',*,*,#2479,.F.);
#4358=ORIENTED_EDGE('',*,*,#2883,.F.);
#4359=ORIENTED_EDGE('',*,*,#2885,.F.);
#4360=ORIENTED_EDGE('',*,*,#2889,.F.);
#4361=ORIENTED_EDGE('',*,*,#2887,.F.);
#4362=ORIENTED_EDGE('',*,*,#2773,.F.);
#4363=ORIENTED_EDGE('',*,*,#2770,.F.);
#4364=ORIENTED_EDGE('',*,*,#2769,.F.);
#4365=ORIENTED_EDGE('',*,*,#2767,.F.);
#4366=ORIENTED_EDGE('',*,*,#2761,.F.);
#4367=ORIENTED_EDGE('',*,*,#2757,.F.);
#4368=ORIENTED_EDGE('',*,*,#2732,.F.);
#4369=ORIENTED_EDGE('',*,*,#2735,.F.);
#4370=ORIENTED_EDGE('',*,*,#2736,.F.);
#4371=ORIENTED_EDGE('',*,*,#2503,.F.);
#4372=ORIENTED_EDGE('',*,*,#2515,.F.);
#4373=ORIENTED_EDGE('',*,*,#2748,.F.);
#4374=ORIENTED_EDGE('',*,*,#2765,.F.);
#4375=ORIENTED_EDGE('',*,*,#2763,.F.);
#4376=ORIENTED_EDGE('',*,*,#2759,.F.);
#4377=ORIENTED_EDGE('',*,*,#2749,.F.);
#4378=ORIENTED_EDGE('',*,*,#2744,.F.);
#4379=ORIENTED_EDGE('',*,*,#2746,.F.);
#4380=ORIENTED_EDGE('',*,*,#2766,.F.);
#4381=ORIENTED_EDGE('',*,*,#2754,.F.);
#4382=ORIENTED_EDGE('',*,*,#2752,.F.);
#4383=ORIENTED_EDGE('',*,*,#2756,.F.);
#4384=ORIENTED_EDGE('',*,*,#2738,.F.);
#4385=ORIENTED_EDGE('',*,*,#2741,.F.);
#4386=ORIENTED_EDGE('',*,*,#2742,.F.);
#4387=ORIENTED_EDGE('',*,*,#2508,.F.);
#4388=ORIENTED_EDGE('',*,*,#2988,.T.);
#4389=ORIENTED_EDGE('',*,*,#2986,.T.);
#4390=CYLINDRICAL_SURFACE('',#4752,1.);
#4391=CYLINDRICAL_SURFACE('',#4762,1.6);
#4392=CYLINDRICAL_SURFACE('',#4764,2.1);
#4393=CYLINDRICAL_SURFACE('',#4775,1.6);
#4394=CYLINDRICAL_SURFACE('',#4778,2.1);
#4395=CYLINDRICAL_SURFACE('',#4791,1.6);
#4396=CYLINDRICAL_SURFACE('',#4793,2.1);
#4397=CYLINDRICAL_SURFACE('',#4846,0.75);
#4398=CYLINDRICAL_SURFACE('',#4855,2.);
#4399=CYLINDRICAL_SURFACE('',#4885,12.5);
#4400=CYLINDRICAL_SURFACE('',#4936,12.5);
#4401=CYLINDRICAL_SURFACE('',#4944,12.5);
#4402=CYLINDRICAL_SURFACE('',#4946,12.5);
#4403=CYLINDRICAL_SURFACE('',#4948,12.5);
#4404=CYLINDRICAL_SURFACE('',#4956,10.);
#4405=CYLINDRICAL_SURFACE('',#4959,10.);
#4406=CYLINDRICAL_SURFACE('',#4965,2.);
#4407=CYLINDRICAL_SURFACE('',#4967,2.);
#4408=CYLINDRICAL_SURFACE('',#4968,2.);
#4409=CYLINDRICAL_SURFACE('',#4970,2.);
#4410=CYLINDRICAL_SURFACE('',#4972,2.);
#4411=CYLINDRICAL_SURFACE('',#4973,2.);
#4412=CYLINDRICAL_SURFACE('',#4974,2.);
#4413=CYLINDRICAL_SURFACE('',#4975,2.);
#4414=CYLINDRICAL_SURFACE('',#4983,2.);
#4415=CYLINDRICAL_SURFACE('',#4984,2.);
#4416=CYLINDRICAL_SURFACE('',#4986,2.);
#4417=CYLINDRICAL_SURFACE('',#4988,2.);
#4418=CYLINDRICAL_SURFACE('',#4989,2.);
#4419=CYLINDRICAL_SURFACE('',#4991,0.5);
#4420=CYLINDRICAL_SURFACE('',#4993,0.5);
#4421=CYLINDRICAL_SURFACE('',#4995,0.5);
#4422=CYLINDRICAL_SURFACE('',#4996,0.5);
#4423=CYLINDRICAL_SURFACE('',#4998,0.5);
#4424=CYLINDRICAL_SURFACE('',#5000,0.5);
#4425=CYLINDRICAL_SURFACE('',#5002,0.5);
#4426=CYLINDRICAL_SURFACE('',#5003,0.5);
#4427=CYLINDRICAL_SURFACE('',#5005,0.5);
#4428=CYLINDRICAL_SURFACE('',#5007,0.5);
#4429=CYLINDRICAL_SURFACE('',#5009,0.5);
#4430=CYLINDRICAL_SURFACE('',#5010,0.5);
#4431=CYLINDRICAL_SURFACE('',#5012,0.5);
#4432=CYLINDRICAL_SURFACE('',#5014,0.5);
#4433=CYLINDRICAL_SURFACE('',#5016,0.5);
#4434=CYLINDRICAL_SURFACE('',#5017,0.5);
#4435=CYLINDRICAL_SURFACE('',#5019,0.5);
#4436=CYLINDRICAL_SURFACE('',#5021,0.5);
#4437=CYLINDRICAL_SURFACE('',#5023,0.5);
#4438=CYLINDRICAL_SURFACE('',#5024,0.5);
#4439=CYLINDRICAL_SURFACE('',#5026,0.5);
#4440=CYLINDRICAL_SURFACE('',#5028,0.5);
#4441=CYLINDRICAL_SURFACE('',#5030,0.5);
#4442=CYLINDRICAL_SURFACE('',#5031,0.5);
#4443=CYLINDRICAL_SURFACE('',#5033,0.5);
#4444=CYLINDRICAL_SURFACE('',#5035,0.5);
#4445=CYLINDRICAL_SURFACE('',#5037,0.5);
#4446=CYLINDRICAL_SURFACE('',#5038,0.5);
#4447=CYLINDRICAL_SURFACE('',#5040,0.5);
#4448=CYLINDRICAL_SURFACE('',#5042,0.5);
#4449=CYLINDRICAL_SURFACE('',#5044,0.5);
#4450=CYLINDRICAL_SURFACE('',#5045,0.5);
#4451=CYLINDRICAL_SURFACE('',#5047,12.5);
#4452=CYLINDRICAL_SURFACE('',#5055,4.99999999999999);
#4453=CYLINDRICAL_SURFACE('',#5059,5.);
#4454=CYLINDRICAL_SURFACE('',#5063,5.);
#4455=CYLINDRICAL_SURFACE('',#5067,5.);
#4456=CYLINDRICAL_SURFACE('',#5077,2.);
#4457=CYLINDRICAL_SURFACE('',#5078,2.);
#4458=CYLINDRICAL_SURFACE('',#5081,10.);
#4459=CYLINDRICAL_SURFACE('',#5084,10.);
#4460=CYLINDRICAL_SURFACE('',#5089,0.5);
#4461=CYLINDRICAL_SURFACE('',#5090,0.5);
#4462=CYLINDRICAL_SURFACE('',#5092,0.5);
#4463=CYLINDRICAL_SURFACE('',#5093,0.5);
#4464=CYLINDRICAL_SURFACE('',#5094,0.5);
#4465=CYLINDRICAL_SURFACE('',#5095,0.5);
#4466=CYLINDRICAL_SURFACE('',#5098,0.5);
#4467=CYLINDRICAL_SURFACE('',#5099,0.5);
#4468=CYLINDRICAL_SURFACE('',#5100,0.5);
#4469=CYLINDRICAL_SURFACE('',#5105,0.5);
#4470=CYLINDRICAL_SURFACE('',#5107,0.5);
#4471=CYLINDRICAL_SURFACE('',#5109,0.5);
#4472=CYLINDRICAL_SURFACE('',#5110,0.5);
#4473=CYLINDRICAL_SURFACE('',#5112,0.5);
#4474=CYLINDRICAL_SURFACE('',#5114,0.5);
#4475=CYLINDRICAL_SURFACE('',#5115,0.5);
#4476=CYLINDRICAL_SURFACE('',#5117,0.5);
#4477=CYLINDRICAL_SURFACE('',#5118,0.5);
#4478=CYLINDRICAL_SURFACE('',#5119,0.5);
#4479=CYLINDRICAL_SURFACE('',#5120,0.5);
#4480=CYLINDRICAL_SURFACE('',#5121,0.5);
#4481=CYLINDRICAL_SURFACE('',#5124,0.5);
#4482=CYLINDRICAL_SURFACE('',#5125,0.5);
#4483=CYLINDRICAL_SURFACE('',#5127,0.5);
#4484=CYLINDRICAL_SURFACE('',#5128,0.5);
#4485=CYLINDRICAL_SURFACE('',#5129,0.5);
#4486=CYLINDRICAL_SURFACE('',#5132,0.5);
#4487=CYLINDRICAL_SURFACE('',#5133,0.5);
#4488=CYLINDRICAL_SURFACE('',#5136,0.5);
#4489=CYLINDRICAL_SURFACE('',#5138,0.5);
#4490=CYLINDRICAL_SURFACE('',#5140,0.5);
#4491=CYLINDRICAL_SURFACE('',#5142,0.5);
#4492=CYLINDRICAL_SURFACE('',#5145,12.5);
#4493=CYLINDRICAL_SURFACE('',#5148,12.5);
#4494=CYLINDRICAL_SURFACE('',#5150,12.5);
#4495=CYLINDRICAL_SURFACE('',#5152,12.5);
#4496=CYLINDRICAL_SURFACE('',#5154,0.5);
#4497=CYLINDRICAL_SURFACE('',#5156,0.5);
#4498=CYLINDRICAL_SURFACE('',#5158,0.5);
#4499=CYLINDRICAL_SURFACE('',#5160,0.5);
#4500=CYLINDRICAL_SURFACE('',#5162,5.);
#4501=CYLINDRICAL_SURFACE('',#5168,12.5);
#4502=CYLINDRICAL_SURFACE('',#5170,15.);
#4503=ADVANCED_FACE('',(#182),#4390,.T.);
#4504=ADVANCED_FACE('',(#183),#60,.T.);
#4505=ADVANCED_FACE('',(#184),#61,.T.);
#4506=ADVANCED_FACE('',(#185),#62,.T.);
#4507=ADVANCED_FACE('',(#186,#16),#63,.T.);
#4508=ADVANCED_FACE('',(#187),#4391,.F.);
#4509=ADVANCED_FACE('',(#188),#4392,.F.);
#4510=ADVANCED_FACE('',(#189,#17),#64,.F.);
#4511=ADVANCED_FACE('',(#190,#18),#65,.F.);
#4512=ADVANCED_FACE('',(#191),#66,.F.);
#4513=ADVANCED_FACE('',(#192),#67,.F.);
#4514=ADVANCED_FACE('',(#193),#68,.F.);
#4515=ADVANCED_FACE('',(#194),#69,.F.);
#4516=ADVANCED_FACE('',(#195),#70,.F.);
#4517=ADVANCED_FACE('',(#196),#71,.T.);
#4518=ADVANCED_FACE('',(#197),#4393,.F.);
#4519=ADVANCED_FACE('',(#198),#4394,.F.);
#4520=ADVANCED_FACE('',(#199,#19),#72,.T.);
#4521=ADVANCED_FACE('',(#200,#20),#73,.T.);
#4522=ADVANCED_FACE('',(#201),#74,.T.);
#4523=ADVANCED_FACE('',(#202),#75,.T.);
#4524=ADVANCED_FACE('',(#203),#76,.T.);
#4525=ADVANCED_FACE('',(#204),#77,.T.);
#4526=ADVANCED_FACE('',(#205),#78,.T.);
#4527=ADVANCED_FACE('',(#206,#21),#79,.F.);
#4528=ADVANCED_FACE('',(#207,#22),#80,.T.);
#4529=ADVANCED_FACE('',(#208),#4395,.F.);
#4530=ADVANCED_FACE('',(#209),#4396,.F.);
#4531=ADVANCED_FACE('',(#210,#23),#81,.F.);
#4532=ADVANCED_FACE('',(#211,#24),#82,.F.);
#4533=ADVANCED_FACE('',(#212),#83,.F.);
#4534=ADVANCED_FACE('',(#213),#84,.F.);
#4535=ADVANCED_FACE('',(#214),#85,.F.);
#4536=ADVANCED_FACE('',(#215),#86,.F.);
#4537=ADVANCED_FACE('',(#216),#87,.F.);
#4538=ADVANCED_FACE('',(#217),#88,.T.);
#4539=ADVANCED_FACE('',(#218),#4397,.F.);
#4540=ADVANCED_FACE('',(#219),#89,.F.);
#4541=ADVANCED_FACE('',(#220),#90,.T.);
#4542=ADVANCED_FACE('',(#221),#91,.T.);
#4543=ADVANCED_FACE('',(#222),#92,.T.);
#4544=ADVANCED_FACE('',(#223),#4398,.T.);
#4545=ADVANCED_FACE('',(#224,#25),#93,.T.);
#4546=ADVANCED_FACE('',(#225),#94,.F.);
#4547=ADVANCED_FACE('',(#226),#95,.F.);
#4548=ADVANCED_FACE('',(#227),#96,.F.);
#4549=ADVANCED_FACE('',(#228),#97,.F.);
#4550=ADVANCED_FACE('',(#229),#98,.F.);
#4551=ADVANCED_FACE('',(#230),#99,.F.);
#4552=ADVANCED_FACE('',(#231,#26),#100,.T.);
#4553=ADVANCED_FACE('',(#232),#4399,.T.);
#4554=ADVANCED_FACE('',(#233),#101,.T.);
#4555=ADVANCED_FACE('',(#234),#4400,.T.);
#4556=ADVANCED_FACE('',(#235),#4401,.T.);
#4557=ADVANCED_FACE('',(#236),#4402,.T.);
#4558=ADVANCED_FACE('',(#237),#4403,.T.);
#4559=ADVANCED_FACE('',(#238),#4404,.T.);
#4560=ADVANCED_FACE('',(#239),#102,.T.);
#4561=ADVANCED_FACE('',(#240),#4405,.T.);
#4562=ADVANCED_FACE('',(#241),#103,.T.);
#4563=ADVANCED_FACE('',(#242,#27),#104,.F.);
#4564=ADVANCED_FACE('',(#243),#4406,.T.);
#4565=ADVANCED_FACE('',(#244),#105,.T.);
#4566=ADVANCED_FACE('',(#245),#4407,.T.);
#4567=ADVANCED_FACE('',(#246),#4408,.T.);
#4568=ADVANCED_FACE('',(#247),#106,.T.);
#4569=ADVANCED_FACE('',(#248),#4409,.T.);
#4570=ADVANCED_FACE('',(#249),#107,.T.);
#4571=ADVANCED_FACE('',(#250),#4410,.T.);
#4572=ADVANCED_FACE('',(#251),#4411,.T.);
#4573=ADVANCED_FACE('',(#252),#4412,.T.);
#4574=ADVANCED_FACE('',(#253),#4413,.T.);
#4575=ADVANCED_FACE('',(#254),#108,.T.);
#4576=ADVANCED_FACE('',(#255),#109,.F.);
#4577=ADVANCED_FACE('',(#256),#110,.F.);
#4578=ADVANCED_FACE('',(#257),#111,.F.);
#4579=ADVANCED_FACE('',(#258),#4414,.T.);
#4580=ADVANCED_FACE('',(#259),#4415,.T.);
#4581=ADVANCED_FACE('',(#260),#112,.T.);
#4582=ADVANCED_FACE('',(#261),#4416,.T.);
#4583=ADVANCED_FACE('',(#262),#113,.T.);
#4584=ADVANCED_FACE('',(#263),#4417,.T.);
#4585=ADVANCED_FACE('',(#264),#4418,.T.);
#4586=ADVANCED_FACE('',(#265),#114,.T.);
#4587=ADVANCED_FACE('',(#266),#4419,.T.);
#4588=ADVANCED_FACE('',(#267),#115,.T.);
#4589=ADVANCED_FACE('',(#268),#4420,.T.);
#4590=ADVANCED_FACE('',(#269),#116,.T.);
#4591=ADVANCED_FACE('',(#270),#4421,.T.);
#4592=ADVANCED_FACE('',(#271),#4422,.T.);
#4593=ADVANCED_FACE('',(#272),#117,.F.);
#4594=ADVANCED_FACE('',(#273),#4423,.T.);
#4595=ADVANCED_FACE('',(#274),#118,.T.);
#4596=ADVANCED_FACE('',(#275),#4424,.T.);
#4597=ADVANCED_FACE('',(#276),#119,.T.);
#4598=ADVANCED_FACE('',(#277),#4425,.T.);
#4599=ADVANCED_FACE('',(#278),#4426,.T.);
#4600=ADVANCED_FACE('',(#279),#120,.F.);
#4601=ADVANCED_FACE('',(#280),#4427,.T.);
#4602=ADVANCED_FACE('',(#281),#121,.T.);
#4603=ADVANCED_FACE('',(#282),#4428,.T.);
#4604=ADVANCED_FACE('',(#283),#122,.T.);
#4605=ADVANCED_FACE('',(#284),#4429,.T.);
#4606=ADVANCED_FACE('',(#285),#4430,.T.);
#4607=ADVANCED_FACE('',(#286),#123,.F.);
#4608=ADVANCED_FACE('',(#287),#4431,.T.);
#4609=ADVANCED_FACE('',(#288),#124,.T.);
#4610=ADVANCED_FACE('',(#289),#4432,.T.);
#4611=ADVANCED_FACE('',(#290),#125,.T.);
#4612=ADVANCED_FACE('',(#291),#4433,.T.);
#4613=ADVANCED_FACE('',(#292),#4434,.T.);
#4614=ADVANCED_FACE('',(#293),#126,.F.);
#4615=ADVANCED_FACE('',(#294),#4435,.T.);
#4616=ADVANCED_FACE('',(#295),#127,.T.);
#4617=ADVANCED_FACE('',(#296),#4436,.T.);
#4618=ADVANCED_FACE('',(#297),#128,.T.);
#4619=ADVANCED_FACE('',(#298),#4437,.T.);
#4620=ADVANCED_FACE('',(#299),#4438,.T.);
#4621=ADVANCED_FACE('',(#300),#129,.F.);
#4622=ADVANCED_FACE('',(#301),#4439,.T.);
#4623=ADVANCED_FACE('',(#302),#130,.T.);
#4624=ADVANCED_FACE('',(#303),#4440,.T.);
#4625=ADVANCED_FACE('',(#304),#131,.T.);
#4626=ADVANCED_FACE('',(#305),#4441,.T.);
#4627=ADVANCED_FACE('',(#306),#4442,.T.);
#4628=ADVANCED_FACE('',(#307),#132,.F.);
#4629=ADVANCED_FACE('',(#308),#4443,.T.);
#4630=ADVANCED_FACE('',(#309),#133,.T.);
#4631=ADVANCED_FACE('',(#310),#4444,.T.);
#4632=ADVANCED_FACE('',(#311),#134,.T.);
#4633=ADVANCED_FACE('',(#312),#4445,.T.);
#4634=ADVANCED_FACE('',(#313),#4446,.T.);
#4635=ADVANCED_FACE('',(#314),#135,.F.);
#4636=ADVANCED_FACE('',(#315),#4447,.T.);
#4637=ADVANCED_FACE('',(#316),#136,.T.);
#4638=ADVANCED_FACE('',(#317),#4448,.T.);
#4639=ADVANCED_FACE('',(#318),#137,.T.);
#4640=ADVANCED_FACE('',(#319),#4449,.T.);
#4641=ADVANCED_FACE('',(#320),#4450,.T.);
#4642=ADVANCED_FACE('',(#321),#138,.F.);
#4643=ADVANCED_FACE('',(#322),#4451,.T.);
#4644=ADVANCED_FACE('',(#323),#4452,.F.);
#4645=ADVANCED_FACE('',(#324),#139,.T.);
#4646=ADVANCED_FACE('',(#325),#4453,.F.);
#4647=ADVANCED_FACE('',(#326),#140,.T.);
#4648=ADVANCED_FACE('',(#327),#4454,.F.);
#4649=ADVANCED_FACE('',(#328),#141,.T.);
#4650=ADVANCED_FACE('',(#329),#4455,.F.);
#4651=ADVANCED_FACE('',(#330),#142,.T.);
#4652=ADVANCED_FACE('',(#331),#143,.T.);
#4653=ADVANCED_FACE('',(#332),#144,.T.);
#4654=ADVANCED_FACE('',(#333),#145,.T.);
#4655=ADVANCED_FACE('',(#334),#146,.T.);
#4656=ADVANCED_FACE('',(#335),#147,.T.);
#4657=ADVANCED_FACE('',(#336),#148,.T.);
#4658=ADVANCED_FACE('',(#337),#4456,.T.);
#4659=ADVANCED_FACE('',(#338),#4457,.T.);
#4660=ADVANCED_FACE('',(#339),#149,.F.);
#4661=ADVANCED_FACE('',(#340),#4458,.T.);
#4662=ADVANCED_FACE('',(#341),#150,.T.);
#4663=ADVANCED_FACE('',(#342),#4459,.T.);
#4664=ADVANCED_FACE('',(#343),#151,.T.);
#4665=ADVANCED_FACE('',(#344),#152,.T.);
#4666=ADVANCED_FACE('',(#345),#153,.F.);
#4667=ADVANCED_FACE('',(#346),#4460,.T.);
#4668=ADVANCED_FACE('',(#347),#4461,.T.);
#4669=ADVANCED_FACE('',(#348),#154,.F.);
#4670=ADVANCED_FACE('',(#349),#4462,.T.);
#4671=ADVANCED_FACE('',(#350),#4463,.T.);
#4672=ADVANCED_FACE('',(#351),#4464,.T.);
#4673=ADVANCED_FACE('',(#352),#4465,.T.);
#4674=ADVANCED_FACE('',(#353),#155,.T.);
#4675=ADVANCED_FACE('',(#354),#4466,.T.);
#4676=ADVANCED_FACE('',(#355),#4467,.T.);
#4677=ADVANCED_FACE('',(#356),#4468,.T.);
#4678=ADVANCED_FACE('',(#357),#156,.F.);
#4679=ADVANCED_FACE('',(#358),#157,.T.);
#4680=ADVANCED_FACE('',(#359),#158,.T.);
#4681=ADVANCED_FACE('',(#360),#159,.T.);
#4682=ADVANCED_FACE('',(#361),#4469,.T.);
#4683=ADVANCED_FACE('',(#362),#4470,.T.);
#4684=ADVANCED_FACE('',(#363),#160,.T.);
#4685=ADVANCED_FACE('',(#364),#4471,.T.);
#4686=ADVANCED_FACE('',(#365),#4472,.T.);
#4687=ADVANCED_FACE('',(#366),#161,.T.);
#4688=ADVANCED_FACE('',(#367),#4473,.T.);
#4689=ADVANCED_FACE('',(#368),#162,.T.);
#4690=ADVANCED_FACE('',(#369),#4474,.T.);
#4691=ADVANCED_FACE('',(#370),#4475,.T.);
#4692=ADVANCED_FACE('',(#371),#4476,.T.);
#4693=ADVANCED_FACE('',(#372),#4477,.T.);
#4694=ADVANCED_FACE('',(#373),#4478,.T.);
#4695=ADVANCED_FACE('',(#374),#4479,.T.);
#4696=ADVANCED_FACE('',(#375),#4480,.T.);
#4697=ADVANCED_FACE('',(#376),#163,.T.);
#4698=ADVANCED_FACE('',(#377),#4481,.T.);
#4699=ADVANCED_FACE('',(#378),#4482,.T.);
#4700=ADVANCED_FACE('',(#379),#164,.T.);
#4701=ADVANCED_FACE('',(#380),#4483,.T.);
#4702=ADVANCED_FACE('',(#381),#4484,.T.);
#4703=ADVANCED_FACE('',(#382),#4485,.T.);
#4704=ADVANCED_FACE('',(#383),#165,.T.);
#4705=ADVANCED_FACE('',(#384),#166,.T.);
#4706=ADVANCED_FACE('',(#385),#4486,.T.);
#4707=ADVANCED_FACE('',(#386),#4487,.T.);
#4708=ADVANCED_FACE('',(#387),#167,.F.);
#4709=ADVANCED_FACE('',(#388),#168,.T.);
#4710=ADVANCED_FACE('',(#389),#4488,.T.);
#4711=ADVANCED_FACE('',(#390),#169,.F.);
#4712=ADVANCED_FACE('',(#391),#4489,.T.);
#4713=ADVANCED_FACE('',(#392),#170,.T.);
#4714=ADVANCED_FACE('',(#393),#4490,.T.);
#4715=ADVANCED_FACE('',(#394),#171,.F.);
#4716=ADVANCED_FACE('',(#395),#4491,.T.);
#4717=ADVANCED_FACE('',(#396),#172,.T.);
#4718=ADVANCED_FACE('',(#397),#173,.T.);
#4719=ADVANCED_FACE('',(#398),#4492,.T.);
#4720=ADVANCED_FACE('',(#399),#174,.T.);
#4721=ADVANCED_FACE('',(#400),#4493,.T.);
#4722=ADVANCED_FACE('',(#401),#4494,.T.);
#4723=ADVANCED_FACE('',(#402),#4495,.T.);
#4724=ADVANCED_FACE('',(#403),#4496,.T.);
#4725=ADVANCED_FACE('',(#404),#175,.T.);
#4726=ADVANCED_FACE('',(#405),#4497,.T.);
#4727=ADVANCED_FACE('',(#406),#176,.T.);
#4728=ADVANCED_FACE('',(#407),#4498,.T.);
#4729=ADVANCED_FACE('',(#408,#28,#29,#30,#31,#32,#33,#34,#35,#36,#37,#38,
#39,#40,#41,#42,#43,#44,#45,#46,#47,#48,#49,#50,#51),#177,.T.);
#4730=ADVANCED_FACE('',(#409),#4499,.T.);
#4731=ADVANCED_FACE('',(#410),#178,.F.);
#4732=ADVANCED_FACE('',(#411),#4500,.T.);
#4733=ADVANCED_FACE('',(#412,#52),#179,.F.);
#4734=ADVANCED_FACE('',(#413),#180,.T.);
#4735=ADVANCED_FACE('',(#414,#53,#54),#4501,.F.);
#4736=ADVANCED_FACE('',(#415,#55,#56,#57,#58),#4502,.T.);
#4737=ADVANCED_FACE('',(#416,#59),#181,.T.);
#4738=CLOSED_SHELL('',(#4503,#4504,#4505,#4506,#4507,#4508,#4509,#4510,
#4511,#4512,#4513,#4514,#4515,#4516,#4517,#4518,#4519,#4520,#4521,#4522,
#4523,#4524,#4525,#4526,#4527,#4528,#4529,#4530,#4531,#4532,#4533,#4534,
#4535,#4536,#4537,#4538,#4539,#4540,#4541,#4542,#4543,#4544,#4545,#4546,
#4547,#4548,#4549,#4550,#4551,#4552,#4553,#4554,#4555,#4556,#4557,#4558,
#4559,#4560,#4561,#4562,#4563,#4564,#4565,#4566,#4567,#4568,#4569,#4570,
#4571,#4572,#4573,#4574,#4575,#4576,#4577,#4578,#4579,#4580,#4581,#4582,
#4583,#4584,#4585,#4586,#4587,#4588,#4589,#4590,#4591,#4592,#4593,#4594,
#4595,#4596,#4597,#4598,#4599,#4600,#4601,#4602,#4603,#4604,#4605,#4606,
#4607,#4608,#4609,#4610,#4611,#4612,#4613,#4614,#4615,#4616,#4617,#4618,
#4619,#4620,#4621,#4622,#4623,#4624,#4625,#4626,#4627,#4628,#4629,#4630,
#4631,#4632,#4633,#4634,#4635,#4636,#4637,#4638,#4639,#4640,#4641,#4642,
#4643,#4644,#4645,#4646,#4647,#4648,#4649,#4650,#4651,#4652,#4653,#4654,
#4655,#4656,#4657,#4658,#4659,#4660,#4661,#4662,#4663,#4664,#4665,#4666,
#4667,#4668,#4669,#4670,#4671,#4672,#4673,#4674,#4675,#4676,#4677,#4678,
#4679,#4680,#4681,#4682,#4683,#4684,#4685,#4686,#4687,#4688,#4689,#4690,
#4691,#4692,#4693,#4694,#4695,#4696,#4697,#4698,#4699,#4700,#4701,#4702,
#4703,#4704,#4705,#4706,#4707,#4708,#4709,#4710,#4711,#4712,#4713,#4714,
#4715,#4716,#4717,#4718,#4719,#4720,#4721,#4722,#4723,#4724,#4725,#4726,
#4727,#4728,#4729,#4730,#4731,#4732,#4733,#4734,#4735,#4736,#4737));
#4739=DERIVED_UNIT_ELEMENT(#4741,1.);
#4740=DERIVED_UNIT_ELEMENT(#8550,-3.);
#4741=(
MASS_UNIT()
NAMED_UNIT(*)
SI_UNIT(.KILO.,.GRAM.)
);
#4742=DERIVED_UNIT((#4739,#4740));
#4743=MEASURE_REPRESENTATION_ITEM('density measure',
POSITIVE_RATIO_MEASURE(7850.),#4742);
#4744=PROPERTY_DEFINITION_REPRESENTATION(#4749,#4746);
#4745=PROPERTY_DEFINITION_REPRESENTATION(#4750,#4747);
#4746=REPRESENTATION('material name',(#4748),#8547);
#4747=REPRESENTATION('density',(#4743),#8547);
#4748=DESCRIPTIVE_REPRESENTATION_ITEM('Steel','Steel');
#4749=PROPERTY_DEFINITION('material property','material name',#8557);
#4750=PROPERTY_DEFINITION('material property','density of part',#8557);
#4751=AXIS2_PLACEMENT_3D('',#6449,#5173,#5174);
#4752=AXIS2_PLACEMENT_3D('',#6450,#5175,#5176);
#4753=AXIS2_PLACEMENT_3D('',#6453,#5177,#5178);
#4754=AXIS2_PLACEMENT_3D('',#6464,#5181,#5182);
#4755=AXIS2_PLACEMENT_3D('',#6469,#5185,#5186);
#4756=AXIS2_PLACEMENT_3D('',#6470,#5187,#5188);
#4757=AXIS2_PLACEMENT_3D('',#6471,#5189,#5190);
#4758=AXIS2_PLACEMENT_3D('',#6472,#5191,#5192);
#4759=AXIS2_PLACEMENT_3D('',#6474,#5193,#5194);
#4760=AXIS2_PLACEMENT_3D('',#6476,#5196,#5197);
#4761=AXIS2_PLACEMENT_3D('',#6486,#5202,#5203);
#4762=AXIS2_PLACEMENT_3D('',#6487,#5204,#5205);
#4763=AXIS2_PLACEMENT_3D('',#6489,#5206,#5207);
#4764=AXIS2_PLACEMENT_3D('',#6491,#5209,#5210);
#4765=AXIS2_PLACEMENT_3D('',#6493,#5211,#5212);
#4766=AXIS2_PLACEMENT_3D('',#6496,#5214,#5215);
#4767=AXIS2_PLACEMENT_3D('',#6497,#5216,#5217);
#4768=AXIS2_PLACEMENT_3D('',#6498,#5218,#5219);
#4769=AXIS2_PLACEMENT_3D('',#6507,#5224,#5225);
#4770=AXIS2_PLACEMENT_3D('',#6513,#5229,#5230);
#4771=AXIS2_PLACEMENT_3D('',#6518,#5234,#5235);
#4772=AXIS2_PLACEMENT_3D('',#6522,#5238,#5239);
#4773=AXIS2_PLACEMENT_3D('',#6525,#5242,#5243);
#4774=AXIS2_PLACEMENT_3D('',#6526,#5244,#5245);
#4775=AXIS2_PLACEMENT_3D('',#6536,#5251,#5252);
#4776=AXIS2_PLACEMENT_3D('',#6538,#5253,#5254);
#4777=AXIS2_PLACEMENT_3D('',#6541,#5256,#5257);
#4778=AXIS2_PLACEMENT_3D('',#6542,#5258,#5259);
#4779=AXIS2_PLACEMENT_3D('',#6544,#5260,#5261);
#4780=AXIS2_PLACEMENT_3D('',#6547,#5263,#5264);
#4781=AXIS2_PLACEMENT_3D('',#6548,#5265,#5266);
#4782=AXIS2_PLACEMENT_3D('',#6549,#5267,#5268);
#4783=AXIS2_PLACEMENT_3D('',#6558,#5273,#5274);
#4784=AXIS2_PLACEMENT_3D('',#6564,#5278,#5279);
#4785=AXIS2_PLACEMENT_3D('',#6572,#5284,#5285);
#4786=AXIS2_PLACEMENT_3D('',#6576,#5288,#5289);
#4787=AXIS2_PLACEMENT_3D('',#6582,#5293,#5294);
#4788=AXIS2_PLACEMENT_3D('',#6584,#5296,#5297);
#4789=AXIS2_PLACEMENT_3D('',#6586,#5299,#5300);
#4790=AXIS2_PLACEMENT_3D('',#6596,#5305,#5306);
#4791=AXIS2_PLACEMENT_3D('',#6597,#5307,#5308);
#4792=AXIS2_PLACEMENT_3D('',#6599,#5309,#5310);
#4793=AXIS2_PLACEMENT_3D('',#6601,#5312,#5313);
#4794=AXIS2_PLACEMENT_3D('',#6603,#5314,#5315);
#4795=AXIS2_PLACEMENT_3D('',#6606,#5317,#5318);
#4796=AXIS2_PLACEMENT_3D('',#6607,#5319,#5320);
#4797=AXIS2_PLACEMENT_3D('',#6608,#5321,#5322);
#4798=AXIS2_PLACEMENT_3D('',#6617,#5327,#5328);
#4799=AXIS2_PLACEMENT_3D('',#6623,#5332,#5333);
#4800=AXIS2_PLACEMENT_3D('',#6628,#5337,#5338);
#4801=AXIS2_PLACEMENT_3D('',#6632,#5341,#5342);
#4802=AXIS2_PLACEMENT_3D('',#6635,#5345,#5346);
#4803=AXIS2_PLACEMENT_3D('',#6636,#5347,#5348);
#4804=AXIS2_PLACEMENT_3D('',#6642,#5351,#5352);
#4805=AXIS2_PLACEMENT_3D('',#6646,#5354,#5355);
#4806=AXIS2_PLACEMENT_3D('',#6650,#5357,#5358);
#4807=AXIS2_PLACEMENT_3D('',#6654,#5360,#5361);
#4808=AXIS2_PLACEMENT_3D('',#6658,#5363,#5364);
#4809=AXIS2_PLACEMENT_3D('',#6662,#5366,#5367);
#4810=AXIS2_PLACEMENT_3D('',#6666,#5369,#5370);
#4811=AXIS2_PLACEMENT_3D('',#6670,#5372,#5373);
#4812=AXIS2_PLACEMENT_3D('',#6674,#5375,#5376);
#4813=AXIS2_PLACEMENT_3D('',#6678,#5378,#5379);
#4814=AXIS2_PLACEMENT_3D('',#6682,#5381,#5382);
#4815=AXIS2_PLACEMENT_3D('',#6686,#5384,#5385);
#4816=AXIS2_PLACEMENT_3D('',#6690,#5387,#5388);
#4817=AXIS2_PLACEMENT_3D('',#6694,#5390,#5391);
#4818=AXIS2_PLACEMENT_3D('',#6698,#5393,#5394);
#4819=AXIS2_PLACEMENT_3D('',#6702,#5396,#5397);
#4820=AXIS2_PLACEMENT_3D('',#6706,#5399,#5400);
#4821=AXIS2_PLACEMENT_3D('',#6710,#5402,#5403);
#4822=AXIS2_PLACEMENT_3D('',#6714,#5405,#5406);
#4823=AXIS2_PLACEMENT_3D('',#6718,#5408,#5409);
#4824=AXIS2_PLACEMENT_3D('',#6722,#5411,#5412);
#4825=AXIS2_PLACEMENT_3D('',#6726,#5414,#5415);
#4826=AXIS2_PLACEMENT_3D('',#6730,#5417,#5418);
#4827=AXIS2_PLACEMENT_3D('',#6734,#5420,#5421);
#4828=AXIS2_PLACEMENT_3D('',#6738,#5423,#5424);
#4829=AXIS2_PLACEMENT_3D('',#6742,#5426,#5427);
#4830=AXIS2_PLACEMENT_3D('',#6746,#5429,#5430);
#4831=AXIS2_PLACEMENT_3D('',#6750,#5432,#5433);
#4832=AXIS2_PLACEMENT_3D('',#6754,#5435,#5436);
#4833=AXIS2_PLACEMENT_3D('',#6758,#5438,#5439);
#4834=AXIS2_PLACEMENT_3D('',#6762,#5441,#5442);
#4835=AXIS2_PLACEMENT_3D('',#6766,#5444,#5445);
#4836=AXIS2_PLACEMENT_3D('',#6770,#5447,#5448);
#4837=AXIS2_PLACEMENT_3D('',#6774,#5450,#5451);
#4838=AXIS2_PLACEMENT_3D('',#6778,#5453,#5454);
#4839=AXIS2_PLACEMENT_3D('',#6782,#5456,#5457);
#4840=AXIS2_PLACEMENT_3D('',#6786,#5459,#5460);
#4841=AXIS2_PLACEMENT_3D('',#6790,#5462,#5463);
#4842=AXIS2_PLACEMENT_3D('',#6794,#5465,#5466);
#4843=AXIS2_PLACEMENT_3D('',#6798,#5468,#5469);
#4844=AXIS2_PLACEMENT_3D('',#6802,#5471,#5472);
#4845=AXIS2_PLACEMENT_3D('',#6806,#5474,#5475);
#4846=AXIS2_PLACEMENT_3D('',#6810,#5478,#5479);
#4847=AXIS2_PLACEMENT_3D('',#6812,#5480,#5481);
#4848=AXIS2_PLACEMENT_3D('',#6815,#5483,#5484);
#4849=AXIS2_PLACEMENT_3D('',#6816,#5485,#5486);
#4850=AXIS2_PLACEMENT_3D('',#6827,#5490,#5491);
#4851=AXIS2_PLACEMENT_3D('',#6829,#5492,#5493);
#4852=AXIS2_PLACEMENT_3D('',#6831,#5495,#5496);
#4853=AXIS2_PLACEMENT_3D('',#6833,#5497,#5498);
#4854=AXIS2_PLACEMENT_3D('',#6835,#5500,#5501);
#4855=AXIS2_PLACEMENT_3D('',#6837,#5503,#5504);
#4856=AXIS2_PLACEMENT_3D('',#6861,#5507,#5508);
#4857=AXIS2_PLACEMENT_3D('',#6864,#5509,#5510);
#4858=AXIS2_PLACEMENT_3D('',#6868,#5512,#5513);
#4859=AXIS2_PLACEMENT_3D('',#6872,#5515,#5516);
#4860=AXIS2_PLACEMENT_3D('',#6876,#5518,#5519);
#4861=AXIS2_PLACEMENT_3D('',#6879,#5521,#5522);
#4862=AXIS2_PLACEMENT_3D('',#6883,#5524,#5525);
#4863=AXIS2_PLACEMENT_3D('',#6891,#5529,#5530);
#4864=AXIS2_PLACEMENT_3D('',#6899,#5534,#5535);
#4865=AXIS2_PLACEMENT_3D('',#6902,#5537,#5538);
#4866=AXIS2_PLACEMENT_3D('',#6904,#5539,#5540);
#4867=AXIS2_PLACEMENT_3D('',#6908,#5542,#5543);
#4868=AXIS2_PLACEMENT_3D('',#6911,#5545,#5546);
#4869=AXIS2_PLACEMENT_3D('',#6913,#5547,#5548);
#4870=AXIS2_PLACEMENT_3D('',#6917,#5550,#5551);
#4871=AXIS2_PLACEMENT_3D('',#6921,#5553,#5554);
#4872=AXIS2_PLACEMENT_3D('',#6926,#5557,#5558);
#4873=AXIS2_PLACEMENT_3D('',#6930,#5560,#5561);
#4874=AXIS2_PLACEMENT_3D('',#6934,#5563,#5564);
#4875=AXIS2_PLACEMENT_3D('',#6937,#5566,#5567);
#4876=AXIS2_PLACEMENT_3D('',#6938,#5568,#5569);
#4877=AXIS2_PLACEMENT_3D('',#6946,#5574,#5575);
#4878=AXIS2_PLACEMENT_3D('',#6954,#5580,#5581);
#4879=AXIS2_PLACEMENT_3D('',#6958,#5584,#5585);
#4880=AXIS2_PLACEMENT_3D('',#6966,#5590,#5591);
#4881=AXIS2_PLACEMENT_3D('',#6974,#5596,#5597);
#4882=AXIS2_PLACEMENT_3D('',#6975,#5598,#5599);
#4883=AXIS2_PLACEMENT_3D('',#6981,#5603,#5604);
#4884=AXIS2_PLACEMENT_3D('',#6983,#5605,#5606);
#4885=AXIS2_PLACEMENT_3D('',#6984,#5607,#5608);
#4886=AXIS2_PLACEMENT_3D('',#7010,#5610,#5611);
#4887=AXIS2_PLACEMENT_3D('',#7044,#5614,#5615);
#4888=AXIS2_PLACEMENT_3D('',#7072,#5617,#5618);
#4889=AXIS2_PLACEMENT_3D('',#7098,#5620,#5621);
#4890=AXIS2_PLACEMENT_3D('',#7124,#5623,#5624);
#4891=AXIS2_PLACEMENT_3D('',#7150,#5626,#5627);
#4892=AXIS2_PLACEMENT_3D('',#7176,#5629,#5630);
#4893=AXIS2_PLACEMENT_3D('',#7178,#5632,#5633);
#4894=AXIS2_PLACEMENT_3D('',#7182,#5635,#5636);
#4895=AXIS2_PLACEMENT_3D('',#7186,#5638,#5639);
#4896=AXIS2_PLACEMENT_3D('',#7190,#5641,#5642);
#4897=AXIS2_PLACEMENT_3D('',#7194,#5644,#5645);
#4898=AXIS2_PLACEMENT_3D('',#7198,#5647,#5648);
#4899=AXIS2_PLACEMENT_3D('',#7202,#5650,#5651);
#4900=AXIS2_PLACEMENT_3D('',#7206,#5653,#5654);
#4901=AXIS2_PLACEMENT_3D('',#7210,#5656,#5657);
#4902=AXIS2_PLACEMENT_3D('',#7214,#5659,#5660);
#4903=AXIS2_PLACEMENT_3D('',#7218,#5662,#5663);
#4904=AXIS2_PLACEMENT_3D('',#7222,#5665,#5666);
#4905=AXIS2_PLACEMENT_3D('',#7226,#5668,#5669);
#4906=AXIS2_PLACEMENT_3D('',#7230,#5671,#5672);
#4907=AXIS2_PLACEMENT_3D('',#7234,#5674,#5675);
#4908=AXIS2_PLACEMENT_3D('',#7238,#5677,#5678);
#4909=AXIS2_PLACEMENT_3D('',#7242,#5680,#5681);
#4910=AXIS2_PLACEMENT_3D('',#7246,#5683,#5684);
#4911=AXIS2_PLACEMENT_3D('',#7250,#5686,#5687);
#4912=AXIS2_PLACEMENT_3D('',#7254,#5689,#5690);
#4913=AXIS2_PLACEMENT_3D('',#7258,#5692,#5693);
#4914=AXIS2_PLACEMENT_3D('',#7262,#5695,#5696);
#4915=AXIS2_PLACEMENT_3D('',#7266,#5698,#5699);
#4916=AXIS2_PLACEMENT_3D('',#7270,#5701,#5702);
#4917=AXIS2_PLACEMENT_3D('',#7274,#5704,#5705);
#4918=AXIS2_PLACEMENT_3D('',#7278,#5707,#5708);
#4919=AXIS2_PLACEMENT_3D('',#7282,#5710,#5711);
#4920=AXIS2_PLACEMENT_3D('',#7286,#5713,#5714);
#4921=AXIS2_PLACEMENT_3D('',#7290,#5716,#5717);
#4922=AXIS2_PLACEMENT_3D('',#7294,#5719,#5720);
#4923=AXIS2_PLACEMENT_3D('',#7298,#5722,#5723);
#4924=AXIS2_PLACEMENT_3D('',#7302,#5725,#5726);
#4925=AXIS2_PLACEMENT_3D('',#7306,#5728,#5729);
#4926=AXIS2_PLACEMENT_3D('',#7310,#5731,#5732);
#4927=AXIS2_PLACEMENT_3D('',#7314,#5734,#5735);
#4928=AXIS2_PLACEMENT_3D('',#7318,#5737,#5738);
#4929=AXIS2_PLACEMENT_3D('',#7322,#5740,#5741);
#4930=AXIS2_PLACEMENT_3D('',#7326,#5743,#5744);
#4931=AXIS2_PLACEMENT_3D('',#7330,#5746,#5747);
#4932=AXIS2_PLACEMENT_3D('',#7334,#5749,#5750);
#4933=AXIS2_PLACEMENT_3D('',#7338,#5752,#5753);
#4934=AXIS2_PLACEMENT_3D('',#7342,#5755,#5756);
#4935=AXIS2_PLACEMENT_3D('',#7345,#5758,#5759);
#4936=AXIS2_PLACEMENT_3D('',#7346,#5760,#5761);
#4937=AXIS2_PLACEMENT_3D('',#7372,#5763,#5764);
#4938=AXIS2_PLACEMENT_3D('',#7397,#5766,#5767);
#4939=AXIS2_PLACEMENT_3D('',#7423,#5769,#5770);
#4940=AXIS2_PLACEMENT_3D('',#7449,#5772,#5773);
#4941=AXIS2_PLACEMENT_3D('',#7475,#5775,#5776);
#4942=AXIS2_PLACEMENT_3D('',#7501,#5778,#5779);
#4943=AXIS2_PLACEMENT_3D('',#7529,#5781,#5782);
#4944=AXIS2_PLACEMENT_3D('',#7534,#5783,#5784);
#4945=AXIS2_PLACEMENT_3D('',#7537,#5786,#5787);
#4946=AXIS2_PLACEMENT_3D('',#7538,#5788,#5789);
#4947=AXIS2_PLACEMENT_3D('',#7540,#5790,#5791);
#4948=AXIS2_PLACEMENT_3D('',#7542,#5793,#5794);
#4949=AXIS2_PLACEMENT_3D('',#7568,#5796,#5797);
#4950=AXIS2_PLACEMENT_3D('',#7598,#5799,#5800);
#4951=AXIS2_PLACEMENT_3D('',#7626,#5802,#5803);
#4952=AXIS2_PLACEMENT_3D('',#7652,#5805,#5806);
#4953=AXIS2_PLACEMENT_3D('',#7678,#5808,#5809);
#4954=AXIS2_PLACEMENT_3D('',#7704,#5811,#5812);
#4955=AXIS2_PLACEMENT_3D('',#7729,#5814,#5815);
#4956=AXIS2_PLACEMENT_3D('',#7730,#5816,#5817);
#4957=AXIS2_PLACEMENT_3D('',#7734,#5819,#5820);
#4958=AXIS2_PLACEMENT_3D('',#7736,#5822,#5823);
#4959=AXIS2_PLACEMENT_3D('',#7740,#5826,#5827);
#4960=AXIS2_PLACEMENT_3D('',#7743,#5829,#5830);
#4961=AXIS2_PLACEMENT_3D('',#7744,#5831,#5832);
#4962=AXIS2_PLACEMENT_3D('',#7748,#5835,#5836);
#4963=AXIS2_PLACEMENT_3D('',#7750,#5837,#5838);
#4964=AXIS2_PLACEMENT_3D('',#7752,#5839,#5840);
#4965=AXIS2_PLACEMENT_3D('',#7753,#5841,#5842);
#4966=AXIS2_PLACEMENT_3D('',#7768,#5845,#5846);
#4967=AXIS2_PLACEMENT_3D('',#7772,#5849,#5850);
#4968=AXIS2_PLACEMENT_3D('',#7783,#5851,#5852);
#4969=AXIS2_PLACEMENT_3D('',#7798,#5855,#5856);
#4970=AXIS2_PLACEMENT_3D('',#7802,#5859,#5860);
#4971=AXIS2_PLACEMENT_3D('',#7813,#5861,#5862);
#4972=AXIS2_PLACEMENT_3D('',#7819,#5866,#5867);
#4973=AXIS2_PLACEMENT_3D('',#7830,#5868,#5869);
#4974=AXIS2_PLACEMENT_3D('',#7843,#5871,#5872);
#4975=AXIS2_PLACEMENT_3D('',#7856,#5874,#5875);
#4976=AXIS2_PLACEMENT_3D('',#7871,#5878,#5879);
#4977=AXIS2_PLACEMENT_3D('',#7875,#5882,#5883);
#4978=AXIS2_PLACEMENT_3D('',#7876,#5884,#5885);
#4979=AXIS2_PLACEMENT_3D('',#7877,#5886,#5887);
#4980=AXIS2_PLACEMENT_3D('',#7879,#5888,#5889);
#4981=AXIS2_PLACEMENT_3D('',#7881,#5891,#5892);
#4982=AXIS2_PLACEMENT_3D('',#7883,#5893,#5894);
#4983=AXIS2_PLACEMENT_3D('',#7885,#5896,#5897);
#4984=AXIS2_PLACEMENT_3D('',#7898,#5899,#5900);
#4985=AXIS2_PLACEMENT_3D('',#7911,#5902,#5903);
#4986=AXIS2_PLACEMENT_3D('',#7913,#5905,#5906);
#4987=AXIS2_PLACEMENT_3D('',#7924,#5907,#5908);
#4988=AXIS2_PLACEMENT_3D('',#7928,#5911,#5912);
#4989=AXIS2_PLACEMENT_3D('',#7939,#5913,#5914);
#4990=AXIS2_PLACEMENT_3D('',#7963,#5916,#5917);
#4991=AXIS2_PLACEMENT_3D('',#7969,#5921,#5922);
#4992=AXIS2_PLACEMENT_3D('',#7972,#5925,#5926);
#4993=AXIS2_PLACEMENT_3D('',#7974,#5928,#5929);
#4994=AXIS2_PLACEMENT_3D('',#7977,#5932,#5933);
#4995=AXIS2_PLACEMENT_3D('',#7979,#5935,#5936);
#4996=AXIS2_PLACEMENT_3D('',#7981,#5938,#5939);
#4997=AXIS2_PLACEMENT_3D('',#7983,#5941,#5942);
#4998=AXIS2_PLACEMENT_3D('',#7984,#5943,#5944);
#4999=AXIS2_PLACEMENT_3D('',#7987,#5947,#5948);
#5000=AXIS2_PLACEMENT_3D('',#7989,#5950,#5951);
#5001=AXIS2_PLACEMENT_3D('',#7992,#5954,#5955);
#5002=AXIS2_PLACEMENT_3D('',#7994,#5957,#5958);
#5003=AXIS2_PLACEMENT_3D('',#7996,#5960,#5961);
#5004=AXIS2_PLACEMENT_3D('',#7998,#5963,#5964);
#5005=AXIS2_PLACEMENT_3D('',#7999,#5965,#5966);
#5006=AXIS2_PLACEMENT_3D('',#8002,#5969,#5970);
#5007=AXIS2_PLACEMENT_3D('',#8004,#5972,#5973);
#5008=AXIS2_PLACEMENT_3D('',#8007,#5976,#5977);
#5009=AXIS2_PLACEMENT_3D('',#8009,#5979,#5980);
#5010=AXIS2_PLACEMENT_3D('',#8011,#5982,#5983);
#5011=AXIS2_PLACEMENT_3D('',#8013,#5985,#5986);
#5012=AXIS2_PLACEMENT_3D('',#8014,#5987,#5988);
#5013=AXIS2_PLACEMENT_3D('',#8017,#5991,#5992);
#5014=AXIS2_PLACEMENT_3D('',#8019,#5994,#5995);
#5015=AXIS2_PLACEMENT_3D('',#8022,#5998,#5999);
#5016=AXIS2_PLACEMENT_3D('',#8024,#6001,#6002);
#5017=AXIS2_PLACEMENT_3D('',#8026,#6004,#6005);
#5018=AXIS2_PLACEMENT_3D('',#8028,#6007,#6008);
#5019=AXIS2_PLACEMENT_3D('',#8029,#6009,#6010);
#5020=AXIS2_PLACEMENT_3D('',#8032,#6013,#6014);
#5021=AXIS2_PLACEMENT_3D('',#8034,#6016,#6017);
#5022=AXIS2_PLACEMENT_3D('',#8037,#6020,#6021);
#5023=AXIS2_PLACEMENT_3D('',#8039,#6023,#6024);
#5024=AXIS2_PLACEMENT_3D('',#8041,#6026,#6027);
#5025=AXIS2_PLACEMENT_3D('',#8043,#6029,#6030);
#5026=AXIS2_PLACEMENT_3D('',#8044,#6031,#6032);
#5027=AXIS2_PLACEMENT_3D('',#8047,#6035,#6036);
#5028=AXIS2_PLACEMENT_3D('',#8049,#6038,#6039);
#5029=AXIS2_PLACEMENT_3D('',#8052,#6042,#6043);
#5030=AXIS2_PLACEMENT_3D('',#8054,#6045,#6046);
#5031=AXIS2_PLACEMENT_3D('',#8056,#6048,#6049);
#5032=AXIS2_PLACEMENT_3D('',#8058,#6051,#6052);
#5033=AXIS2_PLACEMENT_3D('',#8059,#6053,#6054);
#5034=AXIS2_PLACEMENT_3D('',#8062,#6057,#6058);
#5035=AXIS2_PLACEMENT_3D('',#8064,#6060,#6061);
#5036=AXIS2_PLACEMENT_3D('',#8067,#6064,#6065);
#5037=AXIS2_PLACEMENT_3D('',#8069,#6067,#6068);
#5038=AXIS2_PLACEMENT_3D('',#8071,#6070,#6071);
#5039=AXIS2_PLACEMENT_3D('',#8073,#6073,#6074);
#5040=AXIS2_PLACEMENT_3D('',#8074,#6075,#6076);
#5041=AXIS2_PLACEMENT_3D('',#8077,#6079,#6080);
#5042=AXIS2_PLACEMENT_3D('',#8079,#6082,#6083);
#5043=AXIS2_PLACEMENT_3D('',#8082,#6086,#6087);
#5044=AXIS2_PLACEMENT_3D('',#8084,#6089,#6090);
#5045=AXIS2_PLACEMENT_3D('',#8086,#6092,#6093);
#5046=AXIS2_PLACEMENT_3D('',#8088,#6095,#6096);
#5047=AXIS2_PLACEMENT_3D('',#8089,#6097,#6098);
#5048=AXIS2_PLACEMENT_3D('',#8093,#6100,#6101);
#5049=AXIS2_PLACEMENT_3D('',#8119,#6103,#6104);
#5050=AXIS2_PLACEMENT_3D('',#8145,#6106,#6107);
#5051=AXIS2_PLACEMENT_3D('',#8171,#6109,#6110);
#5052=AXIS2_PLACEMENT_3D('',#8197,#6112,#6113);
#5053=AXIS2_PLACEMENT_3D('',#8225,#6115,#6116);
#5054=AXIS2_PLACEMENT_3D('',#8244,#6117,#6118);
#5055=AXIS2_PLACEMENT_3D('',#8257,#6120,#6121);
#5056=AXIS2_PLACEMENT_3D('',#8259,#6122,#6123);
#5057=AXIS2_PLACEMENT_3D('',#8262,#6125,#6126);
#5058=AXIS2_PLACEMENT_3D('',#8263,#6127,#6128);
#5059=AXIS2_PLACEMENT_3D('',#8264,#6129,#6130);
#5060=AXIS2_PLACEMENT_3D('',#8266,#6131,#6132);
#5061=AXIS2_PLACEMENT_3D('',#8269,#6134,#6135);
#5062=AXIS2_PLACEMENT_3D('',#8270,#6136,#6137);
#5063=AXIS2_PLACEMENT_3D('',#8271,#6138,#6139);
#5064=AXIS2_PLACEMENT_3D('',#8273,#6140,#6141);
#5065=AXIS2_PLACEMENT_3D('',#8276,#6143,#6144);
#5066=AXIS2_PLACEMENT_3D('',#8277,#6145,#6146);
#5067=AXIS2_PLACEMENT_3D('',#8278,#6147,#6148);
#5068=AXIS2_PLACEMENT_3D('',#8280,#6149,#6150);
#5069=AXIS2_PLACEMENT_3D('',#8283,#6152,#6153);
#5070=AXIS2_PLACEMENT_3D('',#8284,#6154,#6155);
#5071=AXIS2_PLACEMENT_3D('',#8285,#6156,#6157);
#5072=AXIS2_PLACEMENT_3D('',#8287,#6159,#6160);
#5073=AXIS2_PLACEMENT_3D('',#8289,#6162,#6163);
#5074=AXIS2_PLACEMENT_3D('',#8291,#6165,#6166);
#5075=AXIS2_PLACEMENT_3D('',#8293,#6168,#6169);
#5076=AXIS2_PLACEMENT_3D('',#8294,#6170,#6171);
#5077=AXIS2_PLACEMENT_3D('',#8298,#6174,#6175);
#5078=AXIS2_PLACEMENT_3D('',#8311,#6177,#6178);
#5079=AXIS2_PLACEMENT_3D('',#8324,#6180,#6181);
#5080=AXIS2_PLACEMENT_3D('',#8325,#6182,#6183);
#5081=AXIS2_PLACEMENT_3D('',#8326,#6184,#6185);
#5082=AXIS2_PLACEMENT_3D('',#8329,#6187,#6188);
#5083=AXIS2_PLACEMENT_3D('',#8330,#6189,#6190);
#5084=AXIS2_PLACEMENT_3D('',#8334,#6193,#6194);
#5085=AXIS2_PLACEMENT_3D('',#8337,#6196,#6197);
#5086=AXIS2_PLACEMENT_3D('',#8338,#6198,#6199);
#5087=AXIS2_PLACEMENT_3D('',#8340,#6201,#6202);
#5088=AXIS2_PLACEMENT_3D('',#8342,#6204,#6205);
#5089=AXIS2_PLACEMENT_3D('',#8345,#6208,#6209);
#5090=AXIS2_PLACEMENT_3D('',#8347,#6211,#6212);
#5091=AXIS2_PLACEMENT_3D('',#8349,#6214,#6215);
#5092=AXIS2_PLACEMENT_3D('',#8352,#6218,#6219);
#5093=AXIS2_PLACEMENT_3D('',#8354,#6221,#6222);
#5094=AXIS2_PLACEMENT_3D('',#8356,#6224,#6225);
#5095=AXIS2_PLACEMENT_3D('',#8359,#6228,#6229);
#5096=AXIS2_PLACEMENT_3D('',#8372,#6231,#6232);
#5097=AXIS2_PLACEMENT_3D('',#8373,#6233,#6234);
#5098=AXIS2_PLACEMENT_3D('',#8375,#6236,#6237);
#5099=AXIS2_PLACEMENT_3D('',#8377,#6239,#6240);
#5100=AXIS2_PLACEMENT_3D('',#8380,#6243,#6244);
#5101=AXIS2_PLACEMENT_3D('',#8382,#6246,#6247);
#5102=AXIS2_PLACEMENT_3D('',#8384,#6249,#6250);
#5103=AXIS2_PLACEMENT_3D('',#8386,#6252,#6253);
#5104=AXIS2_PLACEMENT_3D('',#8388,#6255,#6256);
#5105=AXIS2_PLACEMENT_3D('',#8390,#6258,#6259);
#5106=AXIS2_PLACEMENT_3D('',#8398,#6260,#6261);
#5107=AXIS2_PLACEMENT_3D('',#8400,#6263,#6264);
#5108=AXIS2_PLACEMENT_3D('',#8403,#6267,#6268);
#5109=AXIS2_PLACEMENT_3D('',#8405,#6270,#6271);
#5110=AXIS2_PLACEMENT_3D('',#8407,#6273,#6274);
#5111=AXIS2_PLACEMENT_3D('',#8410,#6277,#6278);
#5112=AXIS2_PLACEMENT_3D('',#8412,#6280,#6281);
#5113=AXIS2_PLACEMENT_3D('',#8415,#6284,#6285);
#5114=AXIS2_PLACEMENT_3D('',#8417,#6287,#6288);
#5115=AXIS2_PLACEMENT_3D('',#8419,#6290,#6291);
#5116=AXIS2_PLACEMENT_3D('',#8428,#6293,#6294);
#5117=AXIS2_PLACEMENT_3D('',#8429,#6295,#6296);
#5118=AXIS2_PLACEMENT_3D('',#8432,#6299,#6300);
#5119=AXIS2_PLACEMENT_3D('',#8435,#6303,#6304);
#5120=AXIS2_PLACEMENT_3D('',#8436,#6305,#6306);
#5121=AXIS2_PLACEMENT_3D('',#8438,#6308,#6309);
#5122=AXIS2_PLACEMENT_3D('',#8450,#6310,#6311);
#5123=AXIS2_PLACEMENT_3D('',#8452,#6313,#6314);
#5124=AXIS2_PLACEMENT_3D('',#8454,#6316,#6317);
#5125=AXIS2_PLACEMENT_3D('',#8456,#6319,#6320);
#5126=AXIS2_PLACEMENT_3D('',#8458,#6322,#6323);
#5127=AXIS2_PLACEMENT_3D('',#8460,#6325,#6326);
#5128=AXIS2_PLACEMENT_3D('',#8462,#6328,#6329);
#5129=AXIS2_PLACEMENT_3D('',#8464,#6331,#6332);
#5130=AXIS2_PLACEMENT_3D('',#8467,#6335,#6336);
#5131=AXIS2_PLACEMENT_3D('',#8469,#6338,#6339);
#5132=AXIS2_PLACEMENT_3D('',#8473,#6342,#6343);
#5133=AXIS2_PLACEMENT_3D('',#8475,#6345,#6346);
#5134=AXIS2_PLACEMENT_3D('',#8477,#6348,#6349);
#5135=AXIS2_PLACEMENT_3D('',#8478,#6350,#6351);
#5136=AXIS2_PLACEMENT_3D('',#8480,#6353,#6354);
#5137=AXIS2_PLACEMENT_3D('',#8482,#6356,#6357);
#5138=AXIS2_PLACEMENT_3D('',#8484,#6359,#6360);
#5139=AXIS2_PLACEMENT_3D('',#8485,#6361,#6362);
#5140=AXIS2_PLACEMENT_3D('',#8487,#6364,#6365);
#5141=AXIS2_PLACEMENT_3D('',#8489,#6367,#6368);
#5142=AXIS2_PLACEMENT_3D('',#8491,#6370,#6371);
#5143=AXIS2_PLACEMENT_3D('',#8492,#6372,#6373);
#5144=AXIS2_PLACEMENT_3D('',#8496,#6376,#6377);
#5145=AXIS2_PLACEMENT_3D('',#8500,#6380,#6381);
#5146=AXIS2_PLACEMENT_3D('',#8501,#6382,#6383);
#5147=AXIS2_PLACEMENT_3D('',#8502,#6384,#6385);
#5148=AXIS2_PLACEMENT_3D('',#8506,#6388,#6389);
#5149=AXIS2_PLACEMENT_3D('',#8507,#6390,#6391);
#5150=AXIS2_PLACEMENT_3D('',#8508,#6392,#6393);
#5151=AXIS2_PLACEMENT_3D('',#8509,#6394,#6395);
#5152=AXIS2_PLACEMENT_3D('',#8510,#6396,#6397);
#5153=AXIS2_PLACEMENT_3D('',#8511,#6398,#6399);
#5154=AXIS2_PLACEMENT_3D('',#8512,#6400,#6401);
#5155=AXIS2_PLACEMENT_3D('',#8515,#6404,#6405);
#5156=AXIS2_PLACEMENT_3D('',#8517,#6407,#6408);
#5157=AXIS2_PLACEMENT_3D('',#8520,#6411,#6412);
#5158=AXIS2_PLACEMENT_3D('',#8522,#6414,#6415);
#5159=AXIS2_PLACEMENT_3D('',#8524,#6417,#6418);
#5160=AXIS2_PLACEMENT_3D('',#8526,#6420,#6421);
#5161=AXIS2_PLACEMENT_3D('',#8527,#6422,#6423);
#5162=AXIS2_PLACEMENT_3D('',#8528,#6424,#6425);
#5163=AXIS2_PLACEMENT_3D('',#8531,#6427,#6428);
#5164=AXIS2_PLACEMENT_3D('',#8532,#6429,#6430);
#5165=AXIS2_PLACEMENT_3D('',#8533,#6431,#6432);
#5166=AXIS2_PLACEMENT_3D('',#8534,#6433,#6434);
#5167=AXIS2_PLACEMENT_3D('',#8535,#6435,#6436);
#5168=AXIS2_PLACEMENT_3D('',#8536,#6437,#6438);
#5169=AXIS2_PLACEMENT_3D('',#8538,#6439,#6440);
#5170=AXIS2_PLACEMENT_3D('',#8540,#6442,#6443);
#5171=AXIS2_PLACEMENT_3D('',#8542,#6444,#6445);
#5172=AXIS2_PLACEMENT_3D('',#8544,#6447,#6448);
#5173=DIRECTION('axis',(0.,0.,1.));
#5174=DIRECTION('refdir',(1.,0.,0.));
#5175=DIRECTION('center_axis',(0.,1.,0.));
#5176=DIRECTION('ref_axis',(0.595314560163774,0.,0.803492734539033));
#5177=DIRECTION('center_axis',(0.,1.,0.));
#5178=DIRECTION('ref_axis',(0.595314560163774,0.,0.803492734539033));
#5179=DIRECTION('',(0.,1.,0.));
#5180=DIRECTION('',(0.,1.,0.));
#5181=DIRECTION('center_axis',(0.707615142777025,0.,0.706598053855692));
#5182=DIRECTION('ref_axis',(0.,-1.,0.));
#5183=DIRECTION('',(0.706598053855692,0.,-0.707615142777025));
#5184=DIRECTION('',(-0.706598053855692,0.,0.707615142777025));
#5185=DIRECTION('center_axis',(0.707615142777025,0.,0.706598053855692));
#5186=DIRECTION('ref_axis',(-0.706598053855692,-9.71444895314295E-16,0.707615142777025));
#5187=DIRECTION('center_axis',(0.,-1.,0.));
#5188=DIRECTION('ref_axis',(0.706598053855692,0.,-0.707615142777025));
#5189=DIRECTION('center_axis',(0.,1.,0.));
#5190=DIRECTION('ref_axis',(1.,0.,0.));
#5191=DIRECTION('center_axis',(0.,1.,0.));
#5192=DIRECTION('ref_axis',(0.,0.,1.));
#5193=DIRECTION('center_axis',(0.,1.,0.));
#5194=DIRECTION('ref_axis',(1.,0.,0.));
#5195=DIRECTION('',(-0.707106781186548,0.,-0.707106781186547));
#5196=DIRECTION('center_axis',(-2.22044604925031E-16,0.,-1.));
#5197=DIRECTION('ref_axis',(-1.,0.,2.22044604925031E-16));
#5198=DIRECTION('',(1.,0.,0.));
#5199=DIRECTION('',(0.,1.,0.));
#5200=DIRECTION('',(1.,0.,-2.22044604925031E-16));
#5201=DIRECTION('',(0.,-1.,0.));
#5202=DIRECTION('center_axis',(-2.22044604925031E-16,0.,-1.));
#5203=DIRECTION('ref_axis',(-1.,0.,2.22044604925031E-16));
#5204=DIRECTION('center_axis',(2.22044604925031E-16,0.,1.));
#5205=DIRECTION('ref_axis',(-1.,0.,2.22044604925031E-16));
#5206=DIRECTION('center_axis',(-2.22044604925031E-16,0.,-1.));
#5207=DIRECTION('ref_axis',(-1.,0.,2.22044604925031E-16));
#5208=DIRECTION('',(-2.22044604925031E-16,0.,-1.));
#5209=DIRECTION('center_axis',(2.22044604925031E-16,0.,1.));
#5210=DIRECTION('ref_axis',(-1.,0.,2.22044604925031E-16));
#5211=DIRECTION('center_axis',(2.22044604925031E-16,0.,1.));
#5212=DIRECTION('ref_axis',(-1.,0.,2.22044604925031E-16));
#5213=DIRECTION('',(-2.22044604925031E-16,0.,-1.));
#5214=DIRECTION('center_axis',(2.22044604925031E-16,0.,1.));
#5215=DIRECTION('ref_axis',(-1.,0.,2.22044604925031E-16));
#5216=DIRECTION('center_axis',(-2.22044604925031E-16,0.,-1.));
#5217=DIRECTION('ref_axis',(-1.,0.,2.22044604925031E-16));
#5218=DIRECTION('center_axis',(-2.22044604925031E-16,0.,-1.));
#5219=DIRECTION('ref_axis',(-1.,0.,2.22044604925031E-16));
#5220=DIRECTION('',(-1.,0.,2.22044604925031E-16));
#5221=DIRECTION('',(0.,1.,0.));
#5222=DIRECTION('',(-1.,0.,2.22044604925031E-16));
#5223=DIRECTION('',(0.,-1.,0.));
#5224=DIRECTION('center_axis',(-1.57009245868377E-16,-0.707106781186549,
-0.707106781186546));
#5225=DIRECTION('ref_axis',(-1.,0.,2.22044604925031E-16));
#5226=DIRECTION('',(1.57009245868378E-16,-0.707106781186546,0.707106781186549));
#5227=DIRECTION('',(1.,0.,-2.22044604925031E-16));
#5228=DIRECTION('',(-1.57009245868378E-16,0.707106781186546,-0.707106781186549));
#5229=DIRECTION('center_axis',(-1.,0.,2.22044604925031E-16));
#5230=DIRECTION('ref_axis',(0.,-1.,0.));
#5231=DIRECTION('',(2.22044604925031E-16,0.,1.));
#5232=DIRECTION('',(0.,-1.,0.));
#5233=DIRECTION('',(2.22044604925031E-16,0.,1.));
#5234=DIRECTION('center_axis',(0.,-1.,0.));
#5235=DIRECTION('ref_axis',(1.,0.,-2.22044604925031E-16));
#5236=DIRECTION('',(1.,0.,0.));
#5237=DIRECTION('',(2.22044604925031E-16,0.,1.));
#5238=DIRECTION('center_axis',(1.,0.,-2.22044604925031E-16));
#5239=DIRECTION('ref_axis',(0.,1.,0.));
#5240=DIRECTION('',(0.,1.,0.));
#5241=DIRECTION('',(2.22044604925031E-16,0.,1.));
#5242=DIRECTION('center_axis',(0.,1.,0.));
#5243=DIRECTION('ref_axis',(-1.,0.,2.22044604925031E-16));
#5244=DIRECTION('center_axis',(0.,0.,1.));
#5245=DIRECTION('ref_axis',(1.,0.,0.));
#5246=DIRECTION('',(1.,0.,0.));
#5247=DIRECTION('',(0.,1.,0.));
#5248=DIRECTION('',(1.,0.,0.));
#5249=DIRECTION('',(0.,-1.,0.));
#5250=DIRECTION('',(1.,0.,0.));
#5251=DIRECTION('center_axis',(-1.,0.,0.));
#5252=DIRECTION('ref_axis',(0.,0.,-1.));
#5253=DIRECTION('center_axis',(1.,0.,0.));
#5254=DIRECTION('ref_axis',(0.,0.,-1.));
#5255=DIRECTION('',(-1.,0.,0.));
#5256=DIRECTION('center_axis',(1.,0.,0.));
#5257=DIRECTION('ref_axis',(0.,0.,-1.));
#5258=DIRECTION('center_axis',(-1.,0.,0.));
#5259=DIRECTION('ref_axis',(0.,0.,-1.));
#5260=DIRECTION('center_axis',(-1.,0.,0.));
#5261=DIRECTION('ref_axis',(0.,0.,-1.));
#5262=DIRECTION('',(-1.,0.,0.));
#5263=DIRECTION('center_axis',(-1.,0.,0.));
#5264=DIRECTION('ref_axis',(0.,0.,-1.));
#5265=DIRECTION('center_axis',(1.,0.,0.));
#5266=DIRECTION('ref_axis',(0.,0.,-1.));
#5267=DIRECTION('center_axis',(1.,0.,0.));
#5268=DIRECTION('ref_axis',(0.,0.,-1.));
#5269=DIRECTION('',(0.,0.,-1.));
#5270=DIRECTION('',(0.,-1.,0.));
#5271=DIRECTION('',(0.,0.,-1.));
#5272=DIRECTION('',(0.,1.,0.));
#5273=DIRECTION('center_axis',(0.707106781186546,0.707106781186549,0.));
#5274=DIRECTION('ref_axis',(0.,0.,-1.));
#5275=DIRECTION('',(0.707106781186549,-0.707106781186546,0.));
#5276=DIRECTION('',(-0.707106781186549,0.707106781186546,0.));
#5277=DIRECTION('',(0.,0.,1.));
#5278=DIRECTION('center_axis',(0.,0.,1.));
#5279=DIRECTION('ref_axis',(0.,-1.,0.));
#5280=DIRECTION('',(1.,0.,0.));
#5281=DIRECTION('',(0.,1.,0.));
#5282=DIRECTION('',(0.,1.,0.));
#5283=DIRECTION('',(1.,0.,0.));
#5284=DIRECTION('center_axis',(0.,1.,0.));
#5285=DIRECTION('ref_axis',(0.,0.,1.));
#5286=DIRECTION('',(1.,0.,0.));
#5287=DIRECTION('',(-8.3790416952842E-17,0.,-1.));
#5288=DIRECTION('center_axis',(0.,0.,-1.));
#5289=DIRECTION('ref_axis',(0.,1.,0.));
#5290=DIRECTION('',(1.,0.,0.));
#5291=DIRECTION('',(0.,-1.,0.));
#5292=DIRECTION('',(0.,-1.,0.));
#5293=DIRECTION('center_axis',(0.,-1.,0.));
#5294=DIRECTION('ref_axis',(0.,0.,-1.));
#5295=DIRECTION('',(0.,0.,1.));
#5296=DIRECTION('center_axis',(1.,0.,0.));
#5297=DIRECTION('ref_axis',(0.,0.,-1.));
#5298=DIRECTION('',(-8.3790416952842E-17,0.,-1.));
#5299=DIRECTION('center_axis',(1.,0.,-1.67580833905684E-16));
#5300=DIRECTION('ref_axis',(-1.67580833905684E-16,0.,-1.));
#5301=DIRECTION('',(8.3790416952842E-17,0.,1.));
#5302=DIRECTION('',(0.,1.,0.));
#5303=DIRECTION('',(1.67580833905684E-16,0.,1.));
#5304=DIRECTION('',(0.,-1.,0.));
#5305=DIRECTION('center_axis',(1.,0.,-1.67580833905684E-16));
#5306=DIRECTION('ref_axis',(-1.67580833905684E-16,0.,-1.));
#5307=DIRECTION('center_axis',(-1.,0.,1.67580833905684E-16));
#5308=DIRECTION('ref_axis',(-1.67580833905684E-16,0.,-1.));
#5309=DIRECTION('center_axis',(1.,0.,-1.67580833905684E-16));
#5310=DIRECTION('ref_axis',(-1.67580833905684E-16,0.,-1.));
#5311=DIRECTION('',(1.,0.,-1.67580833905684E-16));
#5312=DIRECTION('center_axis',(-1.,0.,1.67580833905684E-16));
#5313=DIRECTION('ref_axis',(-1.67580833905684E-16,0.,-1.));
#5314=DIRECTION('center_axis',(-1.,0.,1.67580833905684E-16));
#5315=DIRECTION('ref_axis',(-1.67580833905684E-16,0.,-1.));
#5316=DIRECTION('',(1.,0.,-1.67580833905684E-16));
#5317=DIRECTION('center_axis',(-1.,0.,1.67580833905684E-16));
#5318=DIRECTION('ref_axis',(-1.67580833905684E-16,0.,-1.));
#5319=DIRECTION('center_axis',(1.,0.,-1.67580833905684E-16));
#5320=DIRECTION('ref_axis',(-1.67580833905684E-16,0.,-1.));
#5321=DIRECTION('center_axis',(1.,0.,-1.67580833905684E-16));
#5322=DIRECTION('ref_axis',(-1.67580833905684E-16,0.,-1.));
#5323=DIRECTION('',(-1.67580833905684E-16,0.,-1.));
#5324=DIRECTION('',(0.,1.,0.));
#5325=DIRECTION('',(-1.67580833905684E-16,0.,-1.));
#5326=DIRECTION('',(0.,-1.,0.));
#5327=DIRECTION('center_axis',(0.707106781186546,-0.707106781186549,-1.18497544051605E-16));
#5328=DIRECTION('ref_axis',(-1.67580833905684E-16,0.,-1.));
#5329=DIRECTION('',(-0.707106781186549,-0.707106781186546,1.18497544051606E-16));
#5330=DIRECTION('',(1.67580833905684E-16,0.,1.));
#5331=DIRECTION('',(0.707106781186549,0.707106781186546,-1.18497544051606E-16));
#5332=DIRECTION('center_axis',(-1.67580833905684E-16,0.,-1.));
#5333=DIRECTION('ref_axis',(0.,-1.,0.));
#5334=DIRECTION('',(-1.,0.,1.67580833905684E-16));
#5335=DIRECTION('',(0.,-1.,0.));
#5336=DIRECTION('',(-1.,0.,1.67580833905684E-16));
#5337=DIRECTION('center_axis',(0.,-1.,0.));
#5338=DIRECTION('ref_axis',(1.67580833905684E-16,0.,1.));
#5339=DIRECTION('',(8.3790416952842E-17,0.,1.));
#5340=DIRECTION('',(-1.,0.,1.67580833905684E-16));
#5341=DIRECTION('center_axis',(1.67580833905684E-16,0.,1.));
#5342=DIRECTION('ref_axis',(0.,1.,0.));
#5343=DIRECTION('',(0.,1.,0.));
#5344=DIRECTION('',(-1.,0.,1.67580833905684E-16));
#5345=DIRECTION('center_axis',(0.,1.,0.));
#5346=DIRECTION('ref_axis',(-1.67580833905684E-16,0.,-1.));
#5347=DIRECTION('center_axis',(-1.,0.,8.3790416952842E-17));
#5348=DIRECTION('ref_axis',(8.3790416952842E-17,0.,1.));
#5349=DIRECTION('',(8.3790416952842E-17,0.,1.));
#5350=DIRECTION('',(0.,1.,0.));
#5351=DIRECTION('center_axis',(1.,0.,-8.3790416952842E-17));
#5352=DIRECTION('ref_axis',(0.,-0.707106781186541,0.707106781186554));
#5353=DIRECTION('',(-8.3790416952842E-17,0.,-1.));
#5354=DIRECTION('center_axis',(1.,0.,-8.3790416952842E-17));
#5355=DIRECTION('ref_axis',(0.,-0.707106781186554,-0.707106781186541));
#5356=DIRECTION('',(0.,1.,0.));
#5357=DIRECTION('center_axis',(1.,0.,-8.3790416952842E-17));
#5358=DIRECTION('ref_axis',(0.,0.707106781186554,-0.707106781186541));
#5359=DIRECTION('',(8.3790416952842E-17,0.,1.));
#5360=DIRECTION('center_axis',(1.,0.,-8.3790416952842E-17));
#5361=DIRECTION('ref_axis',(0.,0.707106781186541,0.707106781186554));
#5362=DIRECTION('',(0.,-1.,0.));
#5363=DIRECTION('center_axis',(1.,0.,-8.3790416952842E-17));
#5364=DIRECTION('ref_axis',(0.,-0.707106781186541,0.707106781186554));
#5365=DIRECTION('',(-8.3790416952842E-17,0.,-1.));
#5366=DIRECTION('center_axis',(1.,0.,-8.3790416952842E-17));
#5367=DIRECTION('ref_axis',(0.,-0.707106781186554,-0.707106781186541));
#5368=DIRECTION('',(0.,1.,0.));
#5369=DIRECTION('center_axis',(1.,0.,-8.3790416952842E-17));
#5370=DIRECTION('ref_axis',(0.,0.707106781186554,-0.707106781186541));
#5371=DIRECTION('',(8.3790416952842E-17,0.,1.));
#5372=DIRECTION('center_axis',(1.,0.,-8.3790416952842E-17));
#5373=DIRECTION('ref_axis',(0.,0.707106781186541,0.707106781186554));
#5374=DIRECTION('',(0.,-1.,0.));
#5375=DIRECTION('center_axis',(1.,0.,-8.3790416952842E-17));
#5376=DIRECTION('ref_axis',(0.,-0.707106781186541,0.707106781186554));
#5377=DIRECTION('',(-8.3790416952842E-17,0.,-1.));
#5378=DIRECTION('center_axis',(1.,0.,-8.3790416952842E-17));
#5379=DIRECTION('ref_axis',(0.,-0.707106781186554,-0.707106781186541));
#5380=DIRECTION('',(0.,1.,0.));
#5381=DIRECTION('center_axis',(1.,0.,-8.3790416952842E-17));
#5382=DIRECTION('ref_axis',(0.,0.707106781186554,-0.707106781186541));
#5383=DIRECTION('',(8.3790416952842E-17,0.,1.));
#5384=DIRECTION('center_axis',(1.,0.,-8.3790416952842E-17));
#5385=DIRECTION('ref_axis',(0.,0.707106781186541,0.707106781186554));
#5386=DIRECTION('',(0.,-1.,0.));
#5387=DIRECTION('center_axis',(1.,0.,-8.3790416952842E-17));
#5388=DIRECTION('ref_axis',(0.,-0.707106781186541,0.707106781186554));
#5389=DIRECTION('',(-8.3790416952842E-17,0.,-1.));
#5390=DIRECTION('center_axis',(1.,0.,-8.3790416952842E-17));
#5391=DIRECTION('ref_axis',(0.,-0.707106781186554,-0.707106781186541));
#5392=DIRECTION('',(0.,1.,0.));
#5393=DIRECTION('center_axis',(1.,0.,-8.3790416952842E-17));
#5394=DIRECTION('ref_axis',(0.,0.707106781186554,-0.707106781186541));
#5395=DIRECTION('',(8.3790416952842E-17,0.,1.));
#5396=DIRECTION('center_axis',(1.,0.,-8.3790416952842E-17));
#5397=DIRECTION('ref_axis',(0.,0.707106781186541,0.707106781186554));
#5398=DIRECTION('',(0.,-1.,0.));
#5399=DIRECTION('center_axis',(1.,0.,-8.3790416952842E-17));
#5400=DIRECTION('ref_axis',(0.,-0.707106781186541,0.707106781186554));
#5401=DIRECTION('',(-8.3790416952842E-17,0.,-1.));
#5402=DIRECTION('center_axis',(1.,0.,-8.3790416952842E-17));
#5403=DIRECTION('ref_axis',(0.,-0.707106781186554,-0.707106781186541));
#5404=DIRECTION('',(0.,1.,0.));
#5405=DIRECTION('center_axis',(1.,0.,-8.3790416952842E-17));
#5406=DIRECTION('ref_axis',(0.,0.707106781186554,-0.707106781186541));
#5407=DIRECTION('',(8.3790416952842E-17,0.,1.));
#5408=DIRECTION('center_axis',(1.,0.,-8.3790416952842E-17));
#5409=DIRECTION('ref_axis',(0.,0.707106781186541,0.707106781186554));
#5410=DIRECTION('',(0.,-1.,0.));
#5411=DIRECTION('center_axis',(1.,0.,-8.3790416952842E-17));
#5412=DIRECTION('ref_axis',(0.,-0.707106781186541,0.707106781186554));
#5413=DIRECTION('',(-8.3790416952842E-17,0.,-1.));
#5414=DIRECTION('center_axis',(1.,0.,-8.3790416952842E-17));
#5415=DIRECTION('ref_axis',(0.,-0.707106781186554,-0.707106781186541));
#5416=DIRECTION('',(0.,1.,0.));
#5417=DIRECTION('center_axis',(1.,0.,-8.3790416952842E-17));
#5418=DIRECTION('ref_axis',(0.,0.707106781186554,-0.707106781186541));
#5419=DIRECTION('',(8.3790416952842E-17,0.,1.));
#5420=DIRECTION('center_axis',(1.,0.,-8.3790416952842E-17));
#5421=DIRECTION('ref_axis',(0.,0.707106781186541,0.707106781186554));
#5422=DIRECTION('',(0.,-1.,0.));
#5423=DIRECTION('center_axis',(1.,0.,-8.3790416952842E-17));
#5424=DIRECTION('ref_axis',(0.,-0.707106781186541,0.707106781186554));
#5425=DIRECTION('',(-8.3790416952842E-17,0.,-1.));
#5426=DIRECTION('center_axis',(1.,0.,-8.3790416952842E-17));
#5427=DIRECTION('ref_axis',(0.,-0.707106781186554,-0.707106781186541));
#5428=DIRECTION('',(0.,1.,0.));
#5429=DIRECTION('center_axis',(1.,0.,-8.3790416952842E-17));
#5430=DIRECTION('ref_axis',(0.,0.707106781186554,-0.707106781186541));
#5431=DIRECTION('',(8.3790416952842E-17,0.,1.));
#5432=DIRECTION('center_axis',(-1.,0.,0.));
#5433=DIRECTION('ref_axis',(0.,0.707106781186541,0.707106781186554));
#5434=DIRECTION('',(0.,1.,0.));
#5435=DIRECTION('center_axis',(-1.,0.,0.));
#5436=DIRECTION('ref_axis',(0.,-0.707106781186541,0.707106781186554));
#5437=DIRECTION('',(0.,0.,1.));
#5438=DIRECTION('center_axis',(-1.,0.,0.));
#5439=DIRECTION('ref_axis',(0.,-0.707106781186554,-0.707106781186541));
#5440=DIRECTION('',(0.,1.,0.));
#5441=DIRECTION('center_axis',(-1.,0.,0.));
#5442=DIRECTION('ref_axis',(0.,0.707106781186554,-0.707106781186541));
#5443=DIRECTION('',(8.3790416952842E-17,0.,1.));
#5444=DIRECTION('center_axis',(1.,0.,-8.3790416952842E-17));
#5445=DIRECTION('ref_axis',(0.,0.707106781186541,0.707106781186554));
#5446=DIRECTION('',(0.,-1.,0.));
#5447=DIRECTION('center_axis',(1.,0.,-8.3790416952842E-17));
#5448=DIRECTION('ref_axis',(0.,-0.707106781186541,0.707106781186554));
#5449=DIRECTION('',(-8.3790416952842E-17,0.,-1.));
#5450=DIRECTION('center_axis',(1.,0.,-8.3790416952842E-17));
#5451=DIRECTION('ref_axis',(0.,-0.707106781186554,-0.707106781186541));
#5452=DIRECTION('',(0.,1.,0.));
#5453=DIRECTION('center_axis',(1.,0.,-8.3790416952842E-17));
#5454=DIRECTION('ref_axis',(0.,0.707106781186554,-0.707106781186541));
#5455=DIRECTION('',(8.3790416952842E-17,0.,1.));
#5456=DIRECTION('center_axis',(1.,0.,-8.3790416952842E-17));
#5457=DIRECTION('ref_axis',(0.,0.707106781186541,0.707106781186554));
#5458=DIRECTION('',(0.,-1.,0.));
#5459=DIRECTION('center_axis',(1.,0.,-8.3790416952842E-17));
#5460=DIRECTION('ref_axis',(0.,-0.707106781186541,0.707106781186554));
#5461=DIRECTION('',(-8.3790416952842E-17,0.,-1.));
#5462=DIRECTION('center_axis',(1.,0.,-8.3790416952842E-17));
#5463=DIRECTION('ref_axis',(0.,-0.707106781186554,-0.707106781186541));
#5464=DIRECTION('',(0.,1.,0.));
#5465=DIRECTION('center_axis',(1.,0.,-8.3790416952842E-17));
#5466=DIRECTION('ref_axis',(0.,0.707106781186554,-0.707106781186541));
#5467=DIRECTION('',(8.3790416952842E-17,0.,1.));
#5468=DIRECTION('center_axis',(1.,0.,-8.3790416952842E-17));
#5469=DIRECTION('ref_axis',(0.,0.707106781186541,0.707106781186554));
#5470=DIRECTION('',(0.,-1.,0.));
#5471=DIRECTION('center_axis',(1.,0.,-8.3790416952842E-17));
#5472=DIRECTION('ref_axis',(0.,-0.707106781186541,0.707106781186554));
#5473=DIRECTION('',(-8.3790416952842E-17,0.,-1.));
#5474=DIRECTION('center_axis',(1.,0.,-8.3790416952842E-17));
#5475=DIRECTION('ref_axis',(0.,-0.707106781186554,-0.707106781186541));
#5476=DIRECTION('',(0.,-1.,0.));
#5477=DIRECTION('',(8.3790416952842E-17,0.,1.));
#5478=DIRECTION('center_axis',(0.,1.,0.));
#5479=DIRECTION('ref_axis',(1.,0.,0.));
#5480=DIRECTION('center_axis',(0.,1.,0.));
#5481=DIRECTION('ref_axis',(1.,0.,0.));
#5482=DIRECTION('',(0.,1.,0.));
#5483=DIRECTION('center_axis',(0.,-1.,0.));
#5484=DIRECTION('ref_axis',(1.,0.,0.));
#5485=DIRECTION('center_axis',(-0.706598053855692,0.,0.707615142777025));
#5486=DIRECTION('ref_axis',(0.707615142777025,0.,0.706598053855692));
#5487=DIRECTION('',(0.,1.,0.));
#5488=DIRECTION('',(-0.707615142777025,0.,-0.706598053855692));
#5489=DIRECTION('',(0.,1.,0.));
#5490=DIRECTION('center_axis',(0.,-1.,0.));
#5491=DIRECTION('ref_axis',(-0.707615142777025,0.,-0.706598053855692));
#5492=DIRECTION('center_axis',(0.,-1.,0.));
#5493=DIRECTION('ref_axis',(1.,0.,0.));
#5494=DIRECTION('',(0.706598053855692,0.,-0.707615142777025));
#5495=DIRECTION('center_axis',(0.000212259253242756,0.99999995501072,0.000211954162916288));
#5496=DIRECTION('ref_axis',(0.707615110941929,-0.000299964260812379,0.706598022066354));
#5497=DIRECTION('center_axis',(-0.000212259253242756,-0.99999995501072,
-0.000211954162916288));
#5498=DIRECTION('ref_axis',(0.707615110739816,-0.000299964260812379,0.706598022268758));
#5499=DIRECTION('',(0.706598053855692,0.,-0.707615142777025));
#5500=DIRECTION('center_axis',(-0.707615142777025,0.,-0.706598053855692));
#5501=DIRECTION('ref_axis',(0.,1.,0.));
#5502=DIRECTION('',(0.,1.,0.));
#5503=DIRECTION('center_axis',(-0.707106781186548,0.,-0.707106781186547));
#5504=DIRECTION('ref_axis',(-0.5,-0.707106781186548,0.5));
#5505=DIRECTION('',(0.707106781186548,0.,0.707106781186547));
#5506=DIRECTION('',(-0.707106781186548,0.,-0.707106781186547));
#5507=DIRECTION('center_axis',(0.,-1.,0.));
#5508=DIRECTION('ref_axis',(0.,0.,-1.));
#5509=DIRECTION('center_axis',(0.,1.,0.));
#5510=DIRECTION('ref_axis',(0.707106781186547,0.,-0.707106781186547));
#5511=DIRECTION('',(0.,0.,-1.));
#5512=DIRECTION('center_axis',(0.,1.,0.));
#5513=DIRECTION('ref_axis',(0.707106781186547,0.,0.707106781186547));
#5514=DIRECTION('',(1.,0.,0.));
#5515=DIRECTION('center_axis',(0.,1.,0.));
#5516=DIRECTION('ref_axis',(-0.707106781186547,0.,0.707106781186547));
#5517=DIRECTION('',(0.,0.,1.));
#5518=DIRECTION('center_axis',(0.,1.,0.));
#5519=DIRECTION('ref_axis',(-0.707106781186547,0.,-0.707106781186547));
#5520=DIRECTION('',(-1.,0.,0.));
#5521=DIRECTION('center_axis',(0.,1.,0.));
#5522=DIRECTION('ref_axis',(1.,0.,0.));
#5523=DIRECTION('',(0.707119917205147,0.,0.707093644923914));
#5524=DIRECTION('center_axis',(0.,1.,0.));
#5525=DIRECTION('ref_axis',(-1.,0.,0.));
#5526=DIRECTION('',(-0.707106781186551,0.,-0.707106781186544));
#5527=DIRECTION('',(-0.707106781186545,0.,0.70710678118655));
#5528=DIRECTION('',(-0.707106781186551,0.,-0.707106781186544));
#5529=DIRECTION('center_axis',(0.,1.,0.));
#5530=DIRECTION('ref_axis',(-1.,0.,0.));
#5531=DIRECTION('',(-0.707093657821497,0.,-0.707119904308043));
#5532=DIRECTION('',(0.631721444044815,0.,-0.775195470274391));
#5533=DIRECTION('',(-0.775195470274391,0.,-0.631721444044814));
#5534=DIRECTION('center_axis',(0.,1.,0.));
#5535=DIRECTION('ref_axis',(1.,0.,0.));
#5536=DIRECTION('',(-0.707106781186548,0.,-0.707106781186548));
#5537=DIRECTION('center_axis',(0.,1.,0.));
#5538=DIRECTION('ref_axis',(-1.,0.,0.));
#5539=DIRECTION('center_axis',(0.,1.,0.));
#5540=DIRECTION('ref_axis',(-1.,0.,0.));
#5541=DIRECTION('',(0.707106781186547,0.,-0.707106781186548));
#5542=DIRECTION('center_axis',(0.,1.,0.));
#5543=DIRECTION('ref_axis',(1.,0.,0.));
#5544=DIRECTION('',(-0.707106781186548,0.,0.707106781186548));
#5545=DIRECTION('center_axis',(0.,1.,0.));
#5546=DIRECTION('ref_axis',(-1.,0.,0.));
#5547=DIRECTION('center_axis',(0.,1.,0.));
#5548=DIRECTION('ref_axis',(-1.,0.,0.));
#5549=DIRECTION('',(-0.707106781186548,0.,-0.707106781186548));
#5550=DIRECTION('center_axis',(0.,1.,0.));
#5551=DIRECTION('ref_axis',(1.,0.,0.));
#5552=DIRECTION('',(0.707106781186547,0.,0.707106781186548));
#5553=DIRECTION('center_axis',(0.,1.,0.));
#5554=DIRECTION('ref_axis',(-1.,0.,0.));
#5555=DIRECTION('',(-8.3790416952842E-17,0.,-1.));
#5556=DIRECTION('',(-8.3790416952842E-17,0.,-1.));
#5557=DIRECTION('center_axis',(0.,1.,0.));
#5558=DIRECTION('ref_axis',(-1.,0.,0.));
#5559=DIRECTION('',(-0.707106781186548,0.,0.707106781186548));
#5560=DIRECTION('center_axis',(0.,1.,0.));
#5561=DIRECTION('ref_axis',(1.,0.,0.));
#5562=DIRECTION('',(0.707106781186548,0.,-0.707106781186547));
#5563=DIRECTION('center_axis',(0.,1.,0.));
#5564=DIRECTION('ref_axis',(-1.,0.,0.));
#5565=DIRECTION('',(-1.,0.,-1.67580833905684E-16));
#5566=DIRECTION('center_axis',(0.,1.,0.));
#5567=DIRECTION('ref_axis',(-1.,0.,0.));
#5568=DIRECTION('center_axis',(-0.631721444044814,0.,0.775195470274391));
#5569=DIRECTION('ref_axis',(0.,1.,0.));
#5570=DIRECTION('',(0.,1.,0.));
#5571=DIRECTION('',(0.775195470274391,0.,0.631721444044814));
#5572=DIRECTION('',(0.,-1.,0.));
#5573=DIRECTION('',(-0.775195470274391,0.,-0.631721444044814));
#5574=DIRECTION('center_axis',(0.631721444044814,0.,-0.775195470274391));
#5575=DIRECTION('ref_axis',(0.,-1.,0.));
#5576=DIRECTION('',(-0.775195470274391,0.,-0.631721444044814));
#5577=DIRECTION('',(0.,1.,0.));
#5578=DIRECTION('',(-0.775195470274391,0.,-0.631721444044814));
#5579=DIRECTION('',(0.,-1.,0.));
#5580=DIRECTION('center_axis',(0.775195470274391,0.,0.631721444044815));
#5581=DIRECTION('ref_axis',(0.631721444044815,0.,-0.775195470274391));
#5582=DIRECTION('',(0.,-1.,0.));
#5583=DIRECTION('',(0.631721444044815,0.,-0.775195470274391));
#5584=DIRECTION('center_axis',(-0.707093644923914,0.,0.707119917205147));
#5585=DIRECTION('ref_axis',(0.707119917205147,0.,0.707093644923914));
#5586=DIRECTION('',(0.707119917205147,0.,0.707093644923914));
#5587=DIRECTION('',(0.,1.,0.));
#5588=DIRECTION('',(-0.707119917205147,0.,-0.707093644923914));
#5589=DIRECTION('',(0.,-1.,0.));
#5590=DIRECTION('center_axis',(0.,1.,0.));
#5591=DIRECTION('ref_axis',(0.,0.,1.));
#5592=DIRECTION('',(-0.707093657821497,0.,-0.707119904308043));
#5593=DIRECTION('',(-0.707106781186551,0.,-0.707106781186544));
#5594=DIRECTION('',(-0.707106781186544,0.,0.707106781186551));
#5595=DIRECTION('',(0.707106781186551,0.,0.707106781186544));
#5596=DIRECTION('center_axis',(0.,-1.,0.));
#5597=DIRECTION('ref_axis',(1.,0.,0.));
#5598=DIRECTION('center_axis',(0.707119904308043,0.,-0.707093657821497));
#5599=DIRECTION('ref_axis',(-0.707093657821497,0.,-0.707119904308043));
#5600=DIRECTION('',(0.,1.,0.));
#5601=DIRECTION('',(0.707093657821497,0.,0.707119904308043));
#5602=DIRECTION('',(0.,1.,0.));
#5603=DIRECTION('center_axis',(0.,-1.,0.));
#5604=DIRECTION('ref_axis',(1.,0.,0.));
#5605=DIRECTION('center_axis',(0.,1.,0.));
#5606=DIRECTION('ref_axis',(1.,0.,0.));
#5607=DIRECTION('center_axis',(0.,-1.,0.));
#5608=DIRECTION('ref_axis',(0.707106781186547,0.,-0.707106781186548));
#5609=DIRECTION('',(0.,1.,0.));
#5610=DIRECTION('center_axis',(0.,1.,0.));
#5611=DIRECTION('ref_axis',(-1.,0.,0.));
#5612=DIRECTION('',(0.,-1.,0.));
#5613=DIRECTION('',(0.,-1.,0.));
#5614=DIRECTION('center_axis',(0.,1.,0.));
#5615=DIRECTION('ref_axis',(-1.,0.,0.));
#5616=DIRECTION('',(0.,-1.,0.));
#5617=DIRECTION('center_axis',(0.,1.,0.));
#5618=DIRECTION('ref_axis',(-1.,0.,0.));
#5619=DIRECTION('',(0.,1.,0.));
#5620=DIRECTION('center_axis',(0.,1.,0.));
#5621=DIRECTION('ref_axis',(-1.,0.,0.));
#5622=DIRECTION('',(0.,-1.,0.));
#5623=DIRECTION('center_axis',(0.,1.,0.));
#5624=DIRECTION('ref_axis',(-1.,0.,0.));
#5625=DIRECTION('',(0.,1.,0.));
#5626=DIRECTION('center_axis',(0.,1.,0.));
#5627=DIRECTION('ref_axis',(-1.,0.,0.));
#5628=DIRECTION('',(0.,-1.,0.));
#5629=DIRECTION('center_axis',(0.,1.,0.));
#5630=DIRECTION('ref_axis',(-1.,0.,0.));
#5631=DIRECTION('',(0.,1.,0.));
#5632=DIRECTION('center_axis',(1.,0.,-8.3790416952842E-17));
#5633=DIRECTION('ref_axis',(-8.3790416952842E-17,0.,-1.));
#5634=DIRECTION('',(0.,1.,0.));
#5635=DIRECTION('center_axis',(-1.,0.,8.3790416952842E-17));
#5636=DIRECTION('ref_axis',(0.,-0.707106781186554,-0.707106781186541));
#5637=DIRECTION('',(8.3790416952842E-17,0.,1.));
#5638=DIRECTION('center_axis',(-1.,0.,8.3790416952842E-17));
#5639=DIRECTION('ref_axis',(0.,-0.707106781186541,0.707106781186554));
#5640=DIRECTION('',(0.,1.,0.));
#5641=DIRECTION('center_axis',(-1.,0.,8.3790416952842E-17));
#5642=DIRECTION('ref_axis',(0.,0.707106781186541,0.707106781186554));
#5643=DIRECTION('',(-8.3790416952842E-17,0.,-1.));
#5644=DIRECTION('center_axis',(-1.,0.,8.3790416952842E-17));
#5645=DIRECTION('ref_axis',(0.,0.707106781186554,-0.707106781186541));
#5646=DIRECTION('',(0.,-1.,0.));
#5647=DIRECTION('center_axis',(-1.,0.,8.3790416952842E-17));
#5648=DIRECTION('ref_axis',(0.,-0.707106781186554,-0.707106781186541));
#5649=DIRECTION('',(8.3790416952842E-17,0.,1.));
#5650=DIRECTION('center_axis',(-1.,0.,8.3790416952842E-17));
#5651=DIRECTION('ref_axis',(0.,-0.707106781186541,0.707106781186554));
#5652=DIRECTION('',(0.,1.,0.));
#5653=DIRECTION('center_axis',(-1.,0.,8.3790416952842E-17));
#5654=DIRECTION('ref_axis',(0.,0.707106781186541,0.707106781186554));
#5655=DIRECTION('',(-8.3790416952842E-17,0.,-1.));
#5656=DIRECTION('center_axis',(-1.,0.,8.3790416952842E-17));
#5657=DIRECTION('ref_axis',(0.,0.707106781186554,-0.707106781186541));
#5658=DIRECTION('',(0.,-1.,0.));
#5659=DIRECTION('center_axis',(-1.,0.,8.3790416952842E-17));
#5660=DIRECTION('ref_axis',(0.,-0.707106781186554,-0.707106781186541));
#5661=DIRECTION('',(8.3790416952842E-17,0.,1.));
#5662=DIRECTION('center_axis',(-1.,0.,8.3790416952842E-17));
#5663=DIRECTION('ref_axis',(0.,-0.707106781186541,0.707106781186554));
#5664=DIRECTION('',(0.,1.,0.));
#5665=DIRECTION('center_axis',(-1.,0.,8.3790416952842E-17));
#5666=DIRECTION('ref_axis',(0.,0.707106781186541,0.707106781186554));
#5667=DIRECTION('',(-8.3790416952842E-17,0.,-1.));
#5668=DIRECTION('center_axis',(1.,0.,0.));
#5669=DIRECTION('ref_axis',(0.,0.707106781186554,-0.707106781186541));
#5670=DIRECTION('',(0.,1.,0.));
#5671=DIRECTION('center_axis',(1.,0.,0.));
#5672=DIRECTION('ref_axis',(0.,-0.707106781186554,-0.707106781186541));
#5673=DIRECTION('',(0.,0.,-1.));
#5674=DIRECTION('center_axis',(1.,0.,0.));
#5675=DIRECTION('ref_axis',(0.,-0.707106781186541,0.707106781186554));
#5676=DIRECTION('',(0.,1.,0.));
#5677=DIRECTION('center_axis',(1.,0.,0.));
#5678=DIRECTION('ref_axis',(0.,0.707106781186541,0.707106781186554));
#5679=DIRECTION('',(-8.3790416952842E-17,0.,-1.));
#5680=DIRECTION('center_axis',(-1.,0.,8.3790416952842E-17));
#5681=DIRECTION('ref_axis',(0.,0.707106781186554,-0.707106781186541));
#5682=DIRECTION('',(0.,-1.,0.));
#5683=DIRECTION('center_axis',(-1.,0.,8.3790416952842E-17));
#5684=DIRECTION('ref_axis',(0.,-0.707106781186554,-0.707106781186541));
#5685=DIRECTION('',(8.3790416952842E-17,0.,1.));
#5686=DIRECTION('center_axis',(-1.,0.,8.3790416952842E-17));
#5687=DIRECTION('ref_axis',(0.,-0.707106781186541,0.707106781186554));
#5688=DIRECTION('',(0.,1.,0.));
#5689=DIRECTION('center_axis',(-1.,0.,8.3790416952842E-17));
#5690=DIRECTION('ref_axis',(0.,0.707106781186541,0.707106781186554));
#5691=DIRECTION('',(-8.3790416952842E-17,0.,-1.));
#5692=DIRECTION('center_axis',(-1.,0.,8.3790416952842E-17));
#5693=DIRECTION('ref_axis',(0.,0.707106781186554,-0.707106781186541));
#5694=DIRECTION('',(0.,-1.,0.));
#5695=DIRECTION('center_axis',(-1.,0.,8.3790416952842E-17));
#5696=DIRECTION('ref_axis',(0.,-0.707106781186554,-0.707106781186541));
#5697=DIRECTION('',(8.3790416952842E-17,0.,1.));
#5698=DIRECTION('center_axis',(-1.,0.,8.3790416952842E-17));
#5699=DIRECTION('ref_axis',(0.,-0.707106781186541,0.707106781186554));
#5700=DIRECTION('',(0.,1.,0.));
#5701=DIRECTION('center_axis',(-1.,0.,8.3790416952842E-17));
#5702=DIRECTION('ref_axis',(0.,0.707106781186541,0.707106781186554));
#5703=DIRECTION('',(-8.3790416952842E-17,0.,-1.));
#5704=DIRECTION('center_axis',(-1.,0.,8.3790416952842E-17));
#5705=DIRECTION('ref_axis',(0.,0.707106781186554,-0.707106781186541));
#5706=DIRECTION('',(0.,-1.,0.));
#5707=DIRECTION('center_axis',(-1.,0.,8.3790416952842E-17));
#5708=DIRECTION('ref_axis',(0.,-0.707106781186554,-0.707106781186541));
#5709=DIRECTION('',(8.3790416952842E-17,0.,1.));
#5710=DIRECTION('center_axis',(-1.,0.,8.3790416952842E-17));
#5711=DIRECTION('ref_axis',(0.,-0.707106781186541,0.707106781186554));
#5712=DIRECTION('',(0.,1.,0.));
#5713=DIRECTION('center_axis',(-1.,0.,8.3790416952842E-17));
#5714=DIRECTION('ref_axis',(0.,0.707106781186541,0.707106781186554));
#5715=DIRECTION('',(-8.3790416952842E-17,0.,-1.));
#5716=DIRECTION('center_axis',(-1.,0.,8.3790416952842E-17));
#5717=DIRECTION('ref_axis',(0.,0.707106781186554,-0.707106781186541));
#5718=DIRECTION('',(0.,-1.,0.));
#5719=DIRECTION('center_axis',(-1.,0.,8.3790416952842E-17));
#5720=DIRECTION('ref_axis',(0.,-0.707106781186554,-0.707106781186541));
#5721=DIRECTION('',(8.3790416952842E-17,0.,1.));
#5722=DIRECTION('center_axis',(-1.,0.,8.3790416952842E-17));
#5723=DIRECTION('ref_axis',(0.,-0.707106781186541,0.707106781186554));
#5724=DIRECTION('',(0.,1.,0.));
#5725=DIRECTION('center_axis',(-1.,0.,8.3790416952842E-17));
#5726=DIRECTION('ref_axis',(0.,0.707106781186541,0.707106781186554));
#5727=DIRECTION('',(-8.3790416952842E-17,0.,-1.));
#5728=DIRECTION('center_axis',(-1.,0.,8.3790416952842E-17));
#5729=DIRECTION('ref_axis',(0.,0.707106781186554,-0.707106781186541));
#5730=DIRECTION('',(0.,-1.,0.));
#5731=DIRECTION('center_axis',(-1.,0.,8.3790416952842E-17));
#5732=DIRECTION('ref_axis',(0.,-0.707106781186554,-0.707106781186541));
#5733=DIRECTION('',(8.3790416952842E-17,0.,1.));
#5734=DIRECTION('center_axis',(-1.,0.,8.3790416952842E-17));
#5735=DIRECTION('ref_axis',(0.,-0.707106781186541,0.707106781186554));
#5736=DIRECTION('',(0.,1.,0.));
#5737=DIRECTION('center_axis',(-1.,0.,8.3790416952842E-17));
#5738=DIRECTION('ref_axis',(0.,0.707106781186541,0.707106781186554));
#5739=DIRECTION('',(-8.3790416952842E-17,0.,-1.));
#5740=DIRECTION('center_axis',(-1.,0.,8.3790416952842E-17));
#5741=DIRECTION('ref_axis',(0.,0.707106781186554,-0.707106781186541));
#5742=DIRECTION('',(0.,-1.,0.));
#5743=DIRECTION('center_axis',(-1.,0.,8.3790416952842E-17));
#5744=DIRECTION('ref_axis',(0.,-0.707106781186554,-0.707106781186541));
#5745=DIRECTION('',(8.3790416952842E-17,0.,1.));
#5746=DIRECTION('center_axis',(-1.,0.,8.3790416952842E-17));
#5747=DIRECTION('ref_axis',(0.,-0.707106781186541,0.707106781186554));
#5748=DIRECTION('',(0.,1.,0.));
#5749=DIRECTION('center_axis',(-1.,0.,8.3790416952842E-17));
#5750=DIRECTION('ref_axis',(0.,0.707106781186541,0.707106781186554));
#5751=DIRECTION('',(-8.3790416952842E-17,0.,-1.));
#5752=DIRECTION('center_axis',(-1.,0.,8.3790416952842E-17));
#5753=DIRECTION('ref_axis',(0.,0.707106781186554,-0.707106781186541));
#5754=DIRECTION('',(0.,-1.,0.));
#5755=DIRECTION('center_axis',(-1.,0.,8.3790416952842E-17));
#5756=DIRECTION('ref_axis',(0.,-0.707106781186554,-0.707106781186541));
#5757=DIRECTION('',(8.3790416952842E-17,0.,1.));
#5758=DIRECTION('center_axis',(-1.,0.,8.3790416952842E-17));
#5759=DIRECTION('ref_axis',(0.,-0.707106781186541,0.707106781186554));
#5760=DIRECTION('center_axis',(0.,-1.,0.));
#5761=DIRECTION('ref_axis',(0.707106781186547,0.,0.707106781186548));
#5762=DIRECTION('',(0.,1.,0.));
#5763=DIRECTION('center_axis',(0.,1.,0.));
#5764=DIRECTION('ref_axis',(-1.,0.,0.));
#5765=DIRECTION('',(0.,-1.,0.));
#5766=DIRECTION('center_axis',(0.,1.,0.));
#5767=DIRECTION('ref_axis',(-1.,0.,0.));
#5768=DIRECTION('',(0.,1.,0.));
#5769=DIRECTION('center_axis',(0.,1.,0.));
#5770=DIRECTION('ref_axis',(-1.,0.,0.));
#5771=DIRECTION('',(0.,-1.,0.));
#5772=DIRECTION('center_axis',(0.,1.,0.));
#5773=DIRECTION('ref_axis',(-1.,0.,0.));
#5774=DIRECTION('',(0.,1.,0.));
#5775=DIRECTION('center_axis',(0.,1.,0.));
#5776=DIRECTION('ref_axis',(-1.,0.,0.));
#5777=DIRECTION('',(0.,-1.,0.));
#5778=DIRECTION('center_axis',(0.,1.,0.));
#5779=DIRECTION('ref_axis',(-1.,0.,0.));
#5780=DIRECTION('',(0.,1.,0.));
#5781=DIRECTION('center_axis',(0.,1.,0.));
#5782=DIRECTION('ref_axis',(-1.,0.,0.));
#5783=DIRECTION('center_axis',(0.,-1.,0.));
#5784=DIRECTION('ref_axis',(-1.,0.,0.));
#5785=DIRECTION('',(0.,-1.,0.));
#5786=DIRECTION('center_axis',(0.,1.,0.));
#5787=DIRECTION('ref_axis',(-1.,0.,0.));
#5788=DIRECTION('center_axis',(0.,-1.,0.));
#5789=DIRECTION('ref_axis',(-1.,0.,0.));
#5790=DIRECTION('center_axis',(0.,1.,0.));
#5791=DIRECTION('ref_axis',(-1.,0.,0.));
#5792=DIRECTION('',(0.,1.,0.));
#5793=DIRECTION('center_axis',(0.,-1.,0.));
#5794=DIRECTION('ref_axis',(-1.,0.,0.));
#5795=DIRECTION('',(0.,1.,0.));
#5796=DIRECTION('center_axis',(0.,1.,0.));
#5797=DIRECTION('ref_axis',(-1.,0.,0.));
#5798=DIRECTION('',(0.,-1.,0.));
#5799=DIRECTION('center_axis',(0.,1.,0.));
#5800=DIRECTION('ref_axis',(-1.,0.,0.));
#5801=DIRECTION('',(0.,-1.,0.));
#5802=DIRECTION('center_axis',(0.,1.,0.));
#5803=DIRECTION('ref_axis',(-1.,0.,0.));
#5804=DIRECTION('',(0.,1.,0.));
#5805=DIRECTION('center_axis',(0.,1.,0.));
#5806=DIRECTION('ref_axis',(-1.,0.,0.));
#5807=DIRECTION('',(0.,-1.,0.));
#5808=DIRECTION('center_axis',(0.,1.,0.));
#5809=DIRECTION('ref_axis',(-1.,0.,0.));
#5810=DIRECTION('',(0.,1.,0.));
#5811=DIRECTION('center_axis',(0.,1.,0.));
#5812=DIRECTION('ref_axis',(-1.,0.,0.));
#5813=DIRECTION('',(0.,-1.,0.));
#5814=DIRECTION('center_axis',(0.,1.,0.));
#5815=DIRECTION('ref_axis',(-1.,0.,0.));
#5816=DIRECTION('center_axis',(0.,-1.,0.));
#5817=DIRECTION('ref_axis',(-0.707106781186547,0.,0.707106781186547));
#5818=DIRECTION('',(0.,1.,0.));
#5819=DIRECTION('center_axis',(0.,-1.,0.));
#5820=DIRECTION('ref_axis',(-0.707106781186547,0.,0.707106781186547));
#5821=DIRECTION('',(0.,-1.,0.));
#5822=DIRECTION('center_axis',(0.,0.,1.));
#5823=DIRECTION('ref_axis',(1.,0.,0.));
#5824=DIRECTION('',(0.,-1.,0.));
#5825=DIRECTION('',(1.,0.,0.));
#5826=DIRECTION('center_axis',(0.,1.,0.));
#5827=DIRECTION('ref_axis',(0.707106781186547,0.,0.707106781186547));
#5828=DIRECTION('',(0.,1.,0.));
#5829=DIRECTION('center_axis',(0.,-1.,0.));
#5830=DIRECTION('ref_axis',(0.707106781186547,0.,0.707106781186547));
#5831=DIRECTION('center_axis',(1.,0.,0.));
#5832=DIRECTION('ref_axis',(0.,0.,-1.));
#5833=DIRECTION('',(0.,-1.,0.));
#5834=DIRECTION('',(0.,0.,-1.));
#5835=DIRECTION('center_axis',(0.,-1.,0.));
#5836=DIRECTION('ref_axis',(1.,0.,0.));
#5837=DIRECTION('center_axis',(0.,-1.,0.));
#5838=DIRECTION('ref_axis',(1.,0.,0.));
#5839=DIRECTION('center_axis',(0.,1.,0.));
#5840=DIRECTION('ref_axis',(1.,0.,0.));
#5841=DIRECTION('center_axis',(-0.707106781186548,0.,0.707106781186548));
#5842=DIRECTION('ref_axis',(-0.5,0.707106781186547,-0.5));
#5843=DIRECTION('',(-0.707106781186548,0.,0.707106781186548));
#5844=DIRECTION('',(0.707106781186548,0.,-0.707106781186548));
#5845=DIRECTION('center_axis',(-0.707106781186548,0.,-0.707106781186548));
#5846=DIRECTION('ref_axis',(0.707106781186548,0.,-0.707106781186548));
#5847=DIRECTION('',(0.707106781186548,0.,-0.707106781186548));
#5848=DIRECTION('',(0.,1.,0.));
#5849=DIRECTION('center_axis',(0.707106781186548,0.,-0.707106781186548));
#5850=DIRECTION('ref_axis',(-0.5,-0.707106781186547,-0.5));
#5851=DIRECTION('center_axis',(0.707106781186547,0.,0.707106781186548));
#5852=DIRECTION('ref_axis',(-0.5,0.707106781186547,0.5));
#5853=DIRECTION('',(0.707106781186547,0.,0.707106781186548));
#5854=DIRECTION('',(-0.707106781186547,0.,-0.707106781186548));
#5855=DIRECTION('center_axis',(-0.707106781186548,0.,0.707106781186547));
#5856=DIRECTION('ref_axis',(-0.707106781186547,0.,-0.707106781186548));
#5857=DIRECTION('',(-0.707106781186547,0.,-0.707106781186548));
#5858=DIRECTION('',(0.,1.,0.));
#5859=DIRECTION('center_axis',(-0.707106781186547,0.,-0.707106781186548));
#5860=DIRECTION('ref_axis',(-0.5,-0.707106781186547,0.5));
#5861=DIRECTION('center_axis',(0.707106781186547,0.,0.707106781186548));
#5862=DIRECTION('ref_axis',(-0.707106781186548,0.,0.707106781186547));
#5863=DIRECTION('',(-0.707106781186548,0.,0.707106781186547));
#5864=DIRECTION('',(0.,1.,0.));
#5865=DIRECTION('',(0.707106781186548,0.,-0.707106781186547));
#5866=DIRECTION('center_axis',(-0.707106781186548,0.,0.707106781186547));
#5867=DIRECTION('ref_axis',(0.5,-0.707106781186547,0.5));
#5868=DIRECTION('center_axis',(0.707106781186548,0.,-0.707106781186548));
#5869=DIRECTION('ref_axis',(-0.5,-0.707106781186548,-0.5));
#5870=DIRECTION('',(0.707106781186548,0.,-0.707106781186548));
#5871=DIRECTION('center_axis',(0.707106781186548,0.,-0.707106781186547));
#5872=DIRECTION('ref_axis',(0.5,0.707106781186547,0.5));
#5873=DIRECTION('',(-0.707106781186548,0.,0.707106781186547));
#5874=DIRECTION('center_axis',(-0.707106781186548,0.,-0.707106781186548));
#5875=DIRECTION('ref_axis',(0.5,0.707106781186548,-0.5));
#5876=DIRECTION('',(0.707106781186548,0.,0.707106781186548));
#5877=DIRECTION('',(-0.707106781186548,0.,-0.707106781186548));
#5878=DIRECTION('center_axis',(0.707106781186548,0.,-0.707106781186548));
#5879=DIRECTION('ref_axis',(0.707106781186548,0.,0.707106781186548));
#5880=DIRECTION('',(0.,-1.,0.));
#5881=DIRECTION('',(0.707106781186548,0.,0.707106781186548));
#5882=DIRECTION('center_axis',(0.,-1.,0.));
#5883=DIRECTION('ref_axis',(6.12323399573677E-17,0.,-1.));
#5884=DIRECTION('center_axis',(0.,-1.,0.));
#5885=DIRECTION('ref_axis',(1.,0.,0.));
#5886=DIRECTION('center_axis',(0.,-1.,0.));
#5887=DIRECTION('ref_axis',(6.12323399573677E-17,0.,-1.));
#5888=DIRECTION('center_axis',(0.,-1.,0.));
#5889=DIRECTION('ref_axis',(1.,0.,0.));
#5890=DIRECTION('',(-0.707106781186547,0.,0.707106781186548));
#5891=DIRECTION('center_axis',(0.,-1.,0.));
#5892=DIRECTION('ref_axis',(6.12323399573677E-17,0.,-1.));
#5893=DIRECTION('center_axis',(0.,-1.,0.));
#5894=DIRECTION('ref_axis',(1.,0.,0.));
#5895=DIRECTION('',(0.707106781186548,0.,-0.707106781186548));
#5896=DIRECTION('center_axis',(0.707106781186547,0.,-0.707106781186548));
#5897=DIRECTION('ref_axis',(0.5,0.707106781186548,0.5));
#5898=DIRECTION('',(0.707106781186547,0.,-0.707106781186548));
#5899=DIRECTION('center_axis',(-0.707106781186548,0.,0.707106781186548));
#5900=DIRECTION('ref_axis',(-0.5,0.707106781186548,-0.5));
#5901=DIRECTION('',(-0.707106781186548,0.,0.707106781186548));
#5902=DIRECTION('center_axis',(-0.707106781186548,0.,-0.707106781186548));
#5903=DIRECTION('ref_axis',(0.707106781186548,0.,-0.707106781186548));
#5904=DIRECTION('',(0.,-1.,0.));
#5905=DIRECTION('center_axis',(0.707106781186548,0.,0.707106781186548));
#5906=DIRECTION('ref_axis',(0.5,-0.707106781186548,-0.5));
#5907=DIRECTION('center_axis',(0.707106781186548,0.,0.707106781186547));
#5908=DIRECTION('ref_axis',(-0.707106781186547,0.,0.707106781186548));
#5909=DIRECTION('',(0.,-1.,0.));
#5910=DIRECTION('',(-0.707106781186547,0.,0.707106781186548));
#5911=DIRECTION('center_axis',(-0.707106781186547,0.,0.707106781186548));
#5912=DIRECTION('ref_axis',(0.5,-0.707106781186548,0.5));
#5913=DIRECTION('center_axis',(0.707106781186548,0.,0.707106781186548));
#5914=DIRECTION('ref_axis',(0.5,-0.707106781186547,-0.5));
#5915=DIRECTION('',(0.707106781186548,0.,0.707106781186548));
#5916=DIRECTION('center_axis',(0.707106781186548,0.,-0.707106781186548));
#5917=DIRECTION('ref_axis',(0.707106781186548,0.,0.707106781186548));
#5918=DIRECTION('',(0.,1.,0.));
#5919=DIRECTION('',(-0.707106781186548,0.,-0.707106781186548));
#5920=DIRECTION('',(0.,1.,0.));
#5921=DIRECTION('center_axis',(1.,0.,0.));
#5922=DIRECTION('ref_axis',(0.,-0.707106781186554,-0.707106781186541));
#5923=DIRECTION('',(-1.,0.,0.));
#5924=DIRECTION('',(1.,0.,0.));
#5925=DIRECTION('center_axis',(0.,0.,-1.));
#5926=DIRECTION('ref_axis',(-1.,0.,0.));
#5927=DIRECTION('',(-1.,0.,0.));
#5928=DIRECTION('center_axis',(-1.,0.,0.));
#5929=DIRECTION('ref_axis',(0.,-0.707106781186541,0.707106781186554));
#5930=DIRECTION('',(1.,0.,0.));
#5931=DIRECTION('',(-1.,0.,0.));
#5932=DIRECTION('center_axis',(0.,0.,1.));
#5933=DIRECTION('ref_axis',(1.,0.,0.));
#5934=DIRECTION('',(1.,0.,0.));
#5935=DIRECTION('center_axis',(1.,0.,0.));
#5936=DIRECTION('ref_axis',(0.,0.707106781186541,0.707106781186554));
#5937=DIRECTION('',(-1.,0.,0.));
#5938=DIRECTION('center_axis',(-1.,0.,0.));
#5939=DIRECTION('ref_axis',(0.,0.707106781186554,-0.707106781186541));
#5940=DIRECTION('',(1.,0.,0.));
#5941=DIRECTION('center_axis',(0.,1.,0.));
#5942=DIRECTION('ref_axis',(-1.,0.,0.));
#5943=DIRECTION('center_axis',(1.,0.,0.));
#5944=DIRECTION('ref_axis',(0.,-0.707106781186554,-0.707106781186541));
#5945=DIRECTION('',(-1.,0.,0.));
#5946=DIRECTION('',(1.,0.,0.));
#5947=DIRECTION('center_axis',(0.,0.,-1.));
#5948=DIRECTION('ref_axis',(-1.,0.,0.));
#5949=DIRECTION('',(-1.,0.,0.));
#5950=DIRECTION('center_axis',(-1.,0.,0.));
#5951=DIRECTION('ref_axis',(0.,-0.707106781186541,0.707106781186554));
#5952=DIRECTION('',(1.,0.,0.));
#5953=DIRECTION('',(-1.,0.,0.));
#5954=DIRECTION('center_axis',(0.,0.,1.));
#5955=DIRECTION('ref_axis',(1.,0.,0.));
#5956=DIRECTION('',(1.,0.,0.));
#5957=DIRECTION('center_axis',(1.,0.,0.));
#5958=DIRECTION('ref_axis',(0.,0.707106781186541,0.707106781186554));
#5959=DIRECTION('',(-1.,0.,0.));
#5960=DIRECTION('center_axis',(-1.,0.,0.));
#5961=DIRECTION('ref_axis',(0.,0.707106781186554,-0.707106781186541));
#5962=DIRECTION('',(1.,0.,0.));
#5963=DIRECTION('center_axis',(0.,1.,0.));
#5964=DIRECTION('ref_axis',(-1.,0.,0.));
#5965=DIRECTION('center_axis',(1.,0.,0.));
#5966=DIRECTION('ref_axis',(0.,-0.707106781186554,-0.707106781186541));
#5967=DIRECTION('',(-1.,0.,0.));
#5968=DIRECTION('',(1.,0.,0.));
#5969=DIRECTION('center_axis',(0.,0.,-1.));
#5970=DIRECTION('ref_axis',(-1.,0.,0.));
#5971=DIRECTION('',(-1.,0.,0.));
#5972=DIRECTION('center_axis',(-1.,0.,0.));
#5973=DIRECTION('ref_axis',(0.,-0.707106781186541,0.707106781186554));
#5974=DIRECTION('',(1.,0.,0.));
#5975=DIRECTION('',(-1.,0.,0.));
#5976=DIRECTION('center_axis',(0.,0.,1.));
#5977=DIRECTION('ref_axis',(1.,0.,0.));
#5978=DIRECTION('',(1.,0.,0.));
#5979=DIRECTION('center_axis',(1.,0.,0.));
#5980=DIRECTION('ref_axis',(0.,0.707106781186541,0.707106781186554));
#5981=DIRECTION('',(-1.,0.,0.));
#5982=DIRECTION('center_axis',(-1.,0.,0.));
#5983=DIRECTION('ref_axis',(0.,0.707106781186554,-0.707106781186541));
#5984=DIRECTION('',(1.,0.,0.));
#5985=DIRECTION('center_axis',(0.,1.,0.));
#5986=DIRECTION('ref_axis',(-1.,0.,0.));
#5987=DIRECTION('center_axis',(1.,0.,0.));
#5988=DIRECTION('ref_axis',(0.,-0.707106781186554,-0.707106781186541));
#5989=DIRECTION('',(-1.,0.,0.));
#5990=DIRECTION('',(1.,0.,0.));
#5991=DIRECTION('center_axis',(0.,0.,-1.));
#5992=DIRECTION('ref_axis',(-1.,0.,0.));
#5993=DIRECTION('',(-1.,0.,0.));
#5994=DIRECTION('center_axis',(-1.,0.,0.));
#5995=DIRECTION('ref_axis',(0.,-0.707106781186541,0.707106781186554));
#5996=DIRECTION('',(1.,0.,0.));
#5997=DIRECTION('',(-1.,0.,0.));
#5998=DIRECTION('center_axis',(0.,0.,1.));
#5999=DIRECTION('ref_axis',(1.,0.,0.));
#6000=DIRECTION('',(1.,0.,0.));
#6001=DIRECTION('center_axis',(1.,0.,0.));
#6002=DIRECTION('ref_axis',(0.,0.707106781186541,0.707106781186554));
#6003=DIRECTION('',(-1.,0.,0.));
#6004=DIRECTION('center_axis',(-1.,0.,0.));
#6005=DIRECTION('ref_axis',(0.,0.707106781186554,-0.707106781186541));
#6006=DIRECTION('',(1.,0.,0.));
#6007=DIRECTION('center_axis',(0.,1.,0.));
#6008=DIRECTION('ref_axis',(-1.,0.,0.));
#6009=DIRECTION('center_axis',(1.,0.,0.));
#6010=DIRECTION('ref_axis',(0.,-0.707106781186554,-0.707106781186541));
#6011=DIRECTION('',(-1.,0.,0.));
#6012=DIRECTION('',(1.,0.,0.));
#6013=DIRECTION('center_axis',(0.,0.,-1.));
#6014=DIRECTION('ref_axis',(-1.,0.,0.));
#6015=DIRECTION('',(-1.,0.,0.));
#6016=DIRECTION('center_axis',(-1.,0.,0.));
#6017=DIRECTION('ref_axis',(0.,-0.707106781186541,0.707106781186554));
#6018=DIRECTION('',(1.,0.,0.));
#6019=DIRECTION('',(-1.,0.,0.));
#6020=DIRECTION('center_axis',(0.,0.,1.));
#6021=DIRECTION('ref_axis',(1.,0.,0.));
#6022=DIRECTION('',(1.,0.,0.));
#6023=DIRECTION('center_axis',(1.,0.,0.));
#6024=DIRECTION('ref_axis',(0.,0.707106781186541,0.707106781186554));
#6025=DIRECTION('',(-1.,0.,0.));
#6026=DIRECTION('center_axis',(-1.,0.,0.));
#6027=DIRECTION('ref_axis',(0.,0.707106781186554,-0.707106781186541));
#6028=DIRECTION('',(1.,0.,0.));
#6029=DIRECTION('center_axis',(0.,1.,0.));
#6030=DIRECTION('ref_axis',(-1.,0.,0.));
#6031=DIRECTION('center_axis',(1.,0.,0.));
#6032=DIRECTION('ref_axis',(0.,-0.707106781186554,-0.707106781186541));
#6033=DIRECTION('',(-1.,0.,0.));
#6034=DIRECTION('',(1.,0.,0.));
#6035=DIRECTION('center_axis',(0.,0.,-1.));
#6036=DIRECTION('ref_axis',(-1.,0.,0.));
#6037=DIRECTION('',(-1.,0.,0.));
#6038=DIRECTION('center_axis',(-1.,0.,0.));
#6039=DIRECTION('ref_axis',(0.,-0.707106781186541,0.707106781186554));
#6040=DIRECTION('',(1.,0.,0.));
#6041=DIRECTION('',(-1.,0.,0.));
#6042=DIRECTION('center_axis',(0.,0.,1.));
#6043=DIRECTION('ref_axis',(1.,0.,0.));
#6044=DIRECTION('',(1.,0.,0.));
#6045=DIRECTION('center_axis',(1.,0.,0.));
#6046=DIRECTION('ref_axis',(0.,0.707106781186541,0.707106781186554));
#6047=DIRECTION('',(-1.,0.,0.));
#6048=DIRECTION('center_axis',(-1.,0.,0.));
#6049=DIRECTION('ref_axis',(0.,0.707106781186554,-0.707106781186541));
#6050=DIRECTION('',(1.,0.,0.));
#6051=DIRECTION('center_axis',(0.,1.,0.));
#6052=DIRECTION('ref_axis',(-1.,0.,0.));
#6053=DIRECTION('center_axis',(1.,0.,0.));
#6054=DIRECTION('ref_axis',(0.,-0.707106781186554,-0.707106781186541));
#6055=DIRECTION('',(-1.,0.,0.));
#6056=DIRECTION('',(1.,0.,0.));
#6057=DIRECTION('center_axis',(0.,0.,-1.));
#6058=DIRECTION('ref_axis',(-1.,0.,0.));
#6059=DIRECTION('',(-1.,0.,0.));
#6060=DIRECTION('center_axis',(-1.,0.,0.));
#6061=DIRECTION('ref_axis',(0.,-0.707106781186541,0.707106781186554));
#6062=DIRECTION('',(1.,0.,0.));
#6063=DIRECTION('',(-1.,0.,0.));
#6064=DIRECTION('center_axis',(0.,0.,1.));
#6065=DIRECTION('ref_axis',(1.,0.,0.));
#6066=DIRECTION('',(1.,0.,0.));
#6067=DIRECTION('center_axis',(1.,0.,0.));
#6068=DIRECTION('ref_axis',(0.,0.707106781186541,0.707106781186554));
#6069=DIRECTION('',(-1.,0.,0.));
#6070=DIRECTION('center_axis',(-1.,0.,0.));
#6071=DIRECTION('ref_axis',(0.,0.707106781186554,-0.707106781186541));
#6072=DIRECTION('',(1.,0.,0.));
#6073=DIRECTION('center_axis',(0.,1.,0.));
#6074=DIRECTION('ref_axis',(-1.,0.,0.));
#6075=DIRECTION('center_axis',(1.,0.,0.));
#6076=DIRECTION('ref_axis',(0.,-0.707106781186554,-0.707106781186541));
#6077=DIRECTION('',(-1.,0.,0.));
#6078=DIRECTION('',(1.,0.,0.));
#6079=DIRECTION('center_axis',(0.,0.,-1.));
#6080=DIRECTION('ref_axis',(-1.,0.,0.));
#6081=DIRECTION('',(-1.,0.,0.));
#6082=DIRECTION('center_axis',(-1.,0.,0.));
#6083=DIRECTION('ref_axis',(0.,-0.707106781186541,0.707106781186554));
#6084=DIRECTION('',(1.,0.,0.));
#6085=DIRECTION('',(-1.,0.,0.));
#6086=DIRECTION('center_axis',(0.,0.,1.));
#6087=DIRECTION('ref_axis',(1.,0.,0.));
#6088=DIRECTION('',(1.,0.,0.));
#6089=DIRECTION('center_axis',(1.,0.,0.));
#6090=DIRECTION('ref_axis',(0.,0.707106781186541,0.707106781186554));
#6091=DIRECTION('',(-1.,0.,0.));
#6092=DIRECTION('center_axis',(-1.,0.,0.));
#6093=DIRECTION('ref_axis',(0.,0.707106781186554,-0.707106781186541));
#6094=DIRECTION('',(1.,0.,0.));
#6095=DIRECTION('center_axis',(0.,1.,0.));
#6096=DIRECTION('ref_axis',(-1.,0.,0.));
#6097=DIRECTION('center_axis',(0.,-1.,0.));
#6098=DIRECTION('ref_axis',(-1.,0.,0.));
#6099=DIRECTION('',(0.,-1.,0.));
#6100=DIRECTION('center_axis',(0.,1.,0.));
#6101=DIRECTION('ref_axis',(-1.,0.,0.));
#6102=DIRECTION('',(0.,1.,0.));
#6103=DIRECTION('center_axis',(0.,1.,0.));
#6104=DIRECTION('ref_axis',(-1.,0.,0.));
#6105=DIRECTION('',(0.,-1.,0.));
#6106=DIRECTION('center_axis',(0.,1.,0.));
#6107=DIRECTION('ref_axis',(-1.,0.,0.));
#6108=DIRECTION('',(0.,1.,0.));
#6109=DIRECTION('center_axis',(0.,1.,0.));
#6110=DIRECTION('ref_axis',(-1.,0.,0.));
#6111=DIRECTION('',(0.,-1.,0.));
#6112=DIRECTION('center_axis',(0.,1.,0.));
#6113=DIRECTION('ref_axis',(-1.,0.,0.));
#6114=DIRECTION('',(0.,1.,0.));
#6115=DIRECTION('center_axis',(0.,1.,0.));
#6116=DIRECTION('ref_axis',(-1.,0.,0.));
#6117=DIRECTION('center_axis',(0.,1.,0.));
#6118=DIRECTION('ref_axis',(-1.,0.,0.));
#6119=DIRECTION('',(0.,-1.,0.));
#6120=DIRECTION('center_axis',(0.,-1.,0.));
#6121=DIRECTION('ref_axis',(-1.,0.,0.));
#6122=DIRECTION('center_axis',(0.,-1.,0.));
#6123=DIRECTION('ref_axis',(-1.,0.,0.));
#6124=DIRECTION('',(0.,-1.,0.));
#6125=DIRECTION('center_axis',(0.,-1.,0.));
#6126=DIRECTION('ref_axis',(-1.,0.,0.));
#6127=DIRECTION('center_axis',(0.,1.,0.));
#6128=DIRECTION('ref_axis',(-1.,0.,0.));
#6129=DIRECTION('center_axis',(0.,-1.,0.));
#6130=DIRECTION('ref_axis',(-1.,0.,0.));
#6131=DIRECTION('center_axis',(0.,-1.,0.));
#6132=DIRECTION('ref_axis',(-1.,0.,0.));
#6133=DIRECTION('',(0.,-1.,0.));
#6134=DIRECTION('center_axis',(0.,-1.,0.));
#6135=DIRECTION('ref_axis',(-1.,0.,0.));
#6136=DIRECTION('center_axis',(0.,1.,0.));
#6137=DIRECTION('ref_axis',(-1.,0.,0.));
#6138=DIRECTION('center_axis',(0.,-1.,0.));
#6139=DIRECTION('ref_axis',(-1.,0.,0.));
#6140=DIRECTION('center_axis',(0.,-1.,0.));
#6141=DIRECTION('ref_axis',(-1.,0.,0.));
#6142=DIRECTION('',(0.,-1.,0.));
#6143=DIRECTION('center_axis',(0.,-1.,0.));
#6144=DIRECTION('ref_axis',(-1.,0.,0.));
#6145=DIRECTION('center_axis',(0.,1.,0.));
#6146=DIRECTION('ref_axis',(-1.,0.,0.));
#6147=DIRECTION('center_axis',(0.,-1.,0.));
#6148=DIRECTION('ref_axis',(-1.,0.,0.));
#6149=DIRECTION('center_axis',(0.,-1.,0.));
#6150=DIRECTION('ref_axis',(-1.,0.,0.));
#6151=DIRECTION('',(0.,-1.,0.));
#6152=DIRECTION('center_axis',(0.,-1.,0.));
#6153=DIRECTION('ref_axis',(-1.,0.,0.));
#6154=DIRECTION('center_axis',(0.,1.,0.));
#6155=DIRECTION('ref_axis',(-1.,0.,0.));
#6156=DIRECTION('center_axis',(0.,1.,0.));
#6157=DIRECTION('ref_axis',(1.,0.,0.));
#6158=DIRECTION('',(0.707106781186551,0.,0.707106781186544));
#6159=DIRECTION('center_axis',(0.,1.,0.));
#6160=DIRECTION('ref_axis',(1.,0.,0.));
#6161=DIRECTION('',(-0.707106781186551,0.,-0.707106781186544));
#6162=DIRECTION('center_axis',(0.707106781186544,0.,-0.707106781186551));
#6163=DIRECTION('ref_axis',(0.,-1.,0.));
#6164=DIRECTION('',(0.,-1.,0.));
#6165=DIRECTION('center_axis',(-0.707106781186544,0.,0.707106781186551));
#6166=DIRECTION('ref_axis',(0.,1.,0.));
#6167=DIRECTION('',(0.,1.,0.));
#6168=DIRECTION('center_axis',(-0.707106781186551,0.,-0.707106781186544));
#6169=DIRECTION('ref_axis',(-0.707106781186544,0.,0.707106781186551));
#6170=DIRECTION('center_axis',(-0.707106781186547,0.,0.707106781186548));
#6171=DIRECTION('ref_axis',(-0.707106781186548,0.,-0.707106781186547));
#6172=DIRECTION('',(0.,-1.,0.));
#6173=DIRECTION('',(0.707106781186548,0.,0.707106781186547));
#6174=DIRECTION('center_axis',(0.707106781186548,0.,0.707106781186547));
#6175=DIRECTION('ref_axis',(-0.5,0.707106781186548,0.5));
#6176=DIRECTION('',(-0.707106781186548,0.,-0.707106781186547));
#6177=DIRECTION('center_axis',(-0.707106781186548,0.,-0.707106781186548));
#6178=DIRECTION('ref_axis',(0.5,0.707106781186547,-0.5));
#6179=DIRECTION('',(0.707106781186548,0.,0.707106781186548));
#6180=DIRECTION('center_axis',(0.,-1.,0.));
#6181=DIRECTION('ref_axis',(1.,0.,0.));
#6182=DIRECTION('center_axis',(0.,-1.,0.));
#6183=DIRECTION('ref_axis',(1.,0.,0.));
#6184=DIRECTION('center_axis',(0.,1.,0.));
#6185=DIRECTION('ref_axis',(0.707106781186547,0.,-0.707106781186547));
#6186=DIRECTION('',(0.,1.,0.));
#6187=DIRECTION('center_axis',(0.,-1.,0.));
#6188=DIRECTION('ref_axis',(0.707106781186547,0.,-0.707106781186547));
#6189=DIRECTION('center_axis',(0.,0.,-1.));
#6190=DIRECTION('ref_axis',(-1.,0.,0.));
#6191=DIRECTION('',(0.,-1.,0.));
#6192=DIRECTION('',(-1.,0.,0.));
#6193=DIRECTION('center_axis',(0.,1.,0.));
#6194=DIRECTION('ref_axis',(-0.707106781186547,0.,-0.707106781186547));
#6195=DIRECTION('',(0.,1.,0.));
#6196=DIRECTION('center_axis',(0.,-1.,0.));
#6197=DIRECTION('ref_axis',(-0.707106781186547,0.,-0.707106781186547));
#6198=DIRECTION('center_axis',(-1.,0.,0.));
#6199=DIRECTION('ref_axis',(0.,0.,1.));
#6200=DIRECTION('',(0.,0.,1.));
#6201=DIRECTION('center_axis',(1.67580833905684E-16,0.,-1.));
#6202=DIRECTION('ref_axis',(-1.,0.,-1.67580833905684E-16));
#6203=DIRECTION('',(-1.,0.,-1.67580833905684E-16));
#6204=DIRECTION('center_axis',(0.,1.,0.));
#6205=DIRECTION('ref_axis',(-1.,0.,0.));
#6206=DIRECTION('',(1.,0.,0.));
#6207=DIRECTION('',(-1.,0.,0.));
#6208=DIRECTION('center_axis',(-1.,0.,0.));
#6209=DIRECTION('ref_axis',(0.,-0.707106781186541,0.707106781186554));
#6210=DIRECTION('',(-1.,0.,0.));
#6211=DIRECTION('center_axis',(1.,0.,0.));
#6212=DIRECTION('ref_axis',(0.,-0.707106781186554,-0.707106781186541));
#6213=DIRECTION('',(1.,0.,0.));
#6214=DIRECTION('center_axis',(0.,1.,0.));
#6215=DIRECTION('ref_axis',(-1.,0.,0.));
#6216=DIRECTION('',(1.,0.,0.));
#6217=DIRECTION('',(-1.,0.,0.));
#6218=DIRECTION('center_axis',(-1.,0.,0.));
#6219=DIRECTION('ref_axis',(0.,-0.707106781186541,0.707106781186554));
#6220=DIRECTION('',(-1.,0.,0.));
#6221=DIRECTION('center_axis',(1.,0.,0.));
#6222=DIRECTION('ref_axis',(0.,-0.707106781186554,-0.707106781186541));
#6223=DIRECTION('',(1.,0.,0.));
#6224=DIRECTION('center_axis',(-1.,0.,0.));
#6225=DIRECTION('ref_axis',(0.,0.707106781186554,-0.707106781186541));
#6226=DIRECTION('',(1.,0.,0.));
#6227=DIRECTION('',(-1.,0.,0.));
#6228=DIRECTION('center_axis',(1.,0.,0.));
#6229=DIRECTION('ref_axis',(0.,0.707106781186541,0.707106781186554));
#6230=DIRECTION('',(-1.,0.,0.));
#6231=DIRECTION('center_axis',(-1.,0.,8.3790416952842E-17));
#6232=DIRECTION('ref_axis',(0.,0.707106781186541,0.707106781186554));
#6233=DIRECTION('center_axis',(0.,0.,-1.));
#6234=DIRECTION('ref_axis',(-1.,0.,0.));
#6235=DIRECTION('',(1.,0.,0.));
#6236=DIRECTION('center_axis',(1.,0.,0.));
#6237=DIRECTION('ref_axis',(0.,-0.707106781186554,-0.707106781186541));
#6238=DIRECTION('',(-1.,0.,0.));
#6239=DIRECTION('center_axis',(-1.,0.,0.));
#6240=DIRECTION('ref_axis',(0.,-0.707106781186541,0.707106781186554));
#6241=DIRECTION('',(-1.,0.,0.));
#6242=DIRECTION('',(1.,0.,0.));
#6243=DIRECTION('center_axis',(-1.,0.,0.));
#6244=DIRECTION('ref_axis',(0.,-0.707106781186541,0.707106781186554));
#6245=DIRECTION('',(1.,0.,0.));
#6246=DIRECTION('center_axis',(0.,1.,0.));
#6247=DIRECTION('ref_axis',(-1.,0.,0.));
#6248=DIRECTION('',(1.,0.,0.));
#6249=DIRECTION('center_axis',(0.,0.,1.));
#6250=DIRECTION('ref_axis',(1.,0.,0.));
#6251=DIRECTION('',(1.,0.,0.));
#6252=DIRECTION('center_axis',(0.,0.,1.));
#6253=DIRECTION('ref_axis',(1.,0.,0.));
#6254=DIRECTION('',(1.,0.,0.));
#6255=DIRECTION('center_axis',(0.,0.,1.));
#6256=DIRECTION('ref_axis',(1.,0.,0.));
#6257=DIRECTION('',(1.,0.,0.));
#6258=DIRECTION('center_axis',(-1.,0.,0.));
#6259=DIRECTION('ref_axis',(0.,0.707106781186554,-0.707106781186541));
#6260=DIRECTION('center_axis',(-1.,0.,8.3790416952842E-17));
#6261=DIRECTION('ref_axis',(0.,0.707106781186554,-0.707106781186541));
#6262=DIRECTION('',(1.,0.,0.));
#6263=DIRECTION('center_axis',(1.,0.,0.));
#6264=DIRECTION('ref_axis',(0.,0.707106781186541,0.707106781186554));
#6265=DIRECTION('',(-1.,0.,0.));
#6266=DIRECTION('',(1.,0.,0.));
#6267=DIRECTION('center_axis',(0.,0.,1.));
#6268=DIRECTION('ref_axis',(1.,0.,0.));
#6269=DIRECTION('',(-1.,0.,0.));
#6270=DIRECTION('center_axis',(-1.,0.,0.));
#6271=DIRECTION('ref_axis',(0.,-0.707106781186541,0.707106781186554));
#6272=DIRECTION('',(1.,0.,0.));
#6273=DIRECTION('center_axis',(1.,0.,0.));
#6274=DIRECTION('ref_axis',(0.,0.707106781186541,0.707106781186554));
#6275=DIRECTION('',(1.,0.,0.));
#6276=DIRECTION('',(-1.,0.,0.));
#6277=DIRECTION('center_axis',(0.,0.,1.));
#6278=DIRECTION('ref_axis',(1.,0.,0.));
#6279=DIRECTION('',(-1.,0.,0.));
#6280=DIRECTION('center_axis',(1.,0.,0.));
#6281=DIRECTION('ref_axis',(0.,0.707106781186541,0.707106781186554));
#6282=DIRECTION('',(1.,0.,0.));
#6283=DIRECTION('',(-1.,0.,0.));
#6284=DIRECTION('center_axis',(0.,0.,1.));
#6285=DIRECTION('ref_axis',(1.,0.,0.));
#6286=DIRECTION('',(-1.,0.,0.));
#6287=DIRECTION('center_axis',(1.,0.,0.));
#6288=DIRECTION('ref_axis',(0.,-0.707106781186554,-0.707106781186541));
#6289=DIRECTION('',(-1.,0.,0.));
#6290=DIRECTION('center_axis',(-1.,0.,0.));
#6291=DIRECTION('ref_axis',(0.,0.707106781186554,-0.707106781186541));
#6292=DIRECTION('',(1.,0.,0.));
#6293=DIRECTION('center_axis',(1.,0.,-8.3790416952842E-17));
#6294=DIRECTION('ref_axis',(0.,0.707106781186554,-0.707106781186541));
#6295=DIRECTION('center_axis',(-1.,0.,0.));
#6296=DIRECTION('ref_axis',(0.,0.707106781186554,-0.707106781186541));
#6297=DIRECTION('',(1.,0.,0.));
#6298=DIRECTION('',(-1.,0.,0.));
#6299=DIRECTION('center_axis',(-1.,0.,0.));
#6300=DIRECTION('ref_axis',(0.,0.707106781186554,-0.707106781186541));
#6301=DIRECTION('',(1.,0.,0.));
#6302=DIRECTION('',(-1.,0.,0.));
#6303=DIRECTION('center_axis',(-1.,0.,0.));
#6304=DIRECTION('ref_axis',(0.,-0.707106781186541,0.707106781186554));
#6305=DIRECTION('center_axis',(1.,0.,0.));
#6306=DIRECTION('ref_axis',(0.,0.707106781186541,0.707106781186554));
#6307=DIRECTION('',(-1.,0.,0.));
#6308=DIRECTION('center_axis',(1.,0.,0.));
#6309=DIRECTION('ref_axis',(0.,0.707106781186541,0.707106781186554));
#6310=DIRECTION('center_axis',(1.,0.,-8.3790416952842E-17));
#6311=DIRECTION('ref_axis',(0.,0.707106781186541,0.707106781186554));
#6312=DIRECTION('',(-1.,0.,0.));
#6313=DIRECTION('center_axis',(0.,0.,-1.));
#6314=DIRECTION('ref_axis',(-1.,0.,0.));
#6315=DIRECTION('',(-1.,0.,0.));
#6316=DIRECTION('center_axis',(-1.,0.,0.));
#6317=DIRECTION('ref_axis',(0.,0.707106781186554,-0.707106781186541));
#6318=DIRECTION('',(1.,0.,0.));
#6319=DIRECTION('center_axis',(1.,0.,0.));
#6320=DIRECTION('ref_axis',(0.,0.707106781186541,0.707106781186554));
#6321=DIRECTION('',(-1.,0.,0.));
#6322=DIRECTION('center_axis',(0.,0.,-1.));
#6323=DIRECTION('ref_axis',(-1.,0.,0.));
#6324=DIRECTION('',(-1.,0.,0.));
#6325=DIRECTION('center_axis',(-1.,0.,0.));
#6326=DIRECTION('ref_axis',(0.,0.707106781186554,-0.707106781186541));
#6327=DIRECTION('',(1.,0.,0.));
#6328=DIRECTION('center_axis',(1.,0.,0.));
#6329=DIRECTION('ref_axis',(0.,0.707106781186541,0.707106781186554));
#6330=DIRECTION('',(-1.,0.,0.));
#6331=DIRECTION('center_axis',(-1.,0.,0.));
#6332=DIRECTION('ref_axis',(0.,0.707106781186554,-0.707106781186541));
#6333=DIRECTION('',(1.,0.,0.));
#6334=DIRECTION('',(-1.,0.,0.));
#6335=DIRECTION('center_axis',(0.,0.,-1.));
#6336=DIRECTION('ref_axis',(-1.,0.,0.));
#6337=DIRECTION('',(1.,0.,0.));
#6338=DIRECTION('center_axis',(1.,0.,-8.3790416952842E-17));
#6339=DIRECTION('ref_axis',(-8.3790416952842E-17,0.,-1.));
#6340=DIRECTION('',(-8.3790416952842E-17,0.,-1.));
#6341=DIRECTION('',(0.,-1.,0.));
#6342=DIRECTION('center_axis',(1.,0.,0.));
#6343=DIRECTION('ref_axis',(0.,-0.707106781186554,-0.707106781186541));
#6344=DIRECTION('',(-1.,0.,0.));
#6345=DIRECTION('center_axis',(1.,0.,0.));
#6346=DIRECTION('ref_axis',(0.,-0.707106781186554,-0.707106781186541));
#6347=DIRECTION('',(-1.,0.,0.));
#6348=DIRECTION('center_axis',(0.,1.,0.));
#6349=DIRECTION('ref_axis',(-1.,0.,0.));
#6350=DIRECTION('center_axis',(0.,0.,-1.));
#6351=DIRECTION('ref_axis',(-1.,0.,0.));
#6352=DIRECTION('',(1.,0.,0.));
#6353=DIRECTION('center_axis',(1.,0.,0.));
#6354=DIRECTION('ref_axis',(0.,-0.707106781186554,-0.707106781186541));
#6355=DIRECTION('',(-1.,0.,0.));
#6356=DIRECTION('center_axis',(0.,1.,0.));
#6357=DIRECTION('ref_axis',(-1.,0.,0.));
#6358=DIRECTION('',(1.,0.,0.));
#6359=DIRECTION('center_axis',(-1.,0.,0.));
#6360=DIRECTION('ref_axis',(0.,-0.707106781186541,0.707106781186554));
#6361=DIRECTION('center_axis',(0.,0.,-1.));
#6362=DIRECTION('ref_axis',(-1.,0.,0.));
#6363=DIRECTION('',(1.,0.,0.));
#6364=DIRECTION('center_axis',(1.,0.,0.));
#6365=DIRECTION('ref_axis',(0.,-0.707106781186554,-0.707106781186541));
#6366=DIRECTION('',(-1.,0.,0.));
#6367=DIRECTION('center_axis',(0.,1.,0.));
#6368=DIRECTION('ref_axis',(-1.,0.,0.));
#6369=DIRECTION('',(1.,0.,0.));
#6370=DIRECTION('center_axis',(-1.,0.,0.));
#6371=DIRECTION('ref_axis',(0.,-0.707106781186541,0.707106781186554));
#6372=DIRECTION('center_axis',(-1.,0.,8.3790416952842E-17));
#6373=DIRECTION('ref_axis',(8.3790416952842E-17,0.,1.));
#6374=DIRECTION('',(8.3790416952842E-17,0.,1.));
#6375=DIRECTION('',(0.,1.,0.));
#6376=DIRECTION('center_axis',(-1.,0.,8.3790416952842E-17));
#6377=DIRECTION('ref_axis',(8.3790416952842E-17,0.,1.));
#6378=DIRECTION('',(8.3790416952842E-17,0.,1.));
#6379=DIRECTION('',(0.,-1.,0.));
#6380=DIRECTION('center_axis',(0.,-1.,0.));
#6381=DIRECTION('ref_axis',(-1.,0.,0.));
#6382=DIRECTION('center_axis',(0.,1.,0.));
#6383=DIRECTION('ref_axis',(-1.,0.,0.));
#6384=DIRECTION('center_axis',(1.,0.,-8.3790416952842E-17));
#6385=DIRECTION('ref_axis',(-8.3790416952842E-17,0.,-1.));
#6386=DIRECTION('',(-8.3790416952842E-17,0.,-1.));
#6387=DIRECTION('',(0.,1.,0.));
#6388=DIRECTION('center_axis',(0.,-1.,0.));
#6389=DIRECTION('ref_axis',(-1.,0.,0.));
#6390=DIRECTION('center_axis',(0.,1.,0.));
#6391=DIRECTION('ref_axis',(-1.,0.,0.));
#6392=DIRECTION('center_axis',(0.,-1.,0.));
#6393=DIRECTION('ref_axis',(-1.,0.,0.));
#6394=DIRECTION('center_axis',(0.,1.,0.));
#6395=DIRECTION('ref_axis',(-1.,0.,0.));
#6396=DIRECTION('center_axis',(0.,-1.,0.));
#6397=DIRECTION('ref_axis',(-1.,0.,0.));
#6398=DIRECTION('center_axis',(0.,1.,0.));
#6399=DIRECTION('ref_axis',(-1.,0.,0.));
#6400=DIRECTION('center_axis',(1.,0.,0.));
#6401=DIRECTION('ref_axis',(0.,-0.707106781186554,-0.707106781186541));
#6402=DIRECTION('',(-1.,0.,0.));
#6403=DIRECTION('',(1.,0.,0.));
#6404=DIRECTION('center_axis',(0.,0.,-1.));
#6405=DIRECTION('ref_axis',(-1.,0.,0.));
#6406=DIRECTION('',(-1.,0.,0.));
#6407=DIRECTION('center_axis',(-1.,0.,0.));
#6408=DIRECTION('ref_axis',(0.,-0.707106781186541,0.707106781186554));
#6409=DIRECTION('',(1.,0.,0.));
#6410=DIRECTION('',(-1.,0.,0.));
#6411=DIRECTION('center_axis',(0.,0.,1.));
#6412=DIRECTION('ref_axis',(1.,0.,0.));
#6413=DIRECTION('',(1.,0.,0.));
#6414=DIRECTION('center_axis',(1.,0.,0.));
#6415=DIRECTION('ref_axis',(0.,0.707106781186541,0.707106781186554));
#6416=DIRECTION('',(-1.,0.,0.));
#6417=DIRECTION('center_axis',(0.,1.,0.));
#6418=DIRECTION('ref_axis',(0.,0.,1.));
#6419=DIRECTION('',(1.,0.,0.));
#6420=DIRECTION('center_axis',(-1.,0.,0.));
#6421=DIRECTION('ref_axis',(0.,0.707106781186554,-0.707106781186541));
#6422=DIRECTION('center_axis',(0.,1.,0.));
#6423=DIRECTION('ref_axis',(-1.,0.,0.));
#6424=DIRECTION('center_axis',(0.,-1.,0.));
#6425=DIRECTION('ref_axis',(1.,0.,0.));
#6426=DIRECTION('',(0.,1.,0.));
#6427=DIRECTION('center_axis',(0.,-1.,0.));
#6428=DIRECTION('ref_axis',(1.,0.,0.));
#6429=DIRECTION('center_axis',(0.,-1.,0.));
#6430=DIRECTION('ref_axis',(1.,0.,0.));
#6431=DIRECTION('center_axis',(0.,1.,0.));
#6432=DIRECTION('ref_axis',(0.,0.,1.));
#6433=DIRECTION('center_axis',(0.,1.,0.));
#6434=DIRECTION('ref_axis',(1.,0.,0.));
#6435=DIRECTION('center_axis',(0.,-1.,0.));
#6436=DIRECTION('ref_axis',(1.,0.,0.));
#6437=DIRECTION('center_axis',(0.,1.,0.));
#6438=DIRECTION('ref_axis',(1.,0.,0.));
#6439=DIRECTION('center_axis',(0.,1.,0.));
#6440=DIRECTION('ref_axis',(1.,0.,0.));
#6441=DIRECTION('',(0.,1.,0.));
#6442=DIRECTION('center_axis',(0.,-1.,0.));
#6443=DIRECTION('ref_axis',(1.,0.,0.));
#6444=DIRECTION('center_axis',(0.,-1.,0.));
#6445=DIRECTION('ref_axis',(1.,0.,0.));
#6446=DIRECTION('',(0.,1.,0.));
#6447=DIRECTION('center_axis',(0.,-1.,0.));
#6448=DIRECTION('ref_axis',(1.,0.,0.));
#6449=CARTESIAN_POINT('',(0.,0.,0.));
#6450=CARTESIAN_POINT('Origin',(9.18494124023871,-2.,10.5695717811794));
#6451=CARTESIAN_POINT('',(9.78025580040249,-10.,11.3730645157184));
#6452=CARTESIAN_POINT('',(9.89255638301574,-10.,11.2761698350351));
#6453=CARTESIAN_POINT('Origin',(9.18494124023871,-10.,10.5695717811794));
#6454=CARTESIAN_POINT('',(9.89255638301574,-9.90141749050874,11.2761698350351));
#6455=CARTESIAN_POINT('',(9.89255638301574,-2.,11.2761698350351));
#6456=CARTESIAN_POINT('',(9.78025580040249,-9.84663039991203,11.3730645157184));
#6457=CARTESIAN_POINT('Ctrl Pts',(9.78025580040249,-9.84663039991203,11.3730645157184));
#6458=CARTESIAN_POINT('Ctrl Pts',(9.81985024588031,-9.86690373007236,11.3437286563119));
#6459=CARTESIAN_POINT('Ctrl Pts',(9.85732464783283,-9.88514841430343,11.3114019359584));
#6460=CARTESIAN_POINT('Ctrl Pts',(9.89221732543238,-9.90126354362961,11.2765092583588));
#6461=CARTESIAN_POINT('Ctrl Pts',(9.89238660019221,-9.90134170094469,11.2763398619886));
#6462=CARTESIAN_POINT('Ctrl Pts',(9.89255584553375,-9.90141982269538,11.2761703732903));
#6463=CARTESIAN_POINT('',(9.78025580040249,-2.,11.3730645157184));
#6464=CARTESIAN_POINT('Origin',(9.78803956697304,-9.84663039991203,11.3808370943108));
#6465=CARTESIAN_POINT('',(9.89781889861016,-10.,11.2708997444887));
#6466=CARTESIAN_POINT('',(10.1897557370192,-10.,10.9785426873677));
#6467=CARTESIAN_POINT('',(10.3307678089776,-10.,10.8373276403015));
#6468=CARTESIAN_POINT('',(10.1897557370192,-10.,10.9785426873677));
#6469=CARTESIAN_POINT('Origin',(10.3307622190116,-8.,10.8373332383137));
#6470=CARTESIAN_POINT('Origin',(9.78025580040249,-10.,11.3730645157184));
#6471=CARTESIAN_POINT('Origin',(1.11022302462516E-15,-10.,-3.33066907387547E-15));
#6472=CARTESIAN_POINT('Origin',(5.44009282066327E-12,-10.,3.01092484278342E-12));
#6473=CARTESIAN_POINT('',(10.3502915495588,-10.,10.8568625688609));
#6474=CARTESIAN_POINT('Origin',(1.11022302462516E-15,-10.,-3.33066907387547E-15));
#6475=CARTESIAN_POINT('',(31.6278361923791,-10.,32.1344072116811));
#6476=CARTESIAN_POINT('Origin',(2.43960407431132E-12,-14.0000002086163,
-52.999999999997));
#6477=CARTESIAN_POINT('',(-4.99999999999756,-10.,-52.999999999997));
#6478=CARTESIAN_POINT('',(5.00000000000244,-10.,-52.999999999997));
#6479=CARTESIAN_POINT('',(-26.4999999999946,-10.,-52.999999999997));
#6480=CARTESIAN_POINT('',(5.00000000000244,-24.0000003576279,-52.999999999997));
#6481=CARTESIAN_POINT('',(5.00000000000244,-24.0000003576279,-52.999999999997));
#6482=CARTESIAN_POINT('',(-4.99999999999756,-24.0000003576279,-52.999999999997));
#6483=CARTESIAN_POINT('',(-4.99999999999756,-24.0000003576279,-52.999999999997));
#6484=CARTESIAN_POINT('',(-4.99999999999756,-4.00000005960464,-52.999999999997));
#6485=CARTESIAN_POINT('',(1.60000000000244,-17.4330892861283,-52.999999999997));
#6486=CARTESIAN_POINT('Origin',(2.43880610151237E-12,-17.4330892861283,
-52.999999999997));
#6487=CARTESIAN_POINT('Origin',(2.43969427993207E-12,-17.4330892861283,
-48.999999999997));
#6488=CARTESIAN_POINT('',(1.60000000000244,-17.4330892861283,-51.999999999997));
#6489=CARTESIAN_POINT('Origin',(2.4390281461173E-12,-17.4330892861283,-51.999999999997));
#6490=CARTESIAN_POINT('',(1.60000000000244,-17.4330892861283,-48.999999999997));
#6491=CARTESIAN_POINT('Origin',(2.43969427993207E-12,-17.4330892861283,
-48.999999999997));
#6492=CARTESIAN_POINT('',(2.10000000000244,-17.4330892861283,-48.999999999997));
#6493=CARTESIAN_POINT('Origin',(2.43969427993207E-12,-17.4330892861283,
-48.999999999997));
#6494=CARTESIAN_POINT('',(2.10000000000244,-17.4330892861283,-51.999999999997));
#6495=CARTESIAN_POINT('',(2.10000000000244,-17.4330892861283,-48.999999999997));
#6496=CARTESIAN_POINT('Origin',(2.4390281461173E-12,-17.4330892861283,-51.999999999997));
#6497=CARTESIAN_POINT('Origin',(2.43899345164778E-12,-17.4330892861283,
-51.999999999997));
#6498=CARTESIAN_POINT('Origin',(2.44049225273102E-12,-14.0000002086163,
-48.999999999997));
#6499=CARTESIAN_POINT('',(5.00000000000244,-6.00000005960464,-48.999999999997));
#6500=CARTESIAN_POINT('',(-4.99999999999756,-6.00000005960464,-48.999999999997));
#6501=CARTESIAN_POINT('',(-2.49999999999756,-6.00000005960464,-48.999999999997));
#6502=CARTESIAN_POINT('',(-4.99999999999756,-24.0000003576279,-48.999999999997));
#6503=CARTESIAN_POINT('',(-4.99999999999756,-4.00000005960464,-48.999999999997));
#6504=CARTESIAN_POINT('',(5.00000000000244,-24.0000003576279,-48.999999999997));
#6505=CARTESIAN_POINT('',(-4.99999999999756,-24.0000003576279,-48.999999999997));
#6506=CARTESIAN_POINT('',(5.00000000000244,-24.0000003576279,-48.999999999997));
#6507=CARTESIAN_POINT('Origin',(-2.49999999999756,-5.00000005960464,-49.999999999997));
#6508=CARTESIAN_POINT('',(5.00000000000244,-4.00000005960464,-50.999999999997));
#6509=CARTESIAN_POINT('',(5.00000000000244,-4.00000005960465,-50.999999999997));
#6510=CARTESIAN_POINT('',(-4.99999999999756,-4.00000005960464,-50.999999999997));
#6511=CARTESIAN_POINT('',(-2.49999999999756,-4.00000005960464,-50.999999999997));
#6512=CARTESIAN_POINT('',(-4.99999999999756,-9.00000013411043,-45.9999999254912));
#6513=CARTESIAN_POINT('Origin',(5.00000000000244,-4.00000005960464,-52.999999999997));
#6514=CARTESIAN_POINT('',(5.00000000000244,-24.0000003576279,-52.999999999997));
#6515=CARTESIAN_POINT('',(5.00000000000244,-4.00000005960464,-52.999999999997));
#6516=CARTESIAN_POINT('',(5.00000000000244,-2.00000002980232,-52.999999999997));
#6517=CARTESIAN_POINT('',(5.00000000000244,-4.00000005960464,-52.999999999997));
#6518=CARTESIAN_POINT('Origin',(-4.99999999999756,-4.00000005960464,-52.999999999997));
#6519=CARTESIAN_POINT('',(-4.99999999999756,-4.00000005960464,-52.999999999997));
#6520=CARTESIAN_POINT('',(-28.9999999999961,-4.00000005960464,-52.999999999997));
#6521=CARTESIAN_POINT('',(-4.99999999999756,-4.00000005960464,-52.999999999997));
#6522=CARTESIAN_POINT('Origin',(-4.99999999999756,-24.0000003576279,-52.999999999997));
#6523=CARTESIAN_POINT('',(-4.99999999999756,-12.0000001788139,-52.999999999997));
#6524=CARTESIAN_POINT('',(-4.99999999999756,-24.0000003576279,-52.999999999997));
#6525=CARTESIAN_POINT('Origin',(5.00000000000244,-24.0000003576279,-52.999999999997));
#6526=CARTESIAN_POINT('Origin',(-52.9999999999946,0.,-52.999999999997));
#6527=CARTESIAN_POINT('',(36.5435607626158,-10.,-52.999999999997));
#6528=CARTESIAN_POINT('',(-26.4999999999946,-10.,-52.999999999997));
#6529=CARTESIAN_POINT('',(36.5435607626158,22.,-52.999999999997));
#6530=CARTESIAN_POINT('',(36.5435607626158,25.2,-52.999999999997));
#6531=CARTESIAN_POINT('',(-36.5435607626049,22.,-52.999999999997));
#6532=CARTESIAN_POINT('',(-26.4999999999946,22.,-52.999999999997));
#6533=CARTESIAN_POINT('',(-36.5435607626049,-10.,-52.999999999997));
#6534=CARTESIAN_POINT('',(-36.5435607626049,25.2,-52.999999999997));
#6535=CARTESIAN_POINT('',(-26.4999999999946,-10.,-52.999999999997));
#6536=CARTESIAN_POINT('Origin',(-48.9999999999946,-17.4330892861283,-7.97972798949331E-16));
#6537=CARTESIAN_POINT('',(-51.9999999999946,-17.4330892861283,1.6));
#6538=CARTESIAN_POINT('Origin',(-51.9999999999946,-17.4330892861283,-7.97972798949331E-16));
#6539=CARTESIAN_POINT('',(-52.9999999999946,-17.4330892861283,1.6));
#6540=CARTESIAN_POINT('',(-48.9999999999946,-17.4330892861283,1.6));
#6541=CARTESIAN_POINT('Origin',(-52.9999999999946,-17.4330892861283,-7.97972798949331E-16));
#6542=CARTESIAN_POINT('Origin',(-48.9999999999946,-17.4330892861283,-7.97972798949331E-16));
#6543=CARTESIAN_POINT('',(-48.9999999999946,-17.4330892861283,2.1));
#6544=CARTESIAN_POINT('Origin',(-48.9999999999946,-17.4330892861283,-7.97972798949331E-16));
#6545=CARTESIAN_POINT('',(-51.9999999999946,-17.4330892861283,2.1));
#6546=CARTESIAN_POINT('',(-48.9999999999946,-17.4330892861283,2.1));
#6547=CARTESIAN_POINT('Origin',(-51.9999999999946,-17.4330892861283,-7.97972798949331E-16));
#6548=CARTESIAN_POINT('Origin',(-51.9999999999946,-17.4330892861283,-8.32667268468867E-16));
#6549=CARTESIAN_POINT('Origin',(-48.9999999999946,-14.0000002086163,0.));
#6550=CARTESIAN_POINT('',(-48.9999999999946,-6.00000005960464,5.));
#6551=CARTESIAN_POINT('',(-48.9999999999946,-6.00000005960464,-5.));
#6552=CARTESIAN_POINT('',(-48.9999999999946,-6.00000005960464,-2.5));
#6553=CARTESIAN_POINT('',(-48.9999999999946,-24.0000003576279,5.));
#6554=CARTESIAN_POINT('',(-48.9999999999946,-24.0000003576279,5.));
#6555=CARTESIAN_POINT('',(-48.9999999999946,-24.0000003576279,-5.));
#6556=CARTESIAN_POINT('',(-48.9999999999946,-24.0000003576279,-5.));
#6557=CARTESIAN_POINT('',(-48.9999999999946,-4.00000005960464,-5.));
#6558=CARTESIAN_POINT('Origin',(-49.9999999999946,-5.00000005960464,-2.5));
#6559=CARTESIAN_POINT('',(-50.9999999999946,-4.00000005960464,5.));
#6560=CARTESIAN_POINT('',(-50.9999999999946,-4.00000005960465,5.));
#6561=CARTESIAN_POINT('',(-50.9999999999946,-4.00000005960464,-5.));
#6562=CARTESIAN_POINT('',(-45.9999999254887,-9.00000013411043,-5.));
#6563=CARTESIAN_POINT('',(-50.9999999999946,-4.00000005960464,-2.5));
#6564=CARTESIAN_POINT('Origin',(-52.9999999999946,-4.00000005960464,5.));
#6565=CARTESIAN_POINT('',(-52.9999999999946,-4.00000005960464,5.));
#6566=CARTESIAN_POINT('',(-52.9999999999946,-4.00000005960464,5.));
#6567=CARTESIAN_POINT('',(-52.9999999999946,-10.,5.));
#6568=CARTESIAN_POINT('',(-52.9999999999945,-2.00000002980232,5.));
#6569=CARTESIAN_POINT('',(-52.9999999999946,-24.0000003576279,5.));
#6570=CARTESIAN_POINT('',(-52.9999999999946,-24.0000003576279,5.));
#6571=CARTESIAN_POINT('',(-52.9999999999946,-24.0000003576279,5.));
#6572=CARTESIAN_POINT('Origin',(-52.9999999999946,-4.00000005960464,-5.));
#6573=CARTESIAN_POINT('',(-52.9999999999946,-4.00000005960464,-5.));
#6574=CARTESIAN_POINT('',(-52.9999999999946,-4.00000005960464,-5.));
#6575=CARTESIAN_POINT('',(-52.9999999999945,-4.00000005960464,24.0000000000015));
#6576=CARTESIAN_POINT('Origin',(-52.9999999999946,-24.0000003576279,-5.));
#6577=CARTESIAN_POINT('',(-52.9999999999946,-24.0000003576279,-5.));
#6578=CARTESIAN_POINT('',(-52.9999999999946,-24.0000003576279,-5.));
#6579=CARTESIAN_POINT('',(-52.9999999999946,-10.,-5.));
#6580=CARTESIAN_POINT('',(-52.9999999999946,-4.00000005960464,-5.));
#6581=CARTESIAN_POINT('',(-52.9999999999946,-12.0000001788139,-5.));
#6582=CARTESIAN_POINT('Origin',(-52.9999999999946,-24.0000003576279,5.));
#6583=CARTESIAN_POINT('',(-52.9999999999946,-24.0000003576279,-5.));
#6584=CARTESIAN_POINT('Origin',(-52.9999999999946,-14.0000002086163,0.));
#6585=CARTESIAN_POINT('',(-52.9999999999945,-10.,26.500000000003));
#6586=CARTESIAN_POINT('Origin',(53.0000000000054,-14.0000002086163,-8.88178419700135E-15));
#6587=CARTESIAN_POINT('',(53.0000000000054,-10.,-5.00000000000001));
#6588=CARTESIAN_POINT('',(53.0000000000054,-10.,4.99999999999999));
#6589=CARTESIAN_POINT('',(53.0000000000054,-10.,-26.499999999997));
#6590=CARTESIAN_POINT('',(53.0000000000054,-24.0000003576279,4.99999999999999));
#6591=CARTESIAN_POINT('',(53.0000000000054,-24.0000003576279,4.99999999999999));
#6592=CARTESIAN_POINT('',(53.0000000000054,-24.0000003576279,-5.00000000000001));
#6593=CARTESIAN_POINT('',(53.0000000000054,-24.0000003576279,-5.00000000000001));
#6594=CARTESIAN_POINT('',(53.0000000000054,-4.00000005960464,-5.00000000000001));
#6595=CARTESIAN_POINT('',(53.0000000000054,-17.4330892861283,1.59999999999999));
#6596=CARTESIAN_POINT('Origin',(53.0000000000054,-17.4330892861283,-9.67975699595068E-15));
#6597=CARTESIAN_POINT('Origin',(49.0000000000054,-17.4330892861283,-9.00943366032794E-15));
#6598=CARTESIAN_POINT('',(52.0000000000054,-17.4330892861283,1.59999999999999));
#6599=CARTESIAN_POINT('Origin',(52.0000000000054,-17.4330892861283,-9.512176162045E-15));
#6600=CARTESIAN_POINT('',(49.0000000000054,-17.4330892861283,1.59999999999999));
#6601=CARTESIAN_POINT('Origin',(49.0000000000054,-17.4330892861283,-9.00943366032794E-15));
#6602=CARTESIAN_POINT('',(49.0000000000054,-17.4330892861283,2.09999999999999));
#6603=CARTESIAN_POINT('Origin',(49.0000000000054,-17.4330892861283,-9.00943366032794E-15));
#6604=CARTESIAN_POINT('',(52.0000000000054,-17.4330892861283,2.09999999999999));
#6605=CARTESIAN_POINT('',(49.0000000000054,-17.4330892861283,2.09999999999999));
#6606=CARTESIAN_POINT('Origin',(52.0000000000054,-17.4330892861283,-9.512176162045E-15));
#6607=CARTESIAN_POINT('Origin',(52.0000000000054,-17.4330892861283,-9.54687063156453E-15));
#6608=CARTESIAN_POINT('Origin',(49.0000000000054,-14.0000002086163,-8.21146086137861E-15));
#6609=CARTESIAN_POINT('',(49.0000000000054,-6.00000005960464,4.99999999999999));
#6610=CARTESIAN_POINT('',(49.0000000000054,-6.00000005960464,-5.00000000000001));
#6611=CARTESIAN_POINT('',(49.0000000000054,-6.00000005960464,-2.50000000000001));
#6612=CARTESIAN_POINT('',(49.0000000000054,-24.0000003576279,-5.00000000000001));
#6613=CARTESIAN_POINT('',(49.0000000000054,-4.00000005960464,-5.00000000000001));
#6614=CARTESIAN_POINT('',(49.0000000000054,-24.0000003576279,4.99999999999999));
#6615=CARTESIAN_POINT('',(49.0000000000054,-24.0000003576279,-5.00000000000001));
#6616=CARTESIAN_POINT('',(49.0000000000054,-24.0000003576279,4.99999999999999));
#6617=CARTESIAN_POINT('Origin',(50.0000000000054,-5.00000005960464,-2.50000000000001));
#6618=CARTESIAN_POINT('',(51.0000000000054,-4.00000005960464,4.99999999999999));
#6619=CARTESIAN_POINT('',(51.0000000000054,-4.00000005960465,4.99999999999999));
#6620=CARTESIAN_POINT('',(51.0000000000054,-4.00000005960464,-5.00000000000001));
#6621=CARTESIAN_POINT('',(51.0000000000054,-4.00000005960464,-2.50000000000001));
#6622=CARTESIAN_POINT('',(45.9999999254996,-9.00000013411043,-5.00000000000001));
#6623=CARTESIAN_POINT('Origin',(53.0000000000054,-4.00000005960464,4.99999999999999));
#6624=CARTESIAN_POINT('',(53.0000000000054,-24.0000003576279,4.99999999999999));
#6625=CARTESIAN_POINT('',(53.0000000000054,-4.00000005960464,4.99999999999999));
#6626=CARTESIAN_POINT('',(53.0000000000054,-2.00000002980232,4.99999999999999));
#6627=CARTESIAN_POINT('',(53.0000000000054,-4.00000005960464,4.99999999999999));
#6628=CARTESIAN_POINT('Origin',(53.0000000000054,-4.00000005960464,-5.00000000000001));
#6629=CARTESIAN_POINT('',(53.0000000000054,-4.00000005960464,-5.00000000000001));
#6630=CARTESIAN_POINT('',(53.0000000000054,-4.00000005960464,-28.9999999999985));
#6631=CARTESIAN_POINT('',(53.0000000000054,-4.00000005960464,-5.00000000000001));
#6632=CARTESIAN_POINT('Origin',(53.0000000000054,-24.0000003576279,-5.00000000000001));
#6633=CARTESIAN_POINT('',(53.0000000000054,-12.0000001788139,-5.00000000000001));
#6634=CARTESIAN_POINT('',(53.0000000000054,-24.0000003576279,-5.00000000000001));
#6635=CARTESIAN_POINT('Origin',(53.0000000000054,-24.0000003576279,4.99999999999999));
#6636=CARTESIAN_POINT('Origin',(53.0000000000054,0.,-52.999999999997));
#6637=CARTESIAN_POINT('',(53.0000000000054,-10.,36.5435607626134));
#6638=CARTESIAN_POINT('',(53.0000000000054,-10.,-26.499999999997));
#6639=CARTESIAN_POINT('',(53.0000000000054,20.3023477043231,36.5435607626134));
#6640=CARTESIAN_POINT('',(53.0000000000054,25.2,36.5435607626134));
#6641=CARTESIAN_POINT('',(53.0000000000054,20.,36.0842857142887));
#6642=CARTESIAN_POINT('Origin',(53.0000000000054,20.5,36.0842857142887));
#6643=CARTESIAN_POINT('',(53.0000000000054,20.,35.0842857142887));
#6644=CARTESIAN_POINT('',(53.0000000000054,20.,-8.70785714285413));
#6645=CARTESIAN_POINT('',(53.0000000000054,20.5,34.5842857142887));
#6646=CARTESIAN_POINT('Origin',(53.0000000000054,20.5,35.0842857142887));
#6647=CARTESIAN_POINT('',(53.0000000000054,21.5,34.5842857142887));
#6648=CARTESIAN_POINT('',(53.0000000000054,10.,34.5842857142887));
#6649=CARTESIAN_POINT('',(53.0000000000054,22.,35.0842857142887));
#6650=CARTESIAN_POINT('Origin',(53.0000000000054,21.5,35.0842857142887));
#6651=CARTESIAN_POINT('',(53.0000000000054,22.,28.9414285714316));
#6652=CARTESIAN_POINT('',(53.0000000000054,22.,-26.499999999997));
#6653=CARTESIAN_POINT('',(53.0000000000054,21.5,29.4414285714316));
#6654=CARTESIAN_POINT('Origin',(53.0000000000054,21.5,28.9414285714316));
#6655=CARTESIAN_POINT('',(53.0000000000054,20.5,29.4414285714316));
#6656=CARTESIAN_POINT('',(53.0000000000054,10.,29.4414285714316));
#6657=CARTESIAN_POINT('',(53.0000000000054,20.,28.9414285714316));
#6658=CARTESIAN_POINT('Origin',(53.0000000000054,20.5,28.9414285714316));
#6659=CARTESIAN_POINT('',(53.0000000000054,20.,27.9414285714316));
#6660=CARTESIAN_POINT('',(53.0000000000054,20.,-12.2792857142827));
#6661=CARTESIAN_POINT('',(53.0000000000054,20.5,27.4414285714316));
#6662=CARTESIAN_POINT('Origin',(53.0000000000054,20.5,27.9414285714316));
#6663=CARTESIAN_POINT('',(53.0000000000054,21.5,27.4414285714316));
#6664=CARTESIAN_POINT('',(53.0000000000054,10.,27.4414285714316));
#6665=CARTESIAN_POINT('',(53.0000000000054,22.,27.9414285714316));
#6666=CARTESIAN_POINT('Origin',(53.0000000000054,21.5,27.9414285714316));
#6667=CARTESIAN_POINT('',(53.0000000000054,22.,21.7985714285744));
#6668=CARTESIAN_POINT('',(53.0000000000054,22.,-26.499999999997));
#6669=CARTESIAN_POINT('',(53.0000000000054,21.5,22.2985714285744));
#6670=CARTESIAN_POINT('Origin',(53.0000000000054,21.5,21.7985714285744));
#6671=CARTESIAN_POINT('',(53.0000000000054,20.5,22.2985714285744));
#6672=CARTESIAN_POINT('',(53.0000000000054,10.,22.2985714285744));
#6673=CARTESIAN_POINT('',(53.0000000000054,20.,21.7985714285744));
#6674=CARTESIAN_POINT('Origin',(53.0000000000054,20.5,21.7985714285744));
#6675=CARTESIAN_POINT('',(53.0000000000054,20.,20.7985714285744));
#6676=CARTESIAN_POINT('',(53.0000000000054,20.,-15.8507142857113));
#6677=CARTESIAN_POINT('',(53.0000000000054,20.5,20.2985714285744));
#6678=CARTESIAN_POINT('Origin',(53.0000000000054,20.5,20.7985714285744));
#6679=CARTESIAN_POINT('',(53.0000000000054,21.5,20.2985714285744));
#6680=CARTESIAN_POINT('',(53.0000000000054,10.,20.2985714285744));
#6681=CARTESIAN_POINT('',(53.0000000000054,22.,20.7985714285744));
#6682=CARTESIAN_POINT('Origin',(53.0000000000054,21.5,20.7985714285744));
#6683=CARTESIAN_POINT('',(53.0000000000054,22.,14.6557142857173));
#6684=CARTESIAN_POINT('',(53.0000000000054,22.,-26.499999999997));
#6685=CARTESIAN_POINT('',(53.0000000000054,21.5,15.1557142857173));
#6686=CARTESIAN_POINT('Origin',(53.0000000000054,21.5,14.6557142857173));
#6687=CARTESIAN_POINT('',(53.0000000000054,20.5,15.1557142857173));
#6688=CARTESIAN_POINT('',(53.0000000000054,10.,15.1557142857173));
#6689=CARTESIAN_POINT('',(53.0000000000054,20.,14.6557142857173));
#6690=CARTESIAN_POINT('Origin',(53.0000000000054,20.5,14.6557142857173));
#6691=CARTESIAN_POINT('',(53.0000000000054,20.,13.6557142857173));
#6692=CARTESIAN_POINT('',(53.0000000000054,20.,-19.4221428571398));
#6693=CARTESIAN_POINT('',(53.0000000000054,20.5,13.1557142857173));
#6694=CARTESIAN_POINT('Origin',(53.0000000000054,20.5,13.6557142857173));
#6695=CARTESIAN_POINT('',(53.0000000000054,21.5,13.1557142857173));
#6696=CARTESIAN_POINT('',(53.0000000000054,10.,13.1557142857173));
#6697=CARTESIAN_POINT('',(53.0000000000054,22.,13.6557142857173));
#6698=CARTESIAN_POINT('Origin',(53.0000000000054,21.5,13.6557142857173));
#6699=CARTESIAN_POINT('',(53.0000000000054,22.,7.51285714286015));
#6700=CARTESIAN_POINT('',(53.0000000000054,22.,-26.499999999997));
#6701=CARTESIAN_POINT('',(53.0000000000054,21.5,8.01285714286015));
#6702=CARTESIAN_POINT('Origin',(53.0000000000054,21.5,7.51285714286015));
#6703=CARTESIAN_POINT('',(53.0000000000054,20.5,8.01285714286015));
#6704=CARTESIAN_POINT('',(53.0000000000054,10.,8.01285714286015));
#6705=CARTESIAN_POINT('',(53.0000000000054,20.,7.51285714286015));
#6706=CARTESIAN_POINT('Origin',(53.0000000000054,20.5,7.51285714286015));
#6707=CARTESIAN_POINT('',(53.0000000000054,20.,6.51285714286015));
#6708=CARTESIAN_POINT('',(53.0000000000054,20.,-22.9935714285684));
#6709=CARTESIAN_POINT('',(53.0000000000054,20.5,6.01285714286015));
#6710=CARTESIAN_POINT('Origin',(53.0000000000054,20.5,6.51285714286015));
#6711=CARTESIAN_POINT('',(53.0000000000054,21.5,6.01285714286015));
#6712=CARTESIAN_POINT('',(53.0000000000054,10.,6.01285714286015));
#6713=CARTESIAN_POINT('',(53.0000000000054,22.,6.51285714286015));
#6714=CARTESIAN_POINT('Origin',(53.0000000000054,21.5,6.51285714286015));
#6715=CARTESIAN_POINT('',(53.0000000000054,22.,0.37000000000301));
#6716=CARTESIAN_POINT('',(53.0000000000054,22.,-26.499999999997));
#6717=CARTESIAN_POINT('',(53.0000000000054,21.5,0.870000000003008));
#6718=CARTESIAN_POINT('Origin',(53.0000000000054,21.5,0.37000000000301));
#6719=CARTESIAN_POINT('',(53.0000000000054,20.5,0.870000000003008));
#6720=CARTESIAN_POINT('',(53.0000000000054,10.,0.870000000003008));
#6721=CARTESIAN_POINT('',(53.0000000000054,20.,0.37000000000301));
#6722=CARTESIAN_POINT('Origin',(53.0000000000054,20.5,0.37000000000301));
#6723=CARTESIAN_POINT('',(53.0000000000054,20.,-0.629999999996995));
#6724=CARTESIAN_POINT('',(53.0000000000054,20.,-26.564999999997));
#6725=CARTESIAN_POINT('',(53.0000000000054,20.5,-1.12999999999699));
#6726=CARTESIAN_POINT('Origin',(53.0000000000054,20.5,-0.629999999996995));
#6727=CARTESIAN_POINT('',(53.0000000000054,21.5,-1.12999999999699));
#6728=CARTESIAN_POINT('',(53.0000000000054,10.,-1.12999999999699));
#6729=CARTESIAN_POINT('',(53.0000000000054,22.,-0.629999999996995));
#6730=CARTESIAN_POINT('Origin',(53.0000000000054,21.5,-0.629999999996995));
#6731=CARTESIAN_POINT('',(53.0000000000054,22.,-6.77285714285413));
#6732=CARTESIAN_POINT('',(53.0000000000054,22.,-26.499999999997));
#6733=CARTESIAN_POINT('',(53.0000000000054,21.5,-6.27285714285414));
#6734=CARTESIAN_POINT('Origin',(53.0000000000054,21.5,-6.77285714285413));
#6735=CARTESIAN_POINT('',(53.0000000000054,20.5,-6.27285714285414));
#6736=CARTESIAN_POINT('',(53.0000000000054,10.,-6.27285714285414));
#6737=CARTESIAN_POINT('',(53.0000000000054,20.,-6.77285714285413));
#6738=CARTESIAN_POINT('Origin',(53.0000000000054,20.5,-6.77285714285413));
#6739=CARTESIAN_POINT('',(53.0000000000054,20.,-7.77285714285414));
#6740=CARTESIAN_POINT('',(53.0000000000054,20.,-30.1364285714256));
#6741=CARTESIAN_POINT('',(53.0000000000054,20.5,-8.27285714285414));
#6742=CARTESIAN_POINT('Origin',(53.0000000000054,20.5,-7.77285714285414));
#6743=CARTESIAN_POINT('',(53.0000000000054,21.5,-8.27285714285414));
#6744=CARTESIAN_POINT('',(53.0000000000054,10.,-8.27285714285414));
#6745=CARTESIAN_POINT('',(53.0000000000054,22.,-7.77285714285414));
#6746=CARTESIAN_POINT('Origin',(53.0000000000054,21.5,-7.77285714285414));
#6747=CARTESIAN_POINT('',(53.0000000000054,22.,-13.9157142857113));
#6748=CARTESIAN_POINT('',(53.0000000000054,22.,-26.499999999997));
#6749=CARTESIAN_POINT('',(53.0000000000054,21.5,-13.4157142857113));
#6750=CARTESIAN_POINT('Origin',(53.0000000000054,21.5,-13.9157142857113));
#6751=CARTESIAN_POINT('',(53.0000000000054,20.5,-13.4157142857113));
#6752=CARTESIAN_POINT('',(53.0000000000054,20.,-13.4157142857113));
#6753=CARTESIAN_POINT('',(53.0000000000054,20.,-13.9157142857113));
#6754=CARTESIAN_POINT('Origin',(53.0000000000054,20.5,-13.9157142857113));
#6755=CARTESIAN_POINT('',(53.0000000000054,20.,-14.9157142857113));
#6756=CARTESIAN_POINT('',(53.0000000000054,20.,-15.4157142857113));
#6757=CARTESIAN_POINT('',(53.0000000000054,20.5,-15.4157142857113));
#6758=CARTESIAN_POINT('Origin',(53.0000000000054,20.5,-14.9157142857113));
#6759=CARTESIAN_POINT('',(53.0000000000054,21.5,-15.4157142857113));
#6760=CARTESIAN_POINT('',(53.0000000000054,20.,-15.4157142857113));
#6761=CARTESIAN_POINT('',(53.0000000000054,22.,-14.9157142857113));
#6762=CARTESIAN_POINT('Origin',(53.0000000000054,21.5,-14.9157142857113));
#6763=CARTESIAN_POINT('',(53.0000000000054,22.,-21.0585714285684));
#6764=CARTESIAN_POINT('',(53.0000000000054,22.,-26.499999999997));
#6765=CARTESIAN_POINT('',(53.0000000000054,21.5,-20.5585714285684));
#6766=CARTESIAN_POINT('Origin',(53.0000000000054,21.5,-21.0585714285684));
#6767=CARTESIAN_POINT('',(53.0000000000054,20.5,-20.5585714285684));
#6768=CARTESIAN_POINT('',(53.0000000000054,10.,-20.5585714285684));
#6769=CARTESIAN_POINT('',(53.0000000000054,20.,-21.0585714285684));
#6770=CARTESIAN_POINT('Origin',(53.0000000000054,20.5,-21.0585714285684));
#6771=CARTESIAN_POINT('',(53.0000000000054,20.,-22.0585714285684));
#6772=CARTESIAN_POINT('',(53.0000000000054,20.,-37.2792857142827));
#6773=CARTESIAN_POINT('',(53.0000000000054,20.5,-22.5585714285684));
#6774=CARTESIAN_POINT('Origin',(53.0000000000054,20.5,-22.0585714285684));
#6775=CARTESIAN_POINT('',(53.0000000000054,21.5,-22.5585714285684));
#6776=CARTESIAN_POINT('',(53.0000000000054,10.,-22.5585714285684));
#6777=CARTESIAN_POINT('',(53.0000000000054,22.,-22.0585714285684));
#6778=CARTESIAN_POINT('Origin',(53.0000000000054,21.5,-22.0585714285684));
#6779=CARTESIAN_POINT('',(53.0000000000054,22.,-28.2014285714256));
#6780=CARTESIAN_POINT('',(53.0000000000054,22.,-26.499999999997));
#6781=CARTESIAN_POINT('',(53.0000000000054,21.5,-27.7014285714256));
#6782=CARTESIAN_POINT('Origin',(53.0000000000054,21.5,-28.2014285714256));
#6783=CARTESIAN_POINT('',(53.0000000000054,20.5,-27.7014285714256));
#6784=CARTESIAN_POINT('',(53.0000000000054,10.,-27.7014285714256));
#6785=CARTESIAN_POINT('',(53.0000000000054,20.,-28.2014285714256));
#6786=CARTESIAN_POINT('Origin',(53.0000000000054,20.5,-28.2014285714256));
#6787=CARTESIAN_POINT('',(53.0000000000054,20.,-29.2014285714256));
#6788=CARTESIAN_POINT('',(53.0000000000054,20.,-40.8507142857113));
#6789=CARTESIAN_POINT('',(53.0000000000054,20.5,-29.7014285714256));
#6790=CARTESIAN_POINT('Origin',(53.0000000000054,20.5,-29.2014285714256));
#6791=CARTESIAN_POINT('',(53.0000000000054,21.5,-29.7014285714256));
#6792=CARTESIAN_POINT('',(53.0000000000054,10.,-29.7014285714256));
#6793=CARTESIAN_POINT('',(53.0000000000054,22.,-29.2014285714256));
#6794=CARTESIAN_POINT('Origin',(53.0000000000054,21.5,-29.2014285714256));
#6795=CARTESIAN_POINT('',(53.0000000000054,22.,-35.3442857142827));
#6796=CARTESIAN_POINT('',(53.0000000000054,22.,-26.499999999997));
#6797=CARTESIAN_POINT('',(53.0000000000054,21.5,-34.8442857142827));
#6798=CARTESIAN_POINT('Origin',(53.0000000000054,21.5,-35.3442857142827));
#6799=CARTESIAN_POINT('',(53.0000000000054,20.5,-34.8442857142827));
#6800=CARTESIAN_POINT('',(53.0000000000054,10.,-34.8442857142827));
#6801=CARTESIAN_POINT('',(53.0000000000054,20.,-35.3442857142827));
#6802=CARTESIAN_POINT('Origin',(53.0000000000054,20.5,-35.3442857142827));
#6803=CARTESIAN_POINT('',(53.0000000000054,20.,-36.3442857142827));
#6804=CARTESIAN_POINT('',(53.0000000000054,20.,-44.4221428571399));
#6805=CARTESIAN_POINT('',(53.0000000000054,20.0414267178354,-36.5435607626074));
#6806=CARTESIAN_POINT('Origin',(53.0000000000054,20.5,-36.3442857142827));
#6807=CARTESIAN_POINT('',(53.0000000000054,-10.,-36.5435607626074));
#6808=CARTESIAN_POINT('',(53.0000000000054,25.2,-36.5435607626074));
#6809=CARTESIAN_POINT('',(53.0000000000054,-10.,-26.499999999997));
#6810=CARTESIAN_POINT('Origin',(0.,-4.,0.));
#6811=CARTESIAN_POINT('',(-0.75,-4.,-9.18485099360515E-17));
#6812=CARTESIAN_POINT('Origin',(0.,-4.,0.));
#6813=CARTESIAN_POINT('',(-0.75,0.,-9.18485099360515E-17));
#6814=CARTESIAN_POINT('',(-0.75,-4.,9.18485099360515E-17));
#6815=CARTESIAN_POINT('Origin',(0.,0.,0.));
#6816=CARTESIAN_POINT('Origin',(0.116690986393935,-10.,0.31019203370098));
#6817=CARTESIAN_POINT('',(8.74782340015982,-10.,8.92891851007816));
#6818=CARTESIAN_POINT('',(8.74782340015982,-9.84589424390372,8.92891851007816));
#6819=CARTESIAN_POINT('',(8.74782340015982,-17.,8.92891851007816));
#6820=CARTESIAN_POINT('',(8.71168490389919,-10.,8.89283195739809));
#6821=CARTESIAN_POINT('',(0.0099283500792656,-10.,0.203582852404503));
#6822=CARTESIAN_POINT('',(8.71168490389918,-9.84587892490673,8.89283195739809));
#6823=CARTESIAN_POINT('',(8.71168490389919,-17.,8.89283195739809));
#6824=CARTESIAN_POINT('Ctrl Pts',(8.71168490389919,-9.84587892490673,8.89283195739809));
#6825=CARTESIAN_POINT('Ctrl Pts',(8.72975407705129,-9.84588658458794,8.91087515886768));
#6826=CARTESIAN_POINT('Ctrl Pts',(8.74782340015982,-9.84589424390372,8.92891851007816));
#6827=CARTESIAN_POINT('Origin',(9.78025580040249,-10.,11.3730645157184));
#6828=CARTESIAN_POINT('',(8.0050868500435,-10.,9.60044710017511));
#6829=CARTESIAN_POINT('Origin',(0.,-10.,0.));
#6830=CARTESIAN_POINT('',(8.0050868500435,-10.,9.60044710017511));
#6831=CARTESIAN_POINT('Origin',(8.00508685004349,-9.84587892490673,9.60044710017512));
#6832=CARTESIAN_POINT('',(8.00508685004349,-9.84587892490673,9.60044710017512));
#6833=CARTESIAN_POINT('Origin',(0.,-9.84214491625307,0.));
#6834=CARTESIAN_POINT('',(8.00508685004349,-9.84587892490673,9.60044710017512));
#6835=CARTESIAN_POINT('Origin',(8.0050868500435,-10.,9.60044710017511));
#6836=CARTESIAN_POINT('',(8.0050868500435,-17.,9.60044710017511));
#6837=CARTESIAN_POINT('Origin',(31.6278361923791,-8.,32.1344072116811));
#6838=CARTESIAN_POINT('',(38.9115095436301,-10.,39.4180805629322));
#6839=CARTESIAN_POINT('',(31.6278361923791,-10.,32.1344072116811));
#6840=CARTESIAN_POINT('',(37.6523830229748,-8.,40.987381167023));
#6841=CARTESIAN_POINT('Ctrl Pts',(37.6523830229747,-8.00000000000001,40.987381167023));
#6842=CARTESIAN_POINT('Ctrl Pts',(37.6523830229747,-8.25163875523963,40.987381167023));
#6843=CARTESIAN_POINT('Ctrl Pts',(37.6809359732219,-8.51964246822102,40.9446713237046));
#6844=CARTESIAN_POINT('Ctrl Pts',(37.7993620476012,-9.01196551526886,40.7745082977196));
#6845=CARTESIAN_POINT('Ctrl Pts',(37.8895432468568,-9.2363325034948,40.6474077224801));
#6846=CARTESIAN_POINT('Ctrl Pts',(38.1041273954824,-9.59094149303571,40.361035128108));
#6847=CARTESIAN_POINT('Ctrl Pts',(38.2431031349764,-9.74492234874586,40.1824447899833));
#6848=CARTESIAN_POINT('Ctrl Pts',(38.5600707903354,-9.9494674605357,39.8025038939092));
#6849=CARTESIAN_POINT('Ctrl Pts',(38.7383950339425,-10.,39.6014136250394));
#6850=CARTESIAN_POINT('Ctrl Pts',(38.9115095436301,-10.,39.4180805629322));
#6851=CARTESIAN_POINT('',(8.80720602381502,-8.,12.1422041678633));
#6852=CARTESIAN_POINT('',(30.213622630006,-8.,33.5486207740542));
#6853=CARTESIAN_POINT('Ctrl Pts',(8.80720602381502,-8.,12.1422041678633));
#6854=CARTESIAN_POINT('Ctrl Pts',(8.80720602381502,-8.25147816761529,12.1422041678633));
#6855=CARTESIAN_POINT('Ctrl Pts',(8.84864984149889,-8.5194390624279,12.1124744806194));
#6856=CARTESIAN_POINT('Ctrl Pts',(9.01440821044267,-9.01189773026069,11.9896241216386));
#6857=CARTESIAN_POINT('Ctrl Pts',(9.13843825439382,-9.23642798520533,11.8962500773176));
#6858=CARTESIAN_POINT('Ctrl Pts',(9.41861606848971,-9.59077498872141,11.67567676138));
#6859=CARTESIAN_POINT('Ctrl Pts',(9.59343957687572,-9.74443519346315,11.5337169459611));
#6860=CARTESIAN_POINT('Ctrl Pts',(9.78025580040249,-9.84663039991203,11.3730645157184));
#6861=CARTESIAN_POINT('Origin',(22.4269993583284,-10.,20.1051432528842));
#6862=CARTESIAN_POINT('',(55.0000000000054,-10.,-44.999999999997));
#6863=CARTESIAN_POINT('',(45.0000000000054,-10.,-54.999999999997));
#6864=CARTESIAN_POINT('Origin',(45.0000000000054,-10.,-44.999999999997));
#6865=CARTESIAN_POINT('',(55.0000000000054,-10.,45.000000000003));
#6866=CARTESIAN_POINT('',(55.0000000000054,-10.,27.500000000003));
#6867=CARTESIAN_POINT('',(45.0000000000054,-10.,55.000000000003));
#6868=CARTESIAN_POINT('Origin',(45.0000000000054,-10.,45.000000000003));
#6869=CARTESIAN_POINT('',(-44.9999999999946,-10.,55.000000000003));
#6870=CARTESIAN_POINT('',(-27.4999999999946,-10.,55.000000000003));
#6871=CARTESIAN_POINT('',(-54.9999999999946,-10.,45.000000000003));
#6872=CARTESIAN_POINT('Origin',(-44.9999999999946,-10.,45.000000000003));
#6873=CARTESIAN_POINT('',(-54.9999999999946,-10.,-44.999999999997));
#6874=CARTESIAN_POINT('',(-54.9999999999946,-10.,-27.499999999997));
#6875=CARTESIAN_POINT('',(-44.9999999999946,-10.,-54.999999999997));
#6876=CARTESIAN_POINT('Origin',(-44.9999999999946,-10.,-44.999999999997));
#6877=CARTESIAN_POINT('',(27.5000000000054,-10.,-54.999999999997));
#6878=CARTESIAN_POINT('',(11.0511298495432,-10.,10.1426095778421));
#6879=CARTESIAN_POINT('Origin',(1.11022302462516E-15,-10.,-3.33066907387547E-15));
#6880=CARTESIAN_POINT('',(39.6276643369096,-10.,38.7180823347545));
#6881=CARTESIAN_POINT('',(11.7269047028182,-10.,10.818359323428));
#6882=CARTESIAN_POINT('',(39.627694722385,-10.,38.7180549269955));
#6883=CARTESIAN_POINT('Origin',(48.0000000000054,-10.,48.000000000003));
#6884=CARTESIAN_POINT('',(39.6275375505465,-10.,38.7178977551571));
#6885=CARTESIAN_POINT('',(41.1831724691569,-10.,40.2735326737675));
#6886=CARTESIAN_POINT('',(41.0397538606012,-10.,37.3056814451024));
#6887=CARTESIAN_POINT('',(39.9805916280602,-10.,38.3648436776434));
#6888=CARTESIAN_POINT('',(41.2276394811901,-10.,37.4935670656913));
#6889=CARTESIAN_POINT('',(42.5953887792116,-10.,38.8613163637128));
#6890=CARTESIAN_POINT('',(41.2276703509577,-10.,37.4935471673564));
#6891=CARTESIAN_POINT('Origin',(48.0000000000054,-10.,48.000000000003));
#6892=CARTESIAN_POINT('',(12.3387549913593,-10.,8.6035594851315));
#6893=CARTESIAN_POINT('',(32.8644353027754,-10.,29.1300016857064));
#6894=CARTESIAN_POINT('',(12.3414992469876,-10.,8.60019196523431));
#6895=CARTESIAN_POINT('',(11.2193174822174,-10.,9.97723912593294));
#6896=CARTESIAN_POINT('',(12.3084831689192,-10.,8.57328653903692));
#6897=CARTESIAN_POINT('',(18.188860091362,-10.,13.3653168635414));
#6898=CARTESIAN_POINT('',(12.8643906480521,-10.,7.71410741786178));
#6899=CARTESIAN_POINT('Origin',(1.11022302462516E-15,-10.,-3.33066907387547E-15));
#6900=CARTESIAN_POINT('',(42.1197501006743,-10.,36.969466870484));
#6901=CARTESIAN_POINT('',(13.2261625242777,-10.,8.07587929408735));
#6902=CARTESIAN_POINT('Origin',(48.0000000000054,-10.,48.000000000003));
#6903=CARTESIAN_POINT('',(39.418080562929,-10.,-38.9115095436269));
#6904=CARTESIAN_POINT('Origin',(48.0000000000054,-10.,-47.999999999997));
#6905=CARTESIAN_POINT('',(10.8568625688609,-10.,-10.3502915495588));
#6906=CARTESIAN_POINT('',(32.1344072116811,-10.,-31.6278361923791));
#6907=CARTESIAN_POINT('',(7.71410741786178,-10.,-12.8643906480521));
#6908=CARTESIAN_POINT('Origin',(1.11022302462516E-15,-10.,-3.33066907387547E-15));
#6909=CARTESIAN_POINT('',(36.9694668704826,-10.,-42.119750100673));
#6910=CARTESIAN_POINT('',(8.07587929408735,-10.,-13.2261625242777));
#6911=CARTESIAN_POINT('Origin',(48.0000000000054,-10.,-47.999999999997));
#6912=CARTESIAN_POINT('',(-38.9115095436216,-10.,-39.4180805629236));
#6913=CARTESIAN_POINT('Origin',(-47.9999999999945,-10.,-47.999999999997));
#6914=CARTESIAN_POINT('',(-10.3502915495588,-10.,-10.8568625688609));
#6915=CARTESIAN_POINT('',(-31.6278361923791,-10.,-32.1344072116811));
#6916=CARTESIAN_POINT('',(-12.8643906480521,-10.,-7.71410741786178));
#6917=CARTESIAN_POINT('Origin',(1.11022302462516E-15,-10.,-3.33066907387547E-15));
#6918=CARTESIAN_POINT('',(-42.1197501006666,-10.,-36.9694668704763));
#6919=CARTESIAN_POINT('',(-13.2261625242777,-10.,-8.07587929408735));
#6920=CARTESIAN_POINT('',(-52.9999999999946,-10.,-36.5435607626074));
#6921=CARTESIAN_POINT('Origin',(-47.9999999999945,-10.,-47.999999999997));
#6922=CARTESIAN_POINT('',(-52.9999999999945,-10.,26.500000000003));
#6923=CARTESIAN_POINT('',(-52.9999999999945,-10.,36.5435607626134));
#6924=CARTESIAN_POINT('',(-52.9999999999945,-10.,26.500000000003));
#6925=CARTESIAN_POINT('',(-39.4180805629268,-10.,38.9115095436247));
#6926=CARTESIAN_POINT('Origin',(-47.9999999999945,-10.,48.000000000003));
#6927=CARTESIAN_POINT('',(-10.8568625688609,-10.,10.3502915495588));
#6928=CARTESIAN_POINT('',(-32.1344072116811,-10.,31.6278361923791));
#6929=CARTESIAN_POINT('',(-7.71410741786178,-10.,12.8643906480521));
#6930=CARTESIAN_POINT('Origin',(1.11022302462516E-15,-10.,-3.33066907387547E-15));
#6931=CARTESIAN_POINT('',(-36.9694668704777,-10.,42.1197501006679));
#6932=CARTESIAN_POINT('',(-8.07587929408735,-10.,13.2261625242777));
#6933=CARTESIAN_POINT('',(-36.5435607626049,-10.,53.000000000003));
#6934=CARTESIAN_POINT('Origin',(-47.9999999999945,-10.,48.000000000003));
#6935=CARTESIAN_POINT('',(36.5435607626158,-10.,53.000000000003));
#6936=CARTESIAN_POINT('',(26.5000000000054,-10.,53.000000000003));
#6937=CARTESIAN_POINT('Origin',(48.0000000000054,-10.,48.000000000003));
#6938=CARTESIAN_POINT('Origin',(11.0712153427232,-10.,10.1589776259572));
#6939=CARTESIAN_POINT('',(11.0511298495432,-7.,10.1426095778421));
#6940=CARTESIAN_POINT('',(11.0511298495432,-10.,10.1426095778421));
#6941=CARTESIAN_POINT('',(9.10911489298951,-10.,8.56002487533282));
#6942=CARTESIAN_POINT('',(5.25724931566766,-10.,5.42106679562298));
#6943=CARTESIAN_POINT('',(9.10911489298951,-7.,8.56002487533282));
#6944=CARTESIAN_POINT('',(9.10911489298951,-17.,8.56002487533282));
#6945=CARTESIAN_POINT('',(11.0712153427232,-7.,10.1589776259572));
#6946=CARTESIAN_POINT('Origin',(12.3414992469876,-7.,8.60019196523431));
#6947=CARTESIAN_POINT('',(12.3414992469876,-7.,8.60019196523431));
#6948=CARTESIAN_POINT('',(10.3638664272812,-7.,6.98858159267484));
#6949=CARTESIAN_POINT('',(12.3414992469876,-7.,8.60019196523431));
#6950=CARTESIAN_POINT('',(10.3638664272812,-10.,6.98858159267484));
#6951=CARTESIAN_POINT('',(10.3638664272812,-17.,6.98858159267484));
#6952=CARTESIAN_POINT('',(6.52753321993201,-10.,3.86228113490013));
#6953=CARTESIAN_POINT('',(12.3414992469876,-7.,8.60019196523431));
#6954=CARTESIAN_POINT('Origin',(11.7063572948554,-8.5,9.37958479559573));
#6955=CARTESIAN_POINT('',(12.3387549913593,-7.,8.6035594851315));
#6956=CARTESIAN_POINT('',(12.3387549913593,-9.25,8.6035594851315));
#6957=CARTESIAN_POINT('',(11.0712153427232,-7.,10.1589776259572));
#6958=CARTESIAN_POINT('Origin',(1.73326663458363,-10.,0.825092558084934));
#6959=CARTESIAN_POINT('',(41.1831724691569,-7.,40.2735326737675));
#6960=CARTESIAN_POINT('',(1.73326663458363,-7.,0.825092558084934));
#6961=CARTESIAN_POINT('',(41.1831724691569,-9.8,40.2735326737675));
#6962=CARTESIAN_POINT('',(41.1831724691569,-10.,40.2735326737675));
#6963=CARTESIAN_POINT('',(39.6276643369096,-9.8,38.7180823347545));
#6964=CARTESIAN_POINT('',(11.5907201741683,-9.8,10.6821798545681));
#6965=CARTESIAN_POINT('',(39.6276643369096,-10.,38.7180823347545));
#6966=CARTESIAN_POINT('Origin',(22.1643277068976,-7.,19.8230865489854));
#6967=CARTESIAN_POINT('',(42.5953887792116,-7.,38.8613163637128));
#6968=CARTESIAN_POINT('',(42.5953887792116,-7.,38.8613163637128));
#6969=CARTESIAN_POINT('',(41.0397538606012,-7.,37.3056814451024));
#6970=CARTESIAN_POINT('',(32.7280660574512,-7.,28.9939936419525));
#6971=CARTESIAN_POINT('',(39.6275375505465,-7.,38.7178977551571));
#6972=CARTESIAN_POINT('',(39.9854378911772,-7.,38.3599974145263));
#6973=CARTESIAN_POINT('',(31.3158497473965,-7.,30.4062099520072));
#6974=CARTESIAN_POINT('Origin',(0.,-7.,0.));
#6975=CARTESIAN_POINT('Origin',(42.5953887792116,-10.,38.8613163637128));
#6976=CARTESIAN_POINT('',(41.2276703509577,-9.8,37.4935471673564));
#6977=CARTESIAN_POINT('',(41.2276703509577,-10.,37.4935471673564));
#6978=CARTESIAN_POINT('',(42.5953887792116,-9.8,38.8613163637128));
#6979=CARTESIAN_POINT('',(32.7282556514622,-9.8,28.9938169795644));
#6980=CARTESIAN_POINT('',(42.5953887792116,-10.,38.8613163637128));
#6981=CARTESIAN_POINT('Origin',(0.,-4.,0.));
#6982=CARTESIAN_POINT('',(-12.5,-4.,-1.53080849893419E-15));
#6983=CARTESIAN_POINT('Origin',(0.,-4.,0.));
#6984=CARTESIAN_POINT('Origin',(-47.9999999999945,25.2,48.000000000003));
#6985=CARTESIAN_POINT('',(-36.123310338179,-8.,44.1020206931155));
#6986=CARTESIAN_POINT('Ctrl Pts',(-36.9694668704776,-10.,42.119750100668));
#6987=CARTESIAN_POINT('Ctrl Pts',(-36.8428189833693,-10.,42.3573239688618));
#6988=CARTESIAN_POINT('Ctrl Pts',(-36.716119576254,-9.94750258671628,42.6152984444236));
#6989=CARTESIAN_POINT('Ctrl Pts',(-36.4969529356833,-9.7368287609136,43.1009310576441));
#6990=CARTESIAN_POINT('Ctrl Pts',(-36.404089438224,-9.57875079455264,43.3284529726967));
#6991=CARTESIAN_POINT('Ctrl Pts',(-36.2677322495971,-9.22192136865464,43.6828732305753));
#6992=CARTESIAN_POINT('Ctrl Pts',(-36.2127021402684,-9.00288374755828,43.8380390038348));
#6993=CARTESIAN_POINT('Ctrl Pts',(-36.140680611948,-8.51796549899186,44.0479303863359));
#6994=CARTESIAN_POINT('Ctrl Pts',(-36.123310338179,-8.25186646336395,44.1020206931155));
#6995=CARTESIAN_POINT('Ctrl Pts',(-36.123310338179,-8.,44.1020206931155));
#6996=CARTESIAN_POINT('',(-36.123310338179,-7.,44.1020206931155));
#6997=CARTESIAN_POINT('',(-36.123310338179,25.2,44.1020206931155));
#6998=CARTESIAN_POINT('',(-36.9694668704777,-5.,42.1197501006679));
#6999=CARTESIAN_POINT('Ctrl Pts',(-36.123310338179,-7.,44.1020206931155));
#7000=CARTESIAN_POINT('Ctrl Pts',(-36.123310338179,-6.74813353663605,44.1020206931155));
#7001=CARTESIAN_POINT('Ctrl Pts',(-36.1406806119481,-6.48203450100814,44.0479303863358));
#7002=CARTESIAN_POINT('Ctrl Pts',(-36.2127021402684,-5.99711625244172,43.8380390038348));
#7003=CARTESIAN_POINT('Ctrl Pts',(-36.2677322495971,-5.77807863134536,43.6828732305753));
#7004=CARTESIAN_POINT('Ctrl Pts',(-36.404089438224,-5.42124920544736,43.3284529726967));
#7005=CARTESIAN_POINT('Ctrl Pts',(-36.4969529356833,-5.2631712390864,43.1009310576441));
#7006=CARTESIAN_POINT('Ctrl Pts',(-36.716119576254,-5.05249741328372,42.6152984444236));
#7007=CARTESIAN_POINT('Ctrl Pts',(-36.8428189833693,-5.,42.3573239688618));
#7008=CARTESIAN_POINT('Ctrl Pts',(-36.9694668704776,-5.,42.119750100668));
#7009=CARTESIAN_POINT('',(-39.4180805629268,-5.,38.9115095436247));
#7010=CARTESIAN_POINT('Origin',(-47.9999999999945,-5.,48.000000000003));
#7011=CARTESIAN_POINT('',(-40.9873811670181,-7.,37.6523830229699));
#7012=CARTESIAN_POINT('Ctrl Pts',(-39.4180805629268,-5.,38.9115095436247));
#7013=CARTESIAN_POINT('Ctrl Pts',(-39.6012828014294,-5.,38.7385185657428));
#7014=CARTESIAN_POINT('Ctrl Pts',(-39.802234580145,-5.05046112825593,38.5603082678965));
#7015=CARTESIAN_POINT('Ctrl Pts',(-40.1819517255345,-5.25473877586986,38.2435017010339));
#7016=CARTESIAN_POINT('Ctrl Pts',(-40.3604574641782,-5.4085236012891,38.1045739521298));
#7017=CARTESIAN_POINT('Ctrl Pts',(-40.6469674355515,-5.76294277189727,37.889859525664));
#7018=CARTESIAN_POINT('Ctrl Pts',(-40.7742269121303,-5.98740348080978,37.7995599907306));
#7019=CARTESIAN_POINT('Ctrl Pts',(-40.9446105104749,-6.47999883902473,37.6809761898105));
#7020=CARTESIAN_POINT('Ctrl Pts',(-40.9873811670181,-6.74818127273795,37.6523830229699));
#7021=CARTESIAN_POINT('Ctrl Pts',(-40.9873811670181,-7.,37.6523830229699));
#7022=CARTESIAN_POINT('',(-40.9873811670181,-8.00000000000001,37.6523830229699));
#7023=CARTESIAN_POINT('',(-40.9873811670181,25.2,37.6523830229699));
#7024=CARTESIAN_POINT('Ctrl Pts',(-40.9873811670181,-8.00000000000001,37.6523830229699));
#7025=CARTESIAN_POINT('Ctrl Pts',(-40.9873811670181,-8.25163875523963,37.6523830229699));
#7026=CARTESIAN_POINT('Ctrl Pts',(-40.9446713236997,-8.51964246822102,37.680935973217));
#7027=CARTESIAN_POINT('Ctrl Pts',(-40.7745082977147,-9.01196551526886,37.7993620475963));
#7028=CARTESIAN_POINT('Ctrl Pts',(-40.6474077224752,-9.23633250349479,37.8895432468519));
#7029=CARTESIAN_POINT('Ctrl Pts',(-40.3610351281029,-9.59094149303569,38.1041273954774));
#7030=CARTESIAN_POINT('Ctrl Pts',(-40.1824447899781,-9.74492234874586,38.2431031349712));
#7031=CARTESIAN_POINT('Ctrl Pts',(-39.802503893904,-9.9494674605357,38.5600707903301));
#7032=CARTESIAN_POINT('Ctrl Pts',(-39.6014136250341,-10.,38.7383950339372));
#7033=CARTESIAN_POINT('Ctrl Pts',(-39.4180805629268,-10.,38.9115095436247));
#7034=CARTESIAN_POINT('',(-52.9999999999945,20.3023477043231,36.5435607626134));
#7035=CARTESIAN_POINT('',(-52.9999999999945,25.2,36.5435607626134));
#7036=CARTESIAN_POINT('',(-51.7770031852228,20.,36.0842857142887));
#7037=CARTESIAN_POINT('Ctrl Pts',(-51.7770031852228,20.,36.0842857142887));
#7038=CARTESIAN_POINT('Ctrl Pts',(-52.0924168864972,20.,36.1842644923806));
#7039=CARTESIAN_POINT('Ctrl Pts',(-52.4643221956557,20.0289032085592,36.3202957040345));
#7040=CARTESIAN_POINT('Ctrl Pts',(-52.8359393696179,20.1815853525283,36.4729778480036));
#7041=CARTESIAN_POINT('Ctrl Pts',(-52.9315809440482,20.2329622535071,36.5137002385323));
#7042=CARTESIAN_POINT('Ctrl Pts',(-52.9999999999945,20.3023477043231,36.5435607626134));
#7043=CARTESIAN_POINT('',(-44.2229968147662,20.,36.0842857142887));
#7044=CARTESIAN_POINT('Origin',(-47.9999999999945,20.,48.000000000003));
#7045=CARTESIAN_POINT('',(-42.9077051001543,20.5,36.5842857142887));
#7046=CARTESIAN_POINT('Ctrl Pts',(-42.9077051001543,20.5,36.5842857142887));
#7047=CARTESIAN_POINT('Ctrl Pts',(-42.9077051001543,20.471199342596,36.5842857142887));
#7048=CARTESIAN_POINT('Ctrl Pts',(-42.9137216182731,20.4408382562924,36.581597144798));
#7049=CARTESIAN_POINT('Ctrl Pts',(-42.9362219948224,20.3844899257117,36.5716009927398));
#7050=CARTESIAN_POINT('Ctrl Pts',(-42.9525340664181,20.3584191917651,36.5643784592667));
#7051=CARTESIAN_POINT('Ctrl Pts',(-43.0380651146573,20.2497034968755,36.5267800467078));
#7052=CARTESIAN_POINT('Ctrl Pts',(-43.1505445978366,20.187138531902,36.4785310273773));
#7053=CARTESIAN_POINT('Ctrl Pts',(-43.5356778043334,20.0289032085592,36.3202957040345));
#7054=CARTESIAN_POINT('Ctrl Pts',(-43.9075831134919,20.,36.1842644923806));
#7055=CARTESIAN_POINT('Ctrl Pts',(-44.2229968147662,20.,36.0842857142887));
#7056=CARTESIAN_POINT('',(-42.9077051001543,21.5,36.5842857142887));
#7057=CARTESIAN_POINT('',(-42.9077051001543,25.2,36.5842857142887));
#7058=CARTESIAN_POINT('',(-44.2229968147662,22.,36.0842857142887));
#7059=CARTESIAN_POINT('Ctrl Pts',(-44.2229968147662,22.,36.0842857142887));
#7060=CARTESIAN_POINT('Ctrl Pts',(-44.0379842492934,22.,36.142930377323));
#7061=CARTESIAN_POINT('Ctrl Pts',(-43.8367835333429,21.9897933034927,36.2118562147783));
#7062=CARTESIAN_POINT('Ctrl Pts',(-43.4493974148045,21.9270707703082,36.3559147505891));
#7063=CARTESIAN_POINT('Ctrl Pts',(-43.2626578442246,21.8785093712031,36.431251246666));
#7064=CARTESIAN_POINT('Ctrl Pts',(-43.0489537046996,21.7454450330979,36.522142409232));
#7065=CARTESIAN_POINT('Ctrl Pts',(-42.9845260834314,21.6920404217122,36.5502531500004));
#7066=CARTESIAN_POINT('Ctrl Pts',(-42.9357277912675,21.6125760813131,36.5718199437647));
#7067=CARTESIAN_POINT('Ctrl Pts',(-42.9253050871658,21.5911296187281,36.5764488542031));
#7068=CARTESIAN_POINT('Ctrl Pts',(-42.9112838019712,21.5459189651597,36.5826869696424));
#7069=CARTESIAN_POINT('Ctrl Pts',(-42.9077051001543,21.5221471687721,36.5842857142887));
#7070=CARTESIAN_POINT('Ctrl Pts',(-42.9077051001543,21.5,36.5842857142887));
#7071=CARTESIAN_POINT('',(-36.9128849375374,22.,42.2271428571459));
#7072=CARTESIAN_POINT('Origin',(-47.9999999999945,22.,48.000000000003));
#7073=CARTESIAN_POINT('',(-37.1879112441016,21.5,41.7271428571459));
#7074=CARTESIAN_POINT('Ctrl Pts',(-37.1879112441016,21.5,41.7271428571459));
#7075=CARTESIAN_POINT('Ctrl Pts',(-37.1879112441016,21.5625271783696,41.7271428571459));
#7076=CARTESIAN_POINT('Ctrl Pts',(-37.1806446002466,21.6284477620876,41.7396216329291));
#7077=CARTESIAN_POINT('Ctrl Pts',(-37.1526259473479,21.7481720132923,41.7882961497108));
#7078=CARTESIAN_POINT('Ctrl Pts',(-37.1319549562419,21.8020215793399,41.8244255639119));
#7079=CARTESIAN_POINT('Ctrl Pts',(-37.0833197417482,21.8929353700657,41.9107551671318));
#7080=CARTESIAN_POINT('Ctrl Pts',(-37.0510031129145,21.933582512331,41.9688615595259));
#7081=CARTESIAN_POINT('Ctrl Pts',(-36.982386369819,21.9871125883143,42.0951415242944));
#7082=CARTESIAN_POINT('Ctrl Pts',(-36.9461124563503,22.,42.1633274334828));
#7083=CARTESIAN_POINT('Ctrl Pts',(-36.9128849375374,22.,42.2271428571459));
#7084=CARTESIAN_POINT('',(-37.1879112441016,20.5,41.7271428571459));
#7085=CARTESIAN_POINT('',(-37.1879112441016,25.2,41.7271428571459));
#7086=CARTESIAN_POINT('',(-36.9128849375374,20.,42.2271428571459));
#7087=CARTESIAN_POINT('Ctrl Pts',(-36.9128849375374,20.,42.2271428571459));
#7088=CARTESIAN_POINT('Ctrl Pts',(-36.9450420387583,20.,42.1653832340532));
#7089=CARTESIAN_POINT('Ctrl Pts',(-36.9801822444954,20.0120783436829,42.0992785104086));
#7090=CARTESIAN_POINT('Ctrl Pts',(-37.0469419197886,20.0624205593463,41.9762622771767));
#7091=CARTESIAN_POINT('Ctrl Pts',(-37.078537195895,20.100694369382,41.9193417065773));
#7092=CARTESIAN_POINT('Ctrl Pts',(-37.1282258132948,20.1890648964809,41.8309711794785));
#7093=CARTESIAN_POINT('Ctrl Pts',(-37.1502126215095,20.2439797407563,41.7925035826085));
#7094=CARTESIAN_POINT('Ctrl Pts',(-37.1800988812801,20.3669924565102,41.7405561177755));
#7095=CARTESIAN_POINT('Ctrl Pts',(-37.1879112441016,20.4351395849032,41.7271428571459));
#7096=CARTESIAN_POINT('Ctrl Pts',(-37.1879112441016,20.5,41.7271428571459));
#7097=CARTESIAN_POINT('',(-36.4470854459144,20.,43.2271428571459));
#7098=CARTESIAN_POINT('Origin',(-47.9999999999945,20.,48.000000000003));
#7099=CARTESIAN_POINT('',(-36.2529709357275,20.5,43.7271428571459));
#7100=CARTESIAN_POINT('Ctrl Pts',(-36.2529709357275,20.5,43.7271428571459));
#7101=CARTESIAN_POINT('Ctrl Pts',(-36.2529709357275,20.4363153596969,43.7271428571459));
#7102=CARTESIAN_POINT('Ctrl Pts',(-36.2576510092054,20.3687709306379,43.7142104208989));
#7103=CARTESIAN_POINT('Ctrl Pts',(-36.2765701422703,20.2455926982312,43.6627261424474));
#7104=CARTESIAN_POINT('Ctrl Pts',(-36.2908348663437,20.1899515862125,43.624201224545));
#7105=CARTESIAN_POINT('Ctrl Pts',(-36.324466652975,20.1009676278915,43.5352172662239));
#7106=CARTESIAN_POINT('Ctrl Pts',(-36.3463403380958,20.0625038293873,43.4782076138766));
#7107=CARTESIAN_POINT('Ctrl Pts',(-36.3949293703027,20.0120366422571,43.3549245882911));
#7108=CARTESIAN_POINT('Ctrl Pts',(-36.4216654830572,20.,43.2886730161402));
#7109=CARTESIAN_POINT('Ctrl Pts',(-36.4470854459144,20.,43.2271428571459));
#7110=CARTESIAN_POINT('',(-36.2529709357275,21.5,43.7271428571459));
#7111=CARTESIAN_POINT('',(-36.2529709357275,25.2,43.7271428571459));
#7112=CARTESIAN_POINT('',(-36.4470854459144,22.,43.2271428571459));
#7113=CARTESIAN_POINT('Ctrl Pts',(-36.4470854459144,22.,43.2271428571459));
#7114=CARTESIAN_POINT('Ctrl Pts',(-36.4212119731867,22.,43.2897707571003));
#7115=CARTESIAN_POINT('Ctrl Pts',(-36.3940348437205,21.9875324469687,43.3571466205717));
#7116=CARTESIAN_POINT('Ctrl Pts',(-36.344793239845,21.9353657921231,43.4821830396291));
#7117=CARTESIAN_POINT('Ctrl Pts',(-36.3227062062152,21.8956342113819,43.5398211562647));
#7118=CARTESIAN_POINT('Ctrl Pts',(-36.2895483369496,21.8053488292845,43.6276606940521));
#7119=CARTESIAN_POINT('Ctrl Pts',(-36.2757569695947,21.7502934167293,43.6649304782506));
#7120=CARTESIAN_POINT('Ctrl Pts',(-36.2574799162973,21.6288698590643,43.7146850206528));
#7121=CARTESIAN_POINT('Ctrl Pts',(-36.2529709357275,21.5624941916146,43.7271428571459));
#7122=CARTESIAN_POINT('Ctrl Pts',(-36.2529709357275,21.5,43.7271428571459));
#7123=CARTESIAN_POINT('',(-35.5753028205861,22.,49.370000000003));
#7124=CARTESIAN_POINT('Origin',(-47.9999999999945,22.,48.000000000003));
#7125=CARTESIAN_POINT('',(-35.530312754518,21.5,48.870000000003));
#7126=CARTESIAN_POINT('Ctrl Pts',(-35.530312754518,21.5,48.870000000003));
#7127=CARTESIAN_POINT('Ctrl Pts',(-35.530312754518,21.5627577507603,48.870000000003));
#7128=CARTESIAN_POINT('Ctrl Pts',(-35.5311677708591,21.6296892412983,48.8825391848409));
#7129=CARTESIAN_POINT('Ctrl Pts',(-35.5348790883614,21.7527862278848,48.9334951689027));
#7130=CARTESIAN_POINT('Ctrl Pts',(-35.5377625861974,21.8089511999413,48.9719112494911));
#7131=CARTESIAN_POINT('Ctrl Pts',(-35.5450028023152,21.8978516313585,49.0606780766715));
#7132=CARTESIAN_POINT('Ctrl Pts',(-35.5498553264122,21.9364110706236,49.117019795504));
#7133=CARTESIAN_POINT('Ctrl Pts',(-35.561535037506,21.9874833073221,49.2403326141523));
#7134=CARTESIAN_POINT('Ctrl Pts',(-35.5683892014054,22.,49.3072995439931));
#7135=CARTESIAN_POINT('Ctrl Pts',(-35.5753028205861,22.,49.370000000003));
#7136=CARTESIAN_POINT('',(-35.530312754518,20.5,48.870000000003));
#7137=CARTESIAN_POINT('',(-35.530312754518,25.2,48.870000000003));
#7138=CARTESIAN_POINT('',(-35.5753028205861,20.,49.370000000003));
#7139=CARTESIAN_POINT('Ctrl Pts',(-35.5753028205861,20.,49.370000000003));
#7140=CARTESIAN_POINT('Ctrl Pts',(-35.5683961088463,20.,49.3073621884174));
#7141=CARTESIAN_POINT('Ctrl Pts',(-35.5615477816193,20.0124918818986,49.2404580075633));
#7142=CARTESIAN_POINT('Ctrl Pts',(-35.5498754306866,20.063470189879,49.1172411852154));
#7143=CARTESIAN_POINT('Ctrl Pts',(-35.5450245290294,20.1019605144812,49.0609327043353));
#7144=CARTESIAN_POINT('Ctrl Pts',(-35.5377769787111,20.19079387291,48.9720993459065));
#7145=CARTESIAN_POINT('Ctrl Pts',(-35.5348879071704,20.2469919072875,48.9336142120516));
#7146=CARTESIAN_POINT('Ctrl Pts',(-35.531169443398,20.3701848455847,48.8825641810094));
#7147=CARTESIAN_POINT('Ctrl Pts',(-35.530312754518,20.4371792208457,48.870000000003));
#7148=CARTESIAN_POINT('Ctrl Pts',(-35.530312754518,20.5,48.870000000003));
#7149=CARTESIAN_POINT('',(-35.7267323014556,20.,50.370000000003));
#7150=CARTESIAN_POINT('Origin',(-47.9999999999945,20.,48.000000000003));
#7151=CARTESIAN_POINT('',(-35.8339365446282,20.5,50.870000000003));
#7152=CARTESIAN_POINT('Ctrl Pts',(-35.8339365446282,20.5,50.870000000003));
#7153=CARTESIAN_POINT('Ctrl Pts',(-35.8339365446282,20.4368792899884,50.870000000003));
#7154=CARTESIAN_POINT('Ctrl Pts',(-35.8309217442051,20.3697086303268,50.8573107668667));
#7155=CARTESIAN_POINT('Ctrl Pts',(-35.8190168831959,20.246539717933,50.8061255708404));
#7156=CARTESIAN_POINT('Ctrl Pts',(-35.8101597041884,20.1905337501671,50.7676405313567));
#7157=CARTESIAN_POINT('Ctrl Pts',(-35.7903631042009,20.1018583313682,50.6789651125578));
#7158=CARTESIAN_POINT('Ctrl Pts',(-35.7780687663635,20.0634207951636,50.622661605949));
#7159=CARTESIAN_POINT('Ctrl Pts',(-35.752292088009,20.0124926016357,50.4995215305047));
#7160=CARTESIAN_POINT('Ctrl Pts',(-35.738836024428,20.,50.4326802667497));
#7161=CARTESIAN_POINT('Ctrl Pts',(-35.7267323014556,20.,50.370000000003));
#7162=CARTESIAN_POINT('',(-35.8339365446282,21.5,50.870000000003));
#7163=CARTESIAN_POINT('',(-35.8339365446282,25.2,50.870000000003));
#7164=CARTESIAN_POINT('',(-35.7267323014556,22.,50.370000000003));
#7165=CARTESIAN_POINT('Ctrl Pts',(-35.7267323014556,22.,50.370000000003));
#7166=CARTESIAN_POINT('Ctrl Pts',(-35.7389061726069,22.,50.4330435356858));
#7167=CARTESIAN_POINT('Ctrl Pts',(-35.7524388200963,21.9873634531011,50.5002476055044));
#7168=CARTESIAN_POINT('Ctrl Pts',(-35.7783425297035,21.9358899694698,50.6239439062649));
#7169=CARTESIAN_POINT('Ctrl Pts',(-35.7906867615032,21.8970511304914,50.6804409627581));
#7170=CARTESIAN_POINT('Ctrl Pts',(-35.810410112875,21.8079810667241,50.7687357958324));
#7171=CARTESIAN_POINT('Ctrl Pts',(-35.8191775648748,21.7521654510754,50.806820359696));
#7172=CARTESIAN_POINT('Ctrl Pts',(-35.8309569011716,21.6295538878043,50.8574579243378));
#7173=CARTESIAN_POINT('Ctrl Pts',(-35.8339365446282,21.5627503332921,50.870000000003));
#7174=CARTESIAN_POINT('Ctrl Pts',(-35.8339365446282,21.5,50.870000000003));
#7175=CARTESIAN_POINT('',(-36.5435607626049,22.,53.000000000003));
#7176=CARTESIAN_POINT('Origin',(-47.9999999999945,22.,48.000000000003));
#7177=CARTESIAN_POINT('',(-36.5435607626049,25.2,53.000000000003));
#7178=CARTESIAN_POINT('Origin',(-52.9999999999945,0.,53.000000000003));
#7179=CARTESIAN_POINT('',(-52.9999999999945,20.0414267178354,-36.5435607626074));
#7180=CARTESIAN_POINT('',(-52.9999999999946,25.2,-36.5435607626074));
#7181=CARTESIAN_POINT('',(-52.9999999999946,20.,-36.3442857142827));
#7182=CARTESIAN_POINT('Origin',(-52.9999999999945,20.5,-36.3442857142827));
#7183=CARTESIAN_POINT('',(-52.9999999999946,20.,-35.3442857142827));
#7184=CARTESIAN_POINT('',(-52.9999999999946,20.,8.57785714286015));
#7185=CARTESIAN_POINT('',(-52.9999999999946,20.5,-34.8442857142827));
#7186=CARTESIAN_POINT('Origin',(-52.9999999999945,20.5,-35.3442857142827));
#7187=CARTESIAN_POINT('',(-52.9999999999946,21.5,-34.8442857142827));
#7188=CARTESIAN_POINT('',(-52.9999999999946,10.,-34.8442857142827));
#7189=CARTESIAN_POINT('',(-52.9999999999946,22.,-35.3442857142827));
#7190=CARTESIAN_POINT('Origin',(-52.9999999999945,21.5,-35.3442857142827));
#7191=CARTESIAN_POINT('',(-52.9999999999946,22.,-29.2014285714256));
#7192=CARTESIAN_POINT('',(-52.9999999999945,22.,26.500000000003));
#7193=CARTESIAN_POINT('',(-52.9999999999946,21.5,-29.7014285714256));
#7194=CARTESIAN_POINT('Origin',(-52.9999999999945,21.5,-29.2014285714256));
#7195=CARTESIAN_POINT('',(-52.9999999999946,20.5,-29.7014285714256));
#7196=CARTESIAN_POINT('',(-52.9999999999946,10.,-29.7014285714256));
#7197=CARTESIAN_POINT('',(-52.9999999999946,20.,-29.2014285714256));
#7198=CARTESIAN_POINT('Origin',(-52.9999999999945,20.5,-29.2014285714256));
#7199=CARTESIAN_POINT('',(-52.9999999999946,20.,-28.2014285714256));
#7200=CARTESIAN_POINT('',(-52.9999999999946,20.,12.1492857142887));
#7201=CARTESIAN_POINT('',(-52.9999999999946,20.5,-27.7014285714256));
#7202=CARTESIAN_POINT('Origin',(-52.9999999999945,20.5,-28.2014285714256));
#7203=CARTESIAN_POINT('',(-52.9999999999946,21.5,-27.7014285714256));
#7204=CARTESIAN_POINT('',(-52.9999999999946,10.,-27.7014285714256));
#7205=CARTESIAN_POINT('',(-52.9999999999946,22.,-28.2014285714256));
#7206=CARTESIAN_POINT('Origin',(-52.9999999999945,21.5,-28.2014285714256));
#7207=CARTESIAN_POINT('',(-52.9999999999946,22.,-22.0585714285684));
#7208=CARTESIAN_POINT('',(-52.9999999999945,22.,26.500000000003));
#7209=CARTESIAN_POINT('',(-52.9999999999946,21.5,-22.5585714285684));
#7210=CARTESIAN_POINT('Origin',(-52.9999999999945,21.5,-22.0585714285684));
#7211=CARTESIAN_POINT('',(-52.9999999999946,20.5,-22.5585714285684));
#7212=CARTESIAN_POINT('',(-52.9999999999946,10.,-22.5585714285684));
#7213=CARTESIAN_POINT('',(-52.9999999999946,20.,-22.0585714285684));
#7214=CARTESIAN_POINT('Origin',(-52.9999999999945,20.5,-22.0585714285684));
#7215=CARTESIAN_POINT('',(-52.9999999999946,20.,-21.0585714285684));
#7216=CARTESIAN_POINT('',(-52.9999999999946,20.,15.7207142857173));
#7217=CARTESIAN_POINT('',(-52.9999999999946,20.5,-20.5585714285684));
#7218=CARTESIAN_POINT('Origin',(-52.9999999999945,20.5,-21.0585714285684));
#7219=CARTESIAN_POINT('',(-52.9999999999946,21.5,-20.5585714285684));
#7220=CARTESIAN_POINT('',(-52.9999999999946,10.,-20.5585714285684));
#7221=CARTESIAN_POINT('',(-52.9999999999946,22.,-21.0585714285684));
#7222=CARTESIAN_POINT('Origin',(-52.9999999999945,21.5,-21.0585714285684));
#7223=CARTESIAN_POINT('',(-52.9999999999946,22.,-14.9157142857113));
#7224=CARTESIAN_POINT('',(-52.9999999999945,22.,26.500000000003));
#7225=CARTESIAN_POINT('',(-52.9999999999946,21.5,-15.4157142857113));
#7226=CARTESIAN_POINT('Origin',(-52.9999999999946,21.5,-14.9157142857113));
#7227=CARTESIAN_POINT('',(-52.9999999999946,20.5,-15.4157142857113));
#7228=CARTESIAN_POINT('',(-52.9999999999946,20.,-15.4157142857113));
#7229=CARTESIAN_POINT('',(-52.9999999999946,20.,-14.9157142857113));
#7230=CARTESIAN_POINT('Origin',(-52.9999999999946,20.5,-14.9157142857113));
#7231=CARTESIAN_POINT('',(-52.9999999999946,20.,-13.9157142857113));
#7232=CARTESIAN_POINT('',(-52.9999999999946,20.,-13.4157142857113));
#7233=CARTESIAN_POINT('',(-52.9999999999946,20.5,-13.4157142857113));
#7234=CARTESIAN_POINT('Origin',(-52.9999999999946,20.5,-13.9157142857113));
#7235=CARTESIAN_POINT('',(-52.9999999999946,21.5,-13.4157142857113));
#7236=CARTESIAN_POINT('',(-52.9999999999946,20.,-13.4157142857113));
#7237=CARTESIAN_POINT('',(-52.9999999999946,22.,-13.9157142857113));
#7238=CARTESIAN_POINT('Origin',(-52.9999999999946,21.5,-13.9157142857113));
#7239=CARTESIAN_POINT('',(-52.9999999999946,22.,-7.77285714285414));
#7240=CARTESIAN_POINT('',(-52.9999999999945,22.,26.500000000003));
#7241=CARTESIAN_POINT('',(-52.9999999999946,21.5,-8.27285714285414));
#7242=CARTESIAN_POINT('Origin',(-52.9999999999945,21.5,-7.77285714285414));
#7243=CARTESIAN_POINT('',(-52.9999999999946,20.5,-8.27285714285414));
#7244=CARTESIAN_POINT('',(-52.9999999999946,10.,-8.27285714285414));
#7245=CARTESIAN_POINT('',(-52.9999999999946,20.,-7.77285714285414));
#7246=CARTESIAN_POINT('Origin',(-52.9999999999945,20.5,-7.77285714285414));
#7247=CARTESIAN_POINT('',(-52.9999999999946,20.,-6.77285714285413));
#7248=CARTESIAN_POINT('',(-52.9999999999946,20.,22.8635714285744));
#7249=CARTESIAN_POINT('',(-52.9999999999946,20.5,-6.27285714285414));
#7250=CARTESIAN_POINT('Origin',(-52.9999999999945,20.5,-6.77285714285413));
#7251=CARTESIAN_POINT('',(-52.9999999999946,21.5,-6.27285714285414));
#7252=CARTESIAN_POINT('',(-52.9999999999946,10.,-6.27285714285414));
#7253=CARTESIAN_POINT('',(-52.9999999999946,22.,-6.77285714285413));
#7254=CARTESIAN_POINT('Origin',(-52.9999999999945,21.5,-6.77285714285413));
#7255=CARTESIAN_POINT('',(-52.9999999999946,22.,-0.629999999996995));
#7256=CARTESIAN_POINT('',(-52.9999999999945,22.,26.500000000003));
#7257=CARTESIAN_POINT('',(-52.9999999999946,21.5,-1.12999999999699));
#7258=CARTESIAN_POINT('Origin',(-52.9999999999945,21.5,-0.629999999996995));
#7259=CARTESIAN_POINT('',(-52.9999999999946,20.5,-1.12999999999699));
#7260=CARTESIAN_POINT('',(-52.9999999999946,10.,-1.12999999999699));
#7261=CARTESIAN_POINT('',(-52.9999999999946,20.,-0.629999999996995));
#7262=CARTESIAN_POINT('Origin',(-52.9999999999945,20.5,-0.629999999996995));
#7263=CARTESIAN_POINT('',(-52.9999999999946,20.,0.37000000000301));
#7264=CARTESIAN_POINT('',(-52.9999999999946,20.,26.435000000003));
#7265=CARTESIAN_POINT('',(-52.9999999999946,20.5,0.870000000003008));
#7266=CARTESIAN_POINT('Origin',(-52.9999999999945,20.5,0.37000000000301));
#7267=CARTESIAN_POINT('',(-52.9999999999946,21.5,0.870000000003008));
#7268=CARTESIAN_POINT('',(-52.9999999999945,10.,0.870000000003008));
#7269=CARTESIAN_POINT('',(-52.9999999999946,22.,0.37000000000301));
#7270=CARTESIAN_POINT('Origin',(-52.9999999999945,21.5,0.37000000000301));
#7271=CARTESIAN_POINT('',(-52.9999999999946,22.,6.51285714286015));
#7272=CARTESIAN_POINT('',(-52.9999999999945,22.,26.500000000003));
#7273=CARTESIAN_POINT('',(-52.9999999999946,21.5,6.01285714286015));
#7274=CARTESIAN_POINT('Origin',(-52.9999999999945,21.5,6.51285714286015));
#7275=CARTESIAN_POINT('',(-52.9999999999946,20.5,6.01285714286015));
#7276=CARTESIAN_POINT('',(-52.9999999999945,10.,6.01285714286015));
#7277=CARTESIAN_POINT('',(-52.9999999999946,20.,6.51285714286015));
#7278=CARTESIAN_POINT('Origin',(-52.9999999999945,20.5,6.51285714286015));
#7279=CARTESIAN_POINT('',(-52.9999999999946,20.,7.51285714286015));
#7280=CARTESIAN_POINT('',(-52.9999999999945,20.,30.0064285714316));
#7281=CARTESIAN_POINT('',(-52.9999999999946,20.5,8.01285714286015));
#7282=CARTESIAN_POINT('Origin',(-52.9999999999945,20.5,7.51285714286015));
#7283=CARTESIAN_POINT('',(-52.9999999999946,21.5,8.01285714286015));
#7284=CARTESIAN_POINT('',(-52.9999999999945,10.,8.01285714286015));
#7285=CARTESIAN_POINT('',(-52.9999999999946,22.,7.51285714286015));
#7286=CARTESIAN_POINT('Origin',(-52.9999999999945,21.5,7.51285714286015));
#7287=CARTESIAN_POINT('',(-52.9999999999946,22.,13.6557142857173));
#7288=CARTESIAN_POINT('',(-52.9999999999945,22.,26.500000000003));
#7289=CARTESIAN_POINT('',(-52.9999999999946,21.5,13.1557142857173));
#7290=CARTESIAN_POINT('Origin',(-52.9999999999945,21.5,13.6557142857173));
#7291=CARTESIAN_POINT('',(-52.9999999999946,20.5,13.1557142857173));
#7292=CARTESIAN_POINT('',(-52.9999999999945,10.,13.1557142857173));
#7293=CARTESIAN_POINT('',(-52.9999999999946,20.,13.6557142857173));
#7294=CARTESIAN_POINT('Origin',(-52.9999999999945,20.5,13.6557142857173));
#7295=CARTESIAN_POINT('',(-52.9999999999946,20.,14.6557142857173));
#7296=CARTESIAN_POINT('',(-52.9999999999945,20.,33.5778571428602));
#7297=CARTESIAN_POINT('',(-52.9999999999946,20.5,15.1557142857173));
#7298=CARTESIAN_POINT('Origin',(-52.9999999999945,20.5,14.6557142857173));
#7299=CARTESIAN_POINT('',(-52.9999999999946,21.5,15.1557142857173));
#7300=CARTESIAN_POINT('',(-52.9999999999945,10.,15.1557142857173));
#7301=CARTESIAN_POINT('',(-52.9999999999946,22.,14.6557142857173));
#7302=CARTESIAN_POINT('Origin',(-52.9999999999945,21.5,14.6557142857173));
#7303=CARTESIAN_POINT('',(-52.9999999999946,22.,20.7985714285744));
#7304=CARTESIAN_POINT('',(-52.9999999999945,22.,26.500000000003));
#7305=CARTESIAN_POINT('',(-52.9999999999946,21.5,20.2985714285744));
#7306=CARTESIAN_POINT('Origin',(-52.9999999999945,21.5,20.7985714285744));
#7307=CARTESIAN_POINT('',(-52.9999999999946,20.5,20.2985714285744));
#7308=CARTESIAN_POINT('',(-52.9999999999945,10.,20.2985714285744));
#7309=CARTESIAN_POINT('',(-52.9999999999946,20.,20.7985714285744));
#7310=CARTESIAN_POINT('Origin',(-52.9999999999945,20.5,20.7985714285744));
#7311=CARTESIAN_POINT('',(-52.9999999999946,20.,21.7985714285744));
#7312=CARTESIAN_POINT('',(-52.9999999999945,20.,37.1492857142887));
#7313=CARTESIAN_POINT('',(-52.9999999999946,20.5,22.2985714285744));
#7314=CARTESIAN_POINT('Origin',(-52.9999999999945,20.5,21.7985714285744));
#7315=CARTESIAN_POINT('',(-52.9999999999946,21.5,22.2985714285744));
#7316=CARTESIAN_POINT('',(-52.9999999999945,10.,22.2985714285744));
#7317=CARTESIAN_POINT('',(-52.9999999999946,22.,21.7985714285744));
#7318=CARTESIAN_POINT('Origin',(-52.9999999999945,21.5,21.7985714285744));
#7319=CARTESIAN_POINT('',(-52.9999999999946,22.,27.9414285714316));
#7320=CARTESIAN_POINT('',(-52.9999999999945,22.,26.500000000003));
#7321=CARTESIAN_POINT('',(-52.9999999999946,21.5,27.4414285714316));
#7322=CARTESIAN_POINT('Origin',(-52.9999999999945,21.5,27.9414285714316));
#7323=CARTESIAN_POINT('',(-52.9999999999946,20.5,27.4414285714316));
#7324=CARTESIAN_POINT('',(-52.9999999999945,10.,27.4414285714316));
#7325=CARTESIAN_POINT('',(-52.9999999999946,20.,27.9414285714316));
#7326=CARTESIAN_POINT('Origin',(-52.9999999999945,20.5,27.9414285714316));
#7327=CARTESIAN_POINT('',(-52.9999999999946,20.,28.9414285714316));
#7328=CARTESIAN_POINT('',(-52.9999999999945,20.,40.7207142857173));
#7329=CARTESIAN_POINT('',(-52.9999999999946,20.5,29.4414285714316));
#7330=CARTESIAN_POINT('Origin',(-52.9999999999945,20.5,28.9414285714316));
#7331=CARTESIAN_POINT('',(-52.9999999999946,21.5,29.4414285714316));
#7332=CARTESIAN_POINT('',(-52.9999999999945,10.,29.4414285714316));
#7333=CARTESIAN_POINT('',(-52.9999999999946,22.,28.9414285714316));
#7334=CARTESIAN_POINT('Origin',(-52.9999999999945,21.5,28.9414285714316));
#7335=CARTESIAN_POINT('',(-52.9999999999946,22.,35.0842857142887));
#7336=CARTESIAN_POINT('',(-52.9999999999945,22.,26.500000000003));
#7337=CARTESIAN_POINT('',(-52.9999999999946,21.5,34.5842857142887));
#7338=CARTESIAN_POINT('Origin',(-52.9999999999945,21.5,35.0842857142887));
#7339=CARTESIAN_POINT('',(-52.9999999999946,20.5,34.5842857142887));
#7340=CARTESIAN_POINT('',(-52.9999999999945,10.,34.5842857142887));
#7341=CARTESIAN_POINT('',(-52.9999999999946,20.,35.0842857142887));
#7342=CARTESIAN_POINT('Origin',(-52.9999999999945,20.5,35.0842857142887));
#7343=CARTESIAN_POINT('',(-52.9999999999946,20.,36.0842857142887));
#7344=CARTESIAN_POINT('',(-52.9999999999945,20.,44.2921428571459));
#7345=CARTESIAN_POINT('Origin',(-52.9999999999945,20.5,36.0842857142887));
#7346=CARTESIAN_POINT('Origin',(-47.9999999999945,25.2,-47.999999999997));
#7347=CARTESIAN_POINT('',(-44.1020206931152,-8.,-36.1233103381787));
#7348=CARTESIAN_POINT('Ctrl Pts',(-42.1197501006666,-10.,-36.9694668704763));
#7349=CARTESIAN_POINT('Ctrl Pts',(-42.3573239688606,-10.,-36.8428189833681));
#7350=CARTESIAN_POINT('Ctrl Pts',(-42.6152984444225,-9.94750258671628,-36.7161195762529));
#7351=CARTESIAN_POINT('Ctrl Pts',(-43.1009310576433,-9.73682876091358,-36.4969529356824));
#7352=CARTESIAN_POINT('Ctrl Pts',(-43.3284529726961,-9.5787507945526,-36.4040894382233));
#7353=CARTESIAN_POINT('Ctrl Pts',(-43.6828732305749,-9.22192136865459,-36.2677322495966));
#7354=CARTESIAN_POINT('Ctrl Pts',(-43.8380390038344,-9.00288374755825,-36.212702140268));
#7355=CARTESIAN_POINT('Ctrl Pts',(-44.0479303863356,-8.51796549899186,-36.1406806119478));
#7356=CARTESIAN_POINT('Ctrl Pts',(-44.1020206931152,-8.25186646336395,-36.1233103381787));
#7357=CARTESIAN_POINT('Ctrl Pts',(-44.1020206931152,-8.,-36.1233103381787));
#7358=CARTESIAN_POINT('',(-44.1020206931152,-7.,-36.1233103381787));
#7359=CARTESIAN_POINT('',(-44.1020206931152,25.2,-36.1233103381787));
#7360=CARTESIAN_POINT('',(-42.1197501006666,-5.,-36.9694668704763));
#7361=CARTESIAN_POINT('Ctrl Pts',(-44.1020206931152,-7.,-36.1233103381787));
#7362=CARTESIAN_POINT('Ctrl Pts',(-44.1020206931152,-6.74813353663605,-36.1233103381787));
#7363=CARTESIAN_POINT('Ctrl Pts',(-44.0479303863356,-6.48203450100814,-36.1406806119478));
#7364=CARTESIAN_POINT('Ctrl Pts',(-43.8380390038344,-5.99711625244176,-36.212702140268));
#7365=CARTESIAN_POINT('Ctrl Pts',(-43.6828732305749,-5.77807863134541,-36.2677322495966));
#7366=CARTESIAN_POINT('Ctrl Pts',(-43.3284529726961,-5.4212492054474,-36.4040894382233));
#7367=CARTESIAN_POINT('Ctrl Pts',(-43.1009310576433,-5.26317123908642,-36.4969529356824));
#7368=CARTESIAN_POINT('Ctrl Pts',(-42.6152984444225,-5.05249741328372,-36.7161195762529));
#7369=CARTESIAN_POINT('Ctrl Pts',(-42.3573239688606,-5.,-36.8428189833681));
#7370=CARTESIAN_POINT('Ctrl Pts',(-42.1197501006666,-5.,-36.9694668704763));
#7371=CARTESIAN_POINT('',(-38.9115095436216,-5.,-39.4180805629236));
#7372=CARTESIAN_POINT('Origin',(-47.9999999999945,-5.,-47.999999999997));
#7373=CARTESIAN_POINT('',(-37.6523830229658,-7.,-40.9873811670141));
#7374=CARTESIAN_POINT('Ctrl Pts',(-38.9115095436216,-5.,-39.4180805629236));
#7375=CARTESIAN_POINT('Ctrl Pts',(-38.7385185657395,-5.,-39.6012828014261));
#7376=CARTESIAN_POINT('Ctrl Pts',(-38.5603082678931,-5.05046112825593,-39.8022345801416));
#7377=CARTESIAN_POINT('Ctrl Pts',(-38.2435017010303,-5.25473877586985,-40.1819517255309));
#7378=CARTESIAN_POINT('Ctrl Pts',(-38.1045739521261,-5.4085236012891,-40.3604574641745));
#7379=CARTESIAN_POINT('Ctrl Pts',(-37.8898595256601,-5.76294277189728,-40.6469674355476));
#7380=CARTESIAN_POINT('Ctrl Pts',(-37.7995599907266,-5.98740348080978,-40.7742269121264));
#7381=CARTESIAN_POINT('Ctrl Pts',(-37.6809761898065,-6.47999883902473,-40.9446105104709));
#7382=CARTESIAN_POINT('Ctrl Pts',(-37.6523830229658,-6.74818127273795,-40.9873811670141));
#7383=CARTESIAN_POINT('Ctrl Pts',(-37.6523830229658,-7.,-40.9873811670141));
#7384=CARTESIAN_POINT('',(-37.6523830229658,-8.00000000000001,-40.9873811670141));
#7385=CARTESIAN_POINT('',(-37.6523830229658,25.2,-40.9873811670141));
#7386=CARTESIAN_POINT('Ctrl Pts',(-37.6523830229658,-8.00000000000001,-40.9873811670141));
#7387=CARTESIAN_POINT('Ctrl Pts',(-37.6523830229658,-8.25163875523963,-40.9873811670141));
#7388=CARTESIAN_POINT('Ctrl Pts',(-37.680935973213,-8.51964246822102,-40.9446713236957));
#7389=CARTESIAN_POINT('Ctrl Pts',(-37.7993620475923,-9.01196551526887,-40.7745082977107));
#7390=CARTESIAN_POINT('Ctrl Pts',(-37.889543246848,-9.23633250349481,-40.6474077224713));
#7391=CARTESIAN_POINT('Ctrl Pts',(-38.1041273954736,-9.59094149303571,-40.3610351280992));
#7392=CARTESIAN_POINT('Ctrl Pts',(-38.2431031349676,-9.74492234874586,-40.1824447899745));
#7393=CARTESIAN_POINT('Ctrl Pts',(-38.5600707903267,-9.9494674605357,-39.8025038939006));
#7394=CARTESIAN_POINT('Ctrl Pts',(-38.7383950339339,-10.,-39.6014136250309));
#7395=CARTESIAN_POINT('Ctrl Pts',(-38.9115095436216,-10.,-39.4180805629236));
#7396=CARTESIAN_POINT('',(-35.7798076938154,22.,-50.629999999997));
#7397=CARTESIAN_POINT('Origin',(-47.9999999999945,22.,-47.999999999997));
#7398=CARTESIAN_POINT('',(-35.8982191393113,21.5,-51.129999999997));
#7399=CARTESIAN_POINT('Ctrl Pts',(-35.8982191393113,21.5,-51.129999999997));
#7400=CARTESIAN_POINT('Ctrl Pts',(-35.8982191393113,21.5627395583086,-51.129999999997));
#7401=CARTESIAN_POINT('Ctrl Pts',(-35.894954784829,21.6295059386006,-51.1174606435737));
#7402=CARTESIAN_POINT('Ctrl Pts',(-35.8820483266656,21.7519933156948,-51.0669085029045));
#7403=CARTESIAN_POINT('Ctrl Pts',(-35.8724398101506,21.8077232694493,-51.0289088529677));
#7404=CARTESIAN_POINT('Ctrl Pts',(-35.8507466123703,21.8968668003004,-50.9407078977732));
#7405=CARTESIAN_POINT('Ctrl Pts',(-35.8371152610778,21.9357855383932,-50.8841416287091));
#7406=CARTESIAN_POINT('Ctrl Pts',(-35.808420523577,21.9873507969932,-50.7603311353262));
#7407=CARTESIAN_POINT('Ctrl Pts',(-35.7933840056191,22.,-50.6930818026777));
#7408=CARTESIAN_POINT('Ctrl Pts',(-35.7798076938154,22.,-50.629999999997));
#7409=CARTESIAN_POINT('',(-35.8982191393113,20.5,-51.129999999997));
#7410=CARTESIAN_POINT('',(-35.8982191393113,25.2,-51.129999999997));
#7411=CARTESIAN_POINT('',(-35.7798076938154,20.,-50.629999999997));
#7412=CARTESIAN_POINT('Ctrl Pts',(-35.7798076938154,20.,-50.629999999997));
#7413=CARTESIAN_POINT('Ctrl Pts',(-35.7932891166768,20.,-50.6926409049121));
#7414=CARTESIAN_POINT('Ctrl Pts',(-35.8082227890381,20.0124745421614,-50.7594496507554));
#7415=CARTESIAN_POINT('Ctrl Pts',(-35.8367478282937,20.0633770465656,-50.8825840047477));
#7416=CARTESIAN_POINT('Ctrl Pts',(-35.8503129951895,20.1018077616804,-50.938914542864));
#7417=CARTESIAN_POINT('Ctrl Pts',(-35.8721050218665,20.1904695595568,-51.0275763407404));
#7418=CARTESIAN_POINT('Ctrl Pts',(-35.8818335644413,20.2464304453009,-51.0660627527201));
#7419=CARTESIAN_POINT('Ctrl Pts',(-35.8949078148313,20.3695955437215,-51.1172811479381));
#7420=CARTESIAN_POINT('Ctrl Pts',(-35.8982191393113,20.4368088639689,-51.129999999997));
#7421=CARTESIAN_POINT('Ctrl Pts',(-35.8982191393113,20.5,-51.129999999997));
#7422=CARTESIAN_POINT('',(-35.6067316659351,20.,-49.629999999997));
#7423=CARTESIAN_POINT('Origin',(-47.9999999999945,20.,-47.999999999997));
#7424=CARTESIAN_POINT('',(-35.5511807788796,20.5,-49.129999999997));
#7425=CARTESIAN_POINT('Ctrl Pts',(-35.5511807788796,20.5,-49.129999999997));
#7426=CARTESIAN_POINT('Ctrl Pts',(-35.5511807788796,20.4371549402698,-49.129999999997));
#7427=CARTESIAN_POINT('Ctrl Pts',(-35.5523021897257,20.3701440855682,-49.1425746488603));
#7428=CARTESIAN_POINT('Ctrl Pts',(-35.5570949392847,20.2469504364762,-49.1936378241819));
#7429=CARTESIAN_POINT('Ctrl Pts',(-35.5607937163374,20.1907681710477,-49.2321250477628));
#7430=CARTESIAN_POINT('Ctrl Pts',(-35.5699137697508,20.1019240852288,-49.3209691335817));
#7431=CARTESIAN_POINT('Ctrl Pts',(-35.575955809799,20.0634325874752,-49.3773063882096));
#7432=CARTESIAN_POINT('Ctrl Pts',(-35.5902353066159,20.0124731615996,-49.5005289674135));
#7433=CARTESIAN_POINT('Ctrl Pts',(-35.5984995124496,20.,-49.567409026308));
#7434=CARTESIAN_POINT('Ctrl Pts',(-35.6067316659351,20.,-49.629999999997));
#7435=CARTESIAN_POINT('',(-35.5511807788796,21.5,-49.129999999997));
#7436=CARTESIAN_POINT('',(-35.5511807788796,25.2,-49.129999999997));
#7437=CARTESIAN_POINT('',(-35.6067316659351,22.,-49.629999999997));
#7438=CARTESIAN_POINT('Ctrl Pts',(-35.6067316659351,22.,-49.629999999997));
#7439=CARTESIAN_POINT('Ctrl Pts',(-35.598486773568,22.,-49.5673121696345));
#7440=CARTESIAN_POINT('Ctrl Pts',(-35.590211480167,21.9874884906135,-49.5003349925422));
#7441=CARTESIAN_POINT('Ctrl Pts',(-35.5759174555532,21.9363836517821,-49.3769637342564));
#7442=CARTESIAN_POINT('Ctrl Pts',(-35.5698718219956,21.8977850952415,-49.3205749368494));
#7443=CARTESIAN_POINT('Ctrl Pts',(-35.5607652926675,21.8088369231348,-49.2318336890643));
#7444=CARTESIAN_POINT('Ctrl Pts',(-35.5570773989262,21.7527058127189,-49.1934533929316));
#7445=CARTESIAN_POINT('Ctrl Pts',(-35.5522987830611,21.629660769178,-49.1425358944359));
#7446=CARTESIAN_POINT('Ctrl Pts',(-35.5511807788796,21.5627473558693,-49.129999999997));
#7447=CARTESIAN_POINT('Ctrl Pts',(-35.5511807788796,21.5,-49.129999999997));
#7448=CARTESIAN_POINT('',(-36.3430655655833,22.,-43.4871428571399));
#7449=CARTESIAN_POINT('Origin',(-47.9999999999945,22.,-47.999999999997));
#7450=CARTESIAN_POINT('',(-36.1616311279319,21.5,-43.9871428571399));
#7451=CARTESIAN_POINT('Ctrl Pts',(-36.1616311279319,21.5,-43.9871428571399));
#7452=CARTESIAN_POINT('Ctrl Pts',(-36.1616311279319,21.5625247601288,-43.9871428571399));
#7453=CARTESIAN_POINT('Ctrl Pts',(-36.1658351181856,21.6289708732902,-43.9746755108921));
#7454=CARTESIAN_POINT('Ctrl Pts',(-36.182927958579,21.7506083348581,-43.9247694462975));
#7455=CARTESIAN_POINT('Ctrl Pts',(-36.1958412752283,21.8058057174053,-43.8873538207709));
#7456=CARTESIAN_POINT('Ctrl Pts',(-36.226841018973,21.8959155580623,-43.7993976630328));
#7457=CARTESIAN_POINT('Ctrl Pts',(-36.2474194241733,21.9355023665172,-43.7419166751138));
#7458=CARTESIAN_POINT('Ctrl Pts',(-36.2933975208345,21.987529709287,-43.6170920395657));
#7459=CARTESIAN_POINT('Ctrl Pts',(-36.3188203953843,22.,-43.5497693375299));
#7460=CARTESIAN_POINT('Ctrl Pts',(-36.3430655655833,22.,-43.4871428571399));
#7461=CARTESIAN_POINT('',(-36.1616311279319,20.5,-43.9871428571399));
#7462=CARTESIAN_POINT('',(-36.1616311279319,25.2,-43.9871428571399));
#7463=CARTESIAN_POINT('',(-36.3430655655833,20.,-43.4871428571399));
#7464=CARTESIAN_POINT('Ctrl Pts',(-36.3430655655833,20.,-43.4871428571399));
#7465=CARTESIAN_POINT('Ctrl Pts',(-36.3191965568976,20.,-43.5487976936337));
#7466=CARTESIAN_POINT('Ctrl Pts',(-36.2941378020666,20.0120884558409,-43.6151276039943));
#7467=CARTESIAN_POINT('Ctrl Pts',(-36.2486960088371,20.0626170697192,-43.7384075474255));
#7468=CARTESIAN_POINT('Ctrl Pts',(-36.2282913636103,20.1010875471294,-43.7953371854558));
#7469=CARTESIAN_POINT('Ctrl Pts',(-36.1968975365218,20.1900595157753,-43.8843091541017));
#7470=CARTESIAN_POINT('Ctrl Pts',(-36.1835947410458,20.2457748791359,-43.9228311790615));
#7471=CARTESIAN_POINT('Ctrl Pts',(-36.1659747878017,20.368957823192,-43.9742595576062));
#7472=CARTESIAN_POINT('Ctrl Pts',(-36.1616311279319,20.4364312354556,-43.9871428571399));
#7473=CARTESIAN_POINT('Ctrl Pts',(-36.1616311279319,20.5,-43.9871428571399));
#7474=CARTESIAN_POINT('',(-36.7813367051787,20.,-42.4871428571399));
#7475=CARTESIAN_POINT('Origin',(-47.9999999999945,20.,-47.999999999997));
#7476=CARTESIAN_POINT('',(-37.0411885233976,20.5,-41.9871428571399));
#7477=CARTESIAN_POINT('Ctrl Pts',(-37.0411885233976,20.5,-41.9871428571399));
#7478=CARTESIAN_POINT('Ctrl Pts',(-37.0411885233976,20.4353565947342,-41.9871428571399));
#7479=CARTESIAN_POINT('Ctrl Pts',(-37.0338487546514,20.3673219676828,-42.0004668343741));
#7480=CARTESIAN_POINT('Ctrl Pts',(-37.005635707041,20.2442826043109,-42.0523260739088));
#7481=CARTESIAN_POINT('Ctrl Pts',(-36.9848413093963,20.1892345816939,-42.0908014942595));
#7482=CARTESIAN_POINT('Ctrl Pts',(-36.9378534146879,20.1008248700005,-42.1792112059528));
#7483=CARTESIAN_POINT('Ctrl Pts',(-36.908028168809,20.062530395611,-42.2360656124207));
#7484=CARTESIAN_POINT('Ctrl Pts',(-36.8449563681049,20.0121231282822,-42.3590975634143));
#7485=CARTESIAN_POINT('Ctrl Pts',(-36.8117344304192,20.,-42.4252834917391));
#7486=CARTESIAN_POINT('Ctrl Pts',(-36.7813367051787,20.,-42.4871428571399));
#7487=CARTESIAN_POINT('',(-37.0411885233976,21.5,-41.9871428571399));
#7488=CARTESIAN_POINT('',(-37.0411885233976,25.2,-41.9871428571399));
#7489=CARTESIAN_POINT('',(-36.7813367051787,22.,-42.4871428571399));
#7490=CARTESIAN_POINT('Ctrl Pts',(-36.7813367051787,22.,-42.4871428571399));
#7491=CARTESIAN_POINT('Ctrl Pts',(-36.812652873513,22.,-42.4234144602084));
#7492=CARTESIAN_POINT('Ctrl Pts',(-36.8468472428642,21.9871407077149,-42.3553390642014));
#7493=CARTESIAN_POINT('Ctrl Pts',(-36.9115091259752,21.9338455303875,-42.2293515407329));
#7494=CARTESIAN_POINT('Ctrl Pts',(-36.9419499874205,21.8934033959723,-42.1714283795629));
#7495=CARTESIAN_POINT('Ctrl Pts',(-36.9880275362801,21.8027147910612,-42.0848862340443));
#7496=CARTESIAN_POINT('Ctrl Pts',(-37.00769456428,21.7486368894134,-42.0485299156019));
#7497=CARTESIAN_POINT('Ctrl Pts',(-37.0343118814935,21.6285740410115,-41.9996284240862));
#7498=CARTESIAN_POINT('Ctrl Pts',(-37.0411885233976,21.5625485116257,-41.9871428571399));
#7499=CARTESIAN_POINT('Ctrl Pts',(-37.0411885233976,21.5,-41.9871428571399));
#7500=CARTESIAN_POINT('',(-43.4839924169854,22.,-36.3442857142827));
#7501=CARTESIAN_POINT('Origin',(-47.9999999999945,22.,-47.999999999997));
#7502=CARTESIAN_POINT('',(-42.3608476899828,21.5,-36.8442857142827));
#7503=CARTESIAN_POINT('Ctrl Pts',(-42.3608476899828,21.5,-36.8442857142827));
#7504=CARTESIAN_POINT('Ctrl Pts',(-42.3608476899828,21.5307324850689,-36.8442857142827));
#7505=CARTESIAN_POINT('Ctrl Pts',(-42.3664655786399,21.5604464178097,-36.8414419207904));
#7506=CARTESIAN_POINT('Ctrl Pts',(-42.386600845161,21.6167818133987,-36.8312992875756));
#7507=CARTESIAN_POINT('Ctrl Pts',(-42.4011331445976,21.6433970436712,-36.8239954596822));
#7508=CARTESIAN_POINT('Ctrl Pts',(-42.4539791160342,21.7173014017741,-36.797625133508));
#7509=CARTESIAN_POINT('Ctrl Pts',(-42.5017656337355,21.7585734930472,-36.7740403138944));
#7510=CARTESIAN_POINT('Ctrl Pts',(-42.6774790930389,21.8777906733826,-36.6888920803572));
#7511=CARTESIAN_POINT('Ctrl Pts',(-42.8334338145067,21.9266234268238,-36.6163253279297));
#7512=CARTESIAN_POINT('Ctrl Pts',(-43.1584828659853,21.98898126939,-36.4743257448248));
#7513=CARTESIAN_POINT('Ctrl Pts',(-43.3279826240237,22.,-36.4047317230616));
#7514=CARTESIAN_POINT('Ctrl Pts',(-43.4839924169854,22.,-36.3442857142827));
#7515=CARTESIAN_POINT('',(-42.3608476899828,20.5,-36.8442857142827));
#7516=CARTESIAN_POINT('',(-42.3608476899828,25.2,-36.8442857142827));
#7517=CARTESIAN_POINT('',(-43.4839924169854,20.,-36.3442857142827));
#7518=CARTESIAN_POINT('Ctrl Pts',(-43.4839924169854,20.,-36.3442857142827));
#7519=CARTESIAN_POINT('Ctrl Pts',(-43.2155110147876,20.,-36.4483088585106));
#7520=CARTESIAN_POINT('Ctrl Pts',(-42.89982538257,20.033340145527,-36.5847326409962));
#7521=CARTESIAN_POINT('Ctrl Pts',(-42.5734909722661,20.187513322437,-36.7389058179063));
#7522=CARTESIAN_POINT('Ctrl Pts',(-42.4763041881703,20.2509872382977,-36.7864808053845));
#7523=CARTESIAN_POINT('Ctrl Pts',(-42.4019813054929,20.3555561516575,-36.8235733726739));
#7524=CARTESIAN_POINT('Ctrl Pts',(-42.3868701057833,20.3824887060473,-36.8311636117026));
#7525=CARTESIAN_POINT('Ctrl Pts',(-42.3662342791183,20.4401769138916,-36.8415584748662));
#7526=CARTESIAN_POINT('Ctrl Pts',(-42.3608476899828,20.470995763432,-36.8442857142827));
#7527=CARTESIAN_POINT('Ctrl Pts',(-42.3608476899828,20.5,-36.8442857142827));
#7528=CARTESIAN_POINT('',(-52.5160075830037,20.,-36.3442857142827));
#7529=CARTESIAN_POINT('Origin',(-47.9999999999945,20.,-47.999999999997));
#7530=CARTESIAN_POINT('Ctrl Pts',(-52.9999999999945,20.0414267178354,-36.5435607626074));
#7531=CARTESIAN_POINT('Ctrl Pts',(-52.8387687719188,20.010848393307,-36.4731936857457));
#7532=CARTESIAN_POINT('Ctrl Pts',(-52.6695255001196,20.,-36.4037662455336));
#7533=CARTESIAN_POINT('Ctrl Pts',(-52.5160075830037,20.,-36.3442857142827));
#7534=CARTESIAN_POINT('Origin',(48.0000000000054,25.2,48.000000000003));
#7535=CARTESIAN_POINT('',(41.2276394811901,-9.8,37.4935670656913));
#7536=CARTESIAN_POINT('',(41.2276394811901,-10.,37.4935670656913));
#7537=CARTESIAN_POINT('Origin',(48.0000000000054,-9.8,48.000000000003));
#7538=CARTESIAN_POINT('Origin',(48.0000000000054,25.2,48.000000000003));
#7539=CARTESIAN_POINT('',(39.627694722385,-9.8,38.7180549269955));
#7540=CARTESIAN_POINT('Origin',(48.0000000000054,-9.8,48.000000000003));
#7541=CARTESIAN_POINT('',(39.627694722385,-10.,38.7180549269955));
#7542=CARTESIAN_POINT('Origin',(48.0000000000054,25.2,-47.999999999997));
#7543=CARTESIAN_POINT('',(36.1233103381857,-8.00000000000001,-44.1020206931222));
#7544=CARTESIAN_POINT('Ctrl Pts',(36.9694668704826,-10.,-42.119750100673));
#7545=CARTESIAN_POINT('Ctrl Pts',(36.8428189833745,-10.,-42.357323968867));
#7546=CARTESIAN_POINT('Ctrl Pts',(36.7161195762594,-9.94750258671628,-42.6152984444291));
#7547=CARTESIAN_POINT('Ctrl Pts',(36.4969529356891,-9.73682876091356,-43.10093105765));
#7548=CARTESIAN_POINT('Ctrl Pts',(36.40408943823,-9.57875079455258,-43.3284529727028));
#7549=CARTESIAN_POINT('Ctrl Pts',(36.2677322496035,-9.22192136865456,-43.6828732305817));
#7550=CARTESIAN_POINT('Ctrl Pts',(36.2127021402749,-9.00288374755823,-43.8380390038413));
#7551=CARTESIAN_POINT('Ctrl Pts',(36.1406806119547,-8.51796549899186,-44.0479303863425));
#7552=CARTESIAN_POINT('Ctrl Pts',(36.1233103381857,-8.25186646336396,-44.1020206931222));
#7553=CARTESIAN_POINT('Ctrl Pts',(36.1233103381857,-8.00000000000001,-44.1020206931222));
#7554=CARTESIAN_POINT('',(36.1233103381857,-7.,-44.1020206931222));
#7555=CARTESIAN_POINT('',(36.1233103381857,25.2,-44.1020206931222));
#7556=CARTESIAN_POINT('',(36.9694668704826,-5.,-42.119750100673));
#7557=CARTESIAN_POINT('Ctrl Pts',(36.1233103381857,-7.,-44.1020206931222));
#7558=CARTESIAN_POINT('Ctrl Pts',(36.1233103381857,-6.74324273470848,-44.1020206931222));
#7559=CARTESIAN_POINT('Ctrl Pts',(36.1413433642964,-6.47242939172204,-44.0458316873809));
#7560=CARTESIAN_POINT('Ctrl Pts',(36.2159822048365,-5.98045606864112,-43.828656282254));
#7561=CARTESIAN_POINT('Ctrl Pts',(36.2729981126255,-5.75906522899931,-43.6683345596463));
#7562=CARTESIAN_POINT('Ctrl Pts',(36.4116929235063,-5.40737913791259,-43.3096701308143));
#7563=CARTESIAN_POINT('Ctrl Pts',(36.503872624245,-5.25437901392807,-43.0849223067891));
#7564=CARTESIAN_POINT('Ctrl Pts',(36.7203945546559,-5.05064265772633,-42.6065378130175));
#7565=CARTESIAN_POINT('Ctrl Pts',(36.845108299905,-5.,-42.3530295286194));
#7566=CARTESIAN_POINT('Ctrl Pts',(36.9694668704827,-5.,-42.119750100673));
#7567=CARTESIAN_POINT('',(39.418080562929,-5.,-38.9115095436269));
#7568=CARTESIAN_POINT('Origin',(48.0000000000054,-5.,-47.999999999997));
#7569=CARTESIAN_POINT('',(40.9873811670189,-7.,-37.6523830229707));
#7570=CARTESIAN_POINT('Ctrl Pts',(39.418080562929,-5.,-38.9115095436269));
#7571=CARTESIAN_POINT('Ctrl Pts',(39.6014136250361,-5.,-38.7383950339392));
#7572=CARTESIAN_POINT('Ctrl Pts',(39.8025038939058,-5.0505325394643,-38.560070790332));
#7573=CARTESIAN_POINT('Ctrl Pts',(40.1824447899796,-5.25507765125413,-38.2431031349728));
#7574=CARTESIAN_POINT('Ctrl Pts',(40.3610351281042,-5.40905850696428,-38.1041273954787));
#7575=CARTESIAN_POINT('Ctrl Pts',(40.6474077224762,-5.76366749650519,-37.889543246853));
#7576=CARTESIAN_POINT('Ctrl Pts',(40.7745082977157,-5.98803448473113,-37.7993620475973));
#7577=CARTESIAN_POINT('Ctrl Pts',(40.9446713237006,-6.48035753177898,-37.6809359732179));
#7578=CARTESIAN_POINT('Ctrl Pts',(40.9873811670189,-6.74836124476037,-37.6523830229707));
#7579=CARTESIAN_POINT('Ctrl Pts',(40.9873811670189,-7.,-37.6523830229707));
#7580=CARTESIAN_POINT('',(40.9873811670189,-8.,-37.6523830229707));
#7581=CARTESIAN_POINT('',(40.9873811670189,25.2,-37.6523830229707));
#7582=CARTESIAN_POINT('Ctrl Pts',(40.9873811670189,-8.,-37.6523830229707));
#7583=CARTESIAN_POINT('Ctrl Pts',(40.9873811670189,-8.25163875523963,-37.6523830229707));
#7584=CARTESIAN_POINT('Ctrl Pts',(40.9446713237006,-8.51964246822102,-37.6809359732179));
#7585=CARTESIAN_POINT('Ctrl Pts',(40.7745082977157,-9.01196551526887,-37.7993620475973));
#7586=CARTESIAN_POINT('Ctrl Pts',(40.6474077224763,-9.23633250349481,-37.889543246853));
#7587=CARTESIAN_POINT('Ctrl Pts',(40.3610351281042,-9.59094149303572,-38.1041273954787));
#7588=CARTESIAN_POINT('Ctrl Pts',(40.1824447899796,-9.74492234874587,-38.2431031349728));
#7589=CARTESIAN_POINT('Ctrl Pts',(39.8025038939058,-9.9494674605357,-38.560070790332));
#7590=CARTESIAN_POINT('Ctrl Pts',(39.6014136250361,-10.,-38.7383950339392));
#7591=CARTESIAN_POINT('Ctrl Pts',(39.418080562929,-10.,-38.9115095436269));
#7592=CARTESIAN_POINT('',(52.5160075830146,20.,-36.3442857142827));
#7593=CARTESIAN_POINT('Ctrl Pts',(52.5160075830146,20.,-36.3442857142827));
#7594=CARTESIAN_POINT('Ctrl Pts',(52.6695255001305,20.,-36.4037662455336));
#7595=CARTESIAN_POINT('Ctrl Pts',(52.8387687719297,20.010848393307,-36.4731936857457));
#7596=CARTESIAN_POINT('Ctrl Pts',(53.0000000000054,20.0414267178354,-36.5435607626074));
#7597=CARTESIAN_POINT('',(43.4839924169963,20.,-36.3442857142827));
#7598=CARTESIAN_POINT('Origin',(48.0000000000054,20.,-47.999999999997));
#7599=CARTESIAN_POINT('',(42.3608476899937,20.5,-36.8442857142827));
#7600=CARTESIAN_POINT('Ctrl Pts',(42.3608476899937,20.5,-36.8442857142827));
#7601=CARTESIAN_POINT('Ctrl Pts',(42.3608476899937,20.470995763432,-36.8442857142827));
#7602=CARTESIAN_POINT('Ctrl Pts',(42.3662342791292,20.4401769138916,-36.8415584748662));
#7603=CARTESIAN_POINT('Ctrl Pts',(42.3868701057942,20.3824887060473,-36.8311636117026));
#7604=CARTESIAN_POINT('Ctrl Pts',(42.4019813055038,20.3555561516575,-36.8235733726739));
#7605=CARTESIAN_POINT('Ctrl Pts',(42.4763041881811,20.2509872382977,-36.7864808053845));
#7606=CARTESIAN_POINT('Ctrl Pts',(42.573490972277,20.187513322437,-36.7389058179063));
#7607=CARTESIAN_POINT('Ctrl Pts',(42.8998253825809,20.033340145527,-36.5847326409962));
#7608=CARTESIAN_POINT('Ctrl Pts',(43.2155110147985,20.,-36.4483088585106));
#7609=CARTESIAN_POINT('Ctrl Pts',(43.4839924169963,20.,-36.3442857142827));
#7610=CARTESIAN_POINT('',(42.3608476899937,21.5,-36.8442857142827));
#7611=CARTESIAN_POINT('',(42.3608476899937,25.2,-36.8442857142827));
#7612=CARTESIAN_POINT('',(43.4839924169963,22.,-36.3442857142827));
#7613=CARTESIAN_POINT('Ctrl Pts',(43.4839924169963,22.,-36.3442857142827));
#7614=CARTESIAN_POINT('Ctrl Pts',(43.3279826240345,22.,-36.4047317230616));
#7615=CARTESIAN_POINT('Ctrl Pts',(43.1584828659962,21.98898126939,-36.4743257448248));
#7616=CARTESIAN_POINT('Ctrl Pts',(42.8334338145176,21.9266234268238,-36.6163253279297));
#7617=CARTESIAN_POINT('Ctrl Pts',(42.6774790930498,21.8777906733826,-36.6888920803572));
#7618=CARTESIAN_POINT('Ctrl Pts',(42.5017656337464,21.7585734930472,-36.7740403138944));
#7619=CARTESIAN_POINT('Ctrl Pts',(42.4539791160451,21.7173014017741,-36.797625133508));
#7620=CARTESIAN_POINT('Ctrl Pts',(42.4011331446085,21.6433970436712,-36.8239954596822));
#7621=CARTESIAN_POINT('Ctrl Pts',(42.3866008451719,21.6167818133987,-36.8312992875756));
#7622=CARTESIAN_POINT('Ctrl Pts',(42.3664655786507,21.5604464178097,-36.8414419207904));
#7623=CARTESIAN_POINT('Ctrl Pts',(42.3608476899937,21.5307324850689,-36.8442857142827));
#7624=CARTESIAN_POINT('Ctrl Pts',(42.3608476899937,21.5,-36.8442857142827));
#7625=CARTESIAN_POINT('',(36.7813367051895,22.,-42.4871428571399));
#7626=CARTESIAN_POINT('Origin',(48.0000000000054,22.,-47.999999999997));
#7627=CARTESIAN_POINT('',(37.0411885234085,21.5,-41.9871428571399));
#7628=CARTESIAN_POINT('Ctrl Pts',(37.0411885234085,21.5,-41.9871428571399));
#7629=CARTESIAN_POINT('Ctrl Pts',(37.0411885234085,21.5625485116257,-41.9871428571399));
#7630=CARTESIAN_POINT('Ctrl Pts',(37.0343118815044,21.6285740410115,-41.9996284240862));
#7631=CARTESIAN_POINT('Ctrl Pts',(37.0076945642909,21.7486368894134,-42.0485299156019));
#7632=CARTESIAN_POINT('Ctrl Pts',(36.988027536291,21.8027147910612,-42.0848862340443));
#7633=CARTESIAN_POINT('Ctrl Pts',(36.9419499874314,21.8934033959723,-42.1714283795629));
#7634=CARTESIAN_POINT('Ctrl Pts',(36.9115091259861,21.9338455303875,-42.2293515407329));
#7635=CARTESIAN_POINT('Ctrl Pts',(36.8468472428751,21.9871407077149,-42.3553390642014));
#7636=CARTESIAN_POINT('Ctrl Pts',(36.8126528735239,22.,-42.4234144602084));
#7637=CARTESIAN_POINT('Ctrl Pts',(36.7813367051896,22.,-42.4871428571399));
#7638=CARTESIAN_POINT('',(37.0411885234085,20.5,-41.9871428571399));
#7639=CARTESIAN_POINT('',(37.0411885234085,25.2,-41.9871428571399));
#7640=CARTESIAN_POINT('',(36.7813367051895,20.,-42.4871428571399));
#7641=CARTESIAN_POINT('Ctrl Pts',(36.7813367051896,20.,-42.4871428571399));
#7642=CARTESIAN_POINT('Ctrl Pts',(36.8117344304301,20.,-42.4252834917391));
#7643=CARTESIAN_POINT('Ctrl Pts',(36.8449563681158,20.0121231282822,-42.3590975634143));
#7644=CARTESIAN_POINT('Ctrl Pts',(36.9080281688199,20.062530395611,-42.2360656124207));
#7645=CARTESIAN_POINT('Ctrl Pts',(36.9378534146988,20.1008248700005,-42.1792112059528));
#7646=CARTESIAN_POINT('Ctrl Pts',(36.9848413094072,20.1892345816939,-42.0908014942595));
#7647=CARTESIAN_POINT('Ctrl Pts',(37.0056357070519,20.2442826043109,-42.0523260739088));
#7648=CARTESIAN_POINT('Ctrl Pts',(37.0338487546623,20.3673219676828,-42.0004668343741));
#7649=CARTESIAN_POINT('Ctrl Pts',(37.0411885234085,20.4353565947342,-41.9871428571399));
#7650=CARTESIAN_POINT('Ctrl Pts',(37.0411885234085,20.5,-41.9871428571399));
#7651=CARTESIAN_POINT('',(36.3430655655942,20.,-43.4871428571399));
#7652=CARTESIAN_POINT('Origin',(48.0000000000054,20.,-47.999999999997));
#7653=CARTESIAN_POINT('',(36.1616311279428,20.5,-43.9871428571399));
#7654=CARTESIAN_POINT('Ctrl Pts',(36.1616311279428,20.5,-43.9871428571399));
#7655=CARTESIAN_POINT('Ctrl Pts',(36.1616311279428,20.4364312354556,-43.9871428571399));
#7656=CARTESIAN_POINT('Ctrl Pts',(36.1659747878126,20.368957823192,-43.9742595576062));
#7657=CARTESIAN_POINT('Ctrl Pts',(36.1835947410567,20.2457748791359,-43.9228311790615));
#7658=CARTESIAN_POINT('Ctrl Pts',(36.1968975365326,20.1900595157753,-43.8843091541017));
#7659=CARTESIAN_POINT('Ctrl Pts',(36.2282913636212,20.1010875471294,-43.7953371854558));
#7660=CARTESIAN_POINT('Ctrl Pts',(36.248696008848,20.0626170697192,-43.7384075474255));
#7661=CARTESIAN_POINT('Ctrl Pts',(36.2941378020775,20.0120884558409,-43.6151276039943));
#7662=CARTESIAN_POINT('Ctrl Pts',(36.3191965569085,20.,-43.5487976936337));
#7663=CARTESIAN_POINT('Ctrl Pts',(36.3430655655942,20.,-43.4871428571399));
#7664=CARTESIAN_POINT('',(36.1616311279428,21.5,-43.9871428571399));
#7665=CARTESIAN_POINT('',(36.1616311279428,25.2,-43.9871428571399));
#7666=CARTESIAN_POINT('',(36.3430655655942,22.,-43.4871428571399));
#7667=CARTESIAN_POINT('Ctrl Pts',(36.3430655655942,22.,-43.4871428571399));
#7668=CARTESIAN_POINT('Ctrl Pts',(36.3188203953952,22.,-43.5497693375299));
#7669=CARTESIAN_POINT('Ctrl Pts',(36.2933975208454,21.987529709287,-43.6170920395657));
#7670=CARTESIAN_POINT('Ctrl Pts',(36.2474194241842,21.9355023665172,-43.7419166751138));
#7671=CARTESIAN_POINT('Ctrl Pts',(36.2268410189838,21.8959155580623,-43.7993976630328));
#7672=CARTESIAN_POINT('Ctrl Pts',(36.1958412752392,21.8058057174053,-43.8873538207709));
#7673=CARTESIAN_POINT('Ctrl Pts',(36.1829279585899,21.7506083348581,-43.9247694462975));
#7674=CARTESIAN_POINT('Ctrl Pts',(36.1658351181965,21.6289708732902,-43.9746755108921));
#7675=CARTESIAN_POINT('Ctrl Pts',(36.1616311279428,21.5625247601288,-43.9871428571399));
#7676=CARTESIAN_POINT('Ctrl Pts',(36.1616311279428,21.5,-43.9871428571399));
#7677=CARTESIAN_POINT('',(35.606731665946,22.,-49.629999999997));
#7678=CARTESIAN_POINT('Origin',(48.0000000000054,22.,-47.999999999997));
#7679=CARTESIAN_POINT('',(35.5511807788905,21.5,-49.129999999997));
#7680=CARTESIAN_POINT('Ctrl Pts',(35.5511807788905,21.5,-49.129999999997));
#7681=CARTESIAN_POINT('Ctrl Pts',(35.5511807788905,21.5627473558693,-49.129999999997));
#7682=CARTESIAN_POINT('Ctrl Pts',(35.552298783072,21.629660769178,-49.1425358944359));
#7683=CARTESIAN_POINT('Ctrl Pts',(35.5570773989371,21.7527058127189,-49.1934533929316));
#7684=CARTESIAN_POINT('Ctrl Pts',(35.5607652926783,21.8088369231348,-49.2318336890643));
#7685=CARTESIAN_POINT('Ctrl Pts',(35.5698718220065,21.8977850952415,-49.3205749368494));
#7686=CARTESIAN_POINT('Ctrl Pts',(35.5759174555641,21.9363836517821,-49.3769637342564));
#7687=CARTESIAN_POINT('Ctrl Pts',(35.5902114801779,21.9874884906135,-49.5003349925422));
#7688=CARTESIAN_POINT('Ctrl Pts',(35.5984867735789,22.,-49.5673121696345));
#7689=CARTESIAN_POINT('Ctrl Pts',(35.606731665946,22.,-49.629999999997));
#7690=CARTESIAN_POINT('',(35.5511807788905,20.5,-49.129999999997));
#7691=CARTESIAN_POINT('',(35.5511807788905,25.2,-49.129999999997));
#7692=CARTESIAN_POINT('',(35.606731665946,20.,-49.629999999997));
#7693=CARTESIAN_POINT('Ctrl Pts',(35.606731665946,20.,-49.629999999997));
#7694=CARTESIAN_POINT('Ctrl Pts',(35.5984995124605,20.,-49.567409026308));
#7695=CARTESIAN_POINT('Ctrl Pts',(35.5902353066268,20.0124731615996,-49.5005289674135));
#7696=CARTESIAN_POINT('Ctrl Pts',(35.5759558098099,20.0634325874752,-49.3773063882096));
#7697=CARTESIAN_POINT('Ctrl Pts',(35.5699137697617,20.1019240852288,-49.3209691335816));
#7698=CARTESIAN_POINT('Ctrl Pts',(35.5607937163483,20.1907681710477,-49.2321250477628));
#7699=CARTESIAN_POINT('Ctrl Pts',(35.5570949392956,20.2469504364762,-49.1936378241819));
#7700=CARTESIAN_POINT('Ctrl Pts',(35.5523021897365,20.3701440855682,-49.1425746488603));
#7701=CARTESIAN_POINT('Ctrl Pts',(35.5511807788905,20.4371549402698,-49.129999999997));
#7702=CARTESIAN_POINT('Ctrl Pts',(35.5511807788905,20.5,-49.129999999997));
#7703=CARTESIAN_POINT('',(35.7798076938263,20.,-50.629999999997));
#7704=CARTESIAN_POINT('Origin',(48.0000000000054,20.,-47.999999999997));
#7705=CARTESIAN_POINT('',(35.8982191393222,20.5,-51.129999999997));
#7706=CARTESIAN_POINT('Ctrl Pts',(35.8982191393222,20.5,-51.129999999997));
#7707=CARTESIAN_POINT('Ctrl Pts',(35.8982191393222,20.4368088639689,-51.129999999997));
#7708=CARTESIAN_POINT('Ctrl Pts',(35.8949078148422,20.3695955437215,-51.1172811479381));
#7709=CARTESIAN_POINT('Ctrl Pts',(35.8818335644521,20.2464304453009,-51.0660627527201));
#7710=CARTESIAN_POINT('Ctrl Pts',(35.8721050218774,20.1904695595568,-51.0275763407403));
#7711=CARTESIAN_POINT('Ctrl Pts',(35.8503129952003,20.1018077616804,-50.938914542864));
#7712=CARTESIAN_POINT('Ctrl Pts',(35.8367478283046,20.0633770465656,-50.8825840047477));
#7713=CARTESIAN_POINT('Ctrl Pts',(35.8082227890489,20.0124745421614,-50.7594496507554));
#7714=CARTESIAN_POINT('Ctrl Pts',(35.7932891166877,20.,-50.6926409049121));
#7715=CARTESIAN_POINT('Ctrl Pts',(35.7798076938263,20.,-50.629999999997));
#7716=CARTESIAN_POINT('',(35.8982191393222,21.5,-51.129999999997));
#7717=CARTESIAN_POINT('',(35.8982191393222,25.2,-51.129999999997));
#7718=CARTESIAN_POINT('',(35.7798076938263,22.,-50.629999999997));
#7719=CARTESIAN_POINT('Ctrl Pts',(35.7798076938263,22.,-50.629999999997));
#7720=CARTESIAN_POINT('Ctrl Pts',(35.79338400563,22.,-50.6930818026777));
#7721=CARTESIAN_POINT('Ctrl Pts',(35.8084205235879,21.9873507969932,-50.7603311353262));
#7722=CARTESIAN_POINT('Ctrl Pts',(35.8371152610887,21.9357855383932,-50.8841416287091));
#7723=CARTESIAN_POINT('Ctrl Pts',(35.8507466123812,21.8968668003004,-50.9407078977732));
#7724=CARTESIAN_POINT('Ctrl Pts',(35.8724398101615,21.8077232694493,-51.0289088529677));
#7725=CARTESIAN_POINT('Ctrl Pts',(35.8820483266765,21.7519933156948,-51.0669085029045));
#7726=CARTESIAN_POINT('Ctrl Pts',(35.8949547848399,21.6295059386006,-51.1174606435738));
#7727=CARTESIAN_POINT('Ctrl Pts',(35.8982191393222,21.5627395583086,-51.129999999997));
#7728=CARTESIAN_POINT('Ctrl Pts',(35.8982191393222,21.5,-51.129999999997));
#7729=CARTESIAN_POINT('Origin',(48.0000000000054,22.,-47.999999999997));
#7730=CARTESIAN_POINT('Origin',(-44.9999999999946,0.,45.000000000003));
#7731=CARTESIAN_POINT('',(-44.9999999999946,22.,55.000000000003));
#7732=CARTESIAN_POINT('',(-44.9999999999946,0.,55.000000000003));
#7733=CARTESIAN_POINT('',(-54.9999999999946,22.,45.000000000003));
#7734=CARTESIAN_POINT('Origin',(-44.9999999999946,22.,45.000000000003));
#7735=CARTESIAN_POINT('',(-54.9999999999946,0.,45.000000000003));
#7736=CARTESIAN_POINT('Origin',(-54.9999999999946,0.,55.000000000003));
#7737=CARTESIAN_POINT('',(45.0000000000054,22.,55.000000000003));
#7738=CARTESIAN_POINT('',(45.0000000000054,0.,55.000000000003));
#7739=CARTESIAN_POINT('',(-27.4999999999946,22.,55.000000000003));
#7740=CARTESIAN_POINT('Origin',(45.0000000000054,0.,45.000000000003));
#7741=CARTESIAN_POINT('',(55.0000000000054,22.,45.000000000003));
#7742=CARTESIAN_POINT('',(55.0000000000054,0.,45.000000000003));
#7743=CARTESIAN_POINT('Origin',(45.0000000000054,22.,45.000000000003));
#7744=CARTESIAN_POINT('Origin',(55.0000000000054,0.,55.000000000003));
#7745=CARTESIAN_POINT('',(55.0000000000054,22.,-44.999999999997));
#7746=CARTESIAN_POINT('',(55.0000000000054,0.,-44.999999999997));
#7747=CARTESIAN_POINT('',(55.0000000000054,22.,27.500000000003));
#7748=CARTESIAN_POINT('Origin',(0.,-2.,-4.44089209850063E-15));
#7749=CARTESIAN_POINT('',(-15.,-2.,-5.1676392725965E-15));
#7750=CARTESIAN_POINT('Origin',(1.11022302462516E-15,-2.,-3.33066907387547E-15));
#7751=CARTESIAN_POINT('',(-5.,-2.,-2.71834567430179E-15));
#7752=CARTESIAN_POINT('Origin',(1.11022302462516E-15,-2.,-3.33066907387547E-15));
#7753=CARTESIAN_POINT('Origin',(8.07587929408735,-7.,-13.2261625242777));
#7754=CARTESIAN_POINT('',(5.83841391159807,-7.,-13.8171242665346));
#7755=CARTESIAN_POINT('',(6.66166573171426,-7.,-14.6403760866508));
#7756=CARTESIAN_POINT('',(7.71410741786178,-5.,-12.8643906480521));
#7757=CARTESIAN_POINT('Ctrl Pts',(5.83841391159807,-7.,-13.8171242665346));
#7758=CARTESIAN_POINT('Ctrl Pts',(5.83841391159807,-6.74845820414835,-13.8171242665346));
#7759=CARTESIAN_POINT('Ctrl Pts',(5.88873654120585,-6.48177880194274,-13.7961745376765));
#7760=CARTESIAN_POINT('Ctrl Pts',(6.0866603437081,-5.9942712618341,-13.7100042127205));
#7761=CARTESIAN_POINT('Ctrl Pts',(6.23380935039635,-5.77330855077095,-13.6445072536231));
#7762=CARTESIAN_POINT('Ctrl Pts',(6.56985535780378,-5.41696821042086,-13.4860334992827));
#7763=CARTESIAN_POINT('Ctrl Pts',(6.78421322407671,-5.26022130822344,-13.380655833754));
#7764=CARTESIAN_POINT('Ctrl Pts',(7.24352309326853,-5.05170902710916,-13.1376890205357));
#7765=CARTESIAN_POINT('Ctrl Pts',(7.4883301192623,-5.,-12.9997775763225));
#7766=CARTESIAN_POINT('Ctrl Pts',(7.71410741786178,-5.,-12.8643906480521));
#7767=CARTESIAN_POINT('',(8.07587929408735,-5.,-13.2261625242777));
#7768=CARTESIAN_POINT('Origin',(-3.95338466470954,-5.,-4.02532569022696));
#7769=CARTESIAN_POINT('',(5.83841391159807,-8.,-13.8171242665346));
#7770=CARTESIAN_POINT('',(6.66166573171426,-8.,-14.6403760866508));
#7771=CARTESIAN_POINT('',(5.83841391159807,-2.,-13.8171242665346));
#7772=CARTESIAN_POINT('Origin',(8.07587929408735,-8.,-13.2261625242777));
#7773=CARTESIAN_POINT('Ctrl Pts',(7.71410741786178,-10.,-12.8643906480521));
#7774=CARTESIAN_POINT('Ctrl Pts',(7.4883301192623,-10.,-12.9997775763225));
#7775=CARTESIAN_POINT('Ctrl Pts',(7.24352309326853,-9.94829097289084,-13.1376890205357));
#7776=CARTESIAN_POINT('Ctrl Pts',(6.78421322407671,-9.73977869177656,-13.380655833754));
#7777=CARTESIAN_POINT('Ctrl Pts',(6.56985535780378,-9.58303178957914,-13.4860334992827));
#7778=CARTESIAN_POINT('Ctrl Pts',(6.23380935039635,-9.22669144922905,-13.6445072536231));
#7779=CARTESIAN_POINT('Ctrl Pts',(6.0866603437081,-9.0057287381659,-13.7100042127205));
#7780=CARTESIAN_POINT('Ctrl Pts',(5.88873654120585,-8.51822119805726,-13.7961745376765));
#7781=CARTESIAN_POINT('Ctrl Pts',(5.83841391159807,-8.25154179585165,-13.8171242665346));
#7782=CARTESIAN_POINT('Ctrl Pts',(5.83841391159807,-8.,-13.8171242665346));
#7783=CARTESIAN_POINT('Origin',(-13.2261625242777,-7.,-8.07587929408735));
#7784=CARTESIAN_POINT('',(-13.8171242665346,-7.,-5.83841391159806));
#7785=CARTESIAN_POINT('',(-14.6403760866508,-7.,-6.66166573171426));
#7786=CARTESIAN_POINT('',(-12.8643906480521,-5.,-7.71410741786178));
#7787=CARTESIAN_POINT('Ctrl Pts',(-13.8171242665346,-7.,-5.83841391159807));
#7788=CARTESIAN_POINT('Ctrl Pts',(-13.8171242665346,-6.74845820414835,-5.83841391159807));
#7789=CARTESIAN_POINT('Ctrl Pts',(-13.7961745376765,-6.48177880194274,-5.88873654120584));
#7790=CARTESIAN_POINT('Ctrl Pts',(-13.7100042127205,-5.9942712618341,-6.0866603437081));
#7791=CARTESIAN_POINT('Ctrl Pts',(-13.6445072536231,-5.77330855077095,-6.23380935039635));
#7792=CARTESIAN_POINT('Ctrl Pts',(-13.4860334992827,-5.41696821042086,-6.56985535780378));
#7793=CARTESIAN_POINT('Ctrl Pts',(-13.380655833754,-5.26022130822344,-6.78421322407671));
#7794=CARTESIAN_POINT('Ctrl Pts',(-13.1376890205357,-5.05170902710916,-7.24352309326853));
#7795=CARTESIAN_POINT('Ctrl Pts',(-12.9997775763225,-5.,-7.4883301192623));
#7796=CARTESIAN_POINT('Ctrl Pts',(-12.8643906480521,-5.,-7.71410741786178));
#7797=CARTESIAN_POINT('',(-13.2261625242777,-5.,-8.07587929408735));
#7798=CARTESIAN_POINT('Origin',(-4.02532569022696,-5.,3.95338466470954));
#7799=CARTESIAN_POINT('',(-13.8171242665346,-8.,-5.83841391159806));
#7800=CARTESIAN_POINT('',(-14.6403760866508,-8.,-6.66166573171426));
#7801=CARTESIAN_POINT('',(-13.8171242665346,-2.,-5.83841391159807));
#7802=CARTESIAN_POINT('Origin',(-13.2261625242777,-8.,-8.07587929408735));
#7803=CARTESIAN_POINT('Ctrl Pts',(-12.8643906480521,-10.,-7.71410741786178));
#7804=CARTESIAN_POINT('Ctrl Pts',(-12.9997775763225,-10.,-7.4883301192623));
#7805=CARTESIAN_POINT('Ctrl Pts',(-13.1376890205357,-9.94829097289085,-7.24352309326853));
#7806=CARTESIAN_POINT('Ctrl Pts',(-13.380655833754,-9.73977869177656,-6.78421322407671));
#7807=CARTESIAN_POINT('Ctrl Pts',(-13.4860334992827,-9.58303178957914,-6.56985535780378));
#7808=CARTESIAN_POINT('Ctrl Pts',(-13.6445072536231,-9.22669144922905,-6.23380935039635));
#7809=CARTESIAN_POINT('Ctrl Pts',(-13.7100042127205,-9.0057287381659,-6.0866603437081));
#7810=CARTESIAN_POINT('Ctrl Pts',(-13.7961745376765,-8.51822119805726,-5.88873654120585));
#7811=CARTESIAN_POINT('Ctrl Pts',(-13.8171242665346,-8.25154179585165,-5.83841391159807));
#7812=CARTESIAN_POINT('Ctrl Pts',(-13.8171242665346,-8.,-5.83841391159807));
#7813=CARTESIAN_POINT('Origin',(3.95338466470954,-5.,4.02532569022696));
#7814=CARTESIAN_POINT('',(-5.83841391159806,-8.,13.8171242665346));
#7815=CARTESIAN_POINT('',(-6.66166573171426,-8.,14.6403760866507));
#7816=CARTESIAN_POINT('',(-5.83841391159806,-7.,13.8171242665346));
#7817=CARTESIAN_POINT('',(-5.83841391159806,-2.,13.8171242665346));
#7818=CARTESIAN_POINT('',(-6.66166573171426,-7.,14.6403760866507));
#7819=CARTESIAN_POINT('Origin',(-8.07587929408735,-8.,13.2261625242777));
#7820=CARTESIAN_POINT('Ctrl Pts',(-7.71410741786178,-10.,12.8643906480521));
#7821=CARTESIAN_POINT('Ctrl Pts',(-7.48833011926229,-10.,12.9997775763225));
#7822=CARTESIAN_POINT('Ctrl Pts',(-7.24352309326852,-9.94829097289084,13.1376890205357));
#7823=CARTESIAN_POINT('Ctrl Pts',(-6.78421322407671,-9.73977869177656,13.380655833754));
#7824=CARTESIAN_POINT('Ctrl Pts',(-6.56985535780377,-9.58303178957914,13.4860334992827));
#7825=CARTESIAN_POINT('Ctrl Pts',(-6.23380935039635,-9.22669144922905,13.6445072536231));
#7826=CARTESIAN_POINT('Ctrl Pts',(-6.0866603437081,-9.0057287381659,13.7100042127205));
#7827=CARTESIAN_POINT('Ctrl Pts',(-5.88873654120585,-8.51822119805726,13.7961745376765));
#7828=CARTESIAN_POINT('Ctrl Pts',(-5.83841391159807,-8.25154179585165,13.8171242665346));
#7829=CARTESIAN_POINT('Ctrl Pts',(-5.83841391159807,-8.,13.8171242665346));
#7830=CARTESIAN_POINT('Origin',(-32.1344072116811,-8.,31.6278361923791));
#7831=CARTESIAN_POINT('',(-12.1422041678633,-8.,8.80720602381502));
#7832=CARTESIAN_POINT('',(-33.5486207740542,-8.,30.213622630006));
#7833=CARTESIAN_POINT('Ctrl Pts',(-12.1422041678633,-8.,8.80720602381501));
#7834=CARTESIAN_POINT('Ctrl Pts',(-12.1422041678633,-8.25147816761529,8.80720602381501));
#7835=CARTESIAN_POINT('Ctrl Pts',(-12.1124744806194,-8.5194390624279,8.84864984149889));
#7836=CARTESIAN_POINT('Ctrl Pts',(-11.9896241216386,-9.01189773026068,9.01440821044266));
#7837=CARTESIAN_POINT('Ctrl Pts',(-11.8962500773176,-9.23642798520533,9.13843825439381));
#7838=CARTESIAN_POINT('Ctrl Pts',(-11.6754109159822,-9.5912020644975,9.41895375204907));
#7839=CARTESIAN_POINT('Ctrl Pts',(-11.5330276777687,-9.74516395690399,9.59428598225895));
#7840=CARTESIAN_POINT('Ctrl Pts',(-11.2107760677178,-9.94957391514781,9.9689292746153));
#7841=CARTESIAN_POINT('Ctrl Pts',(-11.0306331902304,-10.,10.1680161280713));
#7842=CARTESIAN_POINT('Ctrl Pts',(-10.8568625688609,-10.,10.3502915495588));
#7843=CARTESIAN_POINT('Origin',(-8.07587929408735,-7.,13.2261625242777));
#7844=CARTESIAN_POINT('',(-7.71410741786178,-5.,12.8643906480521));
#7845=CARTESIAN_POINT('Ctrl Pts',(-5.83841391159807,-7.,13.8171242665346));
#7846=CARTESIAN_POINT('Ctrl Pts',(-5.83841391159807,-6.74845820414835,13.8171242665346));
#7847=CARTESIAN_POINT('Ctrl Pts',(-5.88873654120585,-6.48177880194274,13.7961745376765));
#7848=CARTESIAN_POINT('Ctrl Pts',(-6.0866603437081,-5.9942712618341,13.7100042127205));
#7849=CARTESIAN_POINT('Ctrl Pts',(-6.23380935039635,-5.77330855077095,13.6445072536231));
#7850=CARTESIAN_POINT('Ctrl Pts',(-6.56985535780377,-5.41696821042086,13.4860334992827));
#7851=CARTESIAN_POINT('Ctrl Pts',(-6.78421322407671,-5.26022130822344,13.380655833754));
#7852=CARTESIAN_POINT('Ctrl Pts',(-7.24352309326852,-5.05170902710916,13.1376890205357));
#7853=CARTESIAN_POINT('Ctrl Pts',(-7.4883301192623,-5.,12.9997775763225));
#7854=CARTESIAN_POINT('Ctrl Pts',(-7.71410741786178,-5.,12.8643906480521));
#7855=CARTESIAN_POINT('',(-8.07587929408735,-5.,13.2261625242777));
#7856=CARTESIAN_POINT('Origin',(-31.6278361923791,-7.,-32.1344072116811));
#7857=CARTESIAN_POINT('',(-10.3502915495588,-5.,-10.8568625688609));
#7858=CARTESIAN_POINT('',(-31.6278361923791,-5.,-32.1344072116811));
#7859=CARTESIAN_POINT('',(-8.80720602381502,-7.,-12.1422041678633));
#7860=CARTESIAN_POINT('Ctrl Pts',(-10.3502915495588,-5.,-10.8568625688609));
#7861=CARTESIAN_POINT('Ctrl Pts',(-10.1680161280713,-5.,-11.0306331902304));
#7862=CARTESIAN_POINT('Ctrl Pts',(-9.96892927461531,-5.0504260848522,-11.2107760677178));
#7863=CARTESIAN_POINT('Ctrl Pts',(-9.59428598225895,-5.25483604309601,-11.5330276777687));
#7864=CARTESIAN_POINT('Ctrl Pts',(-9.41895375204909,-5.4087979355025,-11.6754109159822));
#7865=CARTESIAN_POINT('Ctrl Pts',(-9.13843825439383,-5.76357201479467,-11.8962500773176));
#7866=CARTESIAN_POINT('Ctrl Pts',(-9.01440821044267,-5.98810226973931,-11.9896241216386));
#7867=CARTESIAN_POINT('Ctrl Pts',(-8.84864984149889,-6.4805609375721,-12.1124744806194));
#7868=CARTESIAN_POINT('Ctrl Pts',(-8.80720602381502,-6.74852183238471,-12.1422041678633));
#7869=CARTESIAN_POINT('Ctrl Pts',(-8.80720602381502,-7.,-12.1422041678633));
#7870=CARTESIAN_POINT('',(-30.213622630006,-7.,-33.5486207740542));
#7871=CARTESIAN_POINT('Origin',(-40.8286730264298,-5.,-44.163671170478));
#7872=CARTESIAN_POINT('',(-8.80720602381502,-8.,-12.1422041678633));
#7873=CARTESIAN_POINT('',(-8.80720602381501,-2.,-12.1422041678633));
#7874=CARTESIAN_POINT('',(-30.213622630006,-8.,-33.5486207740542));
#7875=CARTESIAN_POINT('Origin',(20.1051432528842,-5.,-22.4269993583284));
#7876=CARTESIAN_POINT('Origin',(1.11022302462516E-15,-5.,-3.33066907387547E-15));
#7877=CARTESIAN_POINT('Origin',(20.1051432528842,-5.,-22.4269993583284));
#7878=CARTESIAN_POINT('',(10.8568625688609,-5.,-10.3502915495588));
#7879=CARTESIAN_POINT('Origin',(1.11022302462516E-15,-5.,-3.33066907387547E-15));
#7880=CARTESIAN_POINT('',(32.1344072116811,-5.,-31.6278361923791));
#7881=CARTESIAN_POINT('Origin',(20.1051432528842,-5.,-22.4269993583284));
#7882=CARTESIAN_POINT('',(-10.8568625688609,-5.,10.3502915495588));
#7883=CARTESIAN_POINT('Origin',(1.11022302462516E-15,-5.,-3.33066907387547E-15));
#7884=CARTESIAN_POINT('',(-32.1344072116811,-5.,31.6278361923791));
#7885=CARTESIAN_POINT('Origin',(32.1344072116811,-7.,-31.6278361923791));
#7886=CARTESIAN_POINT('',(12.1422041678633,-7.,-8.80720602381503));
#7887=CARTESIAN_POINT('Ctrl Pts',(10.8568625688609,-5.,-10.3502915495588));
#7888=CARTESIAN_POINT('Ctrl Pts',(11.0306331902304,-5.,-10.1680161280713));
#7889=CARTESIAN_POINT('Ctrl Pts',(11.2107760677178,-5.0504260848522,-9.96892927461531));
#7890=CARTESIAN_POINT('Ctrl Pts',(11.5330276777687,-5.25483604309601,-9.59428598225896));
#7891=CARTESIAN_POINT('Ctrl Pts',(11.6754109159822,-5.40879793550249,-9.41895375204908));
#7892=CARTESIAN_POINT('Ctrl Pts',(11.8962500773176,-5.76357201479467,-9.13843825439382));
#7893=CARTESIAN_POINT('Ctrl Pts',(11.9896241216386,-5.98810226973931,-9.01440821044267));
#7894=CARTESIAN_POINT('Ctrl Pts',(12.1124744806194,-6.48056093757209,-8.8486498414989));
#7895=CARTESIAN_POINT('Ctrl Pts',(12.1422041678633,-6.74852183238471,-8.80720602381502));
#7896=CARTESIAN_POINT('Ctrl Pts',(12.1422041678633,-7.,-8.80720602381502));
#7897=CARTESIAN_POINT('',(33.5486207740542,-7.,-30.213622630006));
#7898=CARTESIAN_POINT('Origin',(-32.1344072116811,-7.,31.6278361923791));
#7899=CARTESIAN_POINT('',(-12.1422041678633,-7.,8.80720602381502));
#7900=CARTESIAN_POINT('Ctrl Pts',(-10.8568625688609,-5.,10.3502915495588));
#7901=CARTESIAN_POINT('Ctrl Pts',(-11.0306331902304,-5.,10.1680161280713));
#7902=CARTESIAN_POINT('Ctrl Pts',(-11.2107760677178,-5.0504260848522,9.96892927461531));
#7903=CARTESIAN_POINT('Ctrl Pts',(-11.5330276777686,-5.25483604309601,9.59428598225895));
#7904=CARTESIAN_POINT('Ctrl Pts',(-11.6754109159822,-5.40879793550249,9.41895375204908));
#7905=CARTESIAN_POINT('Ctrl Pts',(-11.8962500773176,-5.76357201479467,9.13843825439382));
#7906=CARTESIAN_POINT('Ctrl Pts',(-11.9896241216386,-5.98810226973931,9.01440821044266));
#7907=CARTESIAN_POINT('Ctrl Pts',(-12.1124744806194,-6.48056093757209,8.84864984149889));
#7908=CARTESIAN_POINT('Ctrl Pts',(-12.1422041678633,-6.74852183238471,8.80720602381501));
#7909=CARTESIAN_POINT('Ctrl Pts',(-12.1422041678633,-7.,8.80720602381501));
#7910=CARTESIAN_POINT('',(-33.5486207740542,-7.,30.213622630006));
#7911=CARTESIAN_POINT('Origin',(-44.163671170478,-5.,40.8286730264298));
#7912=CARTESIAN_POINT('',(-12.1422041678633,-2.,8.80720602381501));
#7913=CARTESIAN_POINT('Origin',(-31.6278361923791,-8.,-32.1344072116811));
#7914=CARTESIAN_POINT('Ctrl Pts',(-8.80720602381502,-8.,-12.1422041678633));
#7915=CARTESIAN_POINT('Ctrl Pts',(-8.80720602381502,-8.25147816761529,-12.1422041678633));
#7916=CARTESIAN_POINT('Ctrl Pts',(-8.84864984149889,-8.5194390624279,-12.1124744806194));
#7917=CARTESIAN_POINT('Ctrl Pts',(-9.01440821044267,-9.01189773026068,-11.9896241216386));
#7918=CARTESIAN_POINT('Ctrl Pts',(-9.13843825439382,-9.23642798520533,-11.8962500773176));
#7919=CARTESIAN_POINT('Ctrl Pts',(-9.41895375204908,-9.5912020644975,-11.6754109159822));
#7920=CARTESIAN_POINT('Ctrl Pts',(-9.59428598225895,-9.74516395690399,-11.5330276777687));
#7921=CARTESIAN_POINT('Ctrl Pts',(-9.96892927461531,-9.9495739151478,-11.2107760677178));
#7922=CARTESIAN_POINT('Ctrl Pts',(-10.1680161280713,-10.,-11.0306331902304));
#7923=CARTESIAN_POINT('Ctrl Pts',(-10.3502915495588,-10.,-10.8568625688609));
#7924=CARTESIAN_POINT('Origin',(44.163671170478,-5.,-40.8286730264298));
#7925=CARTESIAN_POINT('',(12.1422041678633,-8.,-8.80720602381503));
#7926=CARTESIAN_POINT('',(12.1422041678633,-2.,-8.80720602381502));
#7927=CARTESIAN_POINT('',(33.5486207740542,-8.,-30.213622630006));
#7928=CARTESIAN_POINT('Origin',(32.1344072116811,-8.,-31.6278361923791));
#7929=CARTESIAN_POINT('Ctrl Pts',(12.1422041678633,-8.,-8.80720602381502));
#7930=CARTESIAN_POINT('Ctrl Pts',(12.1422041678633,-8.25147816761529,-8.80720602381502));
#7931=CARTESIAN_POINT('Ctrl Pts',(12.1124744806194,-8.5194390624279,-8.8486498414989));
#7932=CARTESIAN_POINT('Ctrl Pts',(11.9896241216386,-9.01189773026069,-9.01440821044267));
#7933=CARTESIAN_POINT('Ctrl Pts',(11.8962500773176,-9.23642798520533,-9.13843825439382));
#7934=CARTESIAN_POINT('Ctrl Pts',(11.6754109159822,-9.5912020644975,-9.41895375204908));
#7935=CARTESIAN_POINT('Ctrl Pts',(11.5330276777687,-9.74516395690399,-9.59428598225896));
#7936=CARTESIAN_POINT('Ctrl Pts',(11.2107760677178,-9.9495739151478,-9.96892927461531));
#7937=CARTESIAN_POINT('Ctrl Pts',(11.0306331902304,-10.,-10.1680161280713));
#7938=CARTESIAN_POINT('Ctrl Pts',(10.8568625688609,-10.,-10.3502915495588));
#7939=CARTESIAN_POINT('Origin',(13.2261625242777,-8.,8.07587929408735));
#7940=CARTESIAN_POINT('',(13.8171242665346,-8.,5.83841391159806));
#7941=CARTESIAN_POINT('Ctrl Pts',(12.8643906480521,-10.,7.71410741786178));
#7942=CARTESIAN_POINT('Ctrl Pts',(12.9997775763225,-10.,7.48833011926229));
#7943=CARTESIAN_POINT('Ctrl Pts',(13.1376890205357,-9.94829097289084,7.24352309326853));
#7944=CARTESIAN_POINT('Ctrl Pts',(13.380655833754,-9.73977869177656,6.78421322407671));
#7945=CARTESIAN_POINT('Ctrl Pts',(13.4860334992827,-9.58303178957914,6.56985535780377));
#7946=CARTESIAN_POINT('Ctrl Pts',(13.6445072536231,-9.22669144922905,6.23380935039635));
#7947=CARTESIAN_POINT('Ctrl Pts',(13.7100042127205,-9.0057287381659,6.0866603437081));
#7948=CARTESIAN_POINT('Ctrl Pts',(13.7961745376765,-8.51822119805726,5.88873654120585));
#7949=CARTESIAN_POINT('Ctrl Pts',(13.8171242665346,-8.25154179585165,5.83841391159807));
#7950=CARTESIAN_POINT('Ctrl Pts',(13.8171242665346,-8.,5.83841391159807));
#7951=CARTESIAN_POINT('',(44.1020206931225,-8.00000000000001,36.123310338186));
#7952=CARTESIAN_POINT('',(14.6403760866508,-8.,6.66166573171425));
#7953=CARTESIAN_POINT('Ctrl Pts',(42.1197501006743,-10.,36.969466870484));
#7954=CARTESIAN_POINT('Ctrl Pts',(42.3573239688683,-10.,36.8428189833758));
#7955=CARTESIAN_POINT('Ctrl Pts',(42.6152984444301,-9.94750258671628,36.7161195762605));
#7956=CARTESIAN_POINT('Ctrl Pts',(43.1009310576508,-9.73682876091359,36.49695293569));
#7957=CARTESIAN_POINT('Ctrl Pts',(43.3284529727035,-9.57875079455262,36.4040894382307));
#7958=CARTESIAN_POINT('Ctrl Pts',(43.6828732305822,-9.22192136865462,36.267732249604));
#7959=CARTESIAN_POINT('Ctrl Pts',(43.8380390038417,-9.00288374755826,36.2127021402753));
#7960=CARTESIAN_POINT('Ctrl Pts',(44.0479303863428,-8.51796549899187,36.140680611955));
#7961=CARTESIAN_POINT('Ctrl Pts',(44.1020206931225,-8.25186646336396,36.123310338186));
#7962=CARTESIAN_POINT('Ctrl Pts',(44.1020206931225,-8.00000000000001,36.123310338186));
#7963=CARTESIAN_POINT('Origin',(4.02532569022696,-5.,-3.95338466470954));
#7964=CARTESIAN_POINT('',(13.8171242665346,-7.,5.83841391159806));
#7965=CARTESIAN_POINT('',(13.8171242665346,-2.,5.83841391159807));
#7966=CARTESIAN_POINT('',(44.1020206931225,-7.,36.123310338186));
#7967=CARTESIAN_POINT('',(14.6403760866508,-7.,6.66166573171425));
#7968=CARTESIAN_POINT('',(44.1020206931225,25.2,36.123310338186));
#7969=CARTESIAN_POINT('Origin',(26.5000000000054,20.5,-0.629999999996995));
#7970=CARTESIAN_POINT('',(26.5000000000054,20.,-0.629999999996995));
#7971=CARTESIAN_POINT('',(26.5000000000054,20.5,-1.12999999999699));
#7972=CARTESIAN_POINT('Origin',(53.0000000000054,20.,-1.12999999999699));
#7973=CARTESIAN_POINT('',(26.5000000000054,21.5,-1.12999999999699));
#7974=CARTESIAN_POINT('Origin',(-26.4999999999946,20.5,0.37000000000301));
#7975=CARTESIAN_POINT('',(-26.4999999999946,20.,0.37000000000301));
#7976=CARTESIAN_POINT('',(-26.4999999999946,20.5,0.870000000003008));
#7977=CARTESIAN_POINT('Origin',(-52.9999999999946,20.,0.870000000003008));
#7978=CARTESIAN_POINT('',(-26.4999999999946,21.5,0.870000000003008));
#7979=CARTESIAN_POINT('Origin',(-26.4999999999946,21.5,0.37000000000301));
#7980=CARTESIAN_POINT('',(-26.4999999999946,22.,0.37000000000301));
#7981=CARTESIAN_POINT('Origin',(26.5000000000054,21.5,-0.629999999996995));
#7982=CARTESIAN_POINT('',(26.5000000000054,22.,-0.629999999996995));
#7983=CARTESIAN_POINT('Origin',(5.42677014436777E-12,20.,-0.129999999996997));
#7984=CARTESIAN_POINT('Origin',(26.5000000000054,20.5,20.7985714285744));
#7985=CARTESIAN_POINT('',(26.5000000000054,20.,20.7985714285744));
#7986=CARTESIAN_POINT('',(26.5000000000054,20.5,20.2985714285744));
#7987=CARTESIAN_POINT('Origin',(53.0000000000054,20.,20.2985714285744));
#7988=CARTESIAN_POINT('',(26.5000000000054,21.5,20.2985714285744));
#7989=CARTESIAN_POINT('Origin',(-26.4999999999946,20.5,21.7985714285744));
#7990=CARTESIAN_POINT('',(-26.4999999999946,20.,21.7985714285744));
#7991=CARTESIAN_POINT('',(-26.4999999999946,20.5,22.2985714285744));
#7992=CARTESIAN_POINT('Origin',(-52.9999999999946,20.,22.2985714285744));
#7993=CARTESIAN_POINT('',(-26.4999999999946,21.5,22.2985714285744));
#7994=CARTESIAN_POINT('Origin',(-26.4999999999946,21.5,21.7985714285744));
#7995=CARTESIAN_POINT('',(-26.4999999999946,22.,21.7985714285744));
#7996=CARTESIAN_POINT('Origin',(26.5000000000054,21.5,20.7985714285744));
#7997=CARTESIAN_POINT('',(26.5000000000054,22.,20.7985714285744));
#7998=CARTESIAN_POINT('Origin',(5.42677014436777E-12,20.,21.2985714285744));
#7999=CARTESIAN_POINT('Origin',(26.5000000000054,20.5,6.51285714286015));
#8000=CARTESIAN_POINT('',(26.5000000000054,20.,6.51285714286015));
#8001=CARTESIAN_POINT('',(26.5000000000054,20.5,6.01285714286015));
#8002=CARTESIAN_POINT('Origin',(53.0000000000054,20.,6.01285714286015));
#8003=CARTESIAN_POINT('',(26.5000000000054,21.5,6.01285714286015));
#8004=CARTESIAN_POINT('Origin',(-26.4999999999946,20.5,7.51285714286015));
#8005=CARTESIAN_POINT('',(-26.4999999999946,20.,7.51285714286015));
#8006=CARTESIAN_POINT('',(-26.4999999999946,20.5,8.01285714286015));
#8007=CARTESIAN_POINT('Origin',(-52.9999999999946,20.,8.01285714286015));
#8008=CARTESIAN_POINT('',(-26.4999999999946,21.5,8.01285714286015));
#8009=CARTESIAN_POINT('Origin',(-26.4999999999946,21.5,7.51285714286015));
#8010=CARTESIAN_POINT('',(-26.4999999999946,22.,7.51285714286015));
#8011=CARTESIAN_POINT('Origin',(26.5000000000054,21.5,6.51285714286015));
#8012=CARTESIAN_POINT('',(26.5000000000054,22.,6.51285714286015));
#8013=CARTESIAN_POINT('Origin',(5.42677014436777E-12,20.,7.01285714286015));
#8014=CARTESIAN_POINT('Origin',(26.5000000000054,20.5,13.6557142857173));
#8015=CARTESIAN_POINT('',(26.5000000000054,20.,13.6557142857173));
#8016=CARTESIAN_POINT('',(26.5000000000054,20.5,13.1557142857173));
#8017=CARTESIAN_POINT('Origin',(53.0000000000054,20.,13.1557142857173));
#8018=CARTESIAN_POINT('',(26.5000000000054,21.5,13.1557142857173));
#8019=CARTESIAN_POINT('Origin',(-26.4999999999946,20.5,14.6557142857173));
#8020=CARTESIAN_POINT('',(-26.4999999999946,20.,14.6557142857173));
#8021=CARTESIAN_POINT('',(-26.4999999999946,20.5,15.1557142857173));
#8022=CARTESIAN_POINT('Origin',(-52.9999999999946,20.,15.1557142857173));
#8023=CARTESIAN_POINT('',(-26.4999999999946,21.5,15.1557142857173));
#8024=CARTESIAN_POINT('Origin',(-26.4999999999946,21.5,14.6557142857173));
#8025=CARTESIAN_POINT('',(-26.4999999999946,22.,14.6557142857173));
#8026=CARTESIAN_POINT('Origin',(26.5000000000054,21.5,13.6557142857173));
#8027=CARTESIAN_POINT('',(26.5000000000054,22.,13.6557142857173));
#8028=CARTESIAN_POINT('Origin',(5.42677014436777E-12,20.,14.1557142857173));
#8029=CARTESIAN_POINT('Origin',(26.5000000000054,20.5,-22.0585714285684));
#8030=CARTESIAN_POINT('',(26.5000000000054,20.,-22.0585714285684));
#8031=CARTESIAN_POINT('',(26.5000000000054,20.5,-22.5585714285684));
#8032=CARTESIAN_POINT('Origin',(53.0000000000054,20.,-22.5585714285684));
#8033=CARTESIAN_POINT('',(26.5000000000054,21.5,-22.5585714285684));
#8034=CARTESIAN_POINT('Origin',(-26.4999999999946,20.5,-21.0585714285684));
#8035=CARTESIAN_POINT('',(-26.4999999999946,20.,-21.0585714285684));
#8036=CARTESIAN_POINT('',(-26.4999999999946,20.5,-20.5585714285684));
#8037=CARTESIAN_POINT('Origin',(-52.9999999999946,20.,-20.5585714285684));
#8038=CARTESIAN_POINT('',(-26.4999999999946,21.5,-20.5585714285684));
#8039=CARTESIAN_POINT('Origin',(-26.4999999999946,21.5,-21.0585714285684));
#8040=CARTESIAN_POINT('',(-26.4999999999946,22.,-21.0585714285684));
#8041=CARTESIAN_POINT('Origin',(26.5000000000054,21.5,-22.0585714285684));
#8042=CARTESIAN_POINT('',(26.5000000000054,22.,-22.0585714285684));
#8043=CARTESIAN_POINT('Origin',(5.42677014436777E-12,20.,-21.5585714285684));
#8044=CARTESIAN_POINT('Origin',(26.5000000000054,20.5,-7.77285714285414));
#8045=CARTESIAN_POINT('',(26.5000000000054,20.,-7.77285714285414));
#8046=CARTESIAN_POINT('',(26.5000000000054,20.5,-8.27285714285414));
#8047=CARTESIAN_POINT('Origin',(53.0000000000054,20.,-8.27285714285414));
#8048=CARTESIAN_POINT('',(26.5000000000054,21.5,-8.27285714285414));
#8049=CARTESIAN_POINT('Origin',(-26.4999999999946,20.5,-6.77285714285413));
#8050=CARTESIAN_POINT('',(-26.4999999999946,20.,-6.77285714285413));
#8051=CARTESIAN_POINT('',(-26.4999999999946,20.5,-6.27285714285414));
#8052=CARTESIAN_POINT('Origin',(-52.9999999999946,20.,-6.27285714285414));
#8053=CARTESIAN_POINT('',(-26.4999999999946,21.5,-6.27285714285414));
#8054=CARTESIAN_POINT('Origin',(-26.4999999999946,21.5,-6.77285714285413));
#8055=CARTESIAN_POINT('',(-26.4999999999946,22.,-6.77285714285413));
#8056=CARTESIAN_POINT('Origin',(26.5000000000054,21.5,-7.77285714285414));
#8057=CARTESIAN_POINT('',(26.5000000000054,22.,-7.77285714285414));
#8058=CARTESIAN_POINT('Origin',(5.42677014436777E-12,20.,-7.27285714285414));
#8059=CARTESIAN_POINT('Origin',(26.5000000000054,20.5,27.9414285714316));
#8060=CARTESIAN_POINT('',(26.5000000000054,20.,27.9414285714316));
#8061=CARTESIAN_POINT('',(26.5000000000054,20.5,27.4414285714316));
#8062=CARTESIAN_POINT('Origin',(53.0000000000054,20.,27.4414285714316));
#8063=CARTESIAN_POINT('',(26.5000000000054,21.5,27.4414285714316));
#8064=CARTESIAN_POINT('Origin',(-26.4999999999946,20.5,28.9414285714316));
#8065=CARTESIAN_POINT('',(-26.4999999999946,20.,28.9414285714316));
#8066=CARTESIAN_POINT('',(-26.4999999999946,20.5,29.4414285714316));
#8067=CARTESIAN_POINT('Origin',(-52.9999999999946,20.,29.4414285714316));
#8068=CARTESIAN_POINT('',(-26.4999999999946,21.5,29.4414285714316));
#8069=CARTESIAN_POINT('Origin',(-26.4999999999946,21.5,28.9414285714316));
#8070=CARTESIAN_POINT('',(-26.4999999999946,22.,28.9414285714316));
#8071=CARTESIAN_POINT('Origin',(26.5000000000054,21.5,27.9414285714316));
#8072=CARTESIAN_POINT('',(26.5000000000054,22.,27.9414285714316));
#8073=CARTESIAN_POINT('Origin',(5.42677014436777E-12,20.,28.4414285714316));
#8074=CARTESIAN_POINT('Origin',(26.5000000000054,20.5,-29.2014285714256));
#8075=CARTESIAN_POINT('',(26.5000000000054,20.,-29.2014285714256));
#8076=CARTESIAN_POINT('',(26.5000000000054,20.5,-29.7014285714256));
#8077=CARTESIAN_POINT('Origin',(53.0000000000054,20.,-29.7014285714256));
#8078=CARTESIAN_POINT('',(26.5000000000054,21.5,-29.7014285714256));
#8079=CARTESIAN_POINT('Origin',(-26.4999999999946,20.5,-28.2014285714256));
#8080=CARTESIAN_POINT('',(-26.4999999999946,20.,-28.2014285714256));
#8081=CARTESIAN_POINT('',(-26.4999999999946,20.5,-27.7014285714256));
#8082=CARTESIAN_POINT('Origin',(-52.9999999999946,20.,-27.7014285714256));
#8083=CARTESIAN_POINT('',(-26.4999999999946,21.5,-27.7014285714256));
#8084=CARTESIAN_POINT('Origin',(-26.4999999999946,21.5,-28.2014285714256));
#8085=CARTESIAN_POINT('',(-26.4999999999946,22.,-28.2014285714256));
#8086=CARTESIAN_POINT('Origin',(26.5000000000054,21.5,-29.2014285714256));
#8087=CARTESIAN_POINT('',(26.5000000000054,22.,-29.2014285714256));
#8088=CARTESIAN_POINT('Origin',(5.42677014436777E-12,20.,-28.7014285714256));
#8089=CARTESIAN_POINT('Origin',(48.0000000000054,25.2,48.000000000003));
#8090=CARTESIAN_POINT('',(36.5435607626158,22.,53.000000000003));
#8091=CARTESIAN_POINT('',(36.5435607626158,25.2,53.000000000003));
#8092=CARTESIAN_POINT('',(35.7267323014665,22.,50.370000000003));
#8093=CARTESIAN_POINT('Origin',(48.0000000000054,22.,48.000000000003));
#8094=CARTESIAN_POINT('',(35.8339365446391,21.5,50.870000000003));
#8095=CARTESIAN_POINT('Ctrl Pts',(35.8339365446391,21.5,50.870000000003));
#8096=CARTESIAN_POINT('Ctrl Pts',(35.8339365446391,21.5627503332921,50.870000000003));
#8097=CARTESIAN_POINT('Ctrl Pts',(35.8309569011825,21.6295538878043,50.8574579243378));
#8098=CARTESIAN_POINT('Ctrl Pts',(35.8191775648857,21.7521654510754,50.806820359696));
#8099=CARTESIAN_POINT('Ctrl Pts',(35.8104101128859,21.8079810667241,50.7687357958324));
#8100=CARTESIAN_POINT('Ctrl Pts',(35.7906867615141,21.8970511304914,50.6804409627581));
#8101=CARTESIAN_POINT('Ctrl Pts',(35.7783425297144,21.9358899694698,50.6239439062649));
#8102=CARTESIAN_POINT('Ctrl Pts',(35.7524388201071,21.9873634531011,50.5002476055045));
#8103=CARTESIAN_POINT('Ctrl Pts',(35.7389061726178,22.,50.4330435356858));
#8104=CARTESIAN_POINT('Ctrl Pts',(35.7267323014665,22.,50.370000000003));
#8105=CARTESIAN_POINT('',(35.8339365446391,20.5,50.870000000003));
#8106=CARTESIAN_POINT('',(35.8339365446391,25.2,50.870000000003));
#8107=CARTESIAN_POINT('',(35.7267323014665,20.,50.370000000003));
#8108=CARTESIAN_POINT('Ctrl Pts',(35.7267323014665,20.,50.370000000003));
#8109=CARTESIAN_POINT('Ctrl Pts',(35.7388360244389,20.,50.4326802667497));
#8110=CARTESIAN_POINT('Ctrl Pts',(35.7522920880199,20.0124926016357,50.4995215305047));
#8111=CARTESIAN_POINT('Ctrl Pts',(35.7780687663744,20.0634207951637,50.622661605949));
#8112=CARTESIAN_POINT('Ctrl Pts',(35.7903631042118,20.1018583313682,50.6789651125578));
#8113=CARTESIAN_POINT('Ctrl Pts',(35.8101597041992,20.1905337501671,50.7676405313567));
#8114=CARTESIAN_POINT('Ctrl Pts',(35.8190168832067,20.246539717933,50.8061255708404));
#8115=CARTESIAN_POINT('Ctrl Pts',(35.830921744216,20.3697086303268,50.8573107668667));
#8116=CARTESIAN_POINT('Ctrl Pts',(35.8339365446391,20.4368792899884,50.870000000003));
#8117=CARTESIAN_POINT('Ctrl Pts',(35.8339365446391,20.5,50.870000000003));
#8118=CARTESIAN_POINT('',(35.575302820597,20.,49.370000000003));
#8119=CARTESIAN_POINT('Origin',(48.0000000000054,20.,48.000000000003));
#8120=CARTESIAN_POINT('',(35.5303127545289,20.5,48.870000000003));
#8121=CARTESIAN_POINT('Ctrl Pts',(35.5303127545289,20.5,48.870000000003));
#8122=CARTESIAN_POINT('Ctrl Pts',(35.5303127545289,20.4371792208457,48.870000000003));
#8123=CARTESIAN_POINT('Ctrl Pts',(35.5311694434088,20.3701848455847,48.8825641810094));
#8124=CARTESIAN_POINT('Ctrl Pts',(35.5348879071813,20.2469919072875,48.9336142120516));
#8125=CARTESIAN_POINT('Ctrl Pts',(35.537776978722,20.19079387291,48.9720993459065));
#8126=CARTESIAN_POINT('Ctrl Pts',(35.5450245290403,20.1019605144812,49.0609327043353));
#8127=CARTESIAN_POINT('Ctrl Pts',(35.5498754306975,20.063470189879,49.1172411852154));
#8128=CARTESIAN_POINT('Ctrl Pts',(35.5615477816302,20.0124918818986,49.2404580075633));
#8129=CARTESIAN_POINT('Ctrl Pts',(35.5683961088572,20.,49.3073621884174));
#8130=CARTESIAN_POINT('Ctrl Pts',(35.575302820597,20.,49.370000000003));
#8131=CARTESIAN_POINT('',(35.5303127545289,21.5,48.870000000003));
#8132=CARTESIAN_POINT('',(35.5303127545289,25.2,48.870000000003));
#8133=CARTESIAN_POINT('',(35.575302820597,22.,49.370000000003));
#8134=CARTESIAN_POINT('Ctrl Pts',(35.575302820597,22.,49.370000000003));
#8135=CARTESIAN_POINT('Ctrl Pts',(35.5683892014163,22.,49.3072995439931));
#8136=CARTESIAN_POINT('Ctrl Pts',(35.5615350375169,21.987483307322,49.2403326141523));
#8137=CARTESIAN_POINT('Ctrl Pts',(35.5498553264231,21.9364110706236,49.117019795504));
#8138=CARTESIAN_POINT('Ctrl Pts',(35.5450028023261,21.8978516313585,49.0606780766715));
#8139=CARTESIAN_POINT('Ctrl Pts',(35.5377625862083,21.8089511999413,48.9719112494911));
#8140=CARTESIAN_POINT('Ctrl Pts',(35.5348790883723,21.7527862278848,48.9334951689027));
#8141=CARTESIAN_POINT('Ctrl Pts',(35.53116777087,21.6296892412983,48.8825391848409));
#8142=CARTESIAN_POINT('Ctrl Pts',(35.5303127545289,21.5627577507603,48.870000000003));
#8143=CARTESIAN_POINT('Ctrl Pts',(35.5303127545289,21.5,48.870000000003));
#8144=CARTESIAN_POINT('',(36.4470854459253,22.,43.2271428571459));
#8145=CARTESIAN_POINT('Origin',(48.0000000000054,22.,48.000000000003));
#8146=CARTESIAN_POINT('',(36.2529709357384,21.5,43.7271428571459));
#8147=CARTESIAN_POINT('Ctrl Pts',(36.2529709357384,21.5,43.7271428571459));
#8148=CARTESIAN_POINT('Ctrl Pts',(36.2529709357384,21.5624941916146,43.7271428571459));
#8149=CARTESIAN_POINT('Ctrl Pts',(36.2574799163082,21.6288698590643,43.7146850206528));
#8150=CARTESIAN_POINT('Ctrl Pts',(36.2757569696056,21.7502934167293,43.6649304782506));
#8151=CARTESIAN_POINT('Ctrl Pts',(36.2895483369605,21.8053488292845,43.6276606940521));
#8152=CARTESIAN_POINT('Ctrl Pts',(36.3227062062261,21.8956342113819,43.5398211562647));
#8153=CARTESIAN_POINT('Ctrl Pts',(36.3447932398559,21.9353657921231,43.4821830396291));
#8154=CARTESIAN_POINT('Ctrl Pts',(36.3940348437314,21.9875324469687,43.3571466205717));
#8155=CARTESIAN_POINT('Ctrl Pts',(36.4212119731976,22.,43.2897707571003));
#8156=CARTESIAN_POINT('Ctrl Pts',(36.4470854459253,22.,43.2271428571459));
#8157=CARTESIAN_POINT('',(36.2529709357384,20.5,43.7271428571459));
#8158=CARTESIAN_POINT('',(36.2529709357384,25.2,43.7271428571459));
#8159=CARTESIAN_POINT('',(36.4470854459253,20.,43.2271428571459));
#8160=CARTESIAN_POINT('Ctrl Pts',(36.4470854459253,20.,43.2271428571459));
#8161=CARTESIAN_POINT('Ctrl Pts',(36.4216654830681,20.,43.2886730161402));
#8162=CARTESIAN_POINT('Ctrl Pts',(36.3949293703136,20.0120366422571,43.3549245882911));
#8163=CARTESIAN_POINT('Ctrl Pts',(36.3463403381067,20.0625038293873,43.4782076138766));
#8164=CARTESIAN_POINT('Ctrl Pts',(36.3244666529859,20.1009676278915,43.5352172662239));
#8165=CARTESIAN_POINT('Ctrl Pts',(36.2908348663546,20.1899515862125,43.624201224545));
#8166=CARTESIAN_POINT('Ctrl Pts',(36.2765701422811,20.2455926982312,43.6627261424474));
#8167=CARTESIAN_POINT('Ctrl Pts',(36.2576510092163,20.3687709306379,43.7142104208989));
#8168=CARTESIAN_POINT('Ctrl Pts',(36.2529709357384,20.4363153596969,43.7271428571459));
#8169=CARTESIAN_POINT('Ctrl Pts',(36.2529709357384,20.5,43.7271428571459));
#8170=CARTESIAN_POINT('',(36.9128849375483,20.,42.2271428571459));
#8171=CARTESIAN_POINT('Origin',(48.0000000000054,20.,48.000000000003));
#8172=CARTESIAN_POINT('',(37.1879112441125,20.5,41.7271428571459));
#8173=CARTESIAN_POINT('Ctrl Pts',(37.1879112441125,20.5,41.7271428571459));
#8174=CARTESIAN_POINT('Ctrl Pts',(37.1879112441125,20.4351395849032,41.7271428571459));
#8175=CARTESIAN_POINT('Ctrl Pts',(37.180098881291,20.3669924565102,41.7405561177755));
#8176=CARTESIAN_POINT('Ctrl Pts',(37.1502126215204,20.2439797407563,41.7925035826085));
#8177=CARTESIAN_POINT('Ctrl Pts',(37.1282258133057,20.1890648964809,41.8309711794785));
#8178=CARTESIAN_POINT('Ctrl Pts',(37.0785371959059,20.100694369382,41.9193417065773));
#8179=CARTESIAN_POINT('Ctrl Pts',(37.0469419197995,20.0624205593463,41.9762622771767));
#8180=CARTESIAN_POINT('Ctrl Pts',(36.9801822445063,20.0120783436829,42.0992785104086));
#8181=CARTESIAN_POINT('Ctrl Pts',(36.9450420387692,20.,42.1653832340532));
#8182=CARTESIAN_POINT('Ctrl Pts',(36.9128849375483,20.,42.2271428571459));
#8183=CARTESIAN_POINT('',(37.1879112441125,21.5,41.7271428571459));
#8184=CARTESIAN_POINT('',(37.1879112441125,25.2,41.7271428571459));
#8185=CARTESIAN_POINT('',(36.9128849375483,22.,42.2271428571459));
#8186=CARTESIAN_POINT('Ctrl Pts',(36.9128849375483,22.,42.2271428571459));
#8187=CARTESIAN_POINT('Ctrl Pts',(36.9461124563612,22.,42.1633274334828));
#8188=CARTESIAN_POINT('Ctrl Pts',(36.9823863698299,21.9871125883143,42.0951415242944));
#8189=CARTESIAN_POINT('Ctrl Pts',(37.0510031129254,21.933582512331,41.9688615595259));
#8190=CARTESIAN_POINT('Ctrl Pts',(37.0833197417591,21.8929353700657,41.9107551671318));
#8191=CARTESIAN_POINT('Ctrl Pts',(37.1319549562528,21.8020215793399,41.8244255639119));
#8192=CARTESIAN_POINT('Ctrl Pts',(37.1526259473588,21.7481720132923,41.7882961497108));
#8193=CARTESIAN_POINT('Ctrl Pts',(37.1806446002575,21.6284477620876,41.7396216329291));
#8194=CARTESIAN_POINT('Ctrl Pts',(37.1879112441125,21.5625271783696,41.7271428571459));
#8195=CARTESIAN_POINT('Ctrl Pts',(37.1879112441125,21.5,41.7271428571459));
#8196=CARTESIAN_POINT('',(44.2229968147772,22.,36.0842857142887));
#8197=CARTESIAN_POINT('Origin',(48.0000000000054,22.,48.000000000003));
#8198=CARTESIAN_POINT('',(42.9077051001652,21.5,36.5842857142887));
#8199=CARTESIAN_POINT('Ctrl Pts',(42.9077051001652,21.5,36.5842857142887));
#8200=CARTESIAN_POINT('Ctrl Pts',(42.9077051001652,21.5221471687721,36.5842857142887));
#8201=CARTESIAN_POINT('Ctrl Pts',(42.9112838019822,21.5459189651597,36.5826869696424));
#8202=CARTESIAN_POINT('Ctrl Pts',(42.9253050871768,21.5911296187282,36.5764488542031));
#8203=CARTESIAN_POINT('Ctrl Pts',(42.9357277912784,21.6125760813131,36.5718199437647));
#8204=CARTESIAN_POINT('Ctrl Pts',(42.9845260834423,21.6920404217122,36.5502531500004));
#8205=CARTESIAN_POINT('Ctrl Pts',(43.0489537047105,21.7454450330979,36.522142409232));
#8206=CARTESIAN_POINT('Ctrl Pts',(43.2626578442355,21.8785093712031,36.431251246666));
#8207=CARTESIAN_POINT('Ctrl Pts',(43.4493974148155,21.9270707703082,36.3559147505891));
#8208=CARTESIAN_POINT('Ctrl Pts',(43.8367835333538,21.9897933034927,36.2118562147783));
#8209=CARTESIAN_POINT('Ctrl Pts',(44.0379842493044,22.,36.142930377323));
#8210=CARTESIAN_POINT('Ctrl Pts',(44.2229968147772,22.,36.0842857142887));
#8211=CARTESIAN_POINT('',(42.9077051001652,20.5,36.5842857142887));
#8212=CARTESIAN_POINT('',(42.9077051001652,25.2,36.5842857142887));
#8213=CARTESIAN_POINT('',(44.2229968147772,20.,36.0842857142887));
#8214=CARTESIAN_POINT('Ctrl Pts',(44.2229968147772,20.,36.0842857142887));
#8215=CARTESIAN_POINT('Ctrl Pts',(43.9075831135028,20.,36.1842644923806));
#8216=CARTESIAN_POINT('Ctrl Pts',(43.5356778043444,20.0289032085592,36.3202957040345));
#8217=CARTESIAN_POINT('Ctrl Pts',(43.1505445978475,20.187138531902,36.4785310273773));
#8218=CARTESIAN_POINT('Ctrl Pts',(43.0380651146682,20.2497034968755,36.5267800467078));
#8219=CARTESIAN_POINT('Ctrl Pts',(42.952534066429,20.3584191917651,36.5643784592667));
#8220=CARTESIAN_POINT('Ctrl Pts',(42.9362219948333,20.3844899257118,36.5716009927398));
#8221=CARTESIAN_POINT('Ctrl Pts',(42.913721618284,20.4408382562924,36.581597144798));
#8222=CARTESIAN_POINT('Ctrl Pts',(42.9077051001652,20.471199342596,36.5842857142887));
#8223=CARTESIAN_POINT('Ctrl Pts',(42.9077051001652,20.5,36.5842857142887));
#8224=CARTESIAN_POINT('',(51.7770031852337,20.,36.0842857142887));
#8225=CARTESIAN_POINT('Origin',(48.0000000000054,20.,48.000000000003));
#8226=CARTESIAN_POINT('Ctrl Pts',(53.0000000000054,20.3023477043231,36.5435607626134));
#8227=CARTESIAN_POINT('Ctrl Pts',(52.9315809440591,20.2329622535072,36.5137002385323));
#8228=CARTESIAN_POINT('Ctrl Pts',(52.8359393696288,20.1815853525283,36.4729778480036));
#8229=CARTESIAN_POINT('Ctrl Pts',(52.4643221956665,20.0289032085592,36.3202957040345));
#8230=CARTESIAN_POINT('Ctrl Pts',(52.092416886508,20.,36.1842644923806));
#8231=CARTESIAN_POINT('Ctrl Pts',(51.7770031852337,20.,36.0842857142887));
#8232=CARTESIAN_POINT('',(42.1197501006743,-5.,36.969466870484));
#8233=CARTESIAN_POINT('Ctrl Pts',(44.1020206931225,-7.,36.123310338186));
#8234=CARTESIAN_POINT('Ctrl Pts',(44.1020206931225,-6.7432427347085,36.123310338186));
#8235=CARTESIAN_POINT('Ctrl Pts',(44.0458316873812,-6.47242939172207,36.1413433642967));
#8236=CARTESIAN_POINT('Ctrl Pts',(43.8286562822544,-5.98045606864115,36.2159822048369));
#8237=CARTESIAN_POINT('Ctrl Pts',(43.6683345596468,-5.75906522899933,36.272998112626));
#8238=CARTESIAN_POINT('Ctrl Pts',(43.309670130815,-5.4073791379126,36.411692923507));
#8239=CARTESIAN_POINT('Ctrl Pts',(43.0849223067899,-5.25437901392807,36.5038726242459));
#8240=CARTESIAN_POINT('Ctrl Pts',(42.6065378130187,-5.05064265772633,36.720394554657));
#8241=CARTESIAN_POINT('Ctrl Pts',(42.3530295286207,-5.,36.8451082999063));
#8242=CARTESIAN_POINT('Ctrl Pts',(42.1197501006743,-5.,36.969466870484));
#8243=CARTESIAN_POINT('',(38.9115095436301,-5.,39.4180805629322));
#8244=CARTESIAN_POINT('Origin',(48.0000000000054,-5.,48.000000000003));
#8245=CARTESIAN_POINT('',(37.6523830229748,-7.,40.987381167023));
#8246=CARTESIAN_POINT('Ctrl Pts',(38.9115095436301,-5.,39.4180805629322));
#8247=CARTESIAN_POINT('Ctrl Pts',(38.7383950339425,-5.,39.6014136250394));
#8248=CARTESIAN_POINT('Ctrl Pts',(38.5600707903354,-5.0505325394643,39.8025038939092));
#8249=CARTESIAN_POINT('Ctrl Pts',(38.2431031349764,-5.25507765125414,40.1824447899833));
#8250=CARTESIAN_POINT('Ctrl Pts',(38.1041273954824,-5.40905850696429,40.361035128108));
#8251=CARTESIAN_POINT('Ctrl Pts',(37.8895432468568,-5.7636674965052,40.6474077224801));
#8252=CARTESIAN_POINT('Ctrl Pts',(37.7993620476012,-5.98803448473114,40.7745082977196));
#8253=CARTESIAN_POINT('Ctrl Pts',(37.6809359732219,-6.48035753177898,40.9446713237046));
#8254=CARTESIAN_POINT('Ctrl Pts',(37.6523830229747,-6.74836124476037,40.987381167023));
#8255=CARTESIAN_POINT('Ctrl Pts',(37.6523830229747,-7.,40.987381167023));
#8256=CARTESIAN_POINT('',(37.6523830229747,25.2,40.987381167023));
#8257=CARTESIAN_POINT('Origin',(45.0000000000054,22.,-44.999999999997));
#8258=CARTESIAN_POINT('',(50.0000000000054,22.,-44.999999999997));
#8259=CARTESIAN_POINT('Origin',(45.0000000000054,22.,-44.999999999997));
#8260=CARTESIAN_POINT('',(50.0000000000054,19.,-44.999999999997));
#8261=CARTESIAN_POINT('',(50.0000000000054,22.,-44.999999999997));
#8262=CARTESIAN_POINT('Origin',(45.0000000000054,19.,-44.999999999997));
#8263=CARTESIAN_POINT('Origin',(45.0000000000054,19.,-44.999999999997));
#8264=CARTESIAN_POINT('Origin',(45.0000000000054,22.,45.000000000003));
#8265=CARTESIAN_POINT('',(50.0000000000054,22.,45.000000000003));
#8266=CARTESIAN_POINT('Origin',(45.0000000000054,22.,45.000000000003));
#8267=CARTESIAN_POINT('',(50.0000000000054,19.,45.000000000003));
#8268=CARTESIAN_POINT('',(50.0000000000054,22.,45.000000000003));
#8269=CARTESIAN_POINT('Origin',(45.0000000000054,19.,45.000000000003));
#8270=CARTESIAN_POINT('Origin',(45.0000000000054,19.,45.000000000003));
#8271=CARTESIAN_POINT('Origin',(-44.9999999999945,22.,-44.999999999997));
#8272=CARTESIAN_POINT('',(-39.9999999999945,22.,-44.999999999997));
#8273=CARTESIAN_POINT('Origin',(-44.9999999999945,22.,-44.999999999997));
#8274=CARTESIAN_POINT('',(-39.9999999999945,19.,-44.999999999997));
#8275=CARTESIAN_POINT('',(-39.9999999999945,22.,-44.999999999997));
#8276=CARTESIAN_POINT('Origin',(-44.9999999999945,19.,-44.999999999997));
#8277=CARTESIAN_POINT('Origin',(-44.9999999999945,19.,-44.999999999997));
#8278=CARTESIAN_POINT('Origin',(-44.9999999999945,22.,45.000000000003));
#8279=CARTESIAN_POINT('',(-39.9999999999945,22.,45.000000000003));
#8280=CARTESIAN_POINT('Origin',(-44.9999999999945,22.,45.000000000003));
#8281=CARTESIAN_POINT('',(-39.9999999999945,19.,45.000000000003));
#8282=CARTESIAN_POINT('',(-39.9999999999945,22.,45.000000000003));
#8283=CARTESIAN_POINT('Origin',(-44.9999999999945,19.,45.000000000003));
#8284=CARTESIAN_POINT('Origin',(-44.9999999999945,19.,45.000000000003));
#8285=CARTESIAN_POINT('Origin',(22.1643277068976,-9.8,19.8230865489854));
#8286=CARTESIAN_POINT('',(31.3158497473965,-9.8,30.4062099520072));
#8287=CARTESIAN_POINT('Origin',(22.1643277068976,-9.8,19.8230865489854));
#8288=CARTESIAN_POINT('',(32.7280660574512,-9.8,28.9939936419525));
#8289=CARTESIAN_POINT('Origin',(42.5953887792116,-7.,38.8613163637128));
#8290=CARTESIAN_POINT('',(41.0397538606012,-10.,37.3056814451024));
#8291=CARTESIAN_POINT('Origin',(41.1831724691569,-10.,40.2735326737675));
#8292=CARTESIAN_POINT('',(39.6275375505465,-10.,38.7178977551571));
#8293=CARTESIAN_POINT('Origin',(39.6275375505465,-10.,38.7178977551571));
#8294=CARTESIAN_POINT('Origin',(40.8286730264298,-5.,44.163671170478));
#8295=CARTESIAN_POINT('',(8.80720602381502,-7.,12.1422041678633));
#8296=CARTESIAN_POINT('',(8.80720602381502,-2.,12.1422041678633));
#8297=CARTESIAN_POINT('',(30.213622630006,-7.,33.5486207740542));
#8298=CARTESIAN_POINT('Origin',(31.6278361923791,-7.,32.1344072116811));
#8299=CARTESIAN_POINT('',(10.3502915495588,-5.,10.8568625688609));
#8300=CARTESIAN_POINT('Ctrl Pts',(10.3502915495588,-5.,10.8568625688609));
#8301=CARTESIAN_POINT('Ctrl Pts',(10.1680161280713,-5.,11.0306331902304));
#8302=CARTESIAN_POINT('Ctrl Pts',(9.96892927461531,-5.0504260848522,11.2107760677178));
#8303=CARTESIAN_POINT('Ctrl Pts',(9.59428598225896,-5.254836043096,11.5330276777686));
#8304=CARTESIAN_POINT('Ctrl Pts',(9.41895375204909,-5.4087979355025,11.6754109159822));
#8305=CARTESIAN_POINT('Ctrl Pts',(9.13843825439383,-5.76357201479467,11.8962500773176));
#8306=CARTESIAN_POINT('Ctrl Pts',(9.01440821044267,-5.98810226973931,11.9896241216386));
#8307=CARTESIAN_POINT('Ctrl Pts',(8.84864984149889,-6.48056093757209,12.1124744806194));
#8308=CARTESIAN_POINT('Ctrl Pts',(8.80720602381501,-6.74852183238471,12.1422041678633));
#8309=CARTESIAN_POINT('Ctrl Pts',(8.80720602381501,-7.,12.1422041678633));
#8310=CARTESIAN_POINT('',(31.6278361923791,-5.,32.1344072116811));
#8311=CARTESIAN_POINT('Origin',(13.2261625242777,-7.,8.07587929408735));
#8312=CARTESIAN_POINT('',(12.8643906480521,-5.,7.71410741786178));
#8313=CARTESIAN_POINT('Ctrl Pts',(13.8171242665346,-7.,5.83841391159807));
#8314=CARTESIAN_POINT('Ctrl Pts',(13.8171242665346,-6.74845820414835,5.83841391159807));
#8315=CARTESIAN_POINT('Ctrl Pts',(13.7961745376765,-6.48177880194274,5.88873654120585));
#8316=CARTESIAN_POINT('Ctrl Pts',(13.7100042127205,-5.9942712618341,6.0866603437081));
#8317=CARTESIAN_POINT('Ctrl Pts',(13.6445072536231,-5.77330855077095,6.23380935039635));
#8318=CARTESIAN_POINT('Ctrl Pts',(13.4860334992827,-5.41696821042086,6.56985535780377));
#8319=CARTESIAN_POINT('Ctrl Pts',(13.380655833754,-5.26022130822344,6.78421322407671));
#8320=CARTESIAN_POINT('Ctrl Pts',(13.1376890205357,-5.05170902710916,7.24352309326853));
#8321=CARTESIAN_POINT('Ctrl Pts',(12.9997775763225,-5.,7.4883301192623));
#8322=CARTESIAN_POINT('Ctrl Pts',(12.8643906480521,-5.,7.71410741786178));
#8323=CARTESIAN_POINT('',(13.2261625242777,-5.,8.07587929408735));
#8324=CARTESIAN_POINT('Origin',(22.4269993583284,-5.,20.1051432528842));
#8325=CARTESIAN_POINT('Origin',(1.11022302462516E-15,-5.,-3.33066907387547E-15));
#8326=CARTESIAN_POINT('Origin',(45.0000000000054,0.,-44.999999999997));
#8327=CARTESIAN_POINT('',(45.0000000000054,22.,-54.999999999997));
#8328=CARTESIAN_POINT('',(45.0000000000054,0.,-54.999999999997));
#8329=CARTESIAN_POINT('Origin',(45.0000000000054,22.,-44.999999999997));
#8330=CARTESIAN_POINT('Origin',(55.0000000000054,0.,-54.999999999997));
#8331=CARTESIAN_POINT('',(-44.9999999999946,22.,-54.999999999997));
#8332=CARTESIAN_POINT('',(-44.9999999999946,0.,-54.999999999997));
#8333=CARTESIAN_POINT('',(27.5000000000054,22.,-54.999999999997));
#8334=CARTESIAN_POINT('Origin',(-44.9999999999946,0.,-44.999999999997));
#8335=CARTESIAN_POINT('',(-54.9999999999946,22.,-44.999999999997));
#8336=CARTESIAN_POINT('',(-54.9999999999946,0.,-44.999999999997));
#8337=CARTESIAN_POINT('Origin',(-44.9999999999946,22.,-44.999999999997));
#8338=CARTESIAN_POINT('Origin',(-54.9999999999946,0.,-54.999999999997));
#8339=CARTESIAN_POINT('',(-54.9999999999946,22.,-27.499999999997));
#8340=CARTESIAN_POINT('Origin',(53.0000000000054,0.,53.000000000003));
#8341=CARTESIAN_POINT('',(26.5000000000054,22.,53.000000000003));
#8342=CARTESIAN_POINT('Origin',(5.42677014436777E-12,20.,49.870000000003));
#8343=CARTESIAN_POINT('',(-26.4999999999946,20.,50.370000000003));
#8344=CARTESIAN_POINT('',(26.5000000000054,20.,49.370000000003));
#8345=CARTESIAN_POINT('Origin',(-26.4999999999946,20.5,50.370000000003));
#8346=CARTESIAN_POINT('',(-26.4999999999946,20.5,50.870000000003));
#8347=CARTESIAN_POINT('Origin',(26.5000000000054,20.5,49.370000000003));
#8348=CARTESIAN_POINT('',(26.5000000000054,20.5,48.870000000003));
#8349=CARTESIAN_POINT('Origin',(5.42677014436777E-12,20.,42.7271428571459));
#8350=CARTESIAN_POINT('',(-26.4999999999946,20.,43.2271428571459));
#8351=CARTESIAN_POINT('',(26.5000000000054,20.,42.2271428571459));
#8352=CARTESIAN_POINT('Origin',(-26.4999999999946,20.5,43.2271428571459));
#8353=CARTESIAN_POINT('',(-26.4999999999946,20.5,43.7271428571459));
#8354=CARTESIAN_POINT('Origin',(26.5000000000054,20.5,42.2271428571459));
#8355=CARTESIAN_POINT('',(26.5000000000054,20.5,41.7271428571459));
#8356=CARTESIAN_POINT('Origin',(26.5000000000054,21.5,35.0842857142887));
#8357=CARTESIAN_POINT('',(26.5000000000054,22.,35.0842857142887));
#8358=CARTESIAN_POINT('',(26.5000000000054,21.5,34.5842857142887));
#8359=CARTESIAN_POINT('Origin',(-26.4999999999946,21.5,36.0842857142887));
#8360=CARTESIAN_POINT('',(-52.9999999999945,21.6976522956769,36.5435607626134));
#8361=CARTESIAN_POINT('',(-51.7770031852228,22.,36.0842857142887));
#8362=CARTESIAN_POINT('Ctrl Pts',(-52.9999999999945,21.6976522956769,36.5435607626134));
#8363=CARTESIAN_POINT('Ctrl Pts',(-52.967194248396,21.7309214168674,36.5292431588105));
#8364=CARTESIAN_POINT('Ctrl Pts',(-52.9285057508204,21.7594800566449,36.512555621179));
#8365=CARTESIAN_POINT('Ctrl Pts',(-52.7373421557645,21.8785093712031,36.431251246666));
#8366=CARTESIAN_POINT('Ctrl Pts',(-52.5506025851845,21.9270707703082,36.3559147505891));
#8367=CARTESIAN_POINT('Ctrl Pts',(-52.1632164666462,21.9897933034927,36.2118562147783));
#8368=CARTESIAN_POINT('Ctrl Pts',(-51.9620157506957,22.,36.142930377323));
#8369=CARTESIAN_POINT('Ctrl Pts',(-51.7770031852228,22.,36.0842857142887));
#8370=CARTESIAN_POINT('',(-52.9999999999946,22.,36.0842857142887));
#8371=CARTESIAN_POINT('',(-26.4999999999946,22.,36.0842857142887));
#8372=CARTESIAN_POINT('Origin',(-52.9999999999945,21.5,36.0842857142887));
#8373=CARTESIAN_POINT('Origin',(53.0000000000054,20.,34.5842857142887));
#8374=CARTESIAN_POINT('',(26.5000000000054,20.5,34.5842857142887));
#8375=CARTESIAN_POINT('Origin',(26.5000000000054,20.5,35.0842857142887));
#8376=CARTESIAN_POINT('',(26.5000000000054,20.,35.0842857142887));
#8377=CARTESIAN_POINT('Origin',(-26.4999999999946,20.5,36.0842857142887));
#8378=CARTESIAN_POINT('',(-26.4999999999946,20.5,36.5842857142887));
#8379=CARTESIAN_POINT('',(-26.4999999999946,20.,36.0842857142887));
#8380=CARTESIAN_POINT('Origin',(-26.4999999999946,20.5,36.0842857142887));
#8381=CARTESIAN_POINT('',(-26.4999999999946,20.,36.0842857142887));
#8382=CARTESIAN_POINT('Origin',(5.42677014436777E-12,20.,35.5842857142887));
#8383=CARTESIAN_POINT('',(-26.4999999999946,20.,36.0842857142887));
#8384=CARTESIAN_POINT('Origin',(-52.9999999999946,20.,36.5842857142887));
#8385=CARTESIAN_POINT('',(-26.4999999999946,21.5,36.5842857142887));
#8386=CARTESIAN_POINT('Origin',(-52.9999999999946,20.,50.870000000003));
#8387=CARTESIAN_POINT('',(-26.4999999999946,21.5,50.870000000003));
#8388=CARTESIAN_POINT('Origin',(-52.9999999999946,20.,43.7271428571459));
#8389=CARTESIAN_POINT('',(-26.4999999999946,21.5,43.7271428571459));
#8390=CARTESIAN_POINT('Origin',(26.5000000000054,21.5,-36.3442857142827));
#8391=CARTESIAN_POINT('',(-52.5160075830037,22.,-36.3442857142827));
#8392=CARTESIAN_POINT('',(-52.9999999999945,21.9585732821646,-36.5435607626074));
#8393=CARTESIAN_POINT('Ctrl Pts',(-52.5160075830037,22.,-36.3442857142827));
#8394=CARTESIAN_POINT('Ctrl Pts',(-52.670724607283,22.,-36.4042308397155));
#8395=CARTESIAN_POINT('Ctrl Pts',(-52.8387108557613,21.9891625907876,-36.4731684090623));
#8396=CARTESIAN_POINT('Ctrl Pts',(-52.9999999999945,21.9585732821646,-36.5435607626074));
#8397=CARTESIAN_POINT('',(-52.9999999999946,22.,-36.3442857142827));
#8398=CARTESIAN_POINT('Origin',(-52.9999999999945,21.5,-36.3442857142827));
#8399=CARTESIAN_POINT('',(26.5000000000054,22.,-36.3442857142827));
#8400=CARTESIAN_POINT('Origin',(-26.4999999999946,21.5,-35.3442857142827));
#8401=CARTESIAN_POINT('',(-26.4999999999946,22.,-35.3442857142827));
#8402=CARTESIAN_POINT('',(-26.4999999999946,21.5,-34.8442857142827));
#8403=CARTESIAN_POINT('Origin',(-52.9999999999946,20.,-34.8442857142827));
#8404=CARTESIAN_POINT('',(-26.4999999999946,20.5,-34.8442857142827));
#8405=CARTESIAN_POINT('Origin',(-26.4999999999946,20.5,-35.3442857142827));
#8406=CARTESIAN_POINT('',(-26.4999999999946,20.,-35.3442857142827));
#8407=CARTESIAN_POINT('Origin',(-26.4999999999946,21.5,-42.4871428571399));
#8408=CARTESIAN_POINT('',(-26.4999999999946,21.5,-41.9871428571399));
#8409=CARTESIAN_POINT('',(-26.4999999999946,22.,-42.4871428571399));
#8410=CARTESIAN_POINT('Origin',(-52.9999999999946,20.,-41.9871428571399));
#8411=CARTESIAN_POINT('',(-26.4999999999946,20.5,-41.9871428571399));
#8412=CARTESIAN_POINT('Origin',(-26.4999999999946,21.5,-49.629999999997));
#8413=CARTESIAN_POINT('',(-26.4999999999946,21.5,-49.129999999997));
#8414=CARTESIAN_POINT('',(-26.4999999999946,22.,-49.629999999997));
#8415=CARTESIAN_POINT('Origin',(-52.9999999999946,20.,-49.129999999997));
#8416=CARTESIAN_POINT('',(-26.4999999999946,20.5,-49.129999999997));
#8417=CARTESIAN_POINT('Origin',(26.5000000000054,20.5,-36.3442857142827));
#8418=CARTESIAN_POINT('',(26.5000000000054,20.,-36.3442857142827));
#8419=CARTESIAN_POINT('Origin',(26.5000000000054,21.5,-36.3442857142827));
#8420=CARTESIAN_POINT('',(53.0000000000054,21.9585732821646,-36.5435607626074));
#8421=CARTESIAN_POINT('',(52.5160075830146,22.,-36.3442857142827));
#8422=CARTESIAN_POINT('Ctrl Pts',(53.0000000000054,21.9585732821646,-36.5435607626074));
#8423=CARTESIAN_POINT('Ctrl Pts',(52.8387108557722,21.9891625907876,-36.4731684090623));
#8424=CARTESIAN_POINT('Ctrl Pts',(52.6707246072939,22.,-36.4042308397155));
#8425=CARTESIAN_POINT('Ctrl Pts',(52.5160075830146,22.,-36.3442857142827));
#8426=CARTESIAN_POINT('',(53.0000000000054,22.,-36.3442857142827));
#8427=CARTESIAN_POINT('',(26.5000000000054,22.,-36.3442857142827));
#8428=CARTESIAN_POINT('Origin',(53.0000000000054,21.5,-36.3442857142827));
#8429=CARTESIAN_POINT('Origin',(26.5000000000054,21.5,-43.4871428571399));
#8430=CARTESIAN_POINT('',(26.5000000000054,22.,-43.4871428571399));
#8431=CARTESIAN_POINT('',(26.5000000000054,21.5,-43.9871428571399));
#8432=CARTESIAN_POINT('Origin',(26.5000000000054,21.5,-50.629999999997));
#8433=CARTESIAN_POINT('',(26.5000000000054,22.,-50.629999999997));
#8434=CARTESIAN_POINT('',(26.5000000000054,21.5,-51.129999999997));
#8435=CARTESIAN_POINT('Origin',(-26.4999999999946,20.5,36.0842857142887));
#8436=CARTESIAN_POINT('Origin',(-26.4999999999946,21.5,36.0842857142887));
#8437=CARTESIAN_POINT('',(-26.4999999999946,22.,36.0842857142887));
#8438=CARTESIAN_POINT('Origin',(-26.4999999999946,21.5,36.0842857142887));
#8439=CARTESIAN_POINT('',(51.7770031852337,22.,36.0842857142887));
#8440=CARTESIAN_POINT('',(53.0000000000054,21.6976522956769,36.5435607626134));
#8441=CARTESIAN_POINT('Ctrl Pts',(51.7770031852337,22.,36.0842857142887));
#8442=CARTESIAN_POINT('Ctrl Pts',(51.9620157507065,22.,36.142930377323));
#8443=CARTESIAN_POINT('Ctrl Pts',(52.163216466657,21.9897933034927,36.2118562147783));
#8444=CARTESIAN_POINT('Ctrl Pts',(52.5506025851954,21.9270707703082,36.3559147505891));
#8445=CARTESIAN_POINT('Ctrl Pts',(52.7373421557753,21.8785093712031,36.431251246666));
#8446=CARTESIAN_POINT('Ctrl Pts',(52.9285057508313,21.7594800566449,36.512555621179));
#8447=CARTESIAN_POINT('Ctrl Pts',(52.9671942484069,21.7309214168674,36.5292431588106));
#8448=CARTESIAN_POINT('Ctrl Pts',(53.0000000000054,21.6976522956769,36.5435607626134));
#8449=CARTESIAN_POINT('',(53.0000000000054,22.,36.0842857142887));
#8450=CARTESIAN_POINT('Origin',(53.0000000000054,21.5,36.0842857142887));
#8451=CARTESIAN_POINT('',(-26.4999999999946,22.,36.0842857142887));
#8452=CARTESIAN_POINT('Origin',(53.0000000000054,20.,48.870000000003));
#8453=CARTESIAN_POINT('',(26.5000000000054,21.5,48.870000000003));
#8454=CARTESIAN_POINT('Origin',(26.5000000000054,21.5,49.370000000003));
#8455=CARTESIAN_POINT('',(26.5000000000054,22.,49.370000000003));
#8456=CARTESIAN_POINT('Origin',(-26.4999999999946,21.5,50.370000000003));
#8457=CARTESIAN_POINT('',(-26.4999999999946,22.,50.370000000003));
#8458=CARTESIAN_POINT('Origin',(53.0000000000054,20.,41.7271428571459));
#8459=CARTESIAN_POINT('',(26.5000000000054,21.5,41.7271428571459));
#8460=CARTESIAN_POINT('Origin',(26.5000000000054,21.5,42.2271428571459));
#8461=CARTESIAN_POINT('',(26.5000000000054,22.,42.2271428571459));
#8462=CARTESIAN_POINT('Origin',(-26.4999999999946,21.5,43.2271428571459));
#8463=CARTESIAN_POINT('',(-26.4999999999946,22.,43.2271428571459));
#8464=CARTESIAN_POINT('Origin',(26.5000000000054,21.5,-36.3442857142827));
#8465=CARTESIAN_POINT('',(26.5000000000054,22.,-36.3442857142827));
#8466=CARTESIAN_POINT('',(26.5000000000054,21.5,-36.8442857142827));
#8467=CARTESIAN_POINT('Origin',(53.0000000000054,20.,-36.8442857142827));
#8468=CARTESIAN_POINT('',(26.5000000000054,20.5,-36.8442857142827));
#8469=CARTESIAN_POINT('Origin',(-52.9999999999945,0.,53.000000000003));
#8470=CARTESIAN_POINT('',(-52.9999999999945,22.,36.5435607626134));
#8471=CARTESIAN_POINT('',(-52.9999999999945,22.,26.500000000003));
#8472=CARTESIAN_POINT('',(-52.9999999999945,25.2,36.5435607626134));
#8473=CARTESIAN_POINT('Origin',(26.5000000000054,20.5,-36.3442857142827));
#8474=CARTESIAN_POINT('',(26.5000000000054,20.,-36.3442857142827));
#8475=CARTESIAN_POINT('Origin',(26.5000000000054,20.5,-36.3442857142827));
#8476=CARTESIAN_POINT('',(26.5000000000054,20.,-36.3442857142827));
#8477=CARTESIAN_POINT('Origin',(5.42677014436777E-12,20.,-35.8442857142827));
#8478=CARTESIAN_POINT('Origin',(53.0000000000054,20.,-43.9871428571399));
#8479=CARTESIAN_POINT('',(26.5000000000054,20.5,-43.9871428571399));
#8480=CARTESIAN_POINT('Origin',(26.5000000000054,20.5,-43.4871428571399));
#8481=CARTESIAN_POINT('',(26.5000000000054,20.,-43.4871428571399));
#8482=CARTESIAN_POINT('Origin',(5.42677014436777E-12,20.,-42.9871428571399));
#8483=CARTESIAN_POINT('',(-26.4999999999946,20.,-42.4871428571399));
#8484=CARTESIAN_POINT('Origin',(-26.4999999999946,20.5,-42.4871428571399));
#8485=CARTESIAN_POINT('Origin',(53.0000000000054,20.,-51.129999999997));
#8486=CARTESIAN_POINT('',(26.5000000000054,20.5,-51.129999999997));
#8487=CARTESIAN_POINT('Origin',(26.5000000000054,20.5,-50.629999999997));
#8488=CARTESIAN_POINT('',(26.5000000000054,20.,-50.629999999997));
#8489=CARTESIAN_POINT('Origin',(5.42677014436777E-12,20.,-50.129999999997));
#8490=CARTESIAN_POINT('',(-26.4999999999946,20.,-49.629999999997));
#8491=CARTESIAN_POINT('Origin',(-26.4999999999946,20.5,-49.629999999997));
#8492=CARTESIAN_POINT('Origin',(53.0000000000054,0.,-52.999999999997));
#8493=CARTESIAN_POINT('',(53.0000000000054,22.,36.5435607626134));
#8494=CARTESIAN_POINT('',(53.0000000000054,22.,-26.499999999997));
#8495=CARTESIAN_POINT('',(53.0000000000054,25.2,36.5435607626134));
#8496=CARTESIAN_POINT('Origin',(53.0000000000054,0.,-52.999999999997));
#8497=CARTESIAN_POINT('',(53.0000000000054,22.,-36.5435607626074));
#8498=CARTESIAN_POINT('',(53.0000000000054,22.,-26.499999999997));
#8499=CARTESIAN_POINT('',(53.0000000000054,25.2,-36.5435607626074));
#8500=CARTESIAN_POINT('Origin',(48.0000000000054,25.2,-47.999999999997));
#8501=CARTESIAN_POINT('Origin',(48.0000000000054,22.,-47.999999999997));
#8502=CARTESIAN_POINT('Origin',(-52.9999999999945,0.,53.000000000003));
#8503=CARTESIAN_POINT('',(-52.9999999999946,22.,-36.5435607626074));
#8504=CARTESIAN_POINT('',(-52.9999999999945,22.,26.500000000003));
#8505=CARTESIAN_POINT('',(-52.9999999999946,25.2,-36.5435607626074));
#8506=CARTESIAN_POINT('Origin',(-47.9999999999945,25.2,-47.999999999997));
#8507=CARTESIAN_POINT('Origin',(-47.9999999999945,22.,-47.999999999997));
#8508=CARTESIAN_POINT('Origin',(48.0000000000054,25.2,48.000000000003));
#8509=CARTESIAN_POINT('Origin',(48.0000000000054,22.,48.000000000003));
#8510=CARTESIAN_POINT('Origin',(-47.9999999999945,25.2,48.000000000003));
#8511=CARTESIAN_POINT('Origin',(-47.9999999999945,22.,48.000000000003));
#8512=CARTESIAN_POINT('Origin',(26.5000000000054,20.5,-14.9157142857113));
#8513=CARTESIAN_POINT('',(26.5000000000054,20.,-14.9157142857113));
#8514=CARTESIAN_POINT('',(26.5000000000054,20.5,-15.4157142857113));
#8515=CARTESIAN_POINT('Origin',(53.0000000000054,20.,-15.4157142857113));
#8516=CARTESIAN_POINT('',(26.5000000000054,21.5,-15.4157142857113));
#8517=CARTESIAN_POINT('Origin',(-26.4999999999946,20.5,-13.9157142857113));
#8518=CARTESIAN_POINT('',(-26.4999999999946,20.,-13.9157142857113));
#8519=CARTESIAN_POINT('',(-26.4999999999946,20.5,-13.4157142857113));
#8520=CARTESIAN_POINT('Origin',(-52.9999999999946,20.,-13.4157142857113));
#8521=CARTESIAN_POINT('',(-26.4999999999946,21.5,-13.4157142857113));
#8522=CARTESIAN_POINT('Origin',(-26.4999999999946,21.5,-13.9157142857113));
#8523=CARTESIAN_POINT('',(-26.4999999999946,22.,-13.9157142857113));
#8524=CARTESIAN_POINT('Origin',(5.42677014436777E-12,22.,-14.4157142857113));
#8525=CARTESIAN_POINT('',(26.5000000000054,22.,-14.9157142857113));
#8526=CARTESIAN_POINT('Origin',(26.5000000000054,21.5,-14.9157142857113));
#8527=CARTESIAN_POINT('Origin',(5.42677014436777E-12,20.,-14.4157142857113));
#8528=CARTESIAN_POINT('Origin',(1.11022302462516E-15,0.,-3.33066907387547E-15));
#8529=CARTESIAN_POINT('',(-5.,0.,-3.94299247344915E-15));
#8530=CARTESIAN_POINT('',(-5.,0.,-3.94299247344915E-15));
#8531=CARTESIAN_POINT('Origin',(1.11022302462516E-15,0.,-3.33066907387547E-15));
#8532=CARTESIAN_POINT('Origin',(1.11022302462516E-15,0.,-3.33066907387547E-15));
#8533=CARTESIAN_POINT('Origin',(5.44009282066327E-12,-10.,3.01092484278342E-12));
#8534=CARTESIAN_POINT('Origin',(1.11022302462516E-15,-10.,-3.33066907387547E-15));
#8535=CARTESIAN_POINT('Origin',(0.,-10.,0.));
#8536=CARTESIAN_POINT('Origin',(0.,-17.,0.));
#8537=CARTESIAN_POINT('',(-12.5,-17.,-1.53080849893419E-15));
#8538=CARTESIAN_POINT('Origin',(0.,-17.,0.));
#8539=CARTESIAN_POINT('',(-12.5,-17.,1.53080849893419E-15));
#8540=CARTESIAN_POINT('Origin',(1.11022302462516E-15,-2.,-3.33066907387547E-15));
#8541=CARTESIAN_POINT('',(-15.,-17.,-5.1676392725965E-15));
#8542=CARTESIAN_POINT('Origin',(1.11022302462516E-15,-17.,-3.33066907387547E-15));
#8543=CARTESIAN_POINT('',(-15.,-2.,-5.1676392725965E-15));
#8544=CARTESIAN_POINT('Origin',(0.,-17.,-4.44089209850063E-15));
#8545=UNCERTAINTY_MEASURE_WITH_UNIT(LENGTH_MEASURE(0.01),#8549,
'DISTANCE_ACCURACY_VALUE',
'Maximum model space distance between geometric entities at asserted c
onnectivities');
#8546=UNCERTAINTY_MEASURE_WITH_UNIT(LENGTH_MEASURE(0.01),#8549,
'DISTANCE_ACCURACY_VALUE',
'Maximum model space distance between geometric entities at asserted c
onnectivities');
#8547=(
GEOMETRIC_REPRESENTATION_CONTEXT(3)
GLOBAL_UNCERTAINTY_ASSIGNED_CONTEXT((#8545))
GLOBAL_UNIT_ASSIGNED_CONTEXT((#8549,#8551,#8552))
REPRESENTATION_CONTEXT('','3D')
);
#8548=(
GEOMETRIC_REPRESENTATION_CONTEXT(3)
GLOBAL_UNCERTAINTY_ASSIGNED_CONTEXT((#8546))
GLOBAL_UNIT_ASSIGNED_CONTEXT((#8549,#8551,#8552))
REPRESENTATION_CONTEXT('','3D')
);
#8549=(
LENGTH_UNIT()
NAMED_UNIT(*)
SI_UNIT(.MILLI.,.METRE.)
);
#8550=(
LENGTH_UNIT()
NAMED_UNIT(*)
SI_UNIT($,.METRE.)
);
#8551=(
NAMED_UNIT(*)
PLANE_ANGLE_UNIT()
SI_UNIT($,.RADIAN.)
);
#8552=(
NAMED_UNIT(*)
SI_UNIT($,.STERADIAN.)
SOLID_ANGLE_UNIT()
);
#8553=SHAPE_DEFINITION_REPRESENTATION(#8554,#8555);
#8554=PRODUCT_DEFINITION_SHAPE('',$,#8557);
#8555=SHAPE_REPRESENTATION('',(#4751),#8547);
#8556=PRODUCT_DEFINITION_CONTEXT('part definition',#8561,'design');
#8557=PRODUCT_DEFINITION('2026-04-22-11-22-44-628',
'Fume Extractor_Case2',#8558,#8556);
#8558=PRODUCT_DEFINITION_FORMATION('',$,#8563);
#8559=PRODUCT_RELATED_PRODUCT_CATEGORY('Fume Extractor_Case2',
'Fume Extractor_Case2',(#8563));
#8560=APPLICATION_PROTOCOL_DEFINITION('international standard',
'automotive_design',2009,#8561);
#8561=APPLICATION_CONTEXT(
'Core Data for Automotive Mechanical Design Process');
#8562=PRODUCT_CONTEXT('part definition',#8561,'mechanical');
#8563=PRODUCT('2026-04-22-11-22-44-628','Fume Extractor_Case2',$,(#8562));
#8564=PRESENTATION_STYLE_ASSIGNMENT((#8565));
#8565=SURFACE_STYLE_USAGE(.BOTH.,#8566);
#8566=SURFACE_SIDE_STYLE('',(#8567));
#8567=SURFACE_STYLE_FILL_AREA(#8568);
#8568=FILL_AREA_STYLE('Steel - Satin',(#8569));
#8569=FILL_AREA_STYLE_COLOUR('Steel - Satin',#8570);
#8570=COLOUR_RGB('Steel - Satin',0.627450980392157,0.627450980392157,0.627450980392157);
ENDSEC;
END-ISO-10303-21;
