ISO-10303-21;
HEADER;
/* Generated by software containing ST-Developer
 * from STEP Tools, Inc. (www.steptools.com) 
 */

FILE_DESCRIPTION(
/* description */ (''),
/* implementation_level */ '2;1');

FILE_NAME(
/* name */ 'Fume Extractor_Blade.step',
/* time_stamp */ '2026-04-22T11:25:20+08:00',
/* author */ (''),
/* organization */ (''),
/* preprocessor_version */ 'ST-DEVELOPER v20.1',
/* originating_system */ 'Autodesk Translation Framework v15.8.0.0',
/* authorisation */ '');

FILE_SCHEMA (('AUTOMOTIVE_DESIGN { 1 0 10303 214 3 1 1 }'));
ENDSEC;

DATA;
#10=MECHANICAL_DESIGN_GEOMETRIC_PRESENTATION_REPRESENTATION('',(#13),#6522);
#11=SHAPE_REPRESENTATION_RELATIONSHIP('SRR','None',#6529,#12);
#12=ADVANCED_BREP_SHAPE_REPRESENTATION('',(#14),#6521);
#13=STYLED_ITEM('',(#6538),#14);
#14=MANIFOLD_SOLID_BREP('Body1',#2026);
#15=LINE('',#3234,#52);
#16=LINE('',#3527,#53);
#17=LINE('',#3533,#54);
#18=LINE('',#3555,#55);
#19=LINE('',#3578,#56);
#20=LINE('',#3698,#57);
#21=LINE('',#3745,#58);
#22=LINE('',#4047,#59);
#23=LINE('',#4053,#60);
#24=LINE('',#4075,#61);
#25=LINE('',#4098,#62);
#26=LINE('',#4218,#63);
#27=LINE('',#4265,#64);
#28=LINE('',#4567,#65);
#29=LINE('',#4573,#66);
#30=LINE('',#4595,#67);
#31=LINE('',#4618,#68);
#32=LINE('',#4738,#69);
#33=LINE('',#4785,#70);
#34=LINE('',#5087,#71);
#35=LINE('',#5093,#72);
#36=LINE('',#5115,#73);
#37=LINE('',#5138,#74);
#38=LINE('',#5258,#75);
#39=LINE('',#5305,#76);
#40=LINE('',#5607,#77);
#41=LINE('',#5613,#78);
#42=LINE('',#5635,#79);
#43=LINE('',#5658,#80);
#44=LINE('',#5778,#81);
#45=LINE('',#5825,#82);
#46=LINE('',#6121,#83);
#47=LINE('',#6127,#84);
#48=LINE('',#6149,#85);
#49=LINE('',#6172,#86);
#50=LINE('',#6292,#87);
#51=LINE('',#6339,#88);
#52=VECTOR('',#2137,0.75);
#53=VECTOR('',#2182,10.);
#54=VECTOR('',#2183,10.);
#55=VECTOR('',#2184,10.);
#56=VECTOR('',#2185,10.);
#57=VECTOR('',#2186,10.);
#58=VECTOR('',#2187,10.);
#59=VECTOR('',#2192,10.);
#60=VECTOR('',#2193,10.);
#61=VECTOR('',#2194,10.);
#62=VECTOR('',#2195,10.);
#63=VECTOR('',#2196,10.);
#64=VECTOR('',#2197,10.);
#65=VECTOR('',#2202,10.);
#66=VECTOR('',#2203,10.);
#67=VECTOR('',#2204,10.);
#68=VECTOR('',#2205,10.);
#69=VECTOR('',#2206,10.);
#70=VECTOR('',#2207,10.);
#71=VECTOR('',#2212,10.);
#72=VECTOR('',#2213,10.);
#73=VECTOR('',#2214,10.);
#74=VECTOR('',#2215,10.);
#75=VECTOR('',#2216,10.);
#76=VECTOR('',#2217,10.);
#77=VECTOR('',#2222,10.);
#78=VECTOR('',#2223,10.);
#79=VECTOR('',#2224,10.);
#80=VECTOR('',#2225,10.);
#81=VECTOR('',#2226,10.);
#82=VECTOR('',#2227,10.);
#83=VECTOR('',#2232,10.);
#84=VECTOR('',#2233,10.);
#85=VECTOR('',#2234,10.);
#86=VECTOR('',#2235,10.);
#87=VECTOR('',#2236,10.);
#88=VECTOR('',#2237,10.);
#89=CYLINDRICAL_SURFACE('',#2060,0.75);
#90=CYLINDRICAL_SURFACE('',#2062,10.);
#91=CYLINDRICAL_SURFACE('',#2064,10.);
#92=CYLINDRICAL_SURFACE('',#2066,10.);
#93=CYLINDRICAL_SURFACE('',#2068,10.);
#94=CYLINDRICAL_SURFACE('',#2070,10.);
#95=CYLINDRICAL_SURFACE('',#2072,10.);
#96=CYLINDRICAL_SURFACE('',#2081,10.);
#97=CYLINDRICAL_SURFACE('',#2082,50.);
#98=CYLINDRICAL_SURFACE('',#2083,10.);
#99=CYLINDRICAL_SURFACE('',#2084,50.);
#100=CYLINDRICAL_SURFACE('',#2085,10.);
#101=CYLINDRICAL_SURFACE('',#2086,50.);
#102=CYLINDRICAL_SURFACE('',#2087,10.);
#103=CYLINDRICAL_SURFACE('',#2088,50.);
#104=CYLINDRICAL_SURFACE('',#2089,10.);
#105=CYLINDRICAL_SURFACE('',#2090,50.);
#106=CYLINDRICAL_SURFACE('',#2091,10.);
#107=CYLINDRICAL_SURFACE('',#2092,50.);
#108=FACE_BOUND('',#258,.T.);
#109=FACE_BOUND('',#277,.T.);
#110=PLANE('',#2043);
#111=PLANE('',#2074);
#112=CIRCLE('',#2041,9.);
#113=CIRCLE('',#2042,10.);
#114=CIRCLE('',#2044,9.);
#115=CIRCLE('',#2045,9.);
#116=CIRCLE('',#2046,9.);
#117=CIRCLE('',#2047,9.);
#118=CIRCLE('',#2048,9.);
#119=CIRCLE('',#2049,0.75);
#120=CIRCLE('',#2051,10.);
#121=CIRCLE('',#2053,10.);
#122=CIRCLE('',#2055,10.);
#123=CIRCLE('',#2057,10.);
#124=CIRCLE('',#2059,10.);
#125=CIRCLE('',#2061,0.75);
#126=CIRCLE('',#2063,10.);
#127=CIRCLE('',#2065,10.);
#128=CIRCLE('',#2067,10.);
#129=CIRCLE('',#2069,10.);
#130=CIRCLE('',#2071,10.);
#131=CIRCLE('',#2073,10.);
#132=CIRCLE('',#2075,10.);
#133=CIRCLE('',#2076,10.);
#134=CIRCLE('',#2077,10.);
#135=CIRCLE('',#2078,10.);
#136=CIRCLE('',#2079,10.);
#137=CIRCLE('',#2080,10.);
#138=TOROIDAL_SURFACE('',#2040,9.,1.);
#139=TOROIDAL_SURFACE('',#2050,9.,1.);
#140=TOROIDAL_SURFACE('',#2052,9.,1.);
#141=TOROIDAL_SURFACE('',#2054,9.,1.);
#142=TOROIDAL_SURFACE('',#2056,9.,1.);
#143=TOROIDAL_SURFACE('',#2058,9.,1.);
#144=FACE_OUTER_BOUND('',#255,.T.);
#145=FACE_OUTER_BOUND('',#256,.T.);
#146=FACE_OUTER_BOUND('',#257,.T.);
#147=FACE_OUTER_BOUND('',#259,.T.);
#148=FACE_OUTER_BOUND('',#260,.T.);
#149=FACE_OUTER_BOUND('',#261,.T.);
#150=FACE_OUTER_BOUND('',#262,.T.);
#151=FACE_OUTER_BOUND('',#263,.T.);
#152=FACE_OUTER_BOUND('',#264,.T.);
#153=FACE_OUTER_BOUND('',#265,.T.);
#154=FACE_OUTER_BOUND('',#266,.T.);
#155=FACE_OUTER_BOUND('',#267,.T.);
#156=FACE_OUTER_BOUND('',#268,.T.);
#157=FACE_OUTER_BOUND('',#269,.T.);
#158=FACE_OUTER_BOUND('',#270,.T.);
#159=FACE_OUTER_BOUND('',#271,.T.);
#160=FACE_OUTER_BOUND('',#272,.T.);
#161=FACE_OUTER_BOUND('',#273,.T.);
#162=FACE_OUTER_BOUND('',#274,.T.);
#163=FACE_OUTER_BOUND('',#275,.T.);
#164=FACE_OUTER_BOUND('',#276,.T.);
#165=FACE_OUTER_BOUND('',#278,.T.);
#166=FACE_OUTER_BOUND('',#279,.T.);
#167=FACE_OUTER_BOUND('',#280,.T.);
#168=FACE_OUTER_BOUND('',#281,.T.);
#169=FACE_OUTER_BOUND('',#282,.T.);
#170=FACE_OUTER_BOUND('',#283,.T.);
#171=FACE_OUTER_BOUND('',#284,.T.);
#172=FACE_OUTER_BOUND('',#285,.T.);
#173=FACE_OUTER_BOUND('',#286,.T.);
#174=FACE_OUTER_BOUND('',#287,.T.);
#175=FACE_OUTER_BOUND('',#288,.T.);
#176=FACE_OUTER_BOUND('',#289,.T.);
#177=FACE_OUTER_BOUND('',#290,.T.);
#178=FACE_OUTER_BOUND('',#291,.T.);
#179=FACE_OUTER_BOUND('',#292,.T.);
#180=FACE_OUTER_BOUND('',#293,.T.);
#181=FACE_OUTER_BOUND('',#294,.T.);
#182=FACE_OUTER_BOUND('',#295,.T.);
#183=FACE_OUTER_BOUND('',#296,.T.);
#184=FACE_OUTER_BOUND('',#297,.T.);
#185=FACE_OUTER_BOUND('',#298,.T.);
#186=FACE_OUTER_BOUND('',#299,.T.);
#187=FACE_OUTER_BOUND('',#300,.T.);
#188=FACE_OUTER_BOUND('',#301,.T.);
#189=FACE_OUTER_BOUND('',#302,.T.);
#190=FACE_OUTER_BOUND('',#303,.T.);
#191=FACE_OUTER_BOUND('',#304,.T.);
#192=FACE_OUTER_BOUND('',#305,.T.);
#193=FACE_OUTER_BOUND('',#306,.T.);
#194=FACE_OUTER_BOUND('',#307,.T.);
#195=FACE_OUTER_BOUND('',#308,.T.);
#196=FACE_OUTER_BOUND('',#309,.T.);
#197=FACE_OUTER_BOUND('',#310,.T.);
#198=FACE_OUTER_BOUND('',#311,.T.);
#199=FACE_OUTER_BOUND('',#312,.T.);
#200=FACE_OUTER_BOUND('',#313,.T.);
#201=FACE_OUTER_BOUND('',#314,.T.);
#202=FACE_OUTER_BOUND('',#315,.T.);
#203=FACE_OUTER_BOUND('',#316,.T.);
#204=FACE_OUTER_BOUND('',#317,.T.);
#205=FACE_OUTER_BOUND('',#318,.T.);
#206=FACE_OUTER_BOUND('',#319,.T.);
#207=FACE_OUTER_BOUND('',#320,.T.);
#208=FACE_OUTER_BOUND('',#321,.T.);
#209=FACE_OUTER_BOUND('',#322,.T.);
#210=FACE_OUTER_BOUND('',#323,.T.);
#211=FACE_OUTER_BOUND('',#324,.T.);
#212=FACE_OUTER_BOUND('',#325,.T.);
#213=FACE_OUTER_BOUND('',#326,.T.);
#214=FACE_OUTER_BOUND('',#327,.T.);
#215=FACE_OUTER_BOUND('',#328,.T.);
#216=FACE_OUTER_BOUND('',#329,.T.);
#217=FACE_OUTER_BOUND('',#330,.T.);
#218=FACE_OUTER_BOUND('',#331,.T.);
#219=FACE_OUTER_BOUND('',#332,.T.);
#220=FACE_OUTER_BOUND('',#333,.T.);
#221=FACE_OUTER_BOUND('',#334,.T.);
#222=FACE_OUTER_BOUND('',#335,.T.);
#223=FACE_OUTER_BOUND('',#336,.T.);
#224=FACE_OUTER_BOUND('',#337,.T.);
#225=FACE_OUTER_BOUND('',#338,.T.);
#226=FACE_OUTER_BOUND('',#339,.T.);
#227=FACE_OUTER_BOUND('',#340,.T.);
#228=FACE_OUTER_BOUND('',#341,.T.);
#229=FACE_OUTER_BOUND('',#342,.T.);
#230=FACE_OUTER_BOUND('',#343,.T.);
#231=FACE_OUTER_BOUND('',#344,.T.);
#232=FACE_OUTER_BOUND('',#345,.T.);
#233=FACE_OUTER_BOUND('',#346,.T.);
#234=FACE_OUTER_BOUND('',#347,.T.);
#235=FACE_OUTER_BOUND('',#348,.T.);
#236=FACE_OUTER_BOUND('',#349,.T.);
#237=FACE_OUTER_BOUND('',#350,.T.);
#238=FACE_OUTER_BOUND('',#351,.T.);
#239=FACE_OUTER_BOUND('',#352,.T.);
#240=FACE_OUTER_BOUND('',#353,.T.);
#241=FACE_OUTER_BOUND('',#354,.T.);
#242=FACE_OUTER_BOUND('',#355,.T.);
#243=FACE_OUTER_BOUND('',#356,.T.);
#244=FACE_OUTER_BOUND('',#357,.T.);
#245=FACE_OUTER_BOUND('',#358,.T.);
#246=FACE_OUTER_BOUND('',#359,.T.);
#247=FACE_OUTER_BOUND('',#360,.T.);
#248=FACE_OUTER_BOUND('',#361,.T.);
#249=FACE_OUTER_BOUND('',#362,.T.);
#250=FACE_OUTER_BOUND('',#363,.T.);
#251=FACE_OUTER_BOUND('',#364,.T.);
#252=FACE_OUTER_BOUND('',#365,.T.);
#253=FACE_OUTER_BOUND('',#366,.T.);
#254=FACE_OUTER_BOUND('',#367,.T.);
#255=EDGE_LOOP('',(#1177,#1178,#1179,#1180,#1181,#1182));
#256=EDGE_LOOP('',(#1183,#1184,#1185,#1186,#1187,#1188));
#257=EDGE_LOOP('',(#1189,#1190,#1191,#1192,#1193,#1194,#1195,#1196,#1197,
#1198,#1199,#1200,#1201,#1202,#1203,#1204,#1205,#1206,#1207,#1208,#1209,
#1210,#1211,#1212,#1213,#1214,#1215,#1216,#1217,#1218,#1219,#1220,#1221,
#1222,#1223,#1224,#1225,#1226,#1227,#1228,#1229,#1230,#1231,#1232,#1233,
#1234,#1235,#1236,#1237,#1238,#1239,#1240,#1241,#1242));
#258=EDGE_LOOP('',(#1243));
#259=EDGE_LOOP('',(#1244,#1245,#1246,#1247,#1248,#1249));
#260=EDGE_LOOP('',(#1250,#1251,#1252,#1253,#1254,#1255));
#261=EDGE_LOOP('',(#1256,#1257,#1258,#1259,#1260,#1261));
#262=EDGE_LOOP('',(#1262,#1263,#1264,#1265,#1266,#1267));
#263=EDGE_LOOP('',(#1268,#1269,#1270,#1271,#1272,#1273));
#264=EDGE_LOOP('',(#1274,#1275,#1276,#1277,#1278,#1279));
#265=EDGE_LOOP('',(#1280,#1281,#1282,#1283,#1284,#1285));
#266=EDGE_LOOP('',(#1286,#1287,#1288,#1289,#1290,#1291));
#267=EDGE_LOOP('',(#1292,#1293,#1294,#1295,#1296,#1297));
#268=EDGE_LOOP('',(#1298,#1299,#1300,#1301,#1302,#1303));
#269=EDGE_LOOP('',(#1304,#1305,#1306,#1307));
#270=EDGE_LOOP('',(#1308,#1309,#1310,#1311,#1312));
#271=EDGE_LOOP('',(#1313,#1314,#1315,#1316,#1317));
#272=EDGE_LOOP('',(#1318,#1319,#1320,#1321,#1322));
#273=EDGE_LOOP('',(#1323,#1324,#1325,#1326,#1327));
#274=EDGE_LOOP('',(#1328,#1329,#1330,#1331,#1332));
#275=EDGE_LOOP('',(#1333,#1334,#1335,#1336,#1337));
#276=EDGE_LOOP('',(#1338,#1339,#1340,#1341,#1342,#1343,#1344,#1345,#1346,
#1347,#1348,#1349));
#277=EDGE_LOOP('',(#1350));
#278=EDGE_LOOP('',(#1351,#1352,#1353,#1354));
#279=EDGE_LOOP('',(#1355,#1356,#1357,#1358,#1359,#1360,#1361,#1362));
#280=EDGE_LOOP('',(#1363,#1364,#1365,#1366));
#281=EDGE_LOOP('',(#1367,#1368,#1369,#1370));
#282=EDGE_LOOP('',(#1371,#1372,#1373,#1374));
#283=EDGE_LOOP('',(#1375,#1376,#1377,#1378,#1379));
#284=EDGE_LOOP('',(#1380,#1381,#1382,#1383,#1384));
#285=EDGE_LOOP('',(#1385,#1386,#1387));
#286=EDGE_LOOP('',(#1388,#1389,#1390,#1391,#1392));
#287=EDGE_LOOP('',(#1393,#1394,#1395,#1396,#1397));
#288=EDGE_LOOP('',(#1398,#1399,#1400,#1401));
#289=EDGE_LOOP('',(#1402,#1403,#1404,#1405,#1406,#1407,#1408,#1409,#1410,
#1411,#1412,#1413));
#290=EDGE_LOOP('',(#1414,#1415,#1416,#1417));
#291=EDGE_LOOP('',(#1418,#1419,#1420,#1421,#1422,#1423,#1424,#1425,#1426));
#292=EDGE_LOOP('',(#1427,#1428,#1429,#1430));
#293=EDGE_LOOP('',(#1431,#1432,#1433,#1434));
#294=EDGE_LOOP('',(#1435,#1436,#1437,#1438,#1439,#1440,#1441,#1442));
#295=EDGE_LOOP('',(#1443,#1444,#1445,#1446));
#296=EDGE_LOOP('',(#1447,#1448,#1449,#1450));
#297=EDGE_LOOP('',(#1451,#1452,#1453,#1454));
#298=EDGE_LOOP('',(#1455,#1456,#1457,#1458,#1459));
#299=EDGE_LOOP('',(#1460,#1461,#1462,#1463,#1464));
#300=EDGE_LOOP('',(#1465,#1466,#1467));
#301=EDGE_LOOP('',(#1468,#1469,#1470,#1471,#1472));
#302=EDGE_LOOP('',(#1473,#1474,#1475,#1476,#1477));
#303=EDGE_LOOP('',(#1478,#1479,#1480,#1481));
#304=EDGE_LOOP('',(#1482,#1483,#1484,#1485,#1486,#1487,#1488,#1489,#1490,
#1491,#1492,#1493));
#305=EDGE_LOOP('',(#1494,#1495,#1496,#1497));
#306=EDGE_LOOP('',(#1498,#1499,#1500,#1501,#1502,#1503,#1504,#1505,#1506));
#307=EDGE_LOOP('',(#1507,#1508,#1509,#1510));
#308=EDGE_LOOP('',(#1511,#1512,#1513,#1514));
#309=EDGE_LOOP('',(#1515,#1516,#1517,#1518,#1519,#1520,#1521,#1522));
#310=EDGE_LOOP('',(#1523,#1524,#1525,#1526));
#311=EDGE_LOOP('',(#1527,#1528,#1529,#1530));
#312=EDGE_LOOP('',(#1531,#1532,#1533,#1534));
#313=EDGE_LOOP('',(#1535,#1536,#1537,#1538,#1539));
#314=EDGE_LOOP('',(#1540,#1541,#1542,#1543,#1544));
#315=EDGE_LOOP('',(#1545,#1546,#1547));
#316=EDGE_LOOP('',(#1548,#1549,#1550,#1551,#1552));
#317=EDGE_LOOP('',(#1553,#1554,#1555,#1556,#1557));
#318=EDGE_LOOP('',(#1558,#1559,#1560,#1561));
#319=EDGE_LOOP('',(#1562,#1563,#1564,#1565,#1566,#1567,#1568,#1569,#1570,
#1571,#1572,#1573));
#320=EDGE_LOOP('',(#1574,#1575,#1576,#1577));
#321=EDGE_LOOP('',(#1578,#1579,#1580,#1581,#1582,#1583,#1584,#1585,#1586));
#322=EDGE_LOOP('',(#1587,#1588,#1589,#1590));
#323=EDGE_LOOP('',(#1591,#1592,#1593,#1594));
#324=EDGE_LOOP('',(#1595,#1596,#1597,#1598,#1599,#1600,#1601,#1602));
#325=EDGE_LOOP('',(#1603,#1604,#1605,#1606));
#326=EDGE_LOOP('',(#1607,#1608,#1609,#1610));
#327=EDGE_LOOP('',(#1611,#1612,#1613,#1614));
#328=EDGE_LOOP('',(#1615,#1616,#1617,#1618,#1619));
#329=EDGE_LOOP('',(#1620,#1621,#1622,#1623,#1624));
#330=EDGE_LOOP('',(#1625,#1626,#1627));
#331=EDGE_LOOP('',(#1628,#1629,#1630,#1631,#1632));
#332=EDGE_LOOP('',(#1633,#1634,#1635,#1636,#1637));
#333=EDGE_LOOP('',(#1638,#1639,#1640,#1641));
#334=EDGE_LOOP('',(#1642,#1643,#1644,#1645,#1646,#1647,#1648,#1649,#1650,
#1651,#1652,#1653));
#335=EDGE_LOOP('',(#1654,#1655,#1656,#1657));
#336=EDGE_LOOP('',(#1658,#1659,#1660,#1661,#1662,#1663,#1664,#1665,#1666));
#337=EDGE_LOOP('',(#1667,#1668,#1669,#1670));
#338=EDGE_LOOP('',(#1671,#1672,#1673,#1674));
#339=EDGE_LOOP('',(#1675,#1676,#1677,#1678,#1679,#1680,#1681,#1682));
#340=EDGE_LOOP('',(#1683,#1684,#1685,#1686));
#341=EDGE_LOOP('',(#1687,#1688,#1689,#1690));
#342=EDGE_LOOP('',(#1691,#1692,#1693,#1694));
#343=EDGE_LOOP('',(#1695,#1696,#1697,#1698,#1699));
#344=EDGE_LOOP('',(#1700,#1701,#1702,#1703,#1704));
#345=EDGE_LOOP('',(#1705,#1706,#1707));
#346=EDGE_LOOP('',(#1708,#1709,#1710,#1711,#1712));
#347=EDGE_LOOP('',(#1713,#1714,#1715,#1716,#1717));
#348=EDGE_LOOP('',(#1718,#1719,#1720,#1721));
#349=EDGE_LOOP('',(#1722,#1723,#1724,#1725,#1726,#1727,#1728,#1729,#1730,
#1731,#1732,#1733));
#350=EDGE_LOOP('',(#1734,#1735,#1736,#1737));
#351=EDGE_LOOP('',(#1738,#1739,#1740,#1741,#1742,#1743,#1744,#1745,#1746));
#352=EDGE_LOOP('',(#1747,#1748,#1749,#1750));
#353=EDGE_LOOP('',(#1751,#1752,#1753,#1754));
#354=EDGE_LOOP('',(#1755,#1756,#1757,#1758,#1759,#1760,#1761,#1762));
#355=EDGE_LOOP('',(#1763,#1764,#1765,#1766));
#356=EDGE_LOOP('',(#1767,#1768,#1769,#1770));
#357=EDGE_LOOP('',(#1771,#1772,#1773,#1774));
#358=EDGE_LOOP('',(#1775,#1776,#1777,#1778,#1779));
#359=EDGE_LOOP('',(#1780,#1781,#1782,#1783,#1784));
#360=EDGE_LOOP('',(#1785,#1786,#1787));
#361=EDGE_LOOP('',(#1788,#1789,#1790,#1791,#1792));
#362=EDGE_LOOP('',(#1793,#1794,#1795,#1796,#1797));
#363=EDGE_LOOP('',(#1798,#1799,#1800,#1801));
#364=EDGE_LOOP('',(#1802,#1803,#1804,#1805,#1806,#1807,#1808,#1809,#1810,
#1811,#1812,#1813));
#365=EDGE_LOOP('',(#1814,#1815,#1816,#1817));
#366=EDGE_LOOP('',(#1818,#1819,#1820,#1821,#1822,#1823,#1824,#1825,#1826));
#367=EDGE_LOOP('',(#1827,#1828,#1829,#1830));
#368=B_SPLINE_CURVE_WITH_KNOTS('',3,(#2257,#2258,#2259,#2260),
 .UNSPECIFIED.,.F.,.F.,(4,4),(-0.846566762555431,-0.824733464512027),
 .UNSPECIFIED.);
#369=B_SPLINE_CURVE_WITH_KNOTS('',3,(#2262,#2263,#2264,#2265,#2266,#2267,
#2268,#2269,#2270,#2271,#2272,#2273,#2274,#2275,#2276,#2277,#2278,#2279,
#2280),.UNSPECIFIED.,.F.,.F.,(4,3,3,3,3,3,4),(-0.293830339631347,-0.288700671755925,
-0.268009094543077,-0.266890316117665,-0.241230314028107,-0.23860133099485,
-0.23564101608404),.UNSPECIFIED.);
#370=B_SPLINE_CURVE_WITH_KNOTS('',3,(#2282,#2283,#2284,#2285),
 .UNSPECIFIED.,.F.,.F.,(4,4),(3.37261042851877,3.41715430573451),
 .UNSPECIFIED.);
#371=B_SPLINE_CURVE_WITH_KNOTS('',3,(#2287,#2288,#2289,#2290),
 .UNSPECIFIED.,.F.,.F.,(4,4),(0.0150068677845174,0.11594791379702),
 .UNSPECIFIED.);
#372=B_SPLINE_CURVE_WITH_KNOTS('',3,(#2292,#2293,#2294,#2295),
 .UNSPECIFIED.,.F.,.F.,(4,4),(-0.486202402187752,0.),.UNSPECIFIED.);
#373=B_SPLINE_CURVE_WITH_KNOTS('',3,(#2296,#2297,#2298,#2299),
 .UNSPECIFIED.,.F.,.F.,(4,4),(0.508621699023501,0.586056581141375),
 .UNSPECIFIED.);
#374=B_SPLINE_CURVE_WITH_KNOTS('',3,(#2302,#2303,#2304,#2305,#2306,#2307,
#2308,#2309,#2310,#2311,#2312,#2313,#2314),.UNSPECIFIED.,.F.,.F.,(4,3,3,
3,4),(-0.32161032935313,-0.318107377211742,-0.3118418263322,-0.310716155161909,
-0.293830339631347),.UNSPECIFIED.);
#375=B_SPLINE_CURVE_WITH_KNOTS('',3,(#2318,#2319,#2320,#2321,#2322,#2323,
#2324,#2325,#2326,#2327,#2328,#2329,#2330,#2331,#2332,#2333,#2334,#2335,
#2336,#2337,#2338,#2339,#2340,#2341,#2342,#2343,#2344,#2345,#2346,#2347,
#2348),.UNSPECIFIED.,.F.,.F.,(4,3,3,3,3,3,3,3,3,3,4),(-0.46409530977692,
-0.43532999334952,-0.427550855818694,-0.404393287108025,-0.390508840950904,
-0.369316153687527,-0.350444966672584,-0.328282229579306,-0.324954624037271,
-0.304995595196591,-0.302803300828878),.UNSPECIFIED.);
#376=B_SPLINE_CURVE_WITH_KNOTS('',3,(#2351,#2352,#2353,#2354,#2355,#2356,
#2357,#2358,#2359,#2360,#2361,#2362,#2363,#2364,#2365,#2366,#2367,#2368,
#2369),.UNSPECIFIED.,.F.,.F.,(4,3,3,3,3,3,4),(-0.624457698567833,-0.614176925990435,
-0.592732763267692,-0.577623432884101,-0.55037794111432,-0.537695078473882,
-0.52497439877217),.UNSPECIFIED.);
#377=B_SPLINE_CURVE_WITH_KNOTS('',3,(#2372,#2373,#2374,#2375),
 .UNSPECIFIED.,.F.,.F.,(4,4),(0.193614323041537,0.293855306097084),
 .UNSPECIFIED.);
#378=B_SPLINE_CURVE_WITH_KNOTS('',3,(#2376,#2377,#2378,#2379,#2380,#2381,
#2382),.UNSPECIFIED.,.F.,.F.,(4,3,4),(0.586056869446738,0.598536746439848,
0.605862201765751),.UNSPECIFIED.);
#379=B_SPLINE_CURVE_WITH_KNOTS('',3,(#2384,#2385,#2386,#2387,#2388,#2389,
#2390,#2391),.UNSPECIFIED.,.F.,.F.,(4,2,2,4),(-3.73612082129072,-3.11661646908475,
-1.92105400999323,-0.485217061319789),.UNSPECIFIED.);
#380=B_SPLINE_CURVE_WITH_KNOTS('',3,(#2393,#2394,#2395,#2396,#2397,#2398,
#2399),.UNSPECIFIED.,.F.,.F.,(4,3,4),(-0.218752809702285,-0.109434737824954,
0.),.UNSPECIFIED.);
#381=B_SPLINE_CURVE_WITH_KNOTS('',3,(#2401,#2402,#2403,#2404),
 .UNSPECIFIED.,.F.,.F.,(4,4),(-0.176748235282655,-0.0323395128901652),
 .UNSPECIFIED.);
#382=B_SPLINE_CURVE_WITH_KNOTS('',3,(#2406,#2407,#2408,#2409,#2410,#2411,
#2412,#2413),.UNSPECIFIED.,.F.,.F.,(4,2,2,4),(-3.960540131576,-3.26582759672235,
-2.07450140022746,-0.105738830483384),.UNSPECIFIED.);
#383=B_SPLINE_CURVE_WITH_KNOTS('',3,(#2415,#2416,#2417,#2418),
 .UNSPECIFIED.,.F.,.F.,(4,4),(0.236234896676239,0.33645617985945),
 .UNSPECIFIED.);
#384=B_SPLINE_CURVE_WITH_KNOTS('',3,(#2422,#2423,#2424,#2425,#2426,#2427,
#2428),.UNSPECIFIED.,.F.,.F.,(4,3,4),(0.755375956224637,0.768284066896762,
0.775865330665162),.UNSPECIFIED.);
#385=B_SPLINE_CURVE_WITH_KNOTS('',3,(#2430,#2431,#2432,#2433),
 .UNSPECIFIED.,.F.,.F.,(4,4),(0.675499578139947,0.755375766584444),
 .UNSPECIFIED.);
#386=B_SPLINE_CURVE_WITH_KNOTS('',3,(#2435,#2436,#2437,#2438),
 .UNSPECIFIED.,.F.,.F.,(4,4),(-0.486202402187752,0.),.UNSPECIFIED.);
#387=B_SPLINE_CURVE_WITH_KNOTS('',3,(#2440,#2441,#2442,#2443,#2444,#2445,
#2446,#2447),.UNSPECIFIED.,.F.,.F.,(4,2,2,4),(-3.73612082129072,-3.11661646908475,
-1.92105400999323,-0.485217061319789),.UNSPECIFIED.);
#388=B_SPLINE_CURVE_WITH_KNOTS('',3,(#2449,#2450,#2451,#2452,#2453,#2454,
#2455),.UNSPECIFIED.,.F.,.F.,(4,3,4),(-0.218752809702285,-0.109434737824954,
0.),.UNSPECIFIED.);
#389=B_SPLINE_CURVE_WITH_KNOTS('',3,(#2457,#2458,#2459,#2460),
 .UNSPECIFIED.,.F.,.F.,(4,4),(-0.176748235282655,-0.0323395128901652),
 .UNSPECIFIED.);
#390=B_SPLINE_CURVE_WITH_KNOTS('',3,(#2462,#2463,#2464,#2465,#2466,#2467,
#2468,#2469),.UNSPECIFIED.,.F.,.F.,(4,2,2,4),(-3.960540131576,-3.26582759672235,
-2.07450140022746,-0.105738830483384),.UNSPECIFIED.);
#391=B_SPLINE_CURVE_WITH_KNOTS('',3,(#2471,#2472,#2473,#2474),
 .UNSPECIFIED.,.F.,.F.,(4,4),(0.150531148820236,0.250748222848057),
 .UNSPECIFIED.);
#392=B_SPLINE_CURVE_WITH_KNOTS('',3,(#2478,#2479,#2480,#2481,#2482,#2483,
#2484),.UNSPECIFIED.,.F.,.F.,(4,3,4),(0.804634068510377,0.817538171048526,
0.825117145692154),.UNSPECIFIED.);
#393=B_SPLINE_CURVE_WITH_KNOTS('',3,(#2486,#2487,#2488,#2489),
 .UNSPECIFIED.,.F.,.F.,(4,4),(0.724787105994581,0.804633931450422),
 .UNSPECIFIED.);
#394=B_SPLINE_CURVE_WITH_KNOTS('',3,(#2491,#2492,#2493,#2494),
 .UNSPECIFIED.,.F.,.F.,(4,4),(-0.486202402187752,0.),.UNSPECIFIED.);
#395=B_SPLINE_CURVE_WITH_KNOTS('',3,(#2496,#2497,#2498,#2499,#2500,#2501,
#2502,#2503),.UNSPECIFIED.,.F.,.F.,(4,2,2,4),(-3.73612082129072,-3.11661646908475,
-1.92105400999323,-0.485217061319789),.UNSPECIFIED.);
#396=B_SPLINE_CURVE_WITH_KNOTS('',3,(#2505,#2506,#2507,#2508,#2509,#2510,
#2511),.UNSPECIFIED.,.F.,.F.,(4,3,4),(-0.218752809702285,-0.109434737824954,
0.),.UNSPECIFIED.);
#397=B_SPLINE_CURVE_WITH_KNOTS('',3,(#2513,#2514,#2515,#2516),
 .UNSPECIFIED.,.F.,.F.,(4,4),(-0.176748235282655,-0.0323395128901652),
 .UNSPECIFIED.);
#398=B_SPLINE_CURVE_WITH_KNOTS('',3,(#2518,#2519,#2520,#2521,#2522,#2523,
#2524,#2525),.UNSPECIFIED.,.F.,.F.,(4,2,2,4),(-3.960540131576,-3.26582759672235,
-2.07450140022746,-0.105738830483384),.UNSPECIFIED.);
#399=B_SPLINE_CURVE_WITH_KNOTS('',3,(#2527,#2528,#2529,#2530),
 .UNSPECIFIED.,.F.,.F.,(4,4),(0.193614323041537,0.293855306097084),
 .UNSPECIFIED.);
#400=B_SPLINE_CURVE_WITH_KNOTS('',3,(#2534,#2535,#2536,#2537,#2538,#2539,
#2540),.UNSPECIFIED.,.F.,.F.,(4,3,4),(0.586056869446689,0.598536746439798,
0.605862201765699),.UNSPECIFIED.);
#401=B_SPLINE_CURVE_WITH_KNOTS('',3,(#2542,#2543,#2544,#2545),
 .UNSPECIFIED.,.F.,.F.,(4,4),(0.508621699023464,0.586056581141326),
 .UNSPECIFIED.);
#402=B_SPLINE_CURVE_WITH_KNOTS('',3,(#2547,#2548,#2549,#2550),
 .UNSPECIFIED.,.F.,.F.,(4,4),(-0.486202402187752,0.),.UNSPECIFIED.);
#403=B_SPLINE_CURVE_WITH_KNOTS('',3,(#2552,#2553,#2554,#2555,#2556,#2557,
#2558,#2559),.UNSPECIFIED.,.F.,.F.,(4,2,2,4),(-3.73612082129072,-3.11661646908475,
-1.92105400999323,-0.485217061319789),.UNSPECIFIED.);
#404=B_SPLINE_CURVE_WITH_KNOTS('',3,(#2561,#2562,#2563,#2564,#2565,#2566,
#2567),.UNSPECIFIED.,.F.,.F.,(4,3,4),(-0.218752809702285,-0.109434737824954,
0.),.UNSPECIFIED.);
#405=B_SPLINE_CURVE_WITH_KNOTS('',3,(#2569,#2570,#2571,#2572),
 .UNSPECIFIED.,.F.,.F.,(4,4),(-0.176748235282655,-0.0323395128901652),
 .UNSPECIFIED.);
#406=B_SPLINE_CURVE_WITH_KNOTS('',3,(#2574,#2575,#2576,#2577,#2578,#2579,
#2580,#2581),.UNSPECIFIED.,.F.,.F.,(4,2,2,4),(-3.960540131576,-3.26582759672235,
-2.07450140022746,-0.105738830483384),.UNSPECIFIED.);
#407=B_SPLINE_CURVE_WITH_KNOTS('',3,(#2583,#2584,#2585,#2586),
 .UNSPECIFIED.,.F.,.F.,(4,4),(0.236234896676238,0.336456179859448),
 .UNSPECIFIED.);
#408=B_SPLINE_CURVE_WITH_KNOTS('',3,(#2590,#2591,#2592,#2593,#2594,#2595,
#2596),.UNSPECIFIED.,.F.,.F.,(4,3,4),(0.755375956224639,0.768284066896764,
0.775865330665164),.UNSPECIFIED.);
#409=B_SPLINE_CURVE_WITH_KNOTS('',3,(#2598,#2599,#2600,#2601),
 .UNSPECIFIED.,.F.,.F.,(4,4),(0.675499578139948,0.755375766584447),
 .UNSPECIFIED.);
#410=B_SPLINE_CURVE_WITH_KNOTS('',3,(#2603,#2604,#2605,#2606),
 .UNSPECIFIED.,.F.,.F.,(4,4),(-0.486202402187752,0.),.UNSPECIFIED.);
#411=B_SPLINE_CURVE_WITH_KNOTS('',3,(#2608,#2609,#2610,#2611,#2612,#2613,
#2614,#2615),.UNSPECIFIED.,.F.,.F.,(4,2,2,4),(-3.73612082129072,-3.11661646908475,
-1.92105400999323,-0.485217061319789),.UNSPECIFIED.);
#412=B_SPLINE_CURVE_WITH_KNOTS('',3,(#2617,#2618,#2619,#2620,#2621,#2622,
#2623),.UNSPECIFIED.,.F.,.F.,(4,3,4),(-0.218752809702285,-0.109434737824954,
0.),.UNSPECIFIED.);
#413=B_SPLINE_CURVE_WITH_KNOTS('',3,(#2625,#2626,#2627,#2628),
 .UNSPECIFIED.,.F.,.F.,(4,4),(-0.176748235282655,-0.0323395128901652),
 .UNSPECIFIED.);
#414=B_SPLINE_CURVE_WITH_KNOTS('',3,(#2630,#2631,#2632,#2633,#2634,#2635,
#2636,#2637),.UNSPECIFIED.,.F.,.F.,(4,2,2,4),(-3.960540131576,-3.26582759672235,
-2.07450140022746,-0.105738830483384),.UNSPECIFIED.);
#415=B_SPLINE_CURVE_WITH_KNOTS('',3,(#2639,#2640,#2641,#2642),
 .UNSPECIFIED.,.F.,.F.,(4,4),(0.150531148820235,0.250748222848056),
 .UNSPECIFIED.);
#416=B_SPLINE_CURVE_WITH_KNOTS('',3,(#2646,#2647,#2648,#2649,#2650,#2651,
#2652),.UNSPECIFIED.,.F.,.F.,(4,3,4),(0.804634068510378,0.817538171048528,
0.825117145692156),.UNSPECIFIED.);
#417=B_SPLINE_CURVE_WITH_KNOTS('',3,(#2654,#2655,#2656,#2657),
 .UNSPECIFIED.,.F.,.F.,(4,4),(0.724787105994583,0.804633931450424),
 .UNSPECIFIED.);
#418=B_SPLINE_CURVE_WITH_KNOTS('',3,(#2659,#2660,#2661,#2662),
 .UNSPECIFIED.,.F.,.F.,(4,4),(-0.486202402187752,0.),.UNSPECIFIED.);
#419=B_SPLINE_CURVE_WITH_KNOTS('',3,(#2664,#2665,#2666,#2667,#2668,#2669,
#2670,#2671),.UNSPECIFIED.,.F.,.F.,(4,2,2,4),(-3.73612082129072,-3.11661646908475,
-1.92105400999323,-0.485217061319789),.UNSPECIFIED.);
#420=B_SPLINE_CURVE_WITH_KNOTS('',3,(#2673,#2674,#2675,#2676,#2677,#2678,
#2679),.UNSPECIFIED.,.F.,.F.,(4,3,4),(-0.218752809702285,-0.109434737824954,
0.),.UNSPECIFIED.);
#421=B_SPLINE_CURVE_WITH_KNOTS('',3,(#2681,#2682,#2683,#2684),
 .UNSPECIFIED.,.F.,.F.,(4,4),(-0.176748235282655,-0.0323395128901652),
 .UNSPECIFIED.);
#422=B_SPLINE_CURVE_WITH_KNOTS('',3,(#2685,#2686,#2687,#2688,#2689,#2690,
#2691,#2692),.UNSPECIFIED.,.F.,.F.,(4,2,2,4),(-3.960540131576,-3.26582759672235,
-2.07450140022746,-0.105738830483384),.UNSPECIFIED.);
#423=B_SPLINE_CURVE_WITH_KNOTS('',3,(#2712,#2713,#2714,#2715),
 .UNSPECIFIED.,.F.,.F.,(4,4),(-0.846566762555424,-0.824733464512024),
 .UNSPECIFIED.);
#424=B_SPLINE_CURVE_WITH_KNOTS('',3,(#2717,#2718,#2719,#2720,#2721,#2722,
#2723,#2724,#2725,#2726,#2727,#2728,#2729),.UNSPECIFIED.,.F.,.F.,(4,3,3,
3,4),(-0.306830314980028,-0.298841182955505,-0.277783452143785,-0.276411269623323,
-0.248858463454147),.UNSPECIFIED.);
#425=B_SPLINE_CURVE_WITH_KNOTS('',3,(#2731,#2732,#2733,#2734),
 .UNSPECIFIED.,.F.,.F.,(4,4),(3.37261062189891,3.41715458312699),
 .UNSPECIFIED.);
#426=B_SPLINE_CURVE_WITH_KNOTS('',3,(#2735,#2736,#2737,#2738),
 .UNSPECIFIED.,.F.,.F.,(4,4),(0.0150068677845174,0.11594791379702),
 .UNSPECIFIED.);
#427=B_SPLINE_CURVE_WITH_KNOTS('',3,(#2740,#2741,#2742,#2743,#2744,#2745,
#2746,#2747),.UNSPECIFIED.,.F.,.F.,(4,2,2,4),(-0.334825500302746,-0.330321991628067,
-0.320644495864571,-0.306830314980028),.UNSPECIFIED.);
#428=B_SPLINE_CURVE_WITH_KNOTS('',3,(#2749,#2750,#2751,#2752,#2753,#2754,
#2755,#2756,#2757,#2758,#2759,#2760,#2761,#2762,#2763,#2764,#2765,#2766,
#2767,#2768,#2769,#2770,#2771,#2772,#2773,#2774,#2775,#2776),
 .UNSPECIFIED.,.F.,.F.,(4,3,3,3,3,3,3,3,3,4),(-0.435573021942799,-0.410428986101975,
-0.386051202086662,-0.372389555722841,-0.350975108250136,-0.332000197909826,
-0.31040780965305,-0.303078699866297,-0.282040528670191,-0.274264088121429),
 .UNSPECIFIED.);
#429=B_SPLINE_CURVE_WITH_KNOTS('',3,(#2779,#2780,#2781,#2782,#2783,#2784,
#2785,#2786,#2787,#2788,#2789,#2790,#2791,#2792,#2793,#2794,#2795,#2796,
#2797),.UNSPECIFIED.,.F.,.F.,(4,3,3,3,3,3,4),(-0.636050320848164,-0.621500400577995,
-0.599694066271888,-0.584589078363281,-0.556497174485195,-0.544200300998741,
-0.536566745668837),.UNSPECIFIED.);
#430=B_SPLINE_CURVE_WITH_KNOTS('',3,(#2815,#2816,#2817,#2818),
 .UNSPECIFIED.,.F.,.F.,(4,4),(-0.846566762555425,-0.824733464512022),
 .UNSPECIFIED.);
#431=B_SPLINE_CURVE_WITH_KNOTS('',3,(#2820,#2821,#2822,#2823,#2824,#2825,
#2826,#2827,#2828,#2829,#2830,#2831,#2832,#2833,#2834,#2835),
 .UNSPECIFIED.,.F.,.F.,(4,3,3,3,3,4),(-0.468330860270359,-0.468093791741936,
-0.449947498855105,-0.429682536732791,-0.428573440418,-0.418800859408007),
 .UNSPECIFIED.);
#432=B_SPLINE_CURVE_WITH_KNOTS('',3,(#2837,#2838,#2839,#2840),
 .UNSPECIFIED.,.F.,.F.,(4,4),(3.37261042851898,3.41715430573472),
 .UNSPECIFIED.);
#433=B_SPLINE_CURVE_WITH_KNOTS('',3,(#2841,#2842,#2843,#2844),
 .UNSPECIFIED.,.F.,.F.,(4,4),(0.0150068677845174,0.11594791379702),
 .UNSPECIFIED.);
#434=B_SPLINE_CURVE_WITH_KNOTS('',3,(#2846,#2847,#2848,#2849,#2850,#2851),
 .UNSPECIFIED.,.F.,.F.,(4,2,4),(-0.49219394775957,-0.48814871850687,-0.468330860270359),
 .UNSPECIFIED.);
#435=B_SPLINE_CURVE_WITH_KNOTS('',3,(#2853,#2854,#2855,#2856,#2857,#2858,
#2859,#2860,#2861,#2862,#2863,#2864,#2865,#2866,#2867,#2868,#2869,#2870,
#2871,#2872,#2873,#2874,#2875,#2876,#2877,#2878,#2879,#2880,#2881,#2882,
#2883),.UNSPECIFIED.,.F.,.F.,(4,3,3,3,3,3,3,3,3,3,4),(-0.464095309778429,
-0.435346581268314,-0.427550855820002,-0.404398151188372,-0.390508840952009,
-0.369317042487904,-0.350444966673471,-0.328279853675704,-0.324954624038031,
-0.304995595197261,-0.30280330082954),.UNSPECIFIED.);
#436=B_SPLINE_CURVE_WITH_KNOTS('',3,(#2886,#2887,#2888,#2889,#2890,#2891,
#2892,#2893,#2894,#2895,#2896,#2897,#2898,#2899,#2900,#2901,#2902,#2903,
#2904),.UNSPECIFIED.,.F.,.F.,(4,3,3,3,3,3,4),(-0.302799504989364,-0.293011227889727,
-0.27160512372227,-0.256495121016212,-0.229365129118455,-0.216620253228963,
-0.203288188625029),.UNSPECIFIED.);
#437=B_SPLINE_CURVE_WITH_KNOTS('',3,(#2922,#2923,#2924,#2925),
 .UNSPECIFIED.,.F.,.F.,(4,4),(-0.846566762555422,-0.82473346451202),
 .UNSPECIFIED.);
#438=B_SPLINE_CURVE_WITH_KNOTS('',3,(#2927,#2928,#2929,#2930,#2931,#2932,
#2933,#2934,#2935,#2936,#2937,#2938,#2939),.UNSPECIFIED.,.F.,.F.,(4,3,3,
3,4),(-0.411057933130696,-0.398417117101795,-0.381176791686033,-0.379948555242056,
-0.366529378168267),.UNSPECIFIED.);
#439=B_SPLINE_CURVE_WITH_KNOTS('',3,(#2941,#2942,#2943,#2944),
 .UNSPECIFIED.,.F.,.F.,(4,4),(3.3726106365719,3.41715460419074),
 .UNSPECIFIED.);
#440=B_SPLINE_CURVE_WITH_KNOTS('',3,(#2945,#2946,#2947,#2948),
 .UNSPECIFIED.,.F.,.F.,(4,4),(0.0150068677845174,0.11594791379702),
 .UNSPECIFIED.);
#441=B_SPLINE_CURVE_WITH_KNOTS('',3,(#2950,#2951,#2952,#2953,#2954,#2955,
#2956,#2957,#2958,#2959),.UNSPECIFIED.,.F.,.F.,(4,2,2,2,4),(-0.432659636132427,
-0.431835881973585,-0.42588919675387,-0.414875467402811,-0.411057933130696),
 .UNSPECIFIED.);
#442=B_SPLINE_CURVE_WITH_KNOTS('',3,(#2961,#2962,#2963,#2964,#2965,#2966,
#2967,#2968,#2969,#2970,#2971,#2972,#2973,#2974,#2975,#2976,#2977,#2978,
#2979,#2980,#2981,#2982,#2983,#2984,#2985,#2986,#2987,#2988),
 .UNSPECIFIED.,.F.,.F.,(4,3,3,3,3,3,3,3,3,4),(-0.398771530617868,-0.369197622385305,
-0.34532625671679,-0.331556632341981,-0.310242759032719,-0.291374017207822,
-0.269592555651967,-0.263848519207078,-0.243466237620891,-0.237382328892739),
 .UNSPECIFIED.);
#443=B_SPLINE_CURVE_WITH_KNOTS('',3,(#2991,#2992,#2993,#2994,#2995,#2996,
#2997,#2998,#2999,#3000,#3001,#3002,#3003,#3004,#3005,#3006,#3007,#3008,
#3009),.UNSPECIFIED.,.F.,.F.,(4,3,3,3,3,3,4),(-0.203278029895407,-0.197164375586629,
-0.175974317921159,-0.160822211637085,-0.134503122667598,-0.12126914335339,
-0.103597442939912),.UNSPECIFIED.);
#444=B_SPLINE_CURVE_WITH_KNOTS('',3,(#3027,#3028,#3029,#3030),
 .UNSPECIFIED.,.F.,.F.,(4,4),(-0.846566765777738,-0.824733464512025),
 .UNSPECIFIED.);
#445=B_SPLINE_CURVE_WITH_KNOTS('',3,(#3032,#3033,#3034,#3035,#3036,#3037,
#3038,#3039,#3040,#3041,#3042,#3043,#3044,#3045,#3046,#3047),
 .UNSPECIFIED.,.F.,.F.,(4,3,3,3,3,4),(-0.00430948659930967,0.,0.0162398247746004,
0.0198028566093318,0.0359220887693825,0.0404668425094465),.UNSPECIFIED.);
#446=B_SPLINE_CURVE_WITH_KNOTS('',3,(#3049,#3050,#3051,#3052),
 .UNSPECIFIED.,.F.,.F.,(4,4),(3.37261062189927,3.41715458312735),
 .UNSPECIFIED.);
#447=B_SPLINE_CURVE_WITH_KNOTS('',3,(#3053,#3054,#3055,#3056),
 .UNSPECIFIED.,.F.,.F.,(4,4),(0.0150068677845174,0.11594791379702),
 .UNSPECIFIED.);
#448=B_SPLINE_CURVE_WITH_KNOTS('',3,(#3058,#3059,#3060,#3061,#3062,#3063,
#3064,#3065,#3066,#3067,#3068,#3069,#3070),.UNSPECIFIED.,.F.,.F.,(4,3,3,
3,4),(-0.0261843874092015,-0.0232903396726132,-0.0184152114204586,-0.0172958795622833,
-0.00430948659930967),.UNSPECIFIED.);
#449=B_SPLINE_CURVE_WITH_KNOTS('',3,(#3072,#3073,#3074,#3075,#3076,#3077,
#3078,#3079,#3080,#3081,#3082,#3083,#3084,#3085,#3086,#3087,#3088,#3089,
#3090,#3091,#3092,#3093,#3094,#3095,#3096,#3097,#3098,#3099),
 .UNSPECIFIED.,.F.,.F.,(4,3,3,3,3,3,3,3,3,4),(-0.435573021942456,-0.410428986101673,
-0.386058049782605,-0.372389555722605,-0.35097687788848,-0.332000197909656,
-0.31040642912278,-0.303078699866172,-0.282040528670096,-0.274264088121343),
 .UNSPECIFIED.);
#450=B_SPLINE_CURVE_WITH_KNOTS('',3,(#3102,#3103,#3104,#3105,#3106,#3107,
#3108,#3109,#3110,#3111,#3112,#3113,#3114,#3115,#3116,#3117,#3118,#3119,
#3120),.UNSPECIFIED.,.F.,.F.,(4,3,3,3,3,3,4),(-0.636050320846709,-0.621500400576579,
-0.599694066270471,-0.584589078361886,-0.556497174483885,-0.544200300997369,
-0.536566745667431),.UNSPECIFIED.);
#451=B_SPLINE_CURVE_WITH_KNOTS('',3,(#3138,#3139,#3140,#3141),
 .UNSPECIFIED.,.F.,.F.,(4,4),(-0.846566762555427,-0.824733464512024),
 .UNSPECIFIED.);
#452=B_SPLINE_CURVE_WITH_KNOTS('',3,(#3143,#3144,#3145,#3146,#3147,#3148,
#3149,#3150,#3151,#3152,#3153,#3154,#3155,#3156,#3157,#3158,#3159,#3160,
#3161),.UNSPECIFIED.,.F.,.F.,(4,3,3,3,3,3,4),(-0.464340340401782,-0.463882160921764,
-0.446979210758899,-0.44584228719305,-0.425789798607571,-0.424565890150032,
-0.415805013265298),.UNSPECIFIED.);
#453=B_SPLINE_CURVE_WITH_KNOTS('',3,(#3163,#3164,#3165,#3166),
 .UNSPECIFIED.,.F.,.F.,(4,4),(3.37261063657178,3.41715460419061),
 .UNSPECIFIED.);
#454=B_SPLINE_CURVE_WITH_KNOTS('',3,(#3167,#3168,#3169,#3170),
 .UNSPECIFIED.,.F.,.F.,(4,4),(0.0150068677845174,0.11594791379702),
 .UNSPECIFIED.);
#455=B_SPLINE_CURVE_WITH_KNOTS('',3,(#3172,#3173,#3174,#3175,#3176,#3177,
#3178,#3179,#3180,#3181),.UNSPECIFIED.,.F.,.F.,(4,3,3,4),(-0.487652729289646,
-0.483555415022955,-0.47943298635875,-0.464340340401782),.UNSPECIFIED.);
#456=B_SPLINE_CURVE_WITH_KNOTS('',3,(#3183,#3184,#3185,#3186,#3187,#3188,
#3189,#3190,#3191,#3192,#3193,#3194,#3195,#3196,#3197,#3198,#3199,#3200,
#3201,#3202,#3203,#3204,#3205,#3206,#3207,#3208,#3209,#3210),
 .UNSPECIFIED.,.F.,.F.,(4,3,3,3,3,3,3,3,3,4),(-0.398771530617514,-0.369197622384998,
-0.345326256716552,-0.331556632341737,-0.310242759032534,-0.291374017207652,
-0.269592555651672,-0.26384851920694,-0.243466237620757,-0.237382328892605),
 .UNSPECIFIED.);
#457=B_SPLINE_CURVE_WITH_KNOTS('',3,(#3213,#3214,#3215,#3216,#3217,#3218,
#3219,#3220,#3221,#3222,#3223,#3224,#3225,#3226,#3227,#3228,#3229,#3230,
#3231),.UNSPECIFIED.,.F.,.F.,(4,3,3,3,3,3,4),(-0.203278029895279,-0.197164375586508,
-0.1759705276842,-0.160822211637007,-0.134486954607157,-0.121269143353346,
-0.103597442939876),.UNSPECIFIED.);
#458=B_SPLINE_CURVE_WITH_KNOTS('',3,(#3238,#3239,#3240,#3241,#3242,#3243,
#3244,#3245),.UNSPECIFIED.,.F.,.F.,(4,2,2,4),(-1.41047806146152,-0.947912135010713,
-0.465842148941368,-0.192485854947654),.UNSPECIFIED.);
#459=B_SPLINE_CURVE_WITH_KNOTS('',3,(#3249,#3250,#3251,#3252,#3253,#3254),
 .UNSPECIFIED.,.F.,.F.,(4,2,4),(-0.129469743175072,-0.108061039697366,0.),
 .UNSPECIFIED.);
#460=B_SPLINE_CURVE_WITH_KNOTS('',3,(#3255,#3256,#3257,#3258,#3259,#3260,
#3261,#3262),.UNSPECIFIED.,.F.,.F.,(4,2,2,4),(-1.85253723772287,-1.49776614202125,
-0.981560748872979,-0.105783889519147),.UNSPECIFIED.);
#461=B_SPLINE_CURVE_WITH_KNOTS('',3,(#3265,#3266,#3267,#3268,#3269,#3270,
#3271,#3272),.UNSPECIFIED.,.F.,.F.,(4,2,2,4),(-1.41047806146152,-0.947912135010713,
-0.465842148941368,-0.192485854947654),.UNSPECIFIED.);
#462=B_SPLINE_CURVE_WITH_KNOTS('',3,(#3276,#3277,#3278,#3279,#3280,#3281),
 .UNSPECIFIED.,.F.,.F.,(4,2,4),(-0.129469743175072,-0.108061039697366,0.),
 .UNSPECIFIED.);
#463=B_SPLINE_CURVE_WITH_KNOTS('',3,(#3282,#3283,#3284,#3285,#3286,#3287,
#3288,#3289),.UNSPECIFIED.,.F.,.F.,(4,2,2,4),(-1.85253723772287,-1.49776614202125,
-0.981560748872979,-0.105783889519147),.UNSPECIFIED.);
#464=B_SPLINE_CURVE_WITH_KNOTS('',3,(#3292,#3293,#3294,#3295,#3296,#3297,
#3298,#3299),.UNSPECIFIED.,.F.,.F.,(4,2,2,4),(-1.41047806146152,-0.947912135010713,
-0.465842148941368,-0.192485854947655),.UNSPECIFIED.);
#465=B_SPLINE_CURVE_WITH_KNOTS('',3,(#3303,#3304,#3305,#3306,#3307,#3308),
 .UNSPECIFIED.,.F.,.F.,(4,2,4),(-0.129469743175073,-0.108061039697366,0.),
 .UNSPECIFIED.);
#466=B_SPLINE_CURVE_WITH_KNOTS('',3,(#3309,#3310,#3311,#3312,#3313,#3314,
#3315,#3316),.UNSPECIFIED.,.F.,.F.,(4,2,2,4),(-1.85253723772287,-1.49776614202125,
-0.981560748872979,-0.105783889519147),.UNSPECIFIED.);
#467=B_SPLINE_CURVE_WITH_KNOTS('',3,(#3319,#3320,#3321,#3322,#3323,#3324,
#3325,#3326),.UNSPECIFIED.,.F.,.F.,(4,2,2,4),(-1.41047806146152,-0.947912135010713,
-0.465842148941368,-0.192485854947655),.UNSPECIFIED.);
#468=B_SPLINE_CURVE_WITH_KNOTS('',3,(#3330,#3331,#3332,#3333,#3334,#3335),
 .UNSPECIFIED.,.F.,.F.,(4,2,4),(-0.129469743175072,-0.108061039697366,0.),
 .UNSPECIFIED.);
#469=B_SPLINE_CURVE_WITH_KNOTS('',3,(#3336,#3337,#3338,#3339,#3340,#3341,
#3342,#3343),.UNSPECIFIED.,.F.,.F.,(4,2,2,4),(-1.85253723772287,-1.49776614202125,
-0.981560748872979,-0.105783889519147),.UNSPECIFIED.);
#470=B_SPLINE_CURVE_WITH_KNOTS('',3,(#3346,#3347,#3348,#3349,#3350,#3351,
#3352,#3353),.UNSPECIFIED.,.F.,.F.,(4,2,2,4),(-1.41047806146152,-0.947912135010713,
-0.465842148941368,-0.192485854947655),.UNSPECIFIED.);
#471=B_SPLINE_CURVE_WITH_KNOTS('',3,(#3357,#3358,#3359,#3360,#3361,#3362),
 .UNSPECIFIED.,.F.,.F.,(4,2,4),(-0.129469743175072,-0.108061039697366,0.),
 .UNSPECIFIED.);
#472=B_SPLINE_CURVE_WITH_KNOTS('',3,(#3363,#3364,#3365,#3366,#3367,#3368,
#3369,#3370),.UNSPECIFIED.,.F.,.F.,(4,2,2,4),(-1.85253723772287,-1.49776614202125,
-0.981560748872979,-0.105783889519146),.UNSPECIFIED.);
#473=B_SPLINE_CURVE_WITH_KNOTS('',3,(#3373,#3374,#3375,#3376,#3377,#3378,
#3379,#3380),.UNSPECIFIED.,.F.,.F.,(4,2,2,4),(-1.41047806146152,-0.947912135010713,
-0.465842148941368,-0.192485854947655),.UNSPECIFIED.);
#474=B_SPLINE_CURVE_WITH_KNOTS('',3,(#3384,#3385,#3386,#3387,#3388,#3389),
 .UNSPECIFIED.,.F.,.F.,(4,2,4),(-0.129469743175072,-0.108061039697366,0.),
 .UNSPECIFIED.);
#475=B_SPLINE_CURVE_WITH_KNOTS('',3,(#3390,#3391,#3392,#3393,#3394,#3395,
#3396,#3397),.UNSPECIFIED.,.F.,.F.,(4,2,2,4),(-1.85253723772287,-1.49776614202125,
-0.981560748872979,-0.105783889519146),.UNSPECIFIED.);
#476=B_SPLINE_CURVE_WITH_KNOTS('',3,(#3407,#3408,#3409,#3410),
 .UNSPECIFIED.,.F.,.F.,(4,4),(-0.192485854947655,0.),.UNSPECIFIED.);
#477=B_SPLINE_CURVE_WITH_KNOTS('',3,(#3412,#3413,#3414,#3415,#3416,#3417,
#3418),.UNSPECIFIED.,.F.,.F.,(4,3,4),(-0.221980774031407,-0.189577474288333,
-0.168122082816644),.UNSPECIFIED.);
#478=B_SPLINE_CURVE_WITH_KNOTS('',3,(#3419,#3420,#3421,#3422),
 .UNSPECIFIED.,.F.,.F.,(4,4),(-0.216126977969005,-0.129469743175072),
 .UNSPECIFIED.);
#479=B_SPLINE_CURVE_WITH_KNOTS('',3,(#3426,#3427,#3428,#3429,#3430,#3431,
#3432,#3433,#3434,#3435),.UNSPECIFIED.,.F.,.F.,(4,2,2,2,4),(-0.508748120005707,
-0.451865257410642,-0.19941262835706,-0.0752613791218237,0.),
 .UNSPECIFIED.);
#480=B_SPLINE_CURVE_WITH_KNOTS('',3,(#3437,#3438,#3439,#3440,#3441,#3442,
#3443),.UNSPECIFIED.,.F.,.F.,(4,3,4),(-0.0321916485771833,-0.0160986169726895,
0.),.UNSPECIFIED.);
#481=B_SPLINE_CURVE_WITH_KNOTS('',3,(#3445,#3446,#3447,#3448,#3449,#3450,
#3451,#3452,#3453,#3454,#3455,#3456,#3457,#3458,#3459,#3460,#3461,#3462,
#3463,#3464,#3465,#3466,#3467,#3468,#3469,#3470,#3471,#3472),
 .UNSPECIFIED.,.F.,.F.,(4,3,3,3,3,3,3,3,3,4),(-2.22333591145075,-1.8627495840081,
-1.51892246497991,-1.26909911437114,-1.11029787810936,-0.869955715711903,
-0.630439842420991,-0.392435205392319,-0.157924797480395,0.),
 .UNSPECIFIED.);
#482=B_SPLINE_CURVE_WITH_KNOTS('',3,(#3474,#3475,#3476,#3477,#3478,#3479,
#3480),.UNSPECIFIED.,.F.,.F.,(4,3,4),(-0.00764047859169532,-0.0038195821416636,
0.),.UNSPECIFIED.);
#483=B_SPLINE_CURVE_WITH_KNOTS('',3,(#3482,#3483,#3484,#3485,#3486,#3487,
#3488,#3489,#3490,#3491),.UNSPECIFIED.,.F.,.F.,(4,2,2,2,4),(-0.387575597851956,
-0.355393790076336,-0.318163984672769,-0.235391856186645,0.),
 .UNSPECIFIED.);
#484=B_SPLINE_CURVE_WITH_KNOTS('',3,(#3493,#3494,#3495,#3496),
 .UNSPECIFIED.,.F.,.F.,(4,4),(-0.0537652182137908,-0.00209524528184822),
 .UNSPECIFIED.);
#485=B_SPLINE_CURVE_WITH_KNOTS('',3,(#3498,#3499,#3500,#3501,#3502,#3503,
#3504,#3505),.UNSPECIFIED.,.F.,.F.,(4,2,2,4),(-3.4592712753771,-2.53672368028309,
-1.16157847753145,-0.242921919961708),.UNSPECIFIED.);
#486=B_SPLINE_CURVE_WITH_KNOTS('',3,(#3506,#3507,#3508,#3509),
 .UNSPECIFIED.,.F.,.F.,(4,4),(-0.352214829499557,-0.287161678552514),
 .UNSPECIFIED.);
#487=B_SPLINE_CURVE_WITH_KNOTS('',3,(#3529,#3530,#3531,#3532),
 .UNSPECIFIED.,.F.,.F.,(4,4),(0.,0.00932116209450733),.UNSPECIFIED.);
#488=B_SPLINE_CURVE_WITH_KNOTS('',3,(#3556,#3557,#3558,#3559,#3560),
 .UNSPECIFIED.,.F.,.F.,(4,1,4),(0.202934118447567,0.450398327245244,0.780350605642147),
 .UNSPECIFIED.);
#489=B_SPLINE_CURVE_WITH_KNOTS('',3,(#3579,#3580,#3581,#3582),
 .UNSPECIFIED.,.F.,.F.,(4,4),(1.35237112236329,1.38719737610208),
 .UNSPECIFIED.);
#490=B_SPLINE_CURVE_WITH_KNOTS('',3,(#3604,#3605,#3606,#3607,#3608),
 .UNSPECIFIED.,.F.,.F.,(4,1,4),(0.0427358384836529,0.413282203912917,0.913984694554467),
 .UNSPECIFIED.);
#491=B_SPLINE_CURVE_WITH_KNOTS('',3,(#3610,#3611,#3612,#3613),
 .UNSPECIFIED.,.F.,.F.,(4,4),(0.150087368228187,0.2001174980061),
 .UNSPECIFIED.);
#492=B_SPLINE_CURVE_WITH_KNOTS('',3,(#3615,#3616,#3617,#3618),
 .UNSPECIFIED.,.F.,.F.,(4,4),(-1.01706004102991,-1.01620540565797),
 .UNSPECIFIED.);
#493=B_SPLINE_CURVE_WITH_KNOTS('',3,(#3619,#3620,#3621,#3622,#3623),
 .UNSPECIFIED.,.F.,.F.,(4,1,4),(0.0377553359317543,0.413282203912917,0.913691146352642),
 .UNSPECIFIED.);
#494=B_SPLINE_CURVE_WITH_KNOTS('',3,(#3644,#3645,#3646,#3647),
 .UNSPECIFIED.,.F.,.F.,(4,4),(-0.847525615779798,-0.477710094159171),
 .UNSPECIFIED.);
#495=B_SPLINE_CURVE_WITH_KNOTS('',3,(#3648,#3649,#3650,#3651,#3652),
 .UNSPECIFIED.,.F.,.F.,(4,1,4),(0.475188556494034,0.851123941866573,1.35237112236329),
 .UNSPECIFIED.);
#496=B_SPLINE_CURVE_WITH_KNOTS('',3,(#3699,#3700,#3701,#3702,#3703),
 .UNSPECIFIED.,.F.,.F.,(4,1,4),(-0.913691146352642,-0.413156397540705,-0.0404776874560646),
 .UNSPECIFIED.);
#497=B_SPLINE_CURVE_WITH_KNOTS('',3,(#3737,#3738,#3739,#3740,#3741,#3742,
#3743,#3744),.UNSPECIFIED.,.F.,.F.,(4,1,1,2,4),(0.00932116209450728,0.187284107967374,
0.543209999713108,0.899135891458842,1.01620540565797),.UNSPECIFIED.);
#498=B_SPLINE_CURVE_WITH_KNOTS('',3,(#3746,#3747,#3748,#3749,#3750,#3751,
#3752),.UNSPECIFIED.,.F.,.F.,(4,2,1,4),(-1.01620540565797,-0.899135891458842,
-0.543209999713108,-0.3533616819832),.UNSPECIFIED.);
#499=B_SPLINE_CURVE_WITH_KNOTS('',3,(#3769,#3770,#3771,#3772),
 .UNSPECIFIED.,.F.,.F.,(4,4),(1.01620540565797,1.01706004102991),
 .UNSPECIFIED.);
#500=B_SPLINE_CURVE_WITH_KNOTS('',3,(#3831,#3832,#3833,#3834,#3835,#3836,
#3837,#3838,#3839,#3840,#3841,#3842,#3843,#3844,#3845,#3846,#3847,#3848,
#3849,#3850,#3851,#3852),.UNSPECIFIED.,.F.,.F.,(4,3,3,3,3,3,3,4),(0.561886180847118,
0.636649552924844,0.711124084701336,0.774063807638293,0.849085909820418,
0.924406278021633,0.999395444172649,1.04521560841984),.UNSPECIFIED.);
#501=B_SPLINE_CURVE_WITH_KNOTS('',3,(#3895,#3896,#3897,#3898,#3899,#3900,
#3901,#3902,#3903,#3904),.UNSPECIFIED.,.F.,.F.,(4,2,2,2,4),(0.,0.195402335481092,
0.390737293674761,0.585948618474472,0.66003768194735),.UNSPECIFIED.);
#502=B_SPLINE_CURVE_WITH_KNOTS('',3,(#3927,#3928,#3929,#3930),
 .UNSPECIFIED.,.F.,.F.,(4,4),(-0.192485854947655,0.),.UNSPECIFIED.);
#503=B_SPLINE_CURVE_WITH_KNOTS('',3,(#3932,#3933,#3934,#3935,#3936,#3937,
#3938),.UNSPECIFIED.,.F.,.F.,(4,3,4),(-0.221980774031407,-0.189577005435276,
-0.168122082816644),.UNSPECIFIED.);
#504=B_SPLINE_CURVE_WITH_KNOTS('',3,(#3939,#3940,#3941,#3942),
 .UNSPECIFIED.,.F.,.F.,(4,4),(-0.216126977969005,-0.129469743175072),
 .UNSPECIFIED.);
#505=B_SPLINE_CURVE_WITH_KNOTS('',3,(#3946,#3947,#3948,#3949,#3950,#3951,
#3952,#3953,#3954,#3955),.UNSPECIFIED.,.F.,.F.,(4,2,2,2,4),(-0.508748120005707,
-0.451865257410642,-0.19941262835706,-0.0752613791218237,0.),
 .UNSPECIFIED.);
#506=B_SPLINE_CURVE_WITH_KNOTS('',3,(#3957,#3958,#3959,#3960,#3961,#3962,
#3963),.UNSPECIFIED.,.F.,.F.,(4,3,4),(-0.0321916485771833,-0.0160986169726895,
0.),.UNSPECIFIED.);
#507=B_SPLINE_CURVE_WITH_KNOTS('',3,(#3965,#3966,#3967,#3968,#3969,#3970,
#3971,#3972,#3973,#3974,#3975,#3976,#3977,#3978,#3979,#3980,#3981,#3982,
#3983,#3984,#3985,#3986,#3987,#3988,#3989,#3990,#3991,#3992),
 .UNSPECIFIED.,.F.,.F.,(4,3,3,3,3,3,3,3,3,4),(-2.22333591145075,-1.86276066996568,
-1.51894376732357,-1.26909911437114,-1.11029787810936,-0.869955738582717,
-0.630439762239693,-0.392434875776142,-0.157923926552487,0.),
 .UNSPECIFIED.);
#508=B_SPLINE_CURVE_WITH_KNOTS('',3,(#3994,#3995,#3996,#3997,#3998,#3999,
#4000),.UNSPECIFIED.,.F.,.F.,(4,3,4),(-0.00764047859169532,-0.0038195821416636,
0.),.UNSPECIFIED.);
#509=B_SPLINE_CURVE_WITH_KNOTS('',3,(#4002,#4003,#4004,#4005,#4006,#4007,
#4008,#4009,#4010,#4011),.UNSPECIFIED.,.F.,.F.,(4,2,2,2,4),(-0.387575597851956,
-0.355393790076336,-0.318163984672769,-0.235391856186645,0.),
 .UNSPECIFIED.);
#510=B_SPLINE_CURVE_WITH_KNOTS('',3,(#4013,#4014,#4015,#4016),
 .UNSPECIFIED.,.F.,.F.,(4,4),(-0.0537652182137908,-0.00209524528184822),
 .UNSPECIFIED.);
#511=B_SPLINE_CURVE_WITH_KNOTS('',3,(#4018,#4019,#4020,#4021,#4022,#4023,
#4024,#4025),.UNSPECIFIED.,.F.,.F.,(4,2,2,4),(-3.4592712753771,-2.53672368028309,
-1.16157847753145,-0.242921919961708),.UNSPECIFIED.);
#512=B_SPLINE_CURVE_WITH_KNOTS('',3,(#4026,#4027,#4028,#4029),
 .UNSPECIFIED.,.F.,.F.,(4,4),(-0.352214829499557,-0.287161678552514),
 .UNSPECIFIED.);
#513=B_SPLINE_CURVE_WITH_KNOTS('',3,(#4049,#4050,#4051,#4052),
 .UNSPECIFIED.,.F.,.F.,(4,4),(0.,0.00932116209450733),.UNSPECIFIED.);
#514=B_SPLINE_CURVE_WITH_KNOTS('',3,(#4076,#4077,#4078,#4079,#4080),
 .UNSPECIFIED.,.F.,.F.,(4,1,4),(0.202934118447567,0.450398327245244,0.780350605642147),
 .UNSPECIFIED.);
#515=B_SPLINE_CURVE_WITH_KNOTS('',3,(#4099,#4100,#4101,#4102),
 .UNSPECIFIED.,.F.,.F.,(4,4),(1.35237112236329,1.38719737610208),
 .UNSPECIFIED.);
#516=B_SPLINE_CURVE_WITH_KNOTS('',3,(#4124,#4125,#4126,#4127,#4128),
 .UNSPECIFIED.,.F.,.F.,(4,1,4),(0.0427358384836529,0.413282203912917,0.913984694554467),
 .UNSPECIFIED.);
#517=B_SPLINE_CURVE_WITH_KNOTS('',3,(#4130,#4131,#4132,#4133),
 .UNSPECIFIED.,.F.,.F.,(4,4),(0.150087368228187,0.2001174980061),
 .UNSPECIFIED.);
#518=B_SPLINE_CURVE_WITH_KNOTS('',3,(#4135,#4136,#4137,#4138),
 .UNSPECIFIED.,.F.,.F.,(4,4),(-1.01706004102991,-1.01620540565797),
 .UNSPECIFIED.);
#519=B_SPLINE_CURVE_WITH_KNOTS('',3,(#4139,#4140,#4141,#4142,#4143),
 .UNSPECIFIED.,.F.,.F.,(4,1,4),(0.0377553359317543,0.413282203912917,0.913691146352642),
 .UNSPECIFIED.);
#520=B_SPLINE_CURVE_WITH_KNOTS('',3,(#4164,#4165,#4166,#4167),
 .UNSPECIFIED.,.F.,.F.,(4,4),(-0.847528220226964,-0.477710094384864),
 .UNSPECIFIED.);
#521=B_SPLINE_CURVE_WITH_KNOTS('',3,(#4168,#4169,#4170,#4171,#4172),
 .UNSPECIFIED.,.F.,.F.,(4,1,4),(0.475188556494034,0.851123941866573,1.35237112236329),
 .UNSPECIFIED.);
#522=B_SPLINE_CURVE_WITH_KNOTS('',3,(#4219,#4220,#4221,#4222,#4223),
 .UNSPECIFIED.,.F.,.F.,(4,1,4),(-0.913691146352642,-0.413156397540705,-0.0404776874560646),
 .UNSPECIFIED.);
#523=B_SPLINE_CURVE_WITH_KNOTS('',3,(#4257,#4258,#4259,#4260,#4261,#4262,
#4263,#4264),.UNSPECIFIED.,.F.,.F.,(4,1,1,2,4),(0.00932116209450728,0.187284107967374,
0.543209999713108,0.899135891458842,1.01620540565797),.UNSPECIFIED.);
#524=B_SPLINE_CURVE_WITH_KNOTS('',3,(#4266,#4267,#4268,#4269,#4270,#4271,
#4272),.UNSPECIFIED.,.F.,.F.,(4,2,1,4),(-1.01620540565797,-0.899135891458842,
-0.543209999713108,-0.353360443251415),.UNSPECIFIED.);
#525=B_SPLINE_CURVE_WITH_KNOTS('',3,(#4289,#4290,#4291,#4292),
 .UNSPECIFIED.,.F.,.F.,(4,4),(1.01620540565797,1.01706004102991),
 .UNSPECIFIED.);
#526=B_SPLINE_CURVE_WITH_KNOTS('',3,(#4351,#4352,#4353,#4354,#4355,#4356,
#4357,#4358,#4359,#4360,#4361,#4362,#4363,#4364,#4365,#4366,#4367,#4368,
#4369,#4370,#4371,#4372),.UNSPECIFIED.,.F.,.F.,(4,3,3,3,3,3,3,4),(0.561886180847118,
0.636649552924891,0.71112408470125,0.774063807638293,0.84908590982042,0.924406278021656,
0.999395444172773,1.04521560841984),.UNSPECIFIED.);
#527=B_SPLINE_CURVE_WITH_KNOTS('',3,(#4415,#4416,#4417,#4418,#4419,#4420,
#4421,#4422,#4423,#4424),.UNSPECIFIED.,.F.,.F.,(4,2,2,2,4),(0.,0.195402335481092,
0.390737293674761,0.585948618474472,0.66003768194735),.UNSPECIFIED.);
#528=B_SPLINE_CURVE_WITH_KNOTS('',3,(#4447,#4448,#4449,#4450),
 .UNSPECIFIED.,.F.,.F.,(4,4),(-0.192485854947654,0.),.UNSPECIFIED.);
#529=B_SPLINE_CURVE_WITH_KNOTS('',3,(#4452,#4453,#4454,#4455,#4456,#4457,
#4458),.UNSPECIFIED.,.F.,.F.,(4,3,4),(-0.221980774031407,-0.189576672119754,
-0.168122082816644),.UNSPECIFIED.);
#530=B_SPLINE_CURVE_WITH_KNOTS('',3,(#4459,#4460,#4461,#4462),
 .UNSPECIFIED.,.F.,.F.,(4,4),(-0.216126977969005,-0.129469743175073),
 .UNSPECIFIED.);
#531=B_SPLINE_CURVE_WITH_KNOTS('',3,(#4466,#4467,#4468,#4469,#4470,#4471,
#4472,#4473,#4474,#4475),.UNSPECIFIED.,.F.,.F.,(4,2,2,2,4),(-0.508748120005707,
-0.451865257410642,-0.19941262835706,-0.0752613791218237,0.),
 .UNSPECIFIED.);
#532=B_SPLINE_CURVE_WITH_KNOTS('',3,(#4477,#4478,#4479,#4480,#4481,#4482,
#4483),.UNSPECIFIED.,.F.,.F.,(4,3,4),(-0.0321916485771833,-0.0160986169726895,
0.),.UNSPECIFIED.);
#533=B_SPLINE_CURVE_WITH_KNOTS('',3,(#4485,#4486,#4487,#4488,#4489,#4490,
#4491,#4492,#4493,#4494,#4495,#4496,#4497,#4498,#4499,#4500,#4501,#4502,
#4503,#4504,#4505,#4506,#4507,#4508,#4509,#4510,#4511,#4512),
 .UNSPECIFIED.,.F.,.F.,(4,3,3,3,3,3,3,3,3,4),(-2.22333591145075,-1.86277997755538,
-1.51898086814292,-1.26909911437114,-1.11029787810936,-0.869955778483724,
-0.630439622643054,-0.392434301740839,-0.157922409777838,0.),
 .UNSPECIFIED.);
#534=B_SPLINE_CURVE_WITH_KNOTS('',3,(#4514,#4515,#4516,#4517,#4518,#4519,
#4520),.UNSPECIFIED.,.F.,.F.,(4,3,4),(-0.00764047859169532,-0.0038195821416636,
0.),.UNSPECIFIED.);
#535=B_SPLINE_CURVE_WITH_KNOTS('',3,(#4522,#4523,#4524,#4525,#4526,#4527,
#4528,#4529,#4530,#4531),.UNSPECIFIED.,.F.,.F.,(4,2,2,2,4),(-0.387575597851956,
-0.355393790076336,-0.318163984672769,-0.235391856186645,0.),
 .UNSPECIFIED.);
#536=B_SPLINE_CURVE_WITH_KNOTS('',3,(#4533,#4534,#4535,#4536),
 .UNSPECIFIED.,.F.,.F.,(4,4),(-0.0537652182137908,-0.00209524528184822),
 .UNSPECIFIED.);
#537=B_SPLINE_CURVE_WITH_KNOTS('',3,(#4538,#4539,#4540,#4541,#4542,#4543,
#4544,#4545),.UNSPECIFIED.,.F.,.F.,(4,2,2,4),(-3.4592712753771,-2.53672368028309,
-1.16157847753145,-0.242921919961708),.UNSPECIFIED.);
#538=B_SPLINE_CURVE_WITH_KNOTS('',3,(#4546,#4547,#4548,#4549),
 .UNSPECIFIED.,.F.,.F.,(4,4),(-0.352214829499557,-0.287161678552514),
 .UNSPECIFIED.);
#539=B_SPLINE_CURVE_WITH_KNOTS('',3,(#4569,#4570,#4571,#4572),
 .UNSPECIFIED.,.F.,.F.,(4,4),(0.,0.00932116209450733),.UNSPECIFIED.);
#540=B_SPLINE_CURVE_WITH_KNOTS('',3,(#4596,#4597,#4598,#4599,#4600),
 .UNSPECIFIED.,.F.,.F.,(4,1,4),(0.202934118447567,0.450398327245244,0.780350605642147),
 .UNSPECIFIED.);
#541=B_SPLINE_CURVE_WITH_KNOTS('',3,(#4619,#4620,#4621,#4622),
 .UNSPECIFIED.,.F.,.F.,(4,4),(1.35237112236329,1.38719737610208),
 .UNSPECIFIED.);
#542=B_SPLINE_CURVE_WITH_KNOTS('',3,(#4644,#4645,#4646,#4647,#4648),
 .UNSPECIFIED.,.F.,.F.,(4,1,4),(0.0427358384836529,0.413282203912917,0.913984694554467),
 .UNSPECIFIED.);
#543=B_SPLINE_CURVE_WITH_KNOTS('',3,(#4650,#4651,#4652,#4653),
 .UNSPECIFIED.,.F.,.F.,(4,4),(0.150087368228187,0.2001174980061),
 .UNSPECIFIED.);
#544=B_SPLINE_CURVE_WITH_KNOTS('',3,(#4655,#4656,#4657,#4658),
 .UNSPECIFIED.,.F.,.F.,(4,4),(-1.01706004102991,-1.01620540565797),
 .UNSPECIFIED.);
#545=B_SPLINE_CURVE_WITH_KNOTS('',3,(#4659,#4660,#4661,#4662,#4663),
 .UNSPECIFIED.,.F.,.F.,(4,1,4),(0.0377553359317543,0.413282203912917,0.913691146352642),
 .UNSPECIFIED.);
#546=B_SPLINE_CURVE_WITH_KNOTS('',3,(#4684,#4685,#4686,#4687),
 .UNSPECIFIED.,.F.,.F.,(4,4),(-0.847525058334637,-0.477710094110864),
 .UNSPECIFIED.);
#547=B_SPLINE_CURVE_WITH_KNOTS('',3,(#4688,#4689,#4690,#4691,#4692),
 .UNSPECIFIED.,.F.,.F.,(4,1,4),(0.475188556494034,0.851123941866573,1.35237112236329),
 .UNSPECIFIED.);
#548=B_SPLINE_CURVE_WITH_KNOTS('',3,(#4739,#4740,#4741,#4742,#4743),
 .UNSPECIFIED.,.F.,.F.,(4,1,4),(-0.913691146352642,-0.413156397540705,-0.0404776874560646),
 .UNSPECIFIED.);
#549=B_SPLINE_CURVE_WITH_KNOTS('',3,(#4777,#4778,#4779,#4780,#4781,#4782,
#4783,#4784),.UNSPECIFIED.,.F.,.F.,(4,1,1,2,4),(0.00932116209450728,0.187284107967374,
0.543209999713108,0.899135891458842,1.01620540565797),.UNSPECIFIED.);
#550=B_SPLINE_CURVE_WITH_KNOTS('',3,(#4786,#4787,#4788,#4789,#4790,#4791,
#4792),.UNSPECIFIED.,.F.,.F.,(4,2,1,4),(-1.01620540565797,-0.899135891458842,
-0.543209999713108,-0.353360804203777),.UNSPECIFIED.);
#551=B_SPLINE_CURVE_WITH_KNOTS('',3,(#4809,#4810,#4811,#4812),
 .UNSPECIFIED.,.F.,.F.,(4,4),(1.01620540565797,1.01706004102991),
 .UNSPECIFIED.);
#552=B_SPLINE_CURVE_WITH_KNOTS('',3,(#4871,#4872,#4873,#4874,#4875,#4876,
#4877,#4878,#4879,#4880,#4881,#4882,#4883,#4884,#4885,#4886,#4887,#4888,
#4889,#4890,#4891,#4892),.UNSPECIFIED.,.F.,.F.,(4,3,3,3,3,3,3,4),(0.561886180847118,
0.636649552924853,0.711124084701282,0.774063807638293,0.849085909820433,
0.924406278021599,0.999395444172568,1.04521560841984),.UNSPECIFIED.);
#553=B_SPLINE_CURVE_WITH_KNOTS('',3,(#4935,#4936,#4937,#4938,#4939,#4940,
#4941,#4942,#4943,#4944),.UNSPECIFIED.,.F.,.F.,(4,2,2,2,4),(0.,0.195402335481092,
0.390737293674761,0.585948618474472,0.66003768194735),.UNSPECIFIED.);
#554=B_SPLINE_CURVE_WITH_KNOTS('',3,(#4967,#4968,#4969,#4970),
 .UNSPECIFIED.,.F.,.F.,(4,4),(-0.192485854947654,0.),.UNSPECIFIED.);
#555=B_SPLINE_CURVE_WITH_KNOTS('',3,(#4972,#4973,#4974,#4975,#4976,#4977,
#4978),.UNSPECIFIED.,.F.,.F.,(4,3,4),(-0.221980774031407,-0.189577005435289,
-0.168122082816644),.UNSPECIFIED.);
#556=B_SPLINE_CURVE_WITH_KNOTS('',3,(#4979,#4980,#4981,#4982),
 .UNSPECIFIED.,.F.,.F.,(4,4),(-0.216126977969005,-0.129469743175072),
 .UNSPECIFIED.);
#557=B_SPLINE_CURVE_WITH_KNOTS('',3,(#4986,#4987,#4988,#4989,#4990,#4991,
#4992,#4993,#4994,#4995),.UNSPECIFIED.,.F.,.F.,(4,2,2,2,4),(-0.508748120005707,
-0.451865257410642,-0.19941262835706,-0.0752613791218237,0.),
 .UNSPECIFIED.);
#558=B_SPLINE_CURVE_WITH_KNOTS('',3,(#4997,#4998,#4999,#5000,#5001,#5002,
#5003),.UNSPECIFIED.,.F.,.F.,(4,3,4),(-0.0321916485771833,-0.0160986169726895,
0.),.UNSPECIFIED.);
#559=B_SPLINE_CURVE_WITH_KNOTS('',3,(#5005,#5006,#5007,#5008,#5009,#5010,
#5011,#5012,#5013,#5014,#5015,#5016,#5017,#5018,#5019,#5020,#5021,#5022,
#5023,#5024,#5025,#5026,#5027,#5028,#5029,#5030,#5031,#5032),
 .UNSPECIFIED.,.F.,.F.,(4,3,3,3,3,3,3,3,3,4),(-2.22333591145075,-1.8627606699655,
-1.51894376732342,-1.26909911437114,-1.11029787810936,-0.869955738582519,
-0.630439762239502,-0.392434875775543,-0.157923926551845,0.),
 .UNSPECIFIED.);
#560=B_SPLINE_CURVE_WITH_KNOTS('',3,(#5034,#5035,#5036,#5037,#5038,#5039,
#5040),.UNSPECIFIED.,.F.,.F.,(4,3,4),(-0.00764047859169532,-0.0038195821416636,
0.),.UNSPECIFIED.);
#561=B_SPLINE_CURVE_WITH_KNOTS('',3,(#5042,#5043,#5044,#5045,#5046,#5047,
#5048,#5049,#5050,#5051),.UNSPECIFIED.,.F.,.F.,(4,2,2,2,4),(-0.387575597851956,
-0.355393790076336,-0.318163984672769,-0.235391856186645,0.),
 .UNSPECIFIED.);
#562=B_SPLINE_CURVE_WITH_KNOTS('',3,(#5053,#5054,#5055,#5056),
 .UNSPECIFIED.,.F.,.F.,(4,4),(-0.0537652182137908,-0.00209524528184822),
 .UNSPECIFIED.);
#563=B_SPLINE_CURVE_WITH_KNOTS('',3,(#5058,#5059,#5060,#5061,#5062,#5063,
#5064,#5065),.UNSPECIFIED.,.F.,.F.,(4,2,2,4),(-3.4592712753771,-2.53672368028309,
-1.16157847753145,-0.242921919961708),.UNSPECIFIED.);
#564=B_SPLINE_CURVE_WITH_KNOTS('',3,(#5066,#5067,#5068,#5069),
 .UNSPECIFIED.,.F.,.F.,(4,4),(-0.352214829499557,-0.287161678552514),
 .UNSPECIFIED.);
#565=B_SPLINE_CURVE_WITH_KNOTS('',3,(#5089,#5090,#5091,#5092),
 .UNSPECIFIED.,.F.,.F.,(4,4),(0.,0.00932116209450733),.UNSPECIFIED.);
#566=B_SPLINE_CURVE_WITH_KNOTS('',3,(#5116,#5117,#5118,#5119,#5120),
 .UNSPECIFIED.,.F.,.F.,(4,1,4),(0.202934118447567,0.450398327245244,0.780350605642147),
 .UNSPECIFIED.);
#567=B_SPLINE_CURVE_WITH_KNOTS('',3,(#5139,#5140,#5141,#5142),
 .UNSPECIFIED.,.F.,.F.,(4,4),(1.35237112236329,1.38719737610208),
 .UNSPECIFIED.);
#568=B_SPLINE_CURVE_WITH_KNOTS('',3,(#5164,#5165,#5166,#5167,#5168),
 .UNSPECIFIED.,.F.,.F.,(4,1,4),(0.0427358384836529,0.413282203912917,0.913984694554467),
 .UNSPECIFIED.);
#569=B_SPLINE_CURVE_WITH_KNOTS('',3,(#5170,#5171,#5172,#5173),
 .UNSPECIFIED.,.F.,.F.,(4,4),(0.150087368228187,0.2001174980061),
 .UNSPECIFIED.);
#570=B_SPLINE_CURVE_WITH_KNOTS('',3,(#5175,#5176,#5177,#5178),
 .UNSPECIFIED.,.F.,.F.,(4,4),(-1.01706004102991,-1.01620540565797),
 .UNSPECIFIED.);
#571=B_SPLINE_CURVE_WITH_KNOTS('',3,(#5179,#5180,#5181,#5182,#5183),
 .UNSPECIFIED.,.F.,.F.,(4,1,4),(0.0377553359317543,0.413282203912917,0.913691146352642),
 .UNSPECIFIED.);
#572=B_SPLINE_CURVE_WITH_KNOTS('',3,(#5204,#5205,#5206,#5207),
 .UNSPECIFIED.,.F.,.F.,(4,4),(-0.847528220226966,-0.477710094384864),
 .UNSPECIFIED.);
#573=B_SPLINE_CURVE_WITH_KNOTS('',3,(#5208,#5209,#5210,#5211,#5212),
 .UNSPECIFIED.,.F.,.F.,(4,1,4),(0.475188556494034,0.851123941866573,1.35237112236329),
 .UNSPECIFIED.);
#574=B_SPLINE_CURVE_WITH_KNOTS('',3,(#5259,#5260,#5261,#5262,#5263),
 .UNSPECIFIED.,.F.,.F.,(4,1,4),(-0.913691146352642,-0.413156397540705,-0.0404776874560646),
 .UNSPECIFIED.);
#575=B_SPLINE_CURVE_WITH_KNOTS('',3,(#5297,#5298,#5299,#5300,#5301,#5302,
#5303,#5304),.UNSPECIFIED.,.F.,.F.,(4,1,1,2,4),(0.00932116209450728,0.187284107967374,
0.543209999713108,0.899135891458842,1.01620540565797),.UNSPECIFIED.);
#576=B_SPLINE_CURVE_WITH_KNOTS('',3,(#5306,#5307,#5308,#5309,#5310,#5311,
#5312),.UNSPECIFIED.,.F.,.F.,(4,2,1,4),(-1.01620540565797,-0.899135891458842,
-0.543209999713108,-0.353360443251422),.UNSPECIFIED.);
#577=B_SPLINE_CURVE_WITH_KNOTS('',3,(#5329,#5330,#5331,#5332),
 .UNSPECIFIED.,.F.,.F.,(4,4),(1.01620540565797,1.01706004102991),
 .UNSPECIFIED.);
#578=B_SPLINE_CURVE_WITH_KNOTS('',3,(#5391,#5392,#5393,#5394,#5395,#5396,
#5397,#5398,#5399,#5400,#5401,#5402,#5403,#5404,#5405,#5406,#5407,#5408,
#5409,#5410,#5411,#5412),.UNSPECIFIED.,.F.,.F.,(4,3,3,3,3,3,3,4),(0.561886180847118,
0.636649552924847,0.711124084701249,0.774063807638293,0.849085909820431,
0.924406278021561,0.999395444172578,1.04521560841984),.UNSPECIFIED.);
#579=B_SPLINE_CURVE_WITH_KNOTS('',3,(#5455,#5456,#5457,#5458,#5459,#5460,
#5461,#5462,#5463,#5464),.UNSPECIFIED.,.F.,.F.,(4,2,2,2,4),(0.,0.195402335481092,
0.390737293674761,0.585948618474472,0.66003768194735),.UNSPECIFIED.);
#580=B_SPLINE_CURVE_WITH_KNOTS('',3,(#5487,#5488,#5489,#5490),
 .UNSPECIFIED.,.F.,.F.,(4,4),(-0.192485854947655,0.),.UNSPECIFIED.);
#581=B_SPLINE_CURVE_WITH_KNOTS('',3,(#5492,#5493,#5494,#5495,#5496,#5497,
#5498),.UNSPECIFIED.,.F.,.F.,(4,3,4),(-0.221980774031407,-0.189577474288349,
-0.168122082816644),.UNSPECIFIED.);
#582=B_SPLINE_CURVE_WITH_KNOTS('',3,(#5499,#5500,#5501,#5502),
 .UNSPECIFIED.,.F.,.F.,(4,4),(-0.216126977969005,-0.129469743175072),
 .UNSPECIFIED.);
#583=B_SPLINE_CURVE_WITH_KNOTS('',3,(#5506,#5507,#5508,#5509,#5510,#5511,
#5512,#5513,#5514,#5515),.UNSPECIFIED.,.F.,.F.,(4,2,2,2,4),(-0.508748120005707,
-0.451865257410642,-0.19941262835706,-0.0752613791218237,0.),
 .UNSPECIFIED.);
#584=B_SPLINE_CURVE_WITH_KNOTS('',3,(#5517,#5518,#5519,#5520,#5521,#5522,
#5523),.UNSPECIFIED.,.F.,.F.,(4,3,4),(-0.0321916485771833,-0.0160986169726895,
0.),.UNSPECIFIED.);
#585=B_SPLINE_CURVE_WITH_KNOTS('',3,(#5525,#5526,#5527,#5528,#5529,#5530,
#5531,#5532,#5533,#5534,#5535,#5536,#5537,#5538,#5539,#5540,#5541,#5542,
#5543,#5544,#5545,#5546,#5547,#5548,#5549,#5550,#5551,#5552),
 .UNSPECIFIED.,.F.,.F.,(4,3,3,3,3,3,3,3,3,4),(-2.22333591145075,-1.86274958400811,
-1.51892246498024,-1.26909911437114,-1.11029787810936,-0.869955715711595,
-0.630439842421261,-0.392435205392692,-0.157924797480568,0.),
 .UNSPECIFIED.);
#586=B_SPLINE_CURVE_WITH_KNOTS('',3,(#5554,#5555,#5556,#5557,#5558,#5559,
#5560),.UNSPECIFIED.,.F.,.F.,(4,3,4),(-0.00764047859169532,-0.0038195821416636,
0.),.UNSPECIFIED.);
#587=B_SPLINE_CURVE_WITH_KNOTS('',3,(#5562,#5563,#5564,#5565,#5566,#5567,
#5568,#5569,#5570,#5571),.UNSPECIFIED.,.F.,.F.,(4,2,2,2,4),(-0.387575597851956,
-0.355393790076336,-0.318163984672769,-0.235391856186645,0.),
 .UNSPECIFIED.);
#588=B_SPLINE_CURVE_WITH_KNOTS('',3,(#5573,#5574,#5575,#5576),
 .UNSPECIFIED.,.F.,.F.,(4,4),(-0.0537652182137908,-0.00209524528184822),
 .UNSPECIFIED.);
#589=B_SPLINE_CURVE_WITH_KNOTS('',3,(#5578,#5579,#5580,#5581,#5582,#5583,
#5584,#5585),.UNSPECIFIED.,.F.,.F.,(4,2,2,4),(-3.4592712753771,-2.53672368028309,
-1.16157847753145,-0.242921919961708),.UNSPECIFIED.);
#590=B_SPLINE_CURVE_WITH_KNOTS('',3,(#5586,#5587,#5588,#5589),
 .UNSPECIFIED.,.F.,.F.,(4,4),(-0.352214829499557,-0.287161678552514),
 .UNSPECIFIED.);
#591=B_SPLINE_CURVE_WITH_KNOTS('',3,(#5609,#5610,#5611,#5612),
 .UNSPECIFIED.,.F.,.F.,(4,4),(0.,0.00932116209450733),.UNSPECIFIED.);
#592=B_SPLINE_CURVE_WITH_KNOTS('',3,(#5636,#5637,#5638,#5639,#5640),
 .UNSPECIFIED.,.F.,.F.,(4,1,4),(0.202934118447567,0.450398327245244,0.780350605642147),
 .UNSPECIFIED.);
#593=B_SPLINE_CURVE_WITH_KNOTS('',3,(#5659,#5660,#5661,#5662),
 .UNSPECIFIED.,.F.,.F.,(4,4),(1.35237112236329,1.38719737610208),
 .UNSPECIFIED.);
#594=B_SPLINE_CURVE_WITH_KNOTS('',3,(#5684,#5685,#5686,#5687,#5688),
 .UNSPECIFIED.,.F.,.F.,(4,1,4),(0.0427358384836529,0.413282203912917,0.913984694554467),
 .UNSPECIFIED.);
#595=B_SPLINE_CURVE_WITH_KNOTS('',3,(#5690,#5691,#5692,#5693),
 .UNSPECIFIED.,.F.,.F.,(4,4),(0.150087368228187,0.2001174980061),
 .UNSPECIFIED.);
#596=B_SPLINE_CURVE_WITH_KNOTS('',3,(#5695,#5696,#5697,#5698),
 .UNSPECIFIED.,.F.,.F.,(4,4),(-1.01706004102991,-1.01620540565797),
 .UNSPECIFIED.);
#597=B_SPLINE_CURVE_WITH_KNOTS('',3,(#5699,#5700,#5701,#5702,#5703),
 .UNSPECIFIED.,.F.,.F.,(4,1,4),(0.0377553359317543,0.413282203912917,0.913691146352642),
 .UNSPECIFIED.);
#598=B_SPLINE_CURVE_WITH_KNOTS('',3,(#5724,#5725,#5726,#5727),
 .UNSPECIFIED.,.F.,.F.,(4,4),(-0.8475256157798,-0.477710094159171),
 .UNSPECIFIED.);
#599=B_SPLINE_CURVE_WITH_KNOTS('',3,(#5728,#5729,#5730,#5731,#5732),
 .UNSPECIFIED.,.F.,.F.,(4,1,4),(0.475188556494034,0.851123941866573,1.35237112236329),
 .UNSPECIFIED.);
#600=B_SPLINE_CURVE_WITH_KNOTS('',3,(#5779,#5780,#5781,#5782,#5783),
 .UNSPECIFIED.,.F.,.F.,(4,1,4),(-0.913691146352642,-0.413156397540705,-0.0404776874560646),
 .UNSPECIFIED.);
#601=B_SPLINE_CURVE_WITH_KNOTS('',3,(#5817,#5818,#5819,#5820,#5821,#5822,
#5823,#5824),.UNSPECIFIED.,.F.,.F.,(4,1,1,2,4),(0.00932116209450728,0.187284107967374,
0.543209999713108,0.899135891458842,1.01620540565797),.UNSPECIFIED.);
#602=B_SPLINE_CURVE_WITH_KNOTS('',3,(#5826,#5827,#5828,#5829,#5830,#5831,
#5832),.UNSPECIFIED.,.F.,.F.,(4,2,1,4),(-1.01620540565797,-0.899135891458842,
-0.543209999713108,-0.353361681983194),.UNSPECIFIED.);
#603=B_SPLINE_CURVE_WITH_KNOTS('',3,(#5849,#5850,#5851,#5852),
 .UNSPECIFIED.,.F.,.F.,(4,4),(1.01620540565797,1.01706004102991),
 .UNSPECIFIED.);
#604=B_SPLINE_CURVE_WITH_KNOTS('',3,(#5905,#5906,#5907,#5908,#5909,#5910,
#5911,#5912,#5913,#5914,#5915,#5916,#5917,#5918,#5919,#5920,#5921,#5922,
#5923,#5924,#5925,#5926),.UNSPECIFIED.,.F.,.F.,(4,3,3,3,3,3,3,4),(0.561886180847118,
0.63664955292483,0.71112408470113,0.774063807638293,0.849085909820412,0.924406278021561,
0.999395444172587,1.04521560841984),.UNSPECIFIED.);
#605=B_SPLINE_CURVE_WITH_KNOTS('',3,(#5969,#5970,#5971,#5972,#5973,#5974,
#5975,#5976,#5977,#5978),.UNSPECIFIED.,.F.,.F.,(4,2,2,2,4),(0.,0.195402335481092,
0.390737293674761,0.585948618474472,0.66003768194735),.UNSPECIFIED.);
#606=B_SPLINE_CURVE_WITH_KNOTS('',3,(#6001,#6002,#6003,#6004),
 .UNSPECIFIED.,.F.,.F.,(4,4),(-0.192485854947655,0.),.UNSPECIFIED.);
#607=B_SPLINE_CURVE_WITH_KNOTS('',3,(#6006,#6007,#6008,#6009,#6010,#6011,
#6012),.UNSPECIFIED.,.F.,.F.,(4,3,4),(-0.221980774031407,-0.189576672119762,
-0.168122082816644),.UNSPECIFIED.);
#608=B_SPLINE_CURVE_WITH_KNOTS('',3,(#6013,#6014,#6015,#6016),
 .UNSPECIFIED.,.F.,.F.,(4,4),(-0.216126977969005,-0.129469743175072),
 .UNSPECIFIED.);
#609=B_SPLINE_CURVE_WITH_KNOTS('',3,(#6020,#6021,#6022,#6023,#6024,#6025,
#6026,#6027,#6028,#6029),.UNSPECIFIED.,.F.,.F.,(4,2,2,2,4),(-0.508748120005707,
-0.451865257410642,-0.19941262835706,-0.0752613791218237,0.),
 .UNSPECIFIED.);
#610=B_SPLINE_CURVE_WITH_KNOTS('',3,(#6031,#6032,#6033,#6034,#6035,#6036,
#6037),.UNSPECIFIED.,.F.,.F.,(4,3,4),(-0.0321916485771833,-0.0160986169726895,
0.),.UNSPECIFIED.);
#611=B_SPLINE_CURVE_WITH_KNOTS('',3,(#6039,#6040,#6041,#6042,#6043,#6044,
#6045,#6046,#6047,#6048,#6049,#6050,#6051,#6052,#6053,#6054,#6055,#6056,
#6057,#6058,#6059,#6060,#6061,#6062,#6063,#6064,#6065,#6066),
 .UNSPECIFIED.,.F.,.F.,(4,3,3,3,3,3,3,3,3,4),(-2.22333591145075,-1.86277997755497,
-1.51898086814239,-1.26909911437114,-1.11029787810936,-0.869955778483438,
-0.630439622642702,-0.392434301739575,-0.157922409776913,0.),
 .UNSPECIFIED.);
#612=B_SPLINE_CURVE_WITH_KNOTS('',3,(#6068,#6069,#6070,#6071,#6072,#6073,
#6074),.UNSPECIFIED.,.F.,.F.,(4,3,4),(-0.00764047859169532,-0.0038195821416636,
0.),.UNSPECIFIED.);
#613=B_SPLINE_CURVE_WITH_KNOTS('',3,(#6076,#6077,#6078,#6079,#6080,#6081,
#6082,#6083,#6084,#6085),.UNSPECIFIED.,.F.,.F.,(4,2,2,2,4),(-0.387575597851956,
-0.355393790076336,-0.318163984672769,-0.235391856186645,0.),
 .UNSPECIFIED.);
#614=B_SPLINE_CURVE_WITH_KNOTS('',3,(#6087,#6088,#6089,#6090),
 .UNSPECIFIED.,.F.,.F.,(4,4),(-0.0537652182137908,-0.00209524528184822),
 .UNSPECIFIED.);
#615=B_SPLINE_CURVE_WITH_KNOTS('',3,(#6092,#6093,#6094,#6095,#6096,#6097,
#6098,#6099),.UNSPECIFIED.,.F.,.F.,(4,2,2,4),(-3.4592712753771,-2.53672368028309,
-1.16157847753145,-0.242921919961708),.UNSPECIFIED.);
#616=B_SPLINE_CURVE_WITH_KNOTS('',3,(#6100,#6101,#6102,#6103),
 .UNSPECIFIED.,.F.,.F.,(4,4),(-0.352214829499557,-0.287161678552514),
 .UNSPECIFIED.);
#617=B_SPLINE_CURVE_WITH_KNOTS('',3,(#6123,#6124,#6125,#6126),
 .UNSPECIFIED.,.F.,.F.,(4,4),(0.,0.00932116209450733),.UNSPECIFIED.);
#618=B_SPLINE_CURVE_WITH_KNOTS('',3,(#6150,#6151,#6152,#6153,#6154),
 .UNSPECIFIED.,.F.,.F.,(4,1,4),(0.202934118447567,0.450398327245244,0.780350605642147),
 .UNSPECIFIED.);
#619=B_SPLINE_CURVE_WITH_KNOTS('',3,(#6173,#6174,#6175,#6176),
 .UNSPECIFIED.,.F.,.F.,(4,4),(1.35237112236329,1.38719737610208),
 .UNSPECIFIED.);
#620=B_SPLINE_CURVE_WITH_KNOTS('',3,(#6198,#6199,#6200,#6201,#6202),
 .UNSPECIFIED.,.F.,.F.,(4,1,4),(0.0427358384836529,0.413282203912917,0.913984694554467),
 .UNSPECIFIED.);
#621=B_SPLINE_CURVE_WITH_KNOTS('',3,(#6204,#6205,#6206,#6207),
 .UNSPECIFIED.,.F.,.F.,(4,4),(0.150087368228187,0.2001174980061),
 .UNSPECIFIED.);
#622=B_SPLINE_CURVE_WITH_KNOTS('',3,(#6209,#6210,#6211,#6212),
 .UNSPECIFIED.,.F.,.F.,(4,4),(-1.01706004102991,-1.01620540565797),
 .UNSPECIFIED.);
#623=B_SPLINE_CURVE_WITH_KNOTS('',3,(#6213,#6214,#6215,#6216,#6217),
 .UNSPECIFIED.,.F.,.F.,(4,1,4),(0.0377553359317543,0.413282203912917,0.913691146352642),
 .UNSPECIFIED.);
#624=B_SPLINE_CURVE_WITH_KNOTS('',3,(#6238,#6239,#6240,#6241),
 .UNSPECIFIED.,.F.,.F.,(4,4),(-0.84752505833464,-0.477710094110864),
 .UNSPECIFIED.);
#625=B_SPLINE_CURVE_WITH_KNOTS('',3,(#6242,#6243,#6244,#6245,#6246),
 .UNSPECIFIED.,.F.,.F.,(4,1,4),(0.475188556494034,0.851123941866573,1.35237112236329),
 .UNSPECIFIED.);
#626=B_SPLINE_CURVE_WITH_KNOTS('',3,(#6293,#6294,#6295,#6296,#6297),
 .UNSPECIFIED.,.F.,.F.,(4,1,4),(-0.913691146352642,-0.413156397540705,-0.0404776874560646),
 .UNSPECIFIED.);
#627=B_SPLINE_CURVE_WITH_KNOTS('',3,(#6331,#6332,#6333,#6334,#6335,#6336,
#6337,#6338),.UNSPECIFIED.,.F.,.F.,(4,1,1,2,4),(0.00932116209450728,0.187284107967374,
0.543209999713108,0.899135891458842,1.01620540565797),.UNSPECIFIED.);
#628=B_SPLINE_CURVE_WITH_KNOTS('',3,(#6340,#6341,#6342,#6343,#6344,#6345,
#6346),.UNSPECIFIED.,.F.,.F.,(4,2,1,4),(-1.01620540565797,-0.899135891458842,
-0.543209999713108,-0.353360804203773),.UNSPECIFIED.);
#629=B_SPLINE_CURVE_WITH_KNOTS('',3,(#6363,#6364,#6365,#6366),
 .UNSPECIFIED.,.F.,.F.,(4,4),(1.01620540565797,1.01706004102991),
 .UNSPECIFIED.);
#630=B_SPLINE_CURVE_WITH_KNOTS('',3,(#6425,#6426,#6427,#6428,#6429,#6430,
#6431,#6432,#6433,#6434,#6435,#6436,#6437,#6438,#6439,#6440,#6441,#6442,
#6443,#6444,#6445,#6446),.UNSPECIFIED.,.F.,.F.,(4,3,3,3,3,3,3,4),(0.561886180847118,
0.636649552924858,0.711124084701185,0.774063807638293,0.849085909820445,
0.92440627802161,0.999395444172633,1.04521560841984),.UNSPECIFIED.);
#631=B_SPLINE_CURVE_WITH_KNOTS('',3,(#6489,#6490,#6491,#6492,#6493,#6494,
#6495,#6496,#6497,#6498),.UNSPECIFIED.,.F.,.F.,(4,2,2,2,4),(0.,0.195402335481092,
0.390737293674761,0.585948618474472,0.66003768194735),.UNSPECIFIED.);
#632=VERTEX_POINT('',#2255);
#633=VERTEX_POINT('',#2256);
#634=VERTEX_POINT('',#2261);
#635=VERTEX_POINT('',#2281);
#636=VERTEX_POINT('',#2286);
#637=VERTEX_POINT('',#2291);
#638=VERTEX_POINT('',#2301);
#639=VERTEX_POINT('',#2315);
#640=VERTEX_POINT('',#2317);
#641=VERTEX_POINT('',#2349);
#642=VERTEX_POINT('',#2371);
#643=VERTEX_POINT('',#2383);
#644=VERTEX_POINT('',#2392);
#645=VERTEX_POINT('',#2400);
#646=VERTEX_POINT('',#2405);
#647=VERTEX_POINT('',#2414);
#648=VERTEX_POINT('',#2419);
#649=VERTEX_POINT('',#2421);
#650=VERTEX_POINT('',#2429);
#651=VERTEX_POINT('',#2434);
#652=VERTEX_POINT('',#2439);
#653=VERTEX_POINT('',#2448);
#654=VERTEX_POINT('',#2456);
#655=VERTEX_POINT('',#2461);
#656=VERTEX_POINT('',#2470);
#657=VERTEX_POINT('',#2475);
#658=VERTEX_POINT('',#2477);
#659=VERTEX_POINT('',#2485);
#660=VERTEX_POINT('',#2490);
#661=VERTEX_POINT('',#2495);
#662=VERTEX_POINT('',#2504);
#663=VERTEX_POINT('',#2512);
#664=VERTEX_POINT('',#2517);
#665=VERTEX_POINT('',#2526);
#666=VERTEX_POINT('',#2531);
#667=VERTEX_POINT('',#2533);
#668=VERTEX_POINT('',#2541);
#669=VERTEX_POINT('',#2546);
#670=VERTEX_POINT('',#2551);
#671=VERTEX_POINT('',#2560);
#672=VERTEX_POINT('',#2568);
#673=VERTEX_POINT('',#2573);
#674=VERTEX_POINT('',#2582);
#675=VERTEX_POINT('',#2587);
#676=VERTEX_POINT('',#2589);
#677=VERTEX_POINT('',#2597);
#678=VERTEX_POINT('',#2602);
#679=VERTEX_POINT('',#2607);
#680=VERTEX_POINT('',#2616);
#681=VERTEX_POINT('',#2624);
#682=VERTEX_POINT('',#2629);
#683=VERTEX_POINT('',#2638);
#684=VERTEX_POINT('',#2643);
#685=VERTEX_POINT('',#2645);
#686=VERTEX_POINT('',#2653);
#687=VERTEX_POINT('',#2658);
#688=VERTEX_POINT('',#2663);
#689=VERTEX_POINT('',#2672);
#690=VERTEX_POINT('',#2680);
#691=VERTEX_POINT('',#2693);
#692=VERTEX_POINT('',#2711);
#693=VERTEX_POINT('',#2716);
#694=VERTEX_POINT('',#2730);
#695=VERTEX_POINT('',#2748);
#696=VERTEX_POINT('',#2777);
#697=VERTEX_POINT('',#2814);
#698=VERTEX_POINT('',#2819);
#699=VERTEX_POINT('',#2836);
#700=VERTEX_POINT('',#2852);
#701=VERTEX_POINT('',#2884);
#702=VERTEX_POINT('',#2921);
#703=VERTEX_POINT('',#2926);
#704=VERTEX_POINT('',#2940);
#705=VERTEX_POINT('',#2960);
#706=VERTEX_POINT('',#2989);
#707=VERTEX_POINT('',#3026);
#708=VERTEX_POINT('',#3031);
#709=VERTEX_POINT('',#3048);
#710=VERTEX_POINT('',#3071);
#711=VERTEX_POINT('',#3100);
#712=VERTEX_POINT('',#3137);
#713=VERTEX_POINT('',#3142);
#714=VERTEX_POINT('',#3162);
#715=VERTEX_POINT('',#3182);
#716=VERTEX_POINT('',#3211);
#717=VERTEX_POINT('',#3233);
#718=VERTEX_POINT('',#3237);
#719=VERTEX_POINT('',#3246);
#720=VERTEX_POINT('',#3248);
#721=VERTEX_POINT('',#3264);
#722=VERTEX_POINT('',#3273);
#723=VERTEX_POINT('',#3275);
#724=VERTEX_POINT('',#3291);
#725=VERTEX_POINT('',#3300);
#726=VERTEX_POINT('',#3302);
#727=VERTEX_POINT('',#3318);
#728=VERTEX_POINT('',#3327);
#729=VERTEX_POINT('',#3329);
#730=VERTEX_POINT('',#3345);
#731=VERTEX_POINT('',#3354);
#732=VERTEX_POINT('',#3356);
#733=VERTEX_POINT('',#3372);
#734=VERTEX_POINT('',#3381);
#735=VERTEX_POINT('',#3383);
#736=VERTEX_POINT('',#3406);
#737=VERTEX_POINT('',#3411);
#738=VERTEX_POINT('',#3424);
#739=VERTEX_POINT('',#3425);
#740=VERTEX_POINT('',#3436);
#741=VERTEX_POINT('',#3444);
#742=VERTEX_POINT('',#3473);
#743=VERTEX_POINT('',#3481);
#744=VERTEX_POINT('',#3492);
#745=VERTEX_POINT('',#3497);
#746=VERTEX_POINT('',#3526);
#747=VERTEX_POINT('',#3528);
#748=VERTEX_POINT('',#3554);
#749=VERTEX_POINT('',#3577);
#750=VERTEX_POINT('',#3603);
#751=VERTEX_POINT('',#3609);
#752=VERTEX_POINT('',#3614);
#753=VERTEX_POINT('',#3697);
#754=VERTEX_POINT('',#3736);
#755=VERTEX_POINT('',#3926);
#756=VERTEX_POINT('',#3931);
#757=VERTEX_POINT('',#3944);
#758=VERTEX_POINT('',#3945);
#759=VERTEX_POINT('',#3956);
#760=VERTEX_POINT('',#3964);
#761=VERTEX_POINT('',#3993);
#762=VERTEX_POINT('',#4001);
#763=VERTEX_POINT('',#4012);
#764=VERTEX_POINT('',#4017);
#765=VERTEX_POINT('',#4046);
#766=VERTEX_POINT('',#4048);
#767=VERTEX_POINT('',#4074);
#768=VERTEX_POINT('',#4097);
#769=VERTEX_POINT('',#4123);
#770=VERTEX_POINT('',#4129);
#771=VERTEX_POINT('',#4134);
#772=VERTEX_POINT('',#4217);
#773=VERTEX_POINT('',#4256);
#774=VERTEX_POINT('',#4446);
#775=VERTEX_POINT('',#4451);
#776=VERTEX_POINT('',#4464);
#777=VERTEX_POINT('',#4465);
#778=VERTEX_POINT('',#4476);
#779=VERTEX_POINT('',#4484);
#780=VERTEX_POINT('',#4513);
#781=VERTEX_POINT('',#4521);
#782=VERTEX_POINT('',#4532);
#783=VERTEX_POINT('',#4537);
#784=VERTEX_POINT('',#4566);
#785=VERTEX_POINT('',#4568);
#786=VERTEX_POINT('',#4594);
#787=VERTEX_POINT('',#4617);
#788=VERTEX_POINT('',#4643);
#789=VERTEX_POINT('',#4649);
#790=VERTEX_POINT('',#4654);
#791=VERTEX_POINT('',#4737);
#792=VERTEX_POINT('',#4776);
#793=VERTEX_POINT('',#4966);
#794=VERTEX_POINT('',#4971);
#795=VERTEX_POINT('',#4984);
#796=VERTEX_POINT('',#4985);
#797=VERTEX_POINT('',#4996);
#798=VERTEX_POINT('',#5004);
#799=VERTEX_POINT('',#5033);
#800=VERTEX_POINT('',#5041);
#801=VERTEX_POINT('',#5052);
#802=VERTEX_POINT('',#5057);
#803=VERTEX_POINT('',#5086);
#804=VERTEX_POINT('',#5088);
#805=VERTEX_POINT('',#5114);
#806=VERTEX_POINT('',#5137);
#807=VERTEX_POINT('',#5163);
#808=VERTEX_POINT('',#5169);
#809=VERTEX_POINT('',#5174);
#810=VERTEX_POINT('',#5257);
#811=VERTEX_POINT('',#5296);
#812=VERTEX_POINT('',#5486);
#813=VERTEX_POINT('',#5491);
#814=VERTEX_POINT('',#5504);
#815=VERTEX_POINT('',#5505);
#816=VERTEX_POINT('',#5516);
#817=VERTEX_POINT('',#5524);
#818=VERTEX_POINT('',#5553);
#819=VERTEX_POINT('',#5561);
#820=VERTEX_POINT('',#5572);
#821=VERTEX_POINT('',#5577);
#822=VERTEX_POINT('',#5606);
#823=VERTEX_POINT('',#5608);
#824=VERTEX_POINT('',#5634);
#825=VERTEX_POINT('',#5657);
#826=VERTEX_POINT('',#5683);
#827=VERTEX_POINT('',#5689);
#828=VERTEX_POINT('',#5694);
#829=VERTEX_POINT('',#5777);
#830=VERTEX_POINT('',#5816);
#831=VERTEX_POINT('',#6000);
#832=VERTEX_POINT('',#6005);
#833=VERTEX_POINT('',#6018);
#834=VERTEX_POINT('',#6019);
#835=VERTEX_POINT('',#6030);
#836=VERTEX_POINT('',#6038);
#837=VERTEX_POINT('',#6067);
#838=VERTEX_POINT('',#6075);
#839=VERTEX_POINT('',#6086);
#840=VERTEX_POINT('',#6091);
#841=VERTEX_POINT('',#6120);
#842=VERTEX_POINT('',#6122);
#843=VERTEX_POINT('',#6148);
#844=VERTEX_POINT('',#6171);
#845=VERTEX_POINT('',#6197);
#846=VERTEX_POINT('',#6203);
#847=VERTEX_POINT('',#6208);
#848=VERTEX_POINT('',#6291);
#849=VERTEX_POINT('',#6330);
#850=EDGE_CURVE('',#632,#633,#368,.T.);
#851=EDGE_CURVE('',#632,#634,#369,.T.);
#852=EDGE_CURVE('',#634,#635,#370,.F.);
#853=EDGE_CURVE('',#635,#636,#371,.T.);
#854=EDGE_CURVE('',#637,#636,#372,.T.);
#855=EDGE_CURVE('',#637,#633,#373,.T.);
#856=EDGE_CURVE('',#638,#632,#374,.T.);
#857=EDGE_CURVE('',#638,#639,#112,.T.);
#858=EDGE_CURVE('',#639,#640,#375,.F.);
#859=EDGE_CURVE('',#640,#641,#113,.T.);
#860=EDGE_CURVE('',#634,#641,#376,.T.);
#861=EDGE_CURVE('',#639,#642,#377,.T.);
#862=EDGE_CURVE('',#633,#638,#378,.T.);
#863=EDGE_CURVE('',#636,#643,#379,.T.);
#864=EDGE_CURVE('',#643,#644,#380,.T.);
#865=EDGE_CURVE('',#644,#645,#381,.T.);
#866=EDGE_CURVE('',#645,#646,#382,.T.);
#867=EDGE_CURVE('',#647,#646,#383,.T.);
#868=EDGE_CURVE('',#648,#647,#114,.T.);
#869=EDGE_CURVE('',#649,#648,#384,.T.);
#870=EDGE_CURVE('',#650,#649,#385,.T.);
#871=EDGE_CURVE('',#650,#651,#386,.T.);
#872=EDGE_CURVE('',#651,#652,#387,.T.);
#873=EDGE_CURVE('',#652,#653,#388,.T.);
#874=EDGE_CURVE('',#653,#654,#389,.T.);
#875=EDGE_CURVE('',#654,#655,#390,.T.);
#876=EDGE_CURVE('',#656,#655,#391,.T.);
#877=EDGE_CURVE('',#657,#656,#115,.T.);
#878=EDGE_CURVE('',#658,#657,#392,.T.);
#879=EDGE_CURVE('',#659,#658,#393,.T.);
#880=EDGE_CURVE('',#659,#660,#394,.T.);
#881=EDGE_CURVE('',#660,#661,#395,.T.);
#882=EDGE_CURVE('',#661,#662,#396,.T.);
#883=EDGE_CURVE('',#662,#663,#397,.T.);
#884=EDGE_CURVE('',#663,#664,#398,.T.);
#885=EDGE_CURVE('',#665,#664,#399,.T.);
#886=EDGE_CURVE('',#666,#665,#116,.T.);
#887=EDGE_CURVE('',#667,#666,#400,.T.);
#888=EDGE_CURVE('',#668,#667,#401,.T.);
#889=EDGE_CURVE('',#668,#669,#402,.T.);
#890=EDGE_CURVE('',#669,#670,#403,.T.);
#891=EDGE_CURVE('',#670,#671,#404,.T.);
#892=EDGE_CURVE('',#671,#672,#405,.T.);
#893=EDGE_CURVE('',#672,#673,#406,.T.);
#894=EDGE_CURVE('',#674,#673,#407,.T.);
#895=EDGE_CURVE('',#675,#674,#117,.T.);
#896=EDGE_CURVE('',#676,#675,#408,.T.);
#897=EDGE_CURVE('',#677,#676,#409,.T.);
#898=EDGE_CURVE('',#677,#678,#410,.T.);
#899=EDGE_CURVE('',#678,#679,#411,.T.);
#900=EDGE_CURVE('',#679,#680,#412,.T.);
#901=EDGE_CURVE('',#680,#681,#413,.T.);
#902=EDGE_CURVE('',#681,#682,#414,.T.);
#903=EDGE_CURVE('',#683,#682,#415,.T.);
#904=EDGE_CURVE('',#684,#683,#118,.T.);
#905=EDGE_CURVE('',#685,#684,#416,.T.);
#906=EDGE_CURVE('',#686,#685,#417,.T.);
#907=EDGE_CURVE('',#686,#687,#418,.T.);
#908=EDGE_CURVE('',#687,#688,#419,.T.);
#909=EDGE_CURVE('',#688,#689,#420,.T.);
#910=EDGE_CURVE('',#689,#690,#421,.T.);
#911=EDGE_CURVE('',#690,#642,#422,.T.);
#912=EDGE_CURVE('',#691,#691,#119,.T.);
#913=EDGE_CURVE('',#692,#658,#423,.T.);
#914=EDGE_CURVE('',#692,#693,#424,.T.);
#915=EDGE_CURVE('',#693,#694,#425,.F.);
#916=EDGE_CURVE('',#694,#660,#426,.T.);
#917=EDGE_CURVE('',#657,#692,#427,.T.);
#918=EDGE_CURVE('',#656,#695,#428,.F.);
#919=EDGE_CURVE('',#695,#696,#120,.T.);
#920=EDGE_CURVE('',#693,#696,#429,.T.);
#921=EDGE_CURVE('',#697,#667,#430,.T.);
#922=EDGE_CURVE('',#697,#698,#431,.T.);
#923=EDGE_CURVE('',#698,#699,#432,.F.);
#924=EDGE_CURVE('',#699,#669,#433,.T.);
#925=EDGE_CURVE('',#666,#697,#434,.T.);
#926=EDGE_CURVE('',#665,#700,#435,.F.);
#927=EDGE_CURVE('',#700,#701,#121,.T.);
#928=EDGE_CURVE('',#698,#701,#436,.T.);
#929=EDGE_CURVE('',#702,#676,#437,.T.);
#930=EDGE_CURVE('',#702,#703,#438,.T.);
#931=EDGE_CURVE('',#703,#704,#439,.F.);
#932=EDGE_CURVE('',#704,#678,#440,.T.);
#933=EDGE_CURVE('',#675,#702,#441,.T.);
#934=EDGE_CURVE('',#674,#705,#442,.F.);
#935=EDGE_CURVE('',#705,#706,#122,.T.);
#936=EDGE_CURVE('',#703,#706,#443,.T.);
#937=EDGE_CURVE('',#707,#685,#444,.T.);
#938=EDGE_CURVE('',#707,#708,#445,.T.);
#939=EDGE_CURVE('',#708,#709,#446,.F.);
#940=EDGE_CURVE('',#709,#687,#447,.T.);
#941=EDGE_CURVE('',#684,#707,#448,.T.);
#942=EDGE_CURVE('',#683,#710,#449,.F.);
#943=EDGE_CURVE('',#710,#711,#123,.T.);
#944=EDGE_CURVE('',#708,#711,#450,.T.);
#945=EDGE_CURVE('',#712,#649,#451,.T.);
#946=EDGE_CURVE('',#712,#713,#452,.T.);
#947=EDGE_CURVE('',#713,#714,#453,.F.);
#948=EDGE_CURVE('',#714,#651,#454,.T.);
#949=EDGE_CURVE('',#648,#712,#455,.T.);
#950=EDGE_CURVE('',#647,#715,#456,.F.);
#951=EDGE_CURVE('',#715,#716,#124,.T.);
#952=EDGE_CURVE('',#713,#716,#457,.T.);
#953=EDGE_CURVE('',#691,#717,#15,.T.);
#954=EDGE_CURVE('',#717,#717,#125,.T.);
#955=EDGE_CURVE('',#700,#718,#458,.T.);
#956=EDGE_CURVE('',#719,#718,#126,.T.);
#957=EDGE_CURVE('',#719,#720,#459,.T.);
#958=EDGE_CURVE('',#720,#701,#460,.T.);
#959=EDGE_CURVE('',#705,#721,#461,.T.);
#960=EDGE_CURVE('',#722,#721,#127,.T.);
#961=EDGE_CURVE('',#722,#723,#462,.T.);
#962=EDGE_CURVE('',#723,#706,#463,.T.);
#963=EDGE_CURVE('',#695,#724,#464,.T.);
#964=EDGE_CURVE('',#725,#724,#128,.T.);
#965=EDGE_CURVE('',#725,#726,#465,.T.);
#966=EDGE_CURVE('',#726,#696,#466,.T.);
#967=EDGE_CURVE('',#715,#727,#467,.T.);
#968=EDGE_CURVE('',#728,#727,#129,.T.);
#969=EDGE_CURVE('',#728,#729,#468,.T.);
#970=EDGE_CURVE('',#729,#716,#469,.T.);
#971=EDGE_CURVE('',#640,#730,#470,.T.);
#972=EDGE_CURVE('',#731,#730,#130,.T.);
#973=EDGE_CURVE('',#731,#732,#471,.T.);
#974=EDGE_CURVE('',#732,#641,#472,.T.);
#975=EDGE_CURVE('',#710,#733,#473,.T.);
#976=EDGE_CURVE('',#734,#733,#131,.T.);
#977=EDGE_CURVE('',#734,#735,#474,.T.);
#978=EDGE_CURVE('',#735,#711,#475,.T.);
#979=EDGE_CURVE('',#722,#733,#132,.T.);
#980=EDGE_CURVE('',#719,#721,#133,.T.);
#981=EDGE_CURVE('',#725,#718,#134,.T.);
#982=EDGE_CURVE('',#728,#724,#135,.T.);
#983=EDGE_CURVE('',#731,#727,#136,.T.);
#984=EDGE_CURVE('',#734,#730,#137,.T.);
#985=EDGE_CURVE('',#733,#736,#476,.T.);
#986=EDGE_CURVE('',#736,#737,#477,.T.);
#987=EDGE_CURVE('',#737,#722,#478,.T.);
#988=EDGE_CURVE('',#738,#739,#479,.T.);
#989=EDGE_CURVE('',#739,#740,#480,.T.);
#990=EDGE_CURVE('',#740,#741,#481,.T.);
#991=EDGE_CURVE('',#741,#742,#482,.T.);
#992=EDGE_CURVE('',#742,#743,#483,.T.);
#993=EDGE_CURVE('',#743,#744,#484,.T.);
#994=EDGE_CURVE('',#744,#745,#485,.T.);
#995=EDGE_CURVE('',#745,#738,#486,.T.);
#996=EDGE_CURVE('',#746,#741,#16,.T.);
#997=EDGE_CURVE('',#746,#747,#487,.T.);
#998=EDGE_CURVE('',#742,#747,#17,.T.);
#999=EDGE_CURVE('',#740,#748,#18,.T.);
#1000=EDGE_CURVE('',#748,#746,#488,.T.);
#1001=EDGE_CURVE('',#749,#739,#19,.T.);
#1002=EDGE_CURVE('',#749,#748,#489,.T.);
#1003=EDGE_CURVE('',#736,#750,#490,.T.);
#1004=EDGE_CURVE('',#751,#750,#491,.T.);
#1005=EDGE_CURVE('',#752,#751,#492,.T.);
#1006=EDGE_CURVE('',#737,#752,#493,.T.);
#1007=EDGE_CURVE('',#738,#680,#494,.T.);
#1008=EDGE_CURVE('',#679,#749,#495,.T.);
#1009=EDGE_CURVE('',#752,#753,#20,.T.);
#1010=EDGE_CURVE('',#753,#723,#496,.T.);
#1011=EDGE_CURVE('',#747,#754,#497,.T.);
#1012=EDGE_CURVE('',#754,#751,#21,.T.);
#1013=EDGE_CURVE('',#751,#743,#498,.T.);
#1014=EDGE_CURVE('',#754,#753,#499,.T.);
#1015=EDGE_CURVE('',#745,#681,#500,.T.);
#1016=EDGE_CURVE('',#750,#744,#501,.T.);
#1017=EDGE_CURVE('',#727,#755,#502,.T.);
#1018=EDGE_CURVE('',#755,#756,#503,.T.);
#1019=EDGE_CURVE('',#756,#731,#504,.T.);
#1020=EDGE_CURVE('',#757,#758,#505,.T.);
#1021=EDGE_CURVE('',#758,#759,#506,.T.);
#1022=EDGE_CURVE('',#759,#760,#507,.T.);
#1023=EDGE_CURVE('',#760,#761,#508,.T.);
#1024=EDGE_CURVE('',#761,#762,#509,.T.);
#1025=EDGE_CURVE('',#762,#763,#510,.T.);
#1026=EDGE_CURVE('',#763,#764,#511,.T.);
#1027=EDGE_CURVE('',#764,#757,#512,.T.);
#1028=EDGE_CURVE('',#765,#760,#22,.T.);
#1029=EDGE_CURVE('',#765,#766,#513,.T.);
#1030=EDGE_CURVE('',#761,#766,#23,.T.);
#1031=EDGE_CURVE('',#759,#767,#24,.T.);
#1032=EDGE_CURVE('',#767,#765,#514,.T.);
#1033=EDGE_CURVE('',#768,#758,#25,.T.);
#1034=EDGE_CURVE('',#768,#767,#515,.T.);
#1035=EDGE_CURVE('',#755,#769,#516,.T.);
#1036=EDGE_CURVE('',#770,#769,#517,.T.);
#1037=EDGE_CURVE('',#771,#770,#518,.T.);
#1038=EDGE_CURVE('',#756,#771,#519,.T.);
#1039=EDGE_CURVE('',#757,#644,#520,.T.);
#1040=EDGE_CURVE('',#643,#768,#521,.T.);
#1041=EDGE_CURVE('',#771,#772,#26,.T.);
#1042=EDGE_CURVE('',#772,#732,#522,.T.);
#1043=EDGE_CURVE('',#766,#773,#523,.T.);
#1044=EDGE_CURVE('',#773,#770,#27,.T.);
#1045=EDGE_CURVE('',#770,#762,#524,.T.);
#1046=EDGE_CURVE('',#773,#772,#525,.T.);
#1047=EDGE_CURVE('',#764,#645,#526,.T.);
#1048=EDGE_CURVE('',#769,#763,#527,.T.);
#1049=EDGE_CURVE('',#718,#774,#528,.T.);
#1050=EDGE_CURVE('',#774,#775,#529,.T.);
#1051=EDGE_CURVE('',#775,#725,#530,.T.);
#1052=EDGE_CURVE('',#776,#777,#531,.T.);
#1053=EDGE_CURVE('',#777,#778,#532,.T.);
#1054=EDGE_CURVE('',#778,#779,#533,.T.);
#1055=EDGE_CURVE('',#779,#780,#534,.T.);
#1056=EDGE_CURVE('',#780,#781,#535,.T.);
#1057=EDGE_CURVE('',#781,#782,#536,.T.);
#1058=EDGE_CURVE('',#782,#783,#537,.T.);
#1059=EDGE_CURVE('',#783,#776,#538,.T.);
#1060=EDGE_CURVE('',#784,#779,#28,.T.);
#1061=EDGE_CURVE('',#784,#785,#539,.T.);
#1062=EDGE_CURVE('',#780,#785,#29,.T.);
#1063=EDGE_CURVE('',#778,#786,#30,.T.);
#1064=EDGE_CURVE('',#786,#784,#540,.T.);
#1065=EDGE_CURVE('',#787,#777,#31,.T.);
#1066=EDGE_CURVE('',#787,#786,#541,.T.);
#1067=EDGE_CURVE('',#774,#788,#542,.T.);
#1068=EDGE_CURVE('',#789,#788,#543,.T.);
#1069=EDGE_CURVE('',#790,#789,#544,.T.);
#1070=EDGE_CURVE('',#775,#790,#545,.T.);
#1071=EDGE_CURVE('',#776,#662,#546,.T.);
#1072=EDGE_CURVE('',#661,#787,#547,.T.);
#1073=EDGE_CURVE('',#790,#791,#32,.T.);
#1074=EDGE_CURVE('',#791,#726,#548,.T.);
#1075=EDGE_CURVE('',#785,#792,#549,.T.);
#1076=EDGE_CURVE('',#792,#789,#33,.T.);
#1077=EDGE_CURVE('',#789,#781,#550,.T.);
#1078=EDGE_CURVE('',#792,#791,#551,.T.);
#1079=EDGE_CURVE('',#783,#663,#552,.T.);
#1080=EDGE_CURVE('',#788,#782,#553,.T.);
#1081=EDGE_CURVE('',#721,#793,#554,.T.);
#1082=EDGE_CURVE('',#793,#794,#555,.T.);
#1083=EDGE_CURVE('',#794,#719,#556,.T.);
#1084=EDGE_CURVE('',#795,#796,#557,.T.);
#1085=EDGE_CURVE('',#796,#797,#558,.T.);
#1086=EDGE_CURVE('',#797,#798,#559,.T.);
#1087=EDGE_CURVE('',#798,#799,#560,.T.);
#1088=EDGE_CURVE('',#799,#800,#561,.T.);
#1089=EDGE_CURVE('',#800,#801,#562,.T.);
#1090=EDGE_CURVE('',#801,#802,#563,.T.);
#1091=EDGE_CURVE('',#802,#795,#564,.T.);
#1092=EDGE_CURVE('',#803,#798,#34,.T.);
#1093=EDGE_CURVE('',#803,#804,#565,.T.);
#1094=EDGE_CURVE('',#799,#804,#35,.T.);
#1095=EDGE_CURVE('',#797,#805,#36,.T.);
#1096=EDGE_CURVE('',#805,#803,#566,.T.);
#1097=EDGE_CURVE('',#806,#796,#37,.T.);
#1098=EDGE_CURVE('',#806,#805,#567,.T.);
#1099=EDGE_CURVE('',#793,#807,#568,.T.);
#1100=EDGE_CURVE('',#808,#807,#569,.T.);
#1101=EDGE_CURVE('',#809,#808,#570,.T.);
#1102=EDGE_CURVE('',#794,#809,#571,.T.);
#1103=EDGE_CURVE('',#795,#671,#572,.T.);
#1104=EDGE_CURVE('',#670,#806,#573,.T.);
#1105=EDGE_CURVE('',#809,#810,#38,.T.);
#1106=EDGE_CURVE('',#810,#720,#574,.T.);
#1107=EDGE_CURVE('',#804,#811,#575,.T.);
#1108=EDGE_CURVE('',#811,#808,#39,.T.);
#1109=EDGE_CURVE('',#808,#800,#576,.T.);
#1110=EDGE_CURVE('',#811,#810,#577,.T.);
#1111=EDGE_CURVE('',#802,#672,#578,.T.);
#1112=EDGE_CURVE('',#807,#801,#579,.T.);
#1113=EDGE_CURVE('',#724,#812,#580,.T.);
#1114=EDGE_CURVE('',#812,#813,#581,.T.);
#1115=EDGE_CURVE('',#813,#728,#582,.T.);
#1116=EDGE_CURVE('',#814,#815,#583,.T.);
#1117=EDGE_CURVE('',#815,#816,#584,.T.);
#1118=EDGE_CURVE('',#816,#817,#585,.T.);
#1119=EDGE_CURVE('',#817,#818,#586,.T.);
#1120=EDGE_CURVE('',#818,#819,#587,.T.);
#1121=EDGE_CURVE('',#819,#820,#588,.T.);
#1122=EDGE_CURVE('',#820,#821,#589,.T.);
#1123=EDGE_CURVE('',#821,#814,#590,.T.);
#1124=EDGE_CURVE('',#822,#817,#40,.T.);
#1125=EDGE_CURVE('',#822,#823,#591,.T.);
#1126=EDGE_CURVE('',#818,#823,#41,.T.);
#1127=EDGE_CURVE('',#816,#824,#42,.T.);
#1128=EDGE_CURVE('',#824,#822,#592,.T.);
#1129=EDGE_CURVE('',#825,#815,#43,.T.);
#1130=EDGE_CURVE('',#825,#824,#593,.T.);
#1131=EDGE_CURVE('',#812,#826,#594,.T.);
#1132=EDGE_CURVE('',#827,#826,#595,.T.);
#1133=EDGE_CURVE('',#828,#827,#596,.T.);
#1134=EDGE_CURVE('',#813,#828,#597,.T.);
#1135=EDGE_CURVE('',#814,#653,#598,.T.);
#1136=EDGE_CURVE('',#652,#825,#599,.T.);
#1137=EDGE_CURVE('',#828,#829,#44,.T.);
#1138=EDGE_CURVE('',#829,#729,#600,.T.);
#1139=EDGE_CURVE('',#823,#830,#601,.T.);
#1140=EDGE_CURVE('',#830,#827,#45,.T.);
#1141=EDGE_CURVE('',#827,#819,#602,.T.);
#1142=EDGE_CURVE('',#830,#829,#603,.T.);
#1143=EDGE_CURVE('',#821,#654,#604,.T.);
#1144=EDGE_CURVE('',#826,#820,#605,.T.);
#1145=EDGE_CURVE('',#730,#831,#606,.T.);
#1146=EDGE_CURVE('',#831,#832,#607,.T.);
#1147=EDGE_CURVE('',#832,#734,#608,.T.);
#1148=EDGE_CURVE('',#833,#834,#609,.T.);
#1149=EDGE_CURVE('',#834,#835,#610,.T.);
#1150=EDGE_CURVE('',#835,#836,#611,.T.);
#1151=EDGE_CURVE('',#836,#837,#612,.T.);
#1152=EDGE_CURVE('',#837,#838,#613,.T.);
#1153=EDGE_CURVE('',#838,#839,#614,.T.);
#1154=EDGE_CURVE('',#839,#840,#615,.T.);
#1155=EDGE_CURVE('',#840,#833,#616,.T.);
#1156=EDGE_CURVE('',#841,#836,#46,.T.);
#1157=EDGE_CURVE('',#841,#842,#617,.T.);
#1158=EDGE_CURVE('',#837,#842,#47,.T.);
#1159=EDGE_CURVE('',#835,#843,#48,.T.);
#1160=EDGE_CURVE('',#843,#841,#618,.T.);
#1161=EDGE_CURVE('',#844,#834,#49,.T.);
#1162=EDGE_CURVE('',#844,#843,#619,.T.);
#1163=EDGE_CURVE('',#831,#845,#620,.T.);
#1164=EDGE_CURVE('',#846,#845,#621,.T.);
#1165=EDGE_CURVE('',#847,#846,#622,.T.);
#1166=EDGE_CURVE('',#832,#847,#623,.T.);
#1167=EDGE_CURVE('',#833,#689,#624,.T.);
#1168=EDGE_CURVE('',#688,#844,#625,.T.);
#1169=EDGE_CURVE('',#847,#848,#50,.T.);
#1170=EDGE_CURVE('',#848,#735,#626,.T.);
#1171=EDGE_CURVE('',#842,#849,#627,.T.);
#1172=EDGE_CURVE('',#849,#846,#51,.T.);
#1173=EDGE_CURVE('',#846,#838,#628,.T.);
#1174=EDGE_CURVE('',#849,#848,#629,.T.);
#1175=EDGE_CURVE('',#840,#690,#630,.T.);
#1176=EDGE_CURVE('',#845,#839,#631,.T.);
#1177=ORIENTED_EDGE('',*,*,#850,.F.);
#1178=ORIENTED_EDGE('',*,*,#851,.T.);
#1179=ORIENTED_EDGE('',*,*,#852,.T.);
#1180=ORIENTED_EDGE('',*,*,#853,.T.);
#1181=ORIENTED_EDGE('',*,*,#854,.F.);
#1182=ORIENTED_EDGE('',*,*,#855,.T.);
#1183=ORIENTED_EDGE('',*,*,#856,.F.);
#1184=ORIENTED_EDGE('',*,*,#857,.T.);
#1185=ORIENTED_EDGE('',*,*,#858,.T.);
#1186=ORIENTED_EDGE('',*,*,#859,.T.);
#1187=ORIENTED_EDGE('',*,*,#860,.F.);
#1188=ORIENTED_EDGE('',*,*,#851,.F.);
#1189=ORIENTED_EDGE('',*,*,#861,.F.);
#1190=ORIENTED_EDGE('',*,*,#857,.F.);
#1191=ORIENTED_EDGE('',*,*,#862,.F.);
#1192=ORIENTED_EDGE('',*,*,#855,.F.);
#1193=ORIENTED_EDGE('',*,*,#854,.T.);
#1194=ORIENTED_EDGE('',*,*,#863,.T.);
#1195=ORIENTED_EDGE('',*,*,#864,.T.);
#1196=ORIENTED_EDGE('',*,*,#865,.T.);
#1197=ORIENTED_EDGE('',*,*,#866,.T.);
#1198=ORIENTED_EDGE('',*,*,#867,.F.);
#1199=ORIENTED_EDGE('',*,*,#868,.F.);
#1200=ORIENTED_EDGE('',*,*,#869,.F.);
#1201=ORIENTED_EDGE('',*,*,#870,.F.);
#1202=ORIENTED_EDGE('',*,*,#871,.T.);
#1203=ORIENTED_EDGE('',*,*,#872,.T.);
#1204=ORIENTED_EDGE('',*,*,#873,.T.);
#1205=ORIENTED_EDGE('',*,*,#874,.T.);
#1206=ORIENTED_EDGE('',*,*,#875,.T.);
#1207=ORIENTED_EDGE('',*,*,#876,.F.);
#1208=ORIENTED_EDGE('',*,*,#877,.F.);
#1209=ORIENTED_EDGE('',*,*,#878,.F.);
#1210=ORIENTED_EDGE('',*,*,#879,.F.);
#1211=ORIENTED_EDGE('',*,*,#880,.T.);
#1212=ORIENTED_EDGE('',*,*,#881,.T.);
#1213=ORIENTED_EDGE('',*,*,#882,.T.);
#1214=ORIENTED_EDGE('',*,*,#883,.T.);
#1215=ORIENTED_EDGE('',*,*,#884,.T.);
#1216=ORIENTED_EDGE('',*,*,#885,.F.);
#1217=ORIENTED_EDGE('',*,*,#886,.F.);
#1218=ORIENTED_EDGE('',*,*,#887,.F.);
#1219=ORIENTED_EDGE('',*,*,#888,.F.);
#1220=ORIENTED_EDGE('',*,*,#889,.T.);
#1221=ORIENTED_EDGE('',*,*,#890,.T.);
#1222=ORIENTED_EDGE('',*,*,#891,.T.);
#1223=ORIENTED_EDGE('',*,*,#892,.T.);
#1224=ORIENTED_EDGE('',*,*,#893,.T.);
#1225=ORIENTED_EDGE('',*,*,#894,.F.);
#1226=ORIENTED_EDGE('',*,*,#895,.F.);
#1227=ORIENTED_EDGE('',*,*,#896,.F.);
#1228=ORIENTED_EDGE('',*,*,#897,.F.);
#1229=ORIENTED_EDGE('',*,*,#898,.T.);
#1230=ORIENTED_EDGE('',*,*,#899,.T.);
#1231=ORIENTED_EDGE('',*,*,#900,.T.);
#1232=ORIENTED_EDGE('',*,*,#901,.T.);
#1233=ORIENTED_EDGE('',*,*,#902,.T.);
#1234=ORIENTED_EDGE('',*,*,#903,.F.);
#1235=ORIENTED_EDGE('',*,*,#904,.F.);
#1236=ORIENTED_EDGE('',*,*,#905,.F.);
#1237=ORIENTED_EDGE('',*,*,#906,.F.);
#1238=ORIENTED_EDGE('',*,*,#907,.T.);
#1239=ORIENTED_EDGE('',*,*,#908,.T.);
#1240=ORIENTED_EDGE('',*,*,#909,.T.);
#1241=ORIENTED_EDGE('',*,*,#910,.T.);
#1242=ORIENTED_EDGE('',*,*,#911,.T.);
#1243=ORIENTED_EDGE('',*,*,#912,.T.);
#1244=ORIENTED_EDGE('',*,*,#913,.F.);
#1245=ORIENTED_EDGE('',*,*,#914,.T.);
#1246=ORIENTED_EDGE('',*,*,#915,.T.);
#1247=ORIENTED_EDGE('',*,*,#916,.T.);
#1248=ORIENTED_EDGE('',*,*,#880,.F.);
#1249=ORIENTED_EDGE('',*,*,#879,.T.);
#1250=ORIENTED_EDGE('',*,*,#917,.F.);
#1251=ORIENTED_EDGE('',*,*,#877,.T.);
#1252=ORIENTED_EDGE('',*,*,#918,.T.);
#1253=ORIENTED_EDGE('',*,*,#919,.T.);
#1254=ORIENTED_EDGE('',*,*,#920,.F.);
#1255=ORIENTED_EDGE('',*,*,#914,.F.);
#1256=ORIENTED_EDGE('',*,*,#921,.F.);
#1257=ORIENTED_EDGE('',*,*,#922,.T.);
#1258=ORIENTED_EDGE('',*,*,#923,.T.);
#1259=ORIENTED_EDGE('',*,*,#924,.T.);
#1260=ORIENTED_EDGE('',*,*,#889,.F.);
#1261=ORIENTED_EDGE('',*,*,#888,.T.);
#1262=ORIENTED_EDGE('',*,*,#925,.F.);
#1263=ORIENTED_EDGE('',*,*,#886,.T.);
#1264=ORIENTED_EDGE('',*,*,#926,.T.);
#1265=ORIENTED_EDGE('',*,*,#927,.T.);
#1266=ORIENTED_EDGE('',*,*,#928,.F.);
#1267=ORIENTED_EDGE('',*,*,#922,.F.);
#1268=ORIENTED_EDGE('',*,*,#929,.F.);
#1269=ORIENTED_EDGE('',*,*,#930,.T.);
#1270=ORIENTED_EDGE('',*,*,#931,.T.);
#1271=ORIENTED_EDGE('',*,*,#932,.T.);
#1272=ORIENTED_EDGE('',*,*,#898,.F.);
#1273=ORIENTED_EDGE('',*,*,#897,.T.);
#1274=ORIENTED_EDGE('',*,*,#933,.F.);
#1275=ORIENTED_EDGE('',*,*,#895,.T.);
#1276=ORIENTED_EDGE('',*,*,#934,.T.);
#1277=ORIENTED_EDGE('',*,*,#935,.T.);
#1278=ORIENTED_EDGE('',*,*,#936,.F.);
#1279=ORIENTED_EDGE('',*,*,#930,.F.);
#1280=ORIENTED_EDGE('',*,*,#937,.F.);
#1281=ORIENTED_EDGE('',*,*,#938,.T.);
#1282=ORIENTED_EDGE('',*,*,#939,.T.);
#1283=ORIENTED_EDGE('',*,*,#940,.T.);
#1284=ORIENTED_EDGE('',*,*,#907,.F.);
#1285=ORIENTED_EDGE('',*,*,#906,.T.);
#1286=ORIENTED_EDGE('',*,*,#941,.F.);
#1287=ORIENTED_EDGE('',*,*,#904,.T.);
#1288=ORIENTED_EDGE('',*,*,#942,.T.);
#1289=ORIENTED_EDGE('',*,*,#943,.T.);
#1290=ORIENTED_EDGE('',*,*,#944,.F.);
#1291=ORIENTED_EDGE('',*,*,#938,.F.);
#1292=ORIENTED_EDGE('',*,*,#945,.F.);
#1293=ORIENTED_EDGE('',*,*,#946,.T.);
#1294=ORIENTED_EDGE('',*,*,#947,.T.);
#1295=ORIENTED_EDGE('',*,*,#948,.T.);
#1296=ORIENTED_EDGE('',*,*,#871,.F.);
#1297=ORIENTED_EDGE('',*,*,#870,.T.);
#1298=ORIENTED_EDGE('',*,*,#949,.F.);
#1299=ORIENTED_EDGE('',*,*,#868,.T.);
#1300=ORIENTED_EDGE('',*,*,#950,.T.);
#1301=ORIENTED_EDGE('',*,*,#951,.T.);
#1302=ORIENTED_EDGE('',*,*,#952,.F.);
#1303=ORIENTED_EDGE('',*,*,#946,.F.);
#1304=ORIENTED_EDGE('',*,*,#912,.F.);
#1305=ORIENTED_EDGE('',*,*,#953,.T.);
#1306=ORIENTED_EDGE('',*,*,#954,.F.);
#1307=ORIENTED_EDGE('',*,*,#953,.F.);
#1308=ORIENTED_EDGE('',*,*,#927,.F.);
#1309=ORIENTED_EDGE('',*,*,#955,.T.);
#1310=ORIENTED_EDGE('',*,*,#956,.F.);
#1311=ORIENTED_EDGE('',*,*,#957,.T.);
#1312=ORIENTED_EDGE('',*,*,#958,.T.);
#1313=ORIENTED_EDGE('',*,*,#935,.F.);
#1314=ORIENTED_EDGE('',*,*,#959,.T.);
#1315=ORIENTED_EDGE('',*,*,#960,.F.);
#1316=ORIENTED_EDGE('',*,*,#961,.T.);
#1317=ORIENTED_EDGE('',*,*,#962,.T.);
#1318=ORIENTED_EDGE('',*,*,#919,.F.);
#1319=ORIENTED_EDGE('',*,*,#963,.T.);
#1320=ORIENTED_EDGE('',*,*,#964,.F.);
#1321=ORIENTED_EDGE('',*,*,#965,.T.);
#1322=ORIENTED_EDGE('',*,*,#966,.T.);
#1323=ORIENTED_EDGE('',*,*,#951,.F.);
#1324=ORIENTED_EDGE('',*,*,#967,.T.);
#1325=ORIENTED_EDGE('',*,*,#968,.F.);
#1326=ORIENTED_EDGE('',*,*,#969,.T.);
#1327=ORIENTED_EDGE('',*,*,#970,.T.);
#1328=ORIENTED_EDGE('',*,*,#859,.F.);
#1329=ORIENTED_EDGE('',*,*,#971,.T.);
#1330=ORIENTED_EDGE('',*,*,#972,.F.);
#1331=ORIENTED_EDGE('',*,*,#973,.T.);
#1332=ORIENTED_EDGE('',*,*,#974,.T.);
#1333=ORIENTED_EDGE('',*,*,#943,.F.);
#1334=ORIENTED_EDGE('',*,*,#975,.T.);
#1335=ORIENTED_EDGE('',*,*,#976,.F.);
#1336=ORIENTED_EDGE('',*,*,#977,.T.);
#1337=ORIENTED_EDGE('',*,*,#978,.T.);
#1338=ORIENTED_EDGE('',*,*,#976,.T.);
#1339=ORIENTED_EDGE('',*,*,#979,.F.);
#1340=ORIENTED_EDGE('',*,*,#960,.T.);
#1341=ORIENTED_EDGE('',*,*,#980,.F.);
#1342=ORIENTED_EDGE('',*,*,#956,.T.);
#1343=ORIENTED_EDGE('',*,*,#981,.F.);
#1344=ORIENTED_EDGE('',*,*,#964,.T.);
#1345=ORIENTED_EDGE('',*,*,#982,.F.);
#1346=ORIENTED_EDGE('',*,*,#968,.T.);
#1347=ORIENTED_EDGE('',*,*,#983,.F.);
#1348=ORIENTED_EDGE('',*,*,#972,.T.);
#1349=ORIENTED_EDGE('',*,*,#984,.F.);
#1350=ORIENTED_EDGE('',*,*,#954,.T.);
#1351=ORIENTED_EDGE('',*,*,#979,.T.);
#1352=ORIENTED_EDGE('',*,*,#985,.T.);
#1353=ORIENTED_EDGE('',*,*,#986,.T.);
#1354=ORIENTED_EDGE('',*,*,#987,.T.);
#1355=ORIENTED_EDGE('',*,*,#988,.T.);
#1356=ORIENTED_EDGE('',*,*,#989,.T.);
#1357=ORIENTED_EDGE('',*,*,#990,.T.);
#1358=ORIENTED_EDGE('',*,*,#991,.T.);
#1359=ORIENTED_EDGE('',*,*,#992,.T.);
#1360=ORIENTED_EDGE('',*,*,#993,.T.);
#1361=ORIENTED_EDGE('',*,*,#994,.T.);
#1362=ORIENTED_EDGE('',*,*,#995,.T.);
#1363=ORIENTED_EDGE('',*,*,#991,.F.);
#1364=ORIENTED_EDGE('',*,*,#996,.F.);
#1365=ORIENTED_EDGE('',*,*,#997,.T.);
#1366=ORIENTED_EDGE('',*,*,#998,.F.);
#1367=ORIENTED_EDGE('',*,*,#990,.F.);
#1368=ORIENTED_EDGE('',*,*,#999,.T.);
#1369=ORIENTED_EDGE('',*,*,#1000,.T.);
#1370=ORIENTED_EDGE('',*,*,#996,.T.);
#1371=ORIENTED_EDGE('',*,*,#989,.F.);
#1372=ORIENTED_EDGE('',*,*,#1001,.F.);
#1373=ORIENTED_EDGE('',*,*,#1002,.T.);
#1374=ORIENTED_EDGE('',*,*,#999,.F.);
#1375=ORIENTED_EDGE('',*,*,#986,.F.);
#1376=ORIENTED_EDGE('',*,*,#1003,.T.);
#1377=ORIENTED_EDGE('',*,*,#1004,.F.);
#1378=ORIENTED_EDGE('',*,*,#1005,.F.);
#1379=ORIENTED_EDGE('',*,*,#1006,.F.);
#1380=ORIENTED_EDGE('',*,*,#988,.F.);
#1381=ORIENTED_EDGE('',*,*,#1007,.T.);
#1382=ORIENTED_EDGE('',*,*,#900,.F.);
#1383=ORIENTED_EDGE('',*,*,#1008,.T.);
#1384=ORIENTED_EDGE('',*,*,#1001,.T.);
#1385=ORIENTED_EDGE('',*,*,#929,.T.);
#1386=ORIENTED_EDGE('',*,*,#896,.T.);
#1387=ORIENTED_EDGE('',*,*,#933,.T.);
#1388=ORIENTED_EDGE('',*,*,#987,.F.);
#1389=ORIENTED_EDGE('',*,*,#1006,.T.);
#1390=ORIENTED_EDGE('',*,*,#1009,.T.);
#1391=ORIENTED_EDGE('',*,*,#1010,.T.);
#1392=ORIENTED_EDGE('',*,*,#961,.F.);
#1393=ORIENTED_EDGE('',*,*,#992,.F.);
#1394=ORIENTED_EDGE('',*,*,#998,.T.);
#1395=ORIENTED_EDGE('',*,*,#1011,.T.);
#1396=ORIENTED_EDGE('',*,*,#1012,.T.);
#1397=ORIENTED_EDGE('',*,*,#1013,.T.);
#1398=ORIENTED_EDGE('',*,*,#1012,.F.);
#1399=ORIENTED_EDGE('',*,*,#1014,.T.);
#1400=ORIENTED_EDGE('',*,*,#1009,.F.);
#1401=ORIENTED_EDGE('',*,*,#1005,.T.);
#1402=ORIENTED_EDGE('',*,*,#962,.F.);
#1403=ORIENTED_EDGE('',*,*,#1010,.F.);
#1404=ORIENTED_EDGE('',*,*,#1014,.F.);
#1405=ORIENTED_EDGE('',*,*,#1011,.F.);
#1406=ORIENTED_EDGE('',*,*,#997,.F.);
#1407=ORIENTED_EDGE('',*,*,#1000,.F.);
#1408=ORIENTED_EDGE('',*,*,#1002,.F.);
#1409=ORIENTED_EDGE('',*,*,#1008,.F.);
#1410=ORIENTED_EDGE('',*,*,#899,.F.);
#1411=ORIENTED_EDGE('',*,*,#932,.F.);
#1412=ORIENTED_EDGE('',*,*,#931,.F.);
#1413=ORIENTED_EDGE('',*,*,#936,.T.);
#1414=ORIENTED_EDGE('',*,*,#995,.F.);
#1415=ORIENTED_EDGE('',*,*,#1015,.T.);
#1416=ORIENTED_EDGE('',*,*,#901,.F.);
#1417=ORIENTED_EDGE('',*,*,#1007,.F.);
#1418=ORIENTED_EDGE('',*,*,#994,.F.);
#1419=ORIENTED_EDGE('',*,*,#1016,.F.);
#1420=ORIENTED_EDGE('',*,*,#1003,.F.);
#1421=ORIENTED_EDGE('',*,*,#985,.F.);
#1422=ORIENTED_EDGE('',*,*,#975,.F.);
#1423=ORIENTED_EDGE('',*,*,#942,.F.);
#1424=ORIENTED_EDGE('',*,*,#903,.T.);
#1425=ORIENTED_EDGE('',*,*,#902,.F.);
#1426=ORIENTED_EDGE('',*,*,#1015,.F.);
#1427=ORIENTED_EDGE('',*,*,#993,.F.);
#1428=ORIENTED_EDGE('',*,*,#1013,.F.);
#1429=ORIENTED_EDGE('',*,*,#1004,.T.);
#1430=ORIENTED_EDGE('',*,*,#1016,.T.);
#1431=ORIENTED_EDGE('',*,*,#983,.T.);
#1432=ORIENTED_EDGE('',*,*,#1017,.T.);
#1433=ORIENTED_EDGE('',*,*,#1018,.T.);
#1434=ORIENTED_EDGE('',*,*,#1019,.T.);
#1435=ORIENTED_EDGE('',*,*,#1020,.T.);
#1436=ORIENTED_EDGE('',*,*,#1021,.T.);
#1437=ORIENTED_EDGE('',*,*,#1022,.T.);
#1438=ORIENTED_EDGE('',*,*,#1023,.T.);
#1439=ORIENTED_EDGE('',*,*,#1024,.T.);
#1440=ORIENTED_EDGE('',*,*,#1025,.T.);
#1441=ORIENTED_EDGE('',*,*,#1026,.T.);
#1442=ORIENTED_EDGE('',*,*,#1027,.T.);
#1443=ORIENTED_EDGE('',*,*,#1023,.F.);
#1444=ORIENTED_EDGE('',*,*,#1028,.F.);
#1445=ORIENTED_EDGE('',*,*,#1029,.T.);
#1446=ORIENTED_EDGE('',*,*,#1030,.F.);
#1447=ORIENTED_EDGE('',*,*,#1022,.F.);
#1448=ORIENTED_EDGE('',*,*,#1031,.T.);
#1449=ORIENTED_EDGE('',*,*,#1032,.T.);
#1450=ORIENTED_EDGE('',*,*,#1028,.T.);
#1451=ORIENTED_EDGE('',*,*,#1021,.F.);
#1452=ORIENTED_EDGE('',*,*,#1033,.F.);
#1453=ORIENTED_EDGE('',*,*,#1034,.T.);
#1454=ORIENTED_EDGE('',*,*,#1031,.F.);
#1455=ORIENTED_EDGE('',*,*,#1018,.F.);
#1456=ORIENTED_EDGE('',*,*,#1035,.T.);
#1457=ORIENTED_EDGE('',*,*,#1036,.F.);
#1458=ORIENTED_EDGE('',*,*,#1037,.F.);
#1459=ORIENTED_EDGE('',*,*,#1038,.F.);
#1460=ORIENTED_EDGE('',*,*,#1020,.F.);
#1461=ORIENTED_EDGE('',*,*,#1039,.T.);
#1462=ORIENTED_EDGE('',*,*,#864,.F.);
#1463=ORIENTED_EDGE('',*,*,#1040,.T.);
#1464=ORIENTED_EDGE('',*,*,#1033,.T.);
#1465=ORIENTED_EDGE('',*,*,#850,.T.);
#1466=ORIENTED_EDGE('',*,*,#862,.T.);
#1467=ORIENTED_EDGE('',*,*,#856,.T.);
#1468=ORIENTED_EDGE('',*,*,#1019,.F.);
#1469=ORIENTED_EDGE('',*,*,#1038,.T.);
#1470=ORIENTED_EDGE('',*,*,#1041,.T.);
#1471=ORIENTED_EDGE('',*,*,#1042,.T.);
#1472=ORIENTED_EDGE('',*,*,#973,.F.);
#1473=ORIENTED_EDGE('',*,*,#1024,.F.);
#1474=ORIENTED_EDGE('',*,*,#1030,.T.);
#1475=ORIENTED_EDGE('',*,*,#1043,.T.);
#1476=ORIENTED_EDGE('',*,*,#1044,.T.);
#1477=ORIENTED_EDGE('',*,*,#1045,.T.);
#1478=ORIENTED_EDGE('',*,*,#1044,.F.);
#1479=ORIENTED_EDGE('',*,*,#1046,.T.);
#1480=ORIENTED_EDGE('',*,*,#1041,.F.);
#1481=ORIENTED_EDGE('',*,*,#1037,.T.);
#1482=ORIENTED_EDGE('',*,*,#974,.F.);
#1483=ORIENTED_EDGE('',*,*,#1042,.F.);
#1484=ORIENTED_EDGE('',*,*,#1046,.F.);
#1485=ORIENTED_EDGE('',*,*,#1043,.F.);
#1486=ORIENTED_EDGE('',*,*,#1029,.F.);
#1487=ORIENTED_EDGE('',*,*,#1032,.F.);
#1488=ORIENTED_EDGE('',*,*,#1034,.F.);
#1489=ORIENTED_EDGE('',*,*,#1040,.F.);
#1490=ORIENTED_EDGE('',*,*,#863,.F.);
#1491=ORIENTED_EDGE('',*,*,#853,.F.);
#1492=ORIENTED_EDGE('',*,*,#852,.F.);
#1493=ORIENTED_EDGE('',*,*,#860,.T.);
#1494=ORIENTED_EDGE('',*,*,#1027,.F.);
#1495=ORIENTED_EDGE('',*,*,#1047,.T.);
#1496=ORIENTED_EDGE('',*,*,#865,.F.);
#1497=ORIENTED_EDGE('',*,*,#1039,.F.);
#1498=ORIENTED_EDGE('',*,*,#1026,.F.);
#1499=ORIENTED_EDGE('',*,*,#1048,.F.);
#1500=ORIENTED_EDGE('',*,*,#1035,.F.);
#1501=ORIENTED_EDGE('',*,*,#1017,.F.);
#1502=ORIENTED_EDGE('',*,*,#967,.F.);
#1503=ORIENTED_EDGE('',*,*,#950,.F.);
#1504=ORIENTED_EDGE('',*,*,#867,.T.);
#1505=ORIENTED_EDGE('',*,*,#866,.F.);
#1506=ORIENTED_EDGE('',*,*,#1047,.F.);
#1507=ORIENTED_EDGE('',*,*,#1025,.F.);
#1508=ORIENTED_EDGE('',*,*,#1045,.F.);
#1509=ORIENTED_EDGE('',*,*,#1036,.T.);
#1510=ORIENTED_EDGE('',*,*,#1048,.T.);
#1511=ORIENTED_EDGE('',*,*,#981,.T.);
#1512=ORIENTED_EDGE('',*,*,#1049,.T.);
#1513=ORIENTED_EDGE('',*,*,#1050,.T.);
#1514=ORIENTED_EDGE('',*,*,#1051,.T.);
#1515=ORIENTED_EDGE('',*,*,#1052,.T.);
#1516=ORIENTED_EDGE('',*,*,#1053,.T.);
#1517=ORIENTED_EDGE('',*,*,#1054,.T.);
#1518=ORIENTED_EDGE('',*,*,#1055,.T.);
#1519=ORIENTED_EDGE('',*,*,#1056,.T.);
#1520=ORIENTED_EDGE('',*,*,#1057,.T.);
#1521=ORIENTED_EDGE('',*,*,#1058,.T.);
#1522=ORIENTED_EDGE('',*,*,#1059,.T.);
#1523=ORIENTED_EDGE('',*,*,#1055,.F.);
#1524=ORIENTED_EDGE('',*,*,#1060,.F.);
#1525=ORIENTED_EDGE('',*,*,#1061,.T.);
#1526=ORIENTED_EDGE('',*,*,#1062,.F.);
#1527=ORIENTED_EDGE('',*,*,#1054,.F.);
#1528=ORIENTED_EDGE('',*,*,#1063,.T.);
#1529=ORIENTED_EDGE('',*,*,#1064,.T.);
#1530=ORIENTED_EDGE('',*,*,#1060,.T.);
#1531=ORIENTED_EDGE('',*,*,#1053,.F.);
#1532=ORIENTED_EDGE('',*,*,#1065,.F.);
#1533=ORIENTED_EDGE('',*,*,#1066,.T.);
#1534=ORIENTED_EDGE('',*,*,#1063,.F.);
#1535=ORIENTED_EDGE('',*,*,#1050,.F.);
#1536=ORIENTED_EDGE('',*,*,#1067,.T.);
#1537=ORIENTED_EDGE('',*,*,#1068,.F.);
#1538=ORIENTED_EDGE('',*,*,#1069,.F.);
#1539=ORIENTED_EDGE('',*,*,#1070,.F.);
#1540=ORIENTED_EDGE('',*,*,#1052,.F.);
#1541=ORIENTED_EDGE('',*,*,#1071,.T.);
#1542=ORIENTED_EDGE('',*,*,#882,.F.);
#1543=ORIENTED_EDGE('',*,*,#1072,.T.);
#1544=ORIENTED_EDGE('',*,*,#1065,.T.);
#1545=ORIENTED_EDGE('',*,*,#913,.T.);
#1546=ORIENTED_EDGE('',*,*,#878,.T.);
#1547=ORIENTED_EDGE('',*,*,#917,.T.);
#1548=ORIENTED_EDGE('',*,*,#1051,.F.);
#1549=ORIENTED_EDGE('',*,*,#1070,.T.);
#1550=ORIENTED_EDGE('',*,*,#1073,.T.);
#1551=ORIENTED_EDGE('',*,*,#1074,.T.);
#1552=ORIENTED_EDGE('',*,*,#965,.F.);
#1553=ORIENTED_EDGE('',*,*,#1056,.F.);
#1554=ORIENTED_EDGE('',*,*,#1062,.T.);
#1555=ORIENTED_EDGE('',*,*,#1075,.T.);
#1556=ORIENTED_EDGE('',*,*,#1076,.T.);
#1557=ORIENTED_EDGE('',*,*,#1077,.T.);
#1558=ORIENTED_EDGE('',*,*,#1076,.F.);
#1559=ORIENTED_EDGE('',*,*,#1078,.T.);
#1560=ORIENTED_EDGE('',*,*,#1073,.F.);
#1561=ORIENTED_EDGE('',*,*,#1069,.T.);
#1562=ORIENTED_EDGE('',*,*,#966,.F.);
#1563=ORIENTED_EDGE('',*,*,#1074,.F.);
#1564=ORIENTED_EDGE('',*,*,#1078,.F.);
#1565=ORIENTED_EDGE('',*,*,#1075,.F.);
#1566=ORIENTED_EDGE('',*,*,#1061,.F.);
#1567=ORIENTED_EDGE('',*,*,#1064,.F.);
#1568=ORIENTED_EDGE('',*,*,#1066,.F.);
#1569=ORIENTED_EDGE('',*,*,#1072,.F.);
#1570=ORIENTED_EDGE('',*,*,#881,.F.);
#1571=ORIENTED_EDGE('',*,*,#916,.F.);
#1572=ORIENTED_EDGE('',*,*,#915,.F.);
#1573=ORIENTED_EDGE('',*,*,#920,.T.);
#1574=ORIENTED_EDGE('',*,*,#1059,.F.);
#1575=ORIENTED_EDGE('',*,*,#1079,.T.);
#1576=ORIENTED_EDGE('',*,*,#883,.F.);
#1577=ORIENTED_EDGE('',*,*,#1071,.F.);
#1578=ORIENTED_EDGE('',*,*,#1058,.F.);
#1579=ORIENTED_EDGE('',*,*,#1080,.F.);
#1580=ORIENTED_EDGE('',*,*,#1067,.F.);
#1581=ORIENTED_EDGE('',*,*,#1049,.F.);
#1582=ORIENTED_EDGE('',*,*,#955,.F.);
#1583=ORIENTED_EDGE('',*,*,#926,.F.);
#1584=ORIENTED_EDGE('',*,*,#885,.T.);
#1585=ORIENTED_EDGE('',*,*,#884,.F.);
#1586=ORIENTED_EDGE('',*,*,#1079,.F.);
#1587=ORIENTED_EDGE('',*,*,#1057,.F.);
#1588=ORIENTED_EDGE('',*,*,#1077,.F.);
#1589=ORIENTED_EDGE('',*,*,#1068,.T.);
#1590=ORIENTED_EDGE('',*,*,#1080,.T.);
#1591=ORIENTED_EDGE('',*,*,#980,.T.);
#1592=ORIENTED_EDGE('',*,*,#1081,.T.);
#1593=ORIENTED_EDGE('',*,*,#1082,.T.);
#1594=ORIENTED_EDGE('',*,*,#1083,.T.);
#1595=ORIENTED_EDGE('',*,*,#1084,.T.);
#1596=ORIENTED_EDGE('',*,*,#1085,.T.);
#1597=ORIENTED_EDGE('',*,*,#1086,.T.);
#1598=ORIENTED_EDGE('',*,*,#1087,.T.);
#1599=ORIENTED_EDGE('',*,*,#1088,.T.);
#1600=ORIENTED_EDGE('',*,*,#1089,.T.);
#1601=ORIENTED_EDGE('',*,*,#1090,.T.);
#1602=ORIENTED_EDGE('',*,*,#1091,.T.);
#1603=ORIENTED_EDGE('',*,*,#1087,.F.);
#1604=ORIENTED_EDGE('',*,*,#1092,.F.);
#1605=ORIENTED_EDGE('',*,*,#1093,.T.);
#1606=ORIENTED_EDGE('',*,*,#1094,.F.);
#1607=ORIENTED_EDGE('',*,*,#1086,.F.);
#1608=ORIENTED_EDGE('',*,*,#1095,.T.);
#1609=ORIENTED_EDGE('',*,*,#1096,.T.);
#1610=ORIENTED_EDGE('',*,*,#1092,.T.);
#1611=ORIENTED_EDGE('',*,*,#1085,.F.);
#1612=ORIENTED_EDGE('',*,*,#1097,.F.);
#1613=ORIENTED_EDGE('',*,*,#1098,.T.);
#1614=ORIENTED_EDGE('',*,*,#1095,.F.);
#1615=ORIENTED_EDGE('',*,*,#1082,.F.);
#1616=ORIENTED_EDGE('',*,*,#1099,.T.);
#1617=ORIENTED_EDGE('',*,*,#1100,.F.);
#1618=ORIENTED_EDGE('',*,*,#1101,.F.);
#1619=ORIENTED_EDGE('',*,*,#1102,.F.);
#1620=ORIENTED_EDGE('',*,*,#1084,.F.);
#1621=ORIENTED_EDGE('',*,*,#1103,.T.);
#1622=ORIENTED_EDGE('',*,*,#891,.F.);
#1623=ORIENTED_EDGE('',*,*,#1104,.T.);
#1624=ORIENTED_EDGE('',*,*,#1097,.T.);
#1625=ORIENTED_EDGE('',*,*,#921,.T.);
#1626=ORIENTED_EDGE('',*,*,#887,.T.);
#1627=ORIENTED_EDGE('',*,*,#925,.T.);
#1628=ORIENTED_EDGE('',*,*,#1083,.F.);
#1629=ORIENTED_EDGE('',*,*,#1102,.T.);
#1630=ORIENTED_EDGE('',*,*,#1105,.T.);
#1631=ORIENTED_EDGE('',*,*,#1106,.T.);
#1632=ORIENTED_EDGE('',*,*,#957,.F.);
#1633=ORIENTED_EDGE('',*,*,#1088,.F.);
#1634=ORIENTED_EDGE('',*,*,#1094,.T.);
#1635=ORIENTED_EDGE('',*,*,#1107,.T.);
#1636=ORIENTED_EDGE('',*,*,#1108,.T.);
#1637=ORIENTED_EDGE('',*,*,#1109,.T.);
#1638=ORIENTED_EDGE('',*,*,#1108,.F.);
#1639=ORIENTED_EDGE('',*,*,#1110,.T.);
#1640=ORIENTED_EDGE('',*,*,#1105,.F.);
#1641=ORIENTED_EDGE('',*,*,#1101,.T.);
#1642=ORIENTED_EDGE('',*,*,#958,.F.);
#1643=ORIENTED_EDGE('',*,*,#1106,.F.);
#1644=ORIENTED_EDGE('',*,*,#1110,.F.);
#1645=ORIENTED_EDGE('',*,*,#1107,.F.);
#1646=ORIENTED_EDGE('',*,*,#1093,.F.);
#1647=ORIENTED_EDGE('',*,*,#1096,.F.);
#1648=ORIENTED_EDGE('',*,*,#1098,.F.);
#1649=ORIENTED_EDGE('',*,*,#1104,.F.);
#1650=ORIENTED_EDGE('',*,*,#890,.F.);
#1651=ORIENTED_EDGE('',*,*,#924,.F.);
#1652=ORIENTED_EDGE('',*,*,#923,.F.);
#1653=ORIENTED_EDGE('',*,*,#928,.T.);
#1654=ORIENTED_EDGE('',*,*,#1091,.F.);
#1655=ORIENTED_EDGE('',*,*,#1111,.T.);
#1656=ORIENTED_EDGE('',*,*,#892,.F.);
#1657=ORIENTED_EDGE('',*,*,#1103,.F.);
#1658=ORIENTED_EDGE('',*,*,#1090,.F.);
#1659=ORIENTED_EDGE('',*,*,#1112,.F.);
#1660=ORIENTED_EDGE('',*,*,#1099,.F.);
#1661=ORIENTED_EDGE('',*,*,#1081,.F.);
#1662=ORIENTED_EDGE('',*,*,#959,.F.);
#1663=ORIENTED_EDGE('',*,*,#934,.F.);
#1664=ORIENTED_EDGE('',*,*,#894,.T.);
#1665=ORIENTED_EDGE('',*,*,#893,.F.);
#1666=ORIENTED_EDGE('',*,*,#1111,.F.);
#1667=ORIENTED_EDGE('',*,*,#1089,.F.);
#1668=ORIENTED_EDGE('',*,*,#1109,.F.);
#1669=ORIENTED_EDGE('',*,*,#1100,.T.);
#1670=ORIENTED_EDGE('',*,*,#1112,.T.);
#1671=ORIENTED_EDGE('',*,*,#982,.T.);
#1672=ORIENTED_EDGE('',*,*,#1113,.T.);
#1673=ORIENTED_EDGE('',*,*,#1114,.T.);
#1674=ORIENTED_EDGE('',*,*,#1115,.T.);
#1675=ORIENTED_EDGE('',*,*,#1116,.T.);
#1676=ORIENTED_EDGE('',*,*,#1117,.T.);
#1677=ORIENTED_EDGE('',*,*,#1118,.T.);
#1678=ORIENTED_EDGE('',*,*,#1119,.T.);
#1679=ORIENTED_EDGE('',*,*,#1120,.T.);
#1680=ORIENTED_EDGE('',*,*,#1121,.T.);
#1681=ORIENTED_EDGE('',*,*,#1122,.T.);
#1682=ORIENTED_EDGE('',*,*,#1123,.T.);
#1683=ORIENTED_EDGE('',*,*,#1119,.F.);
#1684=ORIENTED_EDGE('',*,*,#1124,.F.);
#1685=ORIENTED_EDGE('',*,*,#1125,.T.);
#1686=ORIENTED_EDGE('',*,*,#1126,.F.);
#1687=ORIENTED_EDGE('',*,*,#1118,.F.);
#1688=ORIENTED_EDGE('',*,*,#1127,.T.);
#1689=ORIENTED_EDGE('',*,*,#1128,.T.);
#1690=ORIENTED_EDGE('',*,*,#1124,.T.);
#1691=ORIENTED_EDGE('',*,*,#1117,.F.);
#1692=ORIENTED_EDGE('',*,*,#1129,.F.);
#1693=ORIENTED_EDGE('',*,*,#1130,.T.);
#1694=ORIENTED_EDGE('',*,*,#1127,.F.);
#1695=ORIENTED_EDGE('',*,*,#1114,.F.);
#1696=ORIENTED_EDGE('',*,*,#1131,.T.);
#1697=ORIENTED_EDGE('',*,*,#1132,.F.);
#1698=ORIENTED_EDGE('',*,*,#1133,.F.);
#1699=ORIENTED_EDGE('',*,*,#1134,.F.);
#1700=ORIENTED_EDGE('',*,*,#1116,.F.);
#1701=ORIENTED_EDGE('',*,*,#1135,.T.);
#1702=ORIENTED_EDGE('',*,*,#873,.F.);
#1703=ORIENTED_EDGE('',*,*,#1136,.T.);
#1704=ORIENTED_EDGE('',*,*,#1129,.T.);
#1705=ORIENTED_EDGE('',*,*,#945,.T.);
#1706=ORIENTED_EDGE('',*,*,#869,.T.);
#1707=ORIENTED_EDGE('',*,*,#949,.T.);
#1708=ORIENTED_EDGE('',*,*,#1115,.F.);
#1709=ORIENTED_EDGE('',*,*,#1134,.T.);
#1710=ORIENTED_EDGE('',*,*,#1137,.T.);
#1711=ORIENTED_EDGE('',*,*,#1138,.T.);
#1712=ORIENTED_EDGE('',*,*,#969,.F.);
#1713=ORIENTED_EDGE('',*,*,#1120,.F.);
#1714=ORIENTED_EDGE('',*,*,#1126,.T.);
#1715=ORIENTED_EDGE('',*,*,#1139,.T.);
#1716=ORIENTED_EDGE('',*,*,#1140,.T.);
#1717=ORIENTED_EDGE('',*,*,#1141,.T.);
#1718=ORIENTED_EDGE('',*,*,#1140,.F.);
#1719=ORIENTED_EDGE('',*,*,#1142,.T.);
#1720=ORIENTED_EDGE('',*,*,#1137,.F.);
#1721=ORIENTED_EDGE('',*,*,#1133,.T.);
#1722=ORIENTED_EDGE('',*,*,#970,.F.);
#1723=ORIENTED_EDGE('',*,*,#1138,.F.);
#1724=ORIENTED_EDGE('',*,*,#1142,.F.);
#1725=ORIENTED_EDGE('',*,*,#1139,.F.);
#1726=ORIENTED_EDGE('',*,*,#1125,.F.);
#1727=ORIENTED_EDGE('',*,*,#1128,.F.);
#1728=ORIENTED_EDGE('',*,*,#1130,.F.);
#1729=ORIENTED_EDGE('',*,*,#1136,.F.);
#1730=ORIENTED_EDGE('',*,*,#872,.F.);
#1731=ORIENTED_EDGE('',*,*,#948,.F.);
#1732=ORIENTED_EDGE('',*,*,#947,.F.);
#1733=ORIENTED_EDGE('',*,*,#952,.T.);
#1734=ORIENTED_EDGE('',*,*,#1123,.F.);
#1735=ORIENTED_EDGE('',*,*,#1143,.T.);
#1736=ORIENTED_EDGE('',*,*,#874,.F.);
#1737=ORIENTED_EDGE('',*,*,#1135,.F.);
#1738=ORIENTED_EDGE('',*,*,#1122,.F.);
#1739=ORIENTED_EDGE('',*,*,#1144,.F.);
#1740=ORIENTED_EDGE('',*,*,#1131,.F.);
#1741=ORIENTED_EDGE('',*,*,#1113,.F.);
#1742=ORIENTED_EDGE('',*,*,#963,.F.);
#1743=ORIENTED_EDGE('',*,*,#918,.F.);
#1744=ORIENTED_EDGE('',*,*,#876,.T.);
#1745=ORIENTED_EDGE('',*,*,#875,.F.);
#1746=ORIENTED_EDGE('',*,*,#1143,.F.);
#1747=ORIENTED_EDGE('',*,*,#1121,.F.);
#1748=ORIENTED_EDGE('',*,*,#1141,.F.);
#1749=ORIENTED_EDGE('',*,*,#1132,.T.);
#1750=ORIENTED_EDGE('',*,*,#1144,.T.);
#1751=ORIENTED_EDGE('',*,*,#984,.T.);
#1752=ORIENTED_EDGE('',*,*,#1145,.T.);
#1753=ORIENTED_EDGE('',*,*,#1146,.T.);
#1754=ORIENTED_EDGE('',*,*,#1147,.T.);
#1755=ORIENTED_EDGE('',*,*,#1148,.T.);
#1756=ORIENTED_EDGE('',*,*,#1149,.T.);
#1757=ORIENTED_EDGE('',*,*,#1150,.T.);
#1758=ORIENTED_EDGE('',*,*,#1151,.T.);
#1759=ORIENTED_EDGE('',*,*,#1152,.T.);
#1760=ORIENTED_EDGE('',*,*,#1153,.T.);
#1761=ORIENTED_EDGE('',*,*,#1154,.T.);
#1762=ORIENTED_EDGE('',*,*,#1155,.T.);
#1763=ORIENTED_EDGE('',*,*,#1151,.F.);
#1764=ORIENTED_EDGE('',*,*,#1156,.F.);
#1765=ORIENTED_EDGE('',*,*,#1157,.T.);
#1766=ORIENTED_EDGE('',*,*,#1158,.F.);
#1767=ORIENTED_EDGE('',*,*,#1150,.F.);
#1768=ORIENTED_EDGE('',*,*,#1159,.T.);
#1769=ORIENTED_EDGE('',*,*,#1160,.T.);
#1770=ORIENTED_EDGE('',*,*,#1156,.T.);
#1771=ORIENTED_EDGE('',*,*,#1149,.F.);
#1772=ORIENTED_EDGE('',*,*,#1161,.F.);
#1773=ORIENTED_EDGE('',*,*,#1162,.T.);
#1774=ORIENTED_EDGE('',*,*,#1159,.F.);
#1775=ORIENTED_EDGE('',*,*,#1146,.F.);
#1776=ORIENTED_EDGE('',*,*,#1163,.T.);
#1777=ORIENTED_EDGE('',*,*,#1164,.F.);
#1778=ORIENTED_EDGE('',*,*,#1165,.F.);
#1779=ORIENTED_EDGE('',*,*,#1166,.F.);
#1780=ORIENTED_EDGE('',*,*,#1148,.F.);
#1781=ORIENTED_EDGE('',*,*,#1167,.T.);
#1782=ORIENTED_EDGE('',*,*,#909,.F.);
#1783=ORIENTED_EDGE('',*,*,#1168,.T.);
#1784=ORIENTED_EDGE('',*,*,#1161,.T.);
#1785=ORIENTED_EDGE('',*,*,#937,.T.);
#1786=ORIENTED_EDGE('',*,*,#905,.T.);
#1787=ORIENTED_EDGE('',*,*,#941,.T.);
#1788=ORIENTED_EDGE('',*,*,#1147,.F.);
#1789=ORIENTED_EDGE('',*,*,#1166,.T.);
#1790=ORIENTED_EDGE('',*,*,#1169,.T.);
#1791=ORIENTED_EDGE('',*,*,#1170,.T.);
#1792=ORIENTED_EDGE('',*,*,#977,.F.);
#1793=ORIENTED_EDGE('',*,*,#1152,.F.);
#1794=ORIENTED_EDGE('',*,*,#1158,.T.);
#1795=ORIENTED_EDGE('',*,*,#1171,.T.);
#1796=ORIENTED_EDGE('',*,*,#1172,.T.);
#1797=ORIENTED_EDGE('',*,*,#1173,.T.);
#1798=ORIENTED_EDGE('',*,*,#1172,.F.);
#1799=ORIENTED_EDGE('',*,*,#1174,.T.);
#1800=ORIENTED_EDGE('',*,*,#1169,.F.);
#1801=ORIENTED_EDGE('',*,*,#1165,.T.);
#1802=ORIENTED_EDGE('',*,*,#978,.F.);
#1803=ORIENTED_EDGE('',*,*,#1170,.F.);
#1804=ORIENTED_EDGE('',*,*,#1174,.F.);
#1805=ORIENTED_EDGE('',*,*,#1171,.F.);
#1806=ORIENTED_EDGE('',*,*,#1157,.F.);
#1807=ORIENTED_EDGE('',*,*,#1160,.F.);
#1808=ORIENTED_EDGE('',*,*,#1162,.F.);
#1809=ORIENTED_EDGE('',*,*,#1168,.F.);
#1810=ORIENTED_EDGE('',*,*,#908,.F.);
#1811=ORIENTED_EDGE('',*,*,#940,.F.);
#1812=ORIENTED_EDGE('',*,*,#939,.F.);
#1813=ORIENTED_EDGE('',*,*,#944,.T.);
#1814=ORIENTED_EDGE('',*,*,#1155,.F.);
#1815=ORIENTED_EDGE('',*,*,#1175,.T.);
#1816=ORIENTED_EDGE('',*,*,#910,.F.);
#1817=ORIENTED_EDGE('',*,*,#1167,.F.);
#1818=ORIENTED_EDGE('',*,*,#1154,.F.);
#1819=ORIENTED_EDGE('',*,*,#1176,.F.);
#1820=ORIENTED_EDGE('',*,*,#1163,.F.);
#1821=ORIENTED_EDGE('',*,*,#1145,.F.);
#1822=ORIENTED_EDGE('',*,*,#971,.F.);
#1823=ORIENTED_EDGE('',*,*,#858,.F.);
#1824=ORIENTED_EDGE('',*,*,#861,.T.);
#1825=ORIENTED_EDGE('',*,*,#911,.F.);
#1826=ORIENTED_EDGE('',*,*,#1175,.F.);
#1827=ORIENTED_EDGE('',*,*,#1153,.F.);
#1828=ORIENTED_EDGE('',*,*,#1173,.F.);
#1829=ORIENTED_EDGE('',*,*,#1164,.T.);
#1830=ORIENTED_EDGE('',*,*,#1176,.T.);
#1831=B_SPLINE_SURFACE_WITH_KNOTS('',3,3,((#2239,#2240,#2241,#2242),(#2243,
#2244,#2245,#2246),(#2247,#2248,#2249,#2250),(#2251,#2252,#2253,#2254)),
 .UNSPECIFIED.,.F.,.F.,.F.,(4,4),(4,4),(0.824733464512027,1.),(0.,0.11594791379702),
 .UNSPECIFIED.);
#1832=B_SPLINE_SURFACE_WITH_KNOTS('',3,3,((#2695,#2696,#2697,#2698),(#2699,
#2700,#2701,#2702),(#2703,#2704,#2705,#2706),(#2707,#2708,#2709,#2710)),
 .UNSPECIFIED.,.F.,.F.,.F.,(4,4),(4,4),(0.824733464512024,1.),(0.,0.11594791379702),
 .UNSPECIFIED.);
#1833=B_SPLINE_SURFACE_WITH_KNOTS('',3,3,((#2798,#2799,#2800,#2801),(#2802,
#2803,#2804,#2805),(#2806,#2807,#2808,#2809),(#2810,#2811,#2812,#2813)),
 .UNSPECIFIED.,.F.,.F.,.F.,(4,4),(4,4),(0.824733464512022,1.),(0.,0.11594791379702),
 .UNSPECIFIED.);
#1834=B_SPLINE_SURFACE_WITH_KNOTS('',3,3,((#2905,#2906,#2907,#2908),(#2909,
#2910,#2911,#2912),(#2913,#2914,#2915,#2916),(#2917,#2918,#2919,#2920)),
 .UNSPECIFIED.,.F.,.F.,.F.,(4,4),(4,4),(0.82473346451202,1.),(0.,0.11594791379702),
 .UNSPECIFIED.);
#1835=B_SPLINE_SURFACE_WITH_KNOTS('',3,3,((#3010,#3011,#3012,#3013),(#3014,
#3015,#3016,#3017),(#3018,#3019,#3020,#3021),(#3022,#3023,#3024,#3025)),
 .UNSPECIFIED.,.F.,.F.,.F.,(4,4),(4,4),(0.824733464512025,1.),(0.,0.11594791379702),
 .UNSPECIFIED.);
#1836=B_SPLINE_SURFACE_WITH_KNOTS('',3,3,((#3121,#3122,#3123,#3124),(#3125,
#3126,#3127,#3128),(#3129,#3130,#3131,#3132),(#3133,#3134,#3135,#3136)),
 .UNSPECIFIED.,.F.,.F.,.F.,(4,4),(4,4),(0.824733464512024,1.),(0.,0.11594791379702),
 .UNSPECIFIED.);
#1837=B_SPLINE_SURFACE_WITH_KNOTS('',3,3,((#3510,#3511,#3512,#3513),(#3514,
#3515,#3516,#3517),(#3518,#3519,#3520,#3521),(#3522,#3523,#3524,#3525)),
 .UNSPECIFIED.,.F.,.F.,.F.,(4,4),(4,4),(0.,0.373068179467419),(-0.00932116209450733,
0.),.UNSPECIFIED.);
#1838=B_SPLINE_SURFACE_WITH_KNOTS('',3,3,((#3534,#3535,#3536,#3537,#3538),
(#3539,#3540,#3541,#3542,#3543),(#3544,#3545,#3546,#3547,#3548),(#3549,
#3550,#3551,#3552,#3553)),.UNSPECIFIED.,.F.,.F.,.F.,(4,4),(4,1,4),(0.612200206693711,
1.),(0.202934118447567,0.450398327245244,0.780350605642147),
 .UNSPECIFIED.);
#1839=B_SPLINE_SURFACE_WITH_KNOTS('',3,3,((#3561,#3562,#3563,#3564),(#3565,
#3566,#3567,#3568),(#3569,#3570,#3571,#3572),(#3573,#3574,#3575,#3576)),
 .UNSPECIFIED.,.F.,.F.,.F.,(4,4),(4,4),(0.,0.389503240483617),(-1.38719737610208,
-1.35237112236329),.UNSPECIFIED.);
#1840=B_SPLINE_SURFACE_WITH_KNOTS('',3,3,((#3583,#3584,#3585,#3586),(#3587,
#3588,#3589,#3590),(#3591,#3592,#3593,#3594),(#3595,#3596,#3597,#3598),
(#3599,#3600,#3601,#3602)),.UNSPECIFIED.,.F.,.F.,.F.,(4,1,4),(4,4),(0.0377553359317543,
0.413282203912917,0.913984694554467),(0.0499999999977204,0.1),
 .UNSPECIFIED.);
#1841=B_SPLINE_SURFACE_WITH_KNOTS('',3,3,((#3624,#3625,#3626,#3627,#3628),
(#3629,#3630,#3631,#3632,#3633),(#3634,#3635,#3636,#3637,#3638),(#3639,
#3640,#3641,#3642,#3643)),.UNSPECIFIED.,.F.,.F.,.F.,(4,4),(4,1,4),(0.,1.),
(0.475188556494034,0.851123941866573,1.35237112236329),.UNSPECIFIED.);
#1842=B_SPLINE_SURFACE_WITH_KNOTS('',3,3,((#3653,#3654,#3655,#3656,#3657,
#3658),(#3659,#3660,#3661,#3662,#3663,#3664),(#3665,#3666,#3667,#3668,#3669,
#3670),(#3671,#3672,#3673,#3674,#3675,#3676)),.UNSPECIFIED.,.F.,.F.,.F.,
(4,4),(4,2,4),(0.819699132534075,0.84656676255543),(-0.00420316028993053,
-0.0026478219541739,0.),.UNSPECIFIED.);
#1843=B_SPLINE_SURFACE_WITH_KNOTS('',3,3,((#3677,#3678,#3679,#3680,#3681),
(#3682,#3683,#3684,#3685,#3686),(#3687,#3688,#3689,#3690,#3691),(#3692,
#3693,#3694,#3695,#3696)),.UNSPECIFIED.,.F.,.F.,.F.,(4,4),(4,1,4),(0.,1.),
(0.0377553359317517,0.413156397540705,0.913691146352642),.UNSPECIFIED.);
#1844=B_SPLINE_SURFACE_WITH_KNOTS('',3,3,((#3704,#3705,#3706,#3707,#3708,
#3709,#3710,#3711),(#3712,#3713,#3714,#3715,#3716,#3717,#3718,#3719),(#3720,
#3721,#3722,#3723,#3724,#3725,#3726,#3727),(#3728,#3729,#3730,#3731,#3732,
#3733,#3734,#3735)),.UNSPECIFIED.,.F.,.F.,.F.,(4,4),(4,1,1,2,4),(0.,1.),
(0.00932116209450728,0.187284107967374,0.543209999713108,0.899135891458842,
1.01620540565797),.UNSPECIFIED.);
#1845=B_SPLINE_SURFACE_WITH_KNOTS('',3,3,((#3753,#3754,#3755,#3756),(#3757,
#3758,#3759,#3760),(#3761,#3762,#3763,#3764),(#3765,#3766,#3767,#3768)),
 .UNSPECIFIED.,.F.,.F.,.F.,(4,4),(4,4),(0.,1.),(-1.01706004102991,-1.01620540565797),
 .UNSPECIFIED.);
#1846=B_SPLINE_SURFACE_WITH_KNOTS('',3,3,((#3773,#3774,#3775,#3776,#3777,
#3778,#3779),(#3780,#3781,#3782,#3783,#3784,#3785,#3786),(#3787,#3788,#3789,
#3790,#3791,#3792,#3793),(#3794,#3795,#3796,#3797,#3798,#3799,#3800),(#3801,
#3802,#3803,#3804,#3805,#3806,#3807),(#3808,#3809,#3810,#3811,#3812,#3813,
#3814)),.UNSPECIFIED.,.F.,.F.,.F.,(4,1,1,4),(4,1,1,1,4),(0.0664615526206142,
0.446867521953763,0.700471501509195,0.954075481064627),(0.00959486531842566,
0.213593201483146,0.417591537647865,0.689589319200825,0.961587100753785),
 .UNSPECIFIED.);
#1847=B_SPLINE_SURFACE_WITH_KNOTS('',3,3,((#3815,#3816,#3817,#3818),(#3819,
#3820,#3821,#3822),(#3823,#3824,#3825,#3826),(#3827,#3828,#3829,#3830)),
 .UNSPECIFIED.,.F.,.F.,.F.,(4,4),(4,4),(0.380135126646986,0.764766181526385),
(0.173693887500044,0.233860993053016),.UNSPECIFIED.);
#1848=B_SPLINE_SURFACE_WITH_KNOTS('',3,3,((#3853,#3854,#3855,#3856,#3857,
#3858),(#3859,#3860,#3861,#3862,#3863,#3864),(#3865,#3866,#3867,#3868,#3869,
#3870),(#3871,#3872,#3873,#3874,#3875,#3876),(#3877,#3878,#3879,#3880,#3881,
#3882),(#3883,#3884,#3885,#3886,#3887,#3888),(#3889,#3890,#3891,#3892,#3893,
#3894)),.UNSPECIFIED.,.F.,.F.,.F.,(4,1,1,1,4),(4,1,1,4),(0.0121198308456347,
0.435497046197506,0.717748523098753,0.858874261549377,1.),(0.0012696345463235,
0.278002748982755,0.554735863419187,0.969835535073835),.UNSPECIFIED.);
#1849=B_SPLINE_SURFACE_WITH_KNOTS('',3,3,((#3905,#3906,#3907,#3908),(#3909,
#3910,#3911,#3912),(#3913,#3914,#3915,#3916),(#3917,#3918,#3919,#3920),
(#3921,#3922,#3923,#3924)),.UNSPECIFIED.,.F.,.F.,.F.,(4,1,4),(4,4),(0.,
0.281498303451346,0.656829374719808),(0.150087368228187,0.207735521069062),
 .UNSPECIFIED.);
#1850=B_SPLINE_SURFACE_WITH_KNOTS('',3,3,((#4030,#4031,#4032,#4033),(#4034,
#4035,#4036,#4037),(#4038,#4039,#4040,#4041),(#4042,#4043,#4044,#4045)),
 .UNSPECIFIED.,.F.,.F.,.F.,(4,4),(4,4),(0.,0.373068179467419),(-0.00932116209450733,
0.),.UNSPECIFIED.);
#1851=B_SPLINE_SURFACE_WITH_KNOTS('',3,3,((#4054,#4055,#4056,#4057,#4058),
(#4059,#4060,#4061,#4062,#4063),(#4064,#4065,#4066,#4067,#4068),(#4069,
#4070,#4071,#4072,#4073)),.UNSPECIFIED.,.F.,.F.,.F.,(4,4),(4,1,4),(0.612200206693711,
1.),(0.202934118447567,0.450398327245244,0.780350605642147),
 .UNSPECIFIED.);
#1852=B_SPLINE_SURFACE_WITH_KNOTS('',3,3,((#4081,#4082,#4083,#4084),(#4085,
#4086,#4087,#4088),(#4089,#4090,#4091,#4092),(#4093,#4094,#4095,#4096)),
 .UNSPECIFIED.,.F.,.F.,.F.,(4,4),(4,4),(0.,0.389503240483617),(-1.38719737610208,
-1.35237112236329),.UNSPECIFIED.);
#1853=B_SPLINE_SURFACE_WITH_KNOTS('',3,3,((#4103,#4104,#4105,#4106),(#4107,
#4108,#4109,#4110),(#4111,#4112,#4113,#4114),(#4115,#4116,#4117,#4118),
(#4119,#4120,#4121,#4122)),.UNSPECIFIED.,.F.,.F.,.F.,(4,1,4),(4,4),(0.0377553359317543,
0.413282203912917,0.913984694554467),(0.0499999999977204,0.1),
 .UNSPECIFIED.);
#1854=B_SPLINE_SURFACE_WITH_KNOTS('',3,3,((#4144,#4145,#4146,#4147,#4148),
(#4149,#4150,#4151,#4152,#4153),(#4154,#4155,#4156,#4157,#4158),(#4159,
#4160,#4161,#4162,#4163)),.UNSPECIFIED.,.F.,.F.,.F.,(4,4),(4,1,4),(0.,1.),
(0.475188556494034,0.851123941866573,1.35237112236329),.UNSPECIFIED.);
#1855=B_SPLINE_SURFACE_WITH_KNOTS('',3,3,((#4173,#4174,#4175,#4176,#4177,
#4178),(#4179,#4180,#4181,#4182,#4183,#4184),(#4185,#4186,#4187,#4188,#4189,
#4190),(#4191,#4192,#4193,#4194,#4195,#4196)),.UNSPECIFIED.,.F.,.F.,.F.,
(4,4),(4,2,4),(0.819699133189125,0.846566762555439),(-0.004202801389519,
-0.00264782195417409,0.),.UNSPECIFIED.);
#1856=B_SPLINE_SURFACE_WITH_KNOTS('',3,3,((#4197,#4198,#4199,#4200,#4201),
(#4202,#4203,#4204,#4205,#4206),(#4207,#4208,#4209,#4210,#4211),(#4212,
#4213,#4214,#4215,#4216)),.UNSPECIFIED.,.F.,.F.,.F.,(4,4),(4,1,4),(0.,1.),
(0.0377553359317517,0.413156397540705,0.913691146352642),.UNSPECIFIED.);
#1857=B_SPLINE_SURFACE_WITH_KNOTS('',3,3,((#4224,#4225,#4226,#4227,#4228,
#4229,#4230,#4231),(#4232,#4233,#4234,#4235,#4236,#4237,#4238,#4239),(#4240,
#4241,#4242,#4243,#4244,#4245,#4246,#4247),(#4248,#4249,#4250,#4251,#4252,
#4253,#4254,#4255)),.UNSPECIFIED.,.F.,.F.,.F.,(4,4),(4,1,1,2,4),(0.,1.),
(0.00932116209450728,0.187284107967374,0.543209999713108,0.899135891458842,
1.01620540565797),.UNSPECIFIED.);
#1858=B_SPLINE_SURFACE_WITH_KNOTS('',3,3,((#4273,#4274,#4275,#4276),(#4277,
#4278,#4279,#4280),(#4281,#4282,#4283,#4284),(#4285,#4286,#4287,#4288)),
 .UNSPECIFIED.,.F.,.F.,.F.,(4,4),(4,4),(0.,1.),(-1.01706004102991,-1.01620540565797),
 .UNSPECIFIED.);
#1859=B_SPLINE_SURFACE_WITH_KNOTS('',3,3,((#4293,#4294,#4295,#4296,#4297,
#4298,#4299),(#4300,#4301,#4302,#4303,#4304,#4305,#4306),(#4307,#4308,#4309,
#4310,#4311,#4312,#4313),(#4314,#4315,#4316,#4317,#4318,#4319,#4320),(#4321,
#4322,#4323,#4324,#4325,#4326,#4327),(#4328,#4329,#4330,#4331,#4332,#4333,
#4334)),.UNSPECIFIED.,.F.,.F.,.F.,(4,1,1,4),(4,1,1,1,4),(0.0664615526206142,
0.446867521953763,0.700471501509195,0.954075481064627),(0.00959486531840679,
0.213593201483131,0.417591537647855,0.68958931920082,0.961587100753785),
 .UNSPECIFIED.);
#1860=B_SPLINE_SURFACE_WITH_KNOTS('',3,3,((#4335,#4336,#4337,#4338),(#4339,
#4340,#4341,#4342),(#4343,#4344,#4345,#4346),(#4347,#4348,#4349,#4350)),
 .UNSPECIFIED.,.F.,.F.,.F.,(4,4),(4,4),(0.380135126646986,0.764766181526385),
(0.173693887500044,0.233860993053016),.UNSPECIFIED.);
#1861=B_SPLINE_SURFACE_WITH_KNOTS('',3,3,((#4373,#4374,#4375,#4376,#4377,
#4378),(#4379,#4380,#4381,#4382,#4383,#4384),(#4385,#4386,#4387,#4388,#4389,
#4390),(#4391,#4392,#4393,#4394,#4395,#4396),(#4397,#4398,#4399,#4400,#4401,
#4402),(#4403,#4404,#4405,#4406,#4407,#4408),(#4409,#4410,#4411,#4412,#4413,
#4414)),.UNSPECIFIED.,.F.,.F.,.F.,(4,1,1,1,4),(4,1,1,4),(0.0121198308456347,
0.435497046197506,0.717748523098753,0.858874261549377,1.),(0.00126962937582007,
0.278002745289539,0.554735861203257,0.969835535073835),.UNSPECIFIED.);
#1862=B_SPLINE_SURFACE_WITH_KNOTS('',3,3,((#4425,#4426,#4427,#4428),(#4429,
#4430,#4431,#4432),(#4433,#4434,#4435,#4436),(#4437,#4438,#4439,#4440),
(#4441,#4442,#4443,#4444)),.UNSPECIFIED.,.F.,.F.,.F.,(4,1,4),(4,4),(0.,
0.281498303451346,0.656829374719808),(0.150087368228187,0.207735521069062),
 .UNSPECIFIED.);
#1863=B_SPLINE_SURFACE_WITH_KNOTS('',3,3,((#4550,#4551,#4552,#4553),(#4554,
#4555,#4556,#4557),(#4558,#4559,#4560,#4561),(#4562,#4563,#4564,#4565)),
 .UNSPECIFIED.,.F.,.F.,.F.,(4,4),(4,4),(0.,0.373068179467419),(-0.00932116209450733,
0.),.UNSPECIFIED.);
#1864=B_SPLINE_SURFACE_WITH_KNOTS('',3,3,((#4574,#4575,#4576,#4577,#4578),
(#4579,#4580,#4581,#4582,#4583),(#4584,#4585,#4586,#4587,#4588),(#4589,
#4590,#4591,#4592,#4593)),.UNSPECIFIED.,.F.,.F.,.F.,(4,4),(4,1,4),(0.612200206693711,
1.),(0.202934118447567,0.450398327245244,0.780350605642147),
 .UNSPECIFIED.);
#1865=B_SPLINE_SURFACE_WITH_KNOTS('',3,3,((#4601,#4602,#4603,#4604),(#4605,
#4606,#4607,#4608),(#4609,#4610,#4611,#4612),(#4613,#4614,#4615,#4616)),
 .UNSPECIFIED.,.F.,.F.,.F.,(4,4),(4,4),(0.,0.389503240483617),(-1.38719737610208,
-1.35237112236329),.UNSPECIFIED.);
#1866=B_SPLINE_SURFACE_WITH_KNOTS('',3,3,((#4623,#4624,#4625,#4626),(#4627,
#4628,#4629,#4630),(#4631,#4632,#4633,#4634),(#4635,#4636,#4637,#4638),
(#4639,#4640,#4641,#4642)),.UNSPECIFIED.,.F.,.F.,.F.,(4,1,4),(4,4),(0.0377553359317543,
0.413282203912917,0.913984694554467),(0.0499999999977204,0.1),
 .UNSPECIFIED.);
#1867=B_SPLINE_SURFACE_WITH_KNOTS('',3,3,((#4664,#4665,#4666,#4667,#4668),
(#4669,#4670,#4671,#4672,#4673),(#4674,#4675,#4676,#4677,#4678),(#4679,
#4680,#4681,#4682,#4683)),.UNSPECIFIED.,.F.,.F.,.F.,(4,4),(4,1,4),(0.,1.),
(0.475188556494034,0.851123941866573,1.35237112236329),.UNSPECIFIED.);
#1868=B_SPLINE_SURFACE_WITH_KNOTS('',3,3,((#4693,#4694,#4695,#4696,#4697,
#4698),(#4699,#4700,#4701,#4702,#4703,#4704),(#4705,#4706,#4707,#4708,#4709,
#4710),(#4711,#4712,#4713,#4714,#4715,#4716)),.UNSPECIFIED.,.F.,.F.,.F.,
(4,4),(4,2,4),(0.81969913318912,0.846566762555448),(-0.00420280141165993,
-0.00264782195417402,0.),.UNSPECIFIED.);
#1869=B_SPLINE_SURFACE_WITH_KNOTS('',3,3,((#4717,#4718,#4719,#4720,#4721),
(#4722,#4723,#4724,#4725,#4726),(#4727,#4728,#4729,#4730,#4731),(#4732,
#4733,#4734,#4735,#4736)),.UNSPECIFIED.,.F.,.F.,.F.,(4,4),(4,1,4),(0.,1.),
(0.0377553359317517,0.413156397540705,0.913691146352642),.UNSPECIFIED.);
#1870=B_SPLINE_SURFACE_WITH_KNOTS('',3,3,((#4744,#4745,#4746,#4747,#4748,
#4749,#4750,#4751),(#4752,#4753,#4754,#4755,#4756,#4757,#4758,#4759),(#4760,
#4761,#4762,#4763,#4764,#4765,#4766,#4767),(#4768,#4769,#4770,#4771,#4772,
#4773,#4774,#4775)),.UNSPECIFIED.,.F.,.F.,.F.,(4,4),(4,1,1,2,4),(0.,1.),
(0.00932116209450728,0.187284107967374,0.543209999713108,0.899135891458842,
1.01620540565797),.UNSPECIFIED.);
#1871=B_SPLINE_SURFACE_WITH_KNOTS('',3,3,((#4793,#4794,#4795,#4796),(#4797,
#4798,#4799,#4800),(#4801,#4802,#4803,#4804),(#4805,#4806,#4807,#4808)),
 .UNSPECIFIED.,.F.,.F.,.F.,(4,4),(4,4),(0.,1.),(-1.01706004102991,-1.01620540565797),
 .UNSPECIFIED.);
#1872=B_SPLINE_SURFACE_WITH_KNOTS('',3,3,((#4813,#4814,#4815,#4816,#4817,
#4818,#4819),(#4820,#4821,#4822,#4823,#4824,#4825,#4826),(#4827,#4828,#4829,
#4830,#4831,#4832,#4833),(#4834,#4835,#4836,#4837,#4838,#4839,#4840),(#4841,
#4842,#4843,#4844,#4845,#4846,#4847),(#4848,#4849,#4850,#4851,#4852,#4853,
#4854)),.UNSPECIFIED.,.F.,.F.,.F.,(4,1,1,4),(4,1,1,1,4),(0.0664615526206142,
0.446867521953763,0.700471501509195,0.954075481064627),(0.00959486531842433,
0.213593201483145,0.417591537647865,0.689589319200825,0.961587100753785),
 .UNSPECIFIED.);
#1873=B_SPLINE_SURFACE_WITH_KNOTS('',3,3,((#4855,#4856,#4857,#4858),(#4859,
#4860,#4861,#4862),(#4863,#4864,#4865,#4866),(#4867,#4868,#4869,#4870)),
 .UNSPECIFIED.,.F.,.F.,.F.,(4,4),(4,4),(0.380135126646986,0.764766181526385),
(0.173693887500044,0.233860993053016),.UNSPECIFIED.);
#1874=B_SPLINE_SURFACE_WITH_KNOTS('',3,3,((#4893,#4894,#4895,#4896,#4897,
#4898),(#4899,#4900,#4901,#4902,#4903,#4904),(#4905,#4906,#4907,#4908,#4909,
#4910),(#4911,#4912,#4913,#4914,#4915,#4916),(#4917,#4918,#4919,#4920,#4921,
#4922),(#4923,#4924,#4925,#4926,#4927,#4928),(#4929,#4930,#4931,#4932,#4933,
#4934)),.UNSPECIFIED.,.F.,.F.,.F.,(4,1,1,1,4),(4,1,1,4),(0.0121198308456347,
0.435497046197506,0.717748523098753,0.858874261549377,1.),(0.00126963500122785,
0.278002749307687,0.554735863614146,0.969835535073835),.UNSPECIFIED.);
#1875=B_SPLINE_SURFACE_WITH_KNOTS('',3,3,((#4945,#4946,#4947,#4948),(#4949,
#4950,#4951,#4952),(#4953,#4954,#4955,#4956),(#4957,#4958,#4959,#4960),
(#4961,#4962,#4963,#4964)),.UNSPECIFIED.,.F.,.F.,.F.,(4,1,4),(4,4),(0.,
0.281498303451346,0.656829374719808),(0.150087368228187,0.207735521069062),
 .UNSPECIFIED.);
#1876=B_SPLINE_SURFACE_WITH_KNOTS('',3,3,((#5070,#5071,#5072,#5073),(#5074,
#5075,#5076,#5077),(#5078,#5079,#5080,#5081),(#5082,#5083,#5084,#5085)),
 .UNSPECIFIED.,.F.,.F.,.F.,(4,4),(4,4),(0.,0.373068179467419),(-0.00932116209450733,
0.),.UNSPECIFIED.);
#1877=B_SPLINE_SURFACE_WITH_KNOTS('',3,3,((#5094,#5095,#5096,#5097,#5098),
(#5099,#5100,#5101,#5102,#5103),(#5104,#5105,#5106,#5107,#5108),(#5109,
#5110,#5111,#5112,#5113)),.UNSPECIFIED.,.F.,.F.,.F.,(4,4),(4,1,4),(0.612200206693711,
1.),(0.202934118447567,0.450398327245244,0.780350605642147),
 .UNSPECIFIED.);
#1878=B_SPLINE_SURFACE_WITH_KNOTS('',3,3,((#5121,#5122,#5123,#5124),(#5125,
#5126,#5127,#5128),(#5129,#5130,#5131,#5132),(#5133,#5134,#5135,#5136)),
 .UNSPECIFIED.,.F.,.F.,.F.,(4,4),(4,4),(0.,0.389503240483617),(-1.38719737610208,
-1.35237112236329),.UNSPECIFIED.);
#1879=B_SPLINE_SURFACE_WITH_KNOTS('',3,3,((#5143,#5144,#5145,#5146),(#5147,
#5148,#5149,#5150),(#5151,#5152,#5153,#5154),(#5155,#5156,#5157,#5158),
(#5159,#5160,#5161,#5162)),.UNSPECIFIED.,.F.,.F.,.F.,(4,1,4),(4,4),(0.0377553359317543,
0.413282203912917,0.913984694554467),(0.0499999999977204,0.1),
 .UNSPECIFIED.);
#1880=B_SPLINE_SURFACE_WITH_KNOTS('',3,3,((#5184,#5185,#5186,#5187,#5188),
(#5189,#5190,#5191,#5192,#5193),(#5194,#5195,#5196,#5197,#5198),(#5199,
#5200,#5201,#5202,#5203)),.UNSPECIFIED.,.F.,.F.,.F.,(4,4),(4,1,4),(0.,1.),
(0.475188556494034,0.851123941866573,1.35237112236329),.UNSPECIFIED.);
#1881=B_SPLINE_SURFACE_WITH_KNOTS('',3,3,((#5213,#5214,#5215,#5216,#5217,
#5218),(#5219,#5220,#5221,#5222,#5223,#5224),(#5225,#5226,#5227,#5228,#5229,
#5230),(#5231,#5232,#5233,#5234,#5235,#5236)),.UNSPECIFIED.,.F.,.F.,.F.,
(4,4),(4,2,4),(0.819699133189123,0.846566762555426),(-0.00420280140362089,
-0.00264782195417417,0.),.UNSPECIFIED.);
#1882=B_SPLINE_SURFACE_WITH_KNOTS('',3,3,((#5237,#5238,#5239,#5240,#5241),
(#5242,#5243,#5244,#5245,#5246),(#5247,#5248,#5249,#5250,#5251),(#5252,
#5253,#5254,#5255,#5256)),.UNSPECIFIED.,.F.,.F.,.F.,(4,4),(4,1,4),(0.,1.),
(0.0377553359317517,0.413156397540705,0.913691146352642),.UNSPECIFIED.);
#1883=B_SPLINE_SURFACE_WITH_KNOTS('',3,3,((#5264,#5265,#5266,#5267,#5268,
#5269,#5270,#5271),(#5272,#5273,#5274,#5275,#5276,#5277,#5278,#5279),(#5280,
#5281,#5282,#5283,#5284,#5285,#5286,#5287),(#5288,#5289,#5290,#5291,#5292,
#5293,#5294,#5295)),.UNSPECIFIED.,.F.,.F.,.F.,(4,4),(4,1,1,2,4),(0.,1.),
(0.00932116209450728,0.187284107967374,0.543209999713108,0.899135891458842,
1.01620540565797),.UNSPECIFIED.);
#1884=B_SPLINE_SURFACE_WITH_KNOTS('',3,3,((#5313,#5314,#5315,#5316),(#5317,
#5318,#5319,#5320),(#5321,#5322,#5323,#5324),(#5325,#5326,#5327,#5328)),
 .UNSPECIFIED.,.F.,.F.,.F.,(4,4),(4,4),(0.,1.),(-1.01706004102991,-1.01620540565797),
 .UNSPECIFIED.);
#1885=B_SPLINE_SURFACE_WITH_KNOTS('',3,3,((#5333,#5334,#5335,#5336,#5337,
#5338,#5339),(#5340,#5341,#5342,#5343,#5344,#5345,#5346),(#5347,#5348,#5349,
#5350,#5351,#5352,#5353),(#5354,#5355,#5356,#5357,#5358,#5359,#5360),(#5361,
#5362,#5363,#5364,#5365,#5366,#5367),(#5368,#5369,#5370,#5371,#5372,#5373,
#5374)),.UNSPECIFIED.,.F.,.F.,.F.,(4,1,1,4),(4,1,1,1,4),(0.0664615526206142,
0.446867521953763,0.700471501509195,0.954075481064627),(0.00959486531840681,
0.213593201483131,0.417591537647855,0.68958931920082,0.961587100753785),
 .UNSPECIFIED.);
#1886=B_SPLINE_SURFACE_WITH_KNOTS('',3,3,((#5375,#5376,#5377,#5378),(#5379,
#5380,#5381,#5382),(#5383,#5384,#5385,#5386),(#5387,#5388,#5389,#5390)),
 .UNSPECIFIED.,.F.,.F.,.F.,(4,4),(4,4),(0.380135126646986,0.764766181526385),
(0.173693887500044,0.233860993053016),.UNSPECIFIED.);
#1887=B_SPLINE_SURFACE_WITH_KNOTS('',3,3,((#5413,#5414,#5415,#5416,#5417,
#5418),(#5419,#5420,#5421,#5422,#5423,#5424),(#5425,#5426,#5427,#5428,#5429,
#5430),(#5431,#5432,#5433,#5434,#5435,#5436),(#5437,#5438,#5439,#5440,#5441,
#5442),(#5443,#5444,#5445,#5446,#5447,#5448),(#5449,#5450,#5451,#5452,#5453,
#5454)),.UNSPECIFIED.,.F.,.F.,.F.,(4,1,1,1,4),(4,1,1,4),(0.0121198308456347,
0.435497046197506,0.717748523098753,0.858874261549377,1.),(0.00126962937582007,
0.278002745289539,0.554735861203257,0.969835535073835),.UNSPECIFIED.);
#1888=B_SPLINE_SURFACE_WITH_KNOTS('',3,3,((#5465,#5466,#5467,#5468),(#5469,
#5470,#5471,#5472),(#5473,#5474,#5475,#5476),(#5477,#5478,#5479,#5480),
(#5481,#5482,#5483,#5484)),.UNSPECIFIED.,.F.,.F.,.F.,(4,1,4),(4,4),(0.,
0.281498303451346,0.656829374719808),(0.150087368228187,0.207735521069062),
 .UNSPECIFIED.);
#1889=B_SPLINE_SURFACE_WITH_KNOTS('',3,3,((#5590,#5591,#5592,#5593),(#5594,
#5595,#5596,#5597),(#5598,#5599,#5600,#5601),(#5602,#5603,#5604,#5605)),
 .UNSPECIFIED.,.F.,.F.,.F.,(4,4),(4,4),(0.,0.373068179467419),(-0.00932116209450733,
0.),.UNSPECIFIED.);
#1890=B_SPLINE_SURFACE_WITH_KNOTS('',3,3,((#5614,#5615,#5616,#5617,#5618),
(#5619,#5620,#5621,#5622,#5623),(#5624,#5625,#5626,#5627,#5628),(#5629,
#5630,#5631,#5632,#5633)),.UNSPECIFIED.,.F.,.F.,.F.,(4,4),(4,1,4),(0.612200206693711,
1.),(0.202934118447567,0.450398327245244,0.780350605642147),
 .UNSPECIFIED.);
#1891=B_SPLINE_SURFACE_WITH_KNOTS('',3,3,((#5641,#5642,#5643,#5644),(#5645,
#5646,#5647,#5648),(#5649,#5650,#5651,#5652),(#5653,#5654,#5655,#5656)),
 .UNSPECIFIED.,.F.,.F.,.F.,(4,4),(4,4),(0.,0.389503240483617),(-1.38719737610208,
-1.35237112236329),.UNSPECIFIED.);
#1892=B_SPLINE_SURFACE_WITH_KNOTS('',3,3,((#5663,#5664,#5665,#5666),(#5667,
#5668,#5669,#5670),(#5671,#5672,#5673,#5674),(#5675,#5676,#5677,#5678),
(#5679,#5680,#5681,#5682)),.UNSPECIFIED.,.F.,.F.,.F.,(4,1,4),(4,4),(0.0377553359317543,
0.413282203912917,0.913984694554467),(0.0499999999977204,0.1),
 .UNSPECIFIED.);
#1893=B_SPLINE_SURFACE_WITH_KNOTS('',3,3,((#5704,#5705,#5706,#5707,#5708),
(#5709,#5710,#5711,#5712,#5713),(#5714,#5715,#5716,#5717,#5718),(#5719,
#5720,#5721,#5722,#5723)),.UNSPECIFIED.,.F.,.F.,.F.,(4,4),(4,1,4),(0.,1.),
(0.475188556494034,0.851123941866573,1.35237112236329),.UNSPECIFIED.);
#1894=B_SPLINE_SURFACE_WITH_KNOTS('',3,3,((#5733,#5734,#5735,#5736,#5737,
#5738),(#5739,#5740,#5741,#5742,#5743,#5744),(#5745,#5746,#5747,#5748,#5749,
#5750),(#5751,#5752,#5753,#5754,#5755,#5756)),.UNSPECIFIED.,.F.,.F.,.F.,
(4,4),(4,2,4),(0.819699133189124,0.84656676255543),(-0.00420316028993046,
-0.00264782195417397,0.),.UNSPECIFIED.);
#1895=B_SPLINE_SURFACE_WITH_KNOTS('',3,3,((#5757,#5758,#5759,#5760,#5761),
(#5762,#5763,#5764,#5765,#5766),(#5767,#5768,#5769,#5770,#5771),(#5772,
#5773,#5774,#5775,#5776)),.UNSPECIFIED.,.F.,.F.,.F.,(4,4),(4,1,4),(0.,1.),
(0.0377553359317517,0.413156397540705,0.913691146352642),.UNSPECIFIED.);
#1896=B_SPLINE_SURFACE_WITH_KNOTS('',3,3,((#5784,#5785,#5786,#5787,#5788,
#5789,#5790,#5791),(#5792,#5793,#5794,#5795,#5796,#5797,#5798,#5799),(#5800,
#5801,#5802,#5803,#5804,#5805,#5806,#5807),(#5808,#5809,#5810,#5811,#5812,
#5813,#5814,#5815)),.UNSPECIFIED.,.F.,.F.,.F.,(4,4),(4,1,1,2,4),(0.,1.),
(0.00932116209450728,0.187284107967374,0.543209999713108,0.899135891458842,
1.01620540565797),.UNSPECIFIED.);
#1897=B_SPLINE_SURFACE_WITH_KNOTS('',3,3,((#5833,#5834,#5835,#5836),(#5837,
#5838,#5839,#5840),(#5841,#5842,#5843,#5844),(#5845,#5846,#5847,#5848)),
 .UNSPECIFIED.,.F.,.F.,.F.,(4,4),(4,4),(0.,1.),(-1.01706004102991,-1.01620540565797),
 .UNSPECIFIED.);
#1898=B_SPLINE_SURFACE_WITH_KNOTS('',3,3,((#5853,#5854,#5855,#5856,#5857,
#5858),(#5859,#5860,#5861,#5862,#5863,#5864),(#5865,#5866,#5867,#5868,#5869,
#5870),(#5871,#5872,#5873,#5874,#5875,#5876),(#5877,#5878,#5879,#5880,#5881,
#5882),(#5883,#5884,#5885,#5886,#5887,#5888)),.UNSPECIFIED.,.F.,.F.,.F.,
(4,1,1,4),(4,1,1,4),(0.0664615526206142,0.446867521953763,0.700471501509195,
0.954075481064627),(0.00959486531842562,0.281592646871386,0.553590428424345,
0.961587100753785),.UNSPECIFIED.);
#1899=B_SPLINE_SURFACE_WITH_KNOTS('',3,3,((#5889,#5890,#5891,#5892),(#5893,
#5894,#5895,#5896),(#5897,#5898,#5899,#5900),(#5901,#5902,#5903,#5904)),
 .UNSPECIFIED.,.F.,.F.,.F.,(4,4),(4,4),(0.380135126646986,0.764766181526385),
(0.173693887500044,0.233860993053016),.UNSPECIFIED.);
#1900=B_SPLINE_SURFACE_WITH_KNOTS('',3,3,((#5927,#5928,#5929,#5930,#5931,
#5932),(#5933,#5934,#5935,#5936,#5937,#5938),(#5939,#5940,#5941,#5942,#5943,
#5944),(#5945,#5946,#5947,#5948,#5949,#5950),(#5951,#5952,#5953,#5954,#5955,
#5956),(#5957,#5958,#5959,#5960,#5961,#5962),(#5963,#5964,#5965,#5966,#5967,
#5968)),.UNSPECIFIED.,.F.,.F.,.F.,(4,1,1,1,4),(4,1,1,4),(0.0121198308456347,
0.435497046197506,0.717748523098753,0.858874261549377,1.),(0.00126963454632358,
0.416369306200971,0.693102420637403,0.969835535073835),.UNSPECIFIED.);
#1901=B_SPLINE_SURFACE_WITH_KNOTS('',3,3,((#5979,#5980,#5981,#5982),(#5983,
#5984,#5985,#5986),(#5987,#5988,#5989,#5990),(#5991,#5992,#5993,#5994),
(#5995,#5996,#5997,#5998)),.UNSPECIFIED.,.F.,.F.,.F.,(4,1,4),(4,4),(0.,
0.281498303451346,0.656829374719808),(0.150087368228187,0.207735521069062),
 .UNSPECIFIED.);
#1902=B_SPLINE_SURFACE_WITH_KNOTS('',3,3,((#6104,#6105,#6106,#6107),(#6108,
#6109,#6110,#6111),(#6112,#6113,#6114,#6115),(#6116,#6117,#6118,#6119)),
 .UNSPECIFIED.,.F.,.F.,.F.,(4,4),(4,4),(0.,0.373068179467419),(-0.00932116209450733,
0.),.UNSPECIFIED.);
#1903=B_SPLINE_SURFACE_WITH_KNOTS('',3,3,((#6128,#6129,#6130,#6131,#6132),
(#6133,#6134,#6135,#6136,#6137),(#6138,#6139,#6140,#6141,#6142),(#6143,
#6144,#6145,#6146,#6147)),.UNSPECIFIED.,.F.,.F.,.F.,(4,4),(4,1,4),(0.612200206693711,
1.),(0.202934118447567,0.450398327245244,0.780350605642147),
 .UNSPECIFIED.);
#1904=B_SPLINE_SURFACE_WITH_KNOTS('',3,3,((#6155,#6156,#6157,#6158),(#6159,
#6160,#6161,#6162),(#6163,#6164,#6165,#6166),(#6167,#6168,#6169,#6170)),
 .UNSPECIFIED.,.F.,.F.,.F.,(4,4),(4,4),(0.,0.389503240483617),(-1.38719737610208,
-1.35237112236329),.UNSPECIFIED.);
#1905=B_SPLINE_SURFACE_WITH_KNOTS('',3,3,((#6177,#6178,#6179,#6180),(#6181,
#6182,#6183,#6184),(#6185,#6186,#6187,#6188),(#6189,#6190,#6191,#6192),
(#6193,#6194,#6195,#6196)),.UNSPECIFIED.,.F.,.F.,.F.,(4,1,4),(4,4),(0.0377553359317543,
0.413282203912917,0.913984694554467),(0.0499999999977204,0.1),
 .UNSPECIFIED.);
#1906=B_SPLINE_SURFACE_WITH_KNOTS('',3,3,((#6218,#6219,#6220,#6221,#6222),
(#6223,#6224,#6225,#6226,#6227),(#6228,#6229,#6230,#6231,#6232),(#6233,
#6234,#6235,#6236,#6237)),.UNSPECIFIED.,.F.,.F.,.F.,(4,4),(4,1,4),(0.,1.),
(0.475188556494034,0.851123941866573,1.35237112236329),.UNSPECIFIED.);
#1907=B_SPLINE_SURFACE_WITH_KNOTS('',3,3,((#6247,#6248,#6249,#6250,#6251,
#6252),(#6253,#6254,#6255,#6256,#6257,#6258),(#6259,#6260,#6261,#6262,#6263,
#6264),(#6265,#6266,#6267,#6268,#6269,#6270)),.UNSPECIFIED.,.F.,.F.,.F.,
(4,4),(4,2,4),(0.819699133189119,0.846566765777738),(-0.00420280138952189,
-0.00264782195417414,0.),.UNSPECIFIED.);
#1908=B_SPLINE_SURFACE_WITH_KNOTS('',3,3,((#6271,#6272,#6273,#6274,#6275),
(#6276,#6277,#6278,#6279,#6280),(#6281,#6282,#6283,#6284,#6285),(#6286,
#6287,#6288,#6289,#6290)),.UNSPECIFIED.,.F.,.F.,.F.,(4,4),(4,1,4),(0.,1.),
(0.0377553359317517,0.413156397540705,0.913691146352642),.UNSPECIFIED.);
#1909=B_SPLINE_SURFACE_WITH_KNOTS('',3,3,((#6298,#6299,#6300,#6301,#6302,
#6303,#6304,#6305),(#6306,#6307,#6308,#6309,#6310,#6311,#6312,#6313),(#6314,
#6315,#6316,#6317,#6318,#6319,#6320,#6321),(#6322,#6323,#6324,#6325,#6326,
#6327,#6328,#6329)),.UNSPECIFIED.,.F.,.F.,.F.,(4,4),(4,1,1,2,4),(0.,1.),
(0.00932116209450728,0.187284107967374,0.543209999713108,0.899135891458842,
1.01620540565797),.UNSPECIFIED.);
#1910=B_SPLINE_SURFACE_WITH_KNOTS('',3,3,((#6347,#6348,#6349,#6350),(#6351,
#6352,#6353,#6354),(#6355,#6356,#6357,#6358),(#6359,#6360,#6361,#6362)),
 .UNSPECIFIED.,.F.,.F.,.F.,(4,4),(4,4),(0.,1.),(-1.01706004102991,-1.01620540565797),
 .UNSPECIFIED.);
#1911=B_SPLINE_SURFACE_WITH_KNOTS('',3,3,((#6367,#6368,#6369,#6370,#6371,
#6372,#6373),(#6374,#6375,#6376,#6377,#6378,#6379,#6380),(#6381,#6382,#6383,
#6384,#6385,#6386,#6387),(#6388,#6389,#6390,#6391,#6392,#6393,#6394),(#6395,
#6396,#6397,#6398,#6399,#6400,#6401),(#6402,#6403,#6404,#6405,#6406,#6407,
#6408)),.UNSPECIFIED.,.F.,.F.,.F.,(4,1,1,4),(4,1,1,1,4),(0.0664615526206142,
0.446867521953763,0.700471501509195,0.954075481064627),(0.00959486531842434,
0.213593201483145,0.417591537647865,0.689589319200825,0.961587100753785),
 .UNSPECIFIED.);
#1912=B_SPLINE_SURFACE_WITH_KNOTS('',3,3,((#6409,#6410,#6411,#6412),(#6413,
#6414,#6415,#6416),(#6417,#6418,#6419,#6420),(#6421,#6422,#6423,#6424)),
 .UNSPECIFIED.,.F.,.F.,.F.,(4,4),(4,4),(0.380135126646986,0.764766181526385),
(0.173693887500044,0.233860993053016),.UNSPECIFIED.);
#1913=B_SPLINE_SURFACE_WITH_KNOTS('',3,3,((#6447,#6448,#6449,#6450,#6451,
#6452),(#6453,#6454,#6455,#6456,#6457,#6458),(#6459,#6460,#6461,#6462,#6463,
#6464),(#6465,#6466,#6467,#6468,#6469,#6470),(#6471,#6472,#6473,#6474,#6475,
#6476),(#6477,#6478,#6479,#6480,#6481,#6482),(#6483,#6484,#6485,#6486,#6487,
#6488)),.UNSPECIFIED.,.F.,.F.,.F.,(4,1,1,1,4),(4,1,1,4),(0.0121198308456347,
0.435497046197506,0.717748523098753,0.858874261549377,1.),(0.00126963500122783,
0.416369306460917,0.693102420767376,0.969835535073835),.UNSPECIFIED.);
#1914=B_SPLINE_SURFACE_WITH_KNOTS('',3,3,((#6499,#6500,#6501,#6502),(#6503,
#6504,#6505,#6506),(#6507,#6508,#6509,#6510),(#6511,#6512,#6513,#6514),
(#6515,#6516,#6517,#6518)),.UNSPECIFIED.,.F.,.F.,.F.,(4,1,4),(4,4),(0.,
0.281498303451346,0.656829374719808),(0.150087368228187,0.207735521069062),
 .UNSPECIFIED.);
#1915=ADVANCED_FACE('',(#144),#1831,.T.);
#1916=ADVANCED_FACE('',(#145),#138,.T.);
#1917=ADVANCED_FACE('',(#146,#108),#110,.F.);
#1918=ADVANCED_FACE('',(#147),#1832,.T.);
#1919=ADVANCED_FACE('',(#148),#139,.T.);
#1920=ADVANCED_FACE('',(#149),#1833,.T.);
#1921=ADVANCED_FACE('',(#150),#140,.T.);
#1922=ADVANCED_FACE('',(#151),#1834,.T.);
#1923=ADVANCED_FACE('',(#152),#141,.T.);
#1924=ADVANCED_FACE('',(#153),#1835,.T.);
#1925=ADVANCED_FACE('',(#154),#142,.T.);
#1926=ADVANCED_FACE('',(#155),#1836,.T.);
#1927=ADVANCED_FACE('',(#156),#143,.T.);
#1928=ADVANCED_FACE('',(#157),#89,.F.);
#1929=ADVANCED_FACE('',(#158),#90,.T.);
#1930=ADVANCED_FACE('',(#159),#91,.T.);
#1931=ADVANCED_FACE('',(#160),#92,.T.);
#1932=ADVANCED_FACE('',(#161),#93,.T.);
#1933=ADVANCED_FACE('',(#162),#94,.T.);
#1934=ADVANCED_FACE('',(#163),#95,.T.);
#1935=ADVANCED_FACE('',(#164,#109),#111,.T.);
#1936=ADVANCED_FACE('',(#165),#96,.F.);
#1937=ADVANCED_FACE('',(#166),#97,.T.);
#1938=ADVANCED_FACE('',(#167),#1837,.T.);
#1939=ADVANCED_FACE('',(#168),#1838,.T.);
#1940=ADVANCED_FACE('',(#169),#1839,.T.);
#1941=ADVANCED_FACE('',(#170),#1840,.F.);
#1942=ADVANCED_FACE('',(#171),#1841,.T.);
#1943=ADVANCED_FACE('',(#172),#1842,.T.);
#1944=ADVANCED_FACE('',(#173),#1843,.T.);
#1945=ADVANCED_FACE('',(#174),#1844,.T.);
#1946=ADVANCED_FACE('',(#175),#1845,.T.);
#1947=ADVANCED_FACE('',(#176),#1846,.T.);
#1948=ADVANCED_FACE('',(#177),#1847,.F.);
#1949=ADVANCED_FACE('',(#178),#1848,.F.);
#1950=ADVANCED_FACE('',(#179),#1849,.F.);
#1951=ADVANCED_FACE('',(#180),#98,.F.);
#1952=ADVANCED_FACE('',(#181),#99,.T.);
#1953=ADVANCED_FACE('',(#182),#1850,.T.);
#1954=ADVANCED_FACE('',(#183),#1851,.T.);
#1955=ADVANCED_FACE('',(#184),#1852,.T.);
#1956=ADVANCED_FACE('',(#185),#1853,.F.);
#1957=ADVANCED_FACE('',(#186),#1854,.T.);
#1958=ADVANCED_FACE('',(#187),#1855,.T.);
#1959=ADVANCED_FACE('',(#188),#1856,.T.);
#1960=ADVANCED_FACE('',(#189),#1857,.T.);
#1961=ADVANCED_FACE('',(#190),#1858,.T.);
#1962=ADVANCED_FACE('',(#191),#1859,.T.);
#1963=ADVANCED_FACE('',(#192),#1860,.F.);
#1964=ADVANCED_FACE('',(#193),#1861,.F.);
#1965=ADVANCED_FACE('',(#194),#1862,.F.);
#1966=ADVANCED_FACE('',(#195),#100,.F.);
#1967=ADVANCED_FACE('',(#196),#101,.T.);
#1968=ADVANCED_FACE('',(#197),#1863,.T.);
#1969=ADVANCED_FACE('',(#198),#1864,.T.);
#1970=ADVANCED_FACE('',(#199),#1865,.T.);
#1971=ADVANCED_FACE('',(#200),#1866,.F.);
#1972=ADVANCED_FACE('',(#201),#1867,.T.);
#1973=ADVANCED_FACE('',(#202),#1868,.T.);
#1974=ADVANCED_FACE('',(#203),#1869,.T.);
#1975=ADVANCED_FACE('',(#204),#1870,.T.);
#1976=ADVANCED_FACE('',(#205),#1871,.T.);
#1977=ADVANCED_FACE('',(#206),#1872,.T.);
#1978=ADVANCED_FACE('',(#207),#1873,.F.);
#1979=ADVANCED_FACE('',(#208),#1874,.F.);
#1980=ADVANCED_FACE('',(#209),#1875,.F.);
#1981=ADVANCED_FACE('',(#210),#102,.F.);
#1982=ADVANCED_FACE('',(#211),#103,.T.);
#1983=ADVANCED_FACE('',(#212),#1876,.T.);
#1984=ADVANCED_FACE('',(#213),#1877,.T.);
#1985=ADVANCED_FACE('',(#214),#1878,.T.);
#1986=ADVANCED_FACE('',(#215),#1879,.F.);
#1987=ADVANCED_FACE('',(#216),#1880,.T.);
#1988=ADVANCED_FACE('',(#217),#1881,.T.);
#1989=ADVANCED_FACE('',(#218),#1882,.T.);
#1990=ADVANCED_FACE('',(#219),#1883,.T.);
#1991=ADVANCED_FACE('',(#220),#1884,.T.);
#1992=ADVANCED_FACE('',(#221),#1885,.T.);
#1993=ADVANCED_FACE('',(#222),#1886,.F.);
#1994=ADVANCED_FACE('',(#223),#1887,.F.);
#1995=ADVANCED_FACE('',(#224),#1888,.F.);
#1996=ADVANCED_FACE('',(#225),#104,.F.);
#1997=ADVANCED_FACE('',(#226),#105,.T.);
#1998=ADVANCED_FACE('',(#227),#1889,.T.);
#1999=ADVANCED_FACE('',(#228),#1890,.T.);
#2000=ADVANCED_FACE('',(#229),#1891,.T.);
#2001=ADVANCED_FACE('',(#230),#1892,.F.);
#2002=ADVANCED_FACE('',(#231),#1893,.T.);
#2003=ADVANCED_FACE('',(#232),#1894,.T.);
#2004=ADVANCED_FACE('',(#233),#1895,.T.);
#2005=ADVANCED_FACE('',(#234),#1896,.T.);
#2006=ADVANCED_FACE('',(#235),#1897,.T.);
#2007=ADVANCED_FACE('',(#236),#1898,.T.);
#2008=ADVANCED_FACE('',(#237),#1899,.F.);
#2009=ADVANCED_FACE('',(#238),#1900,.F.);
#2010=ADVANCED_FACE('',(#239),#1901,.F.);
#2011=ADVANCED_FACE('',(#240),#106,.F.);
#2012=ADVANCED_FACE('',(#241),#107,.T.);
#2013=ADVANCED_FACE('',(#242),#1902,.T.);
#2014=ADVANCED_FACE('',(#243),#1903,.T.);
#2015=ADVANCED_FACE('',(#244),#1904,.T.);
#2016=ADVANCED_FACE('',(#245),#1905,.F.);
#2017=ADVANCED_FACE('',(#246),#1906,.T.);
#2018=ADVANCED_FACE('',(#247),#1907,.T.);
#2019=ADVANCED_FACE('',(#248),#1908,.T.);
#2020=ADVANCED_FACE('',(#249),#1909,.T.);
#2021=ADVANCED_FACE('',(#250),#1910,.T.);
#2022=ADVANCED_FACE('',(#251),#1911,.T.);
#2023=ADVANCED_FACE('',(#252),#1912,.F.);
#2024=ADVANCED_FACE('',(#253),#1913,.F.);
#2025=ADVANCED_FACE('',(#254),#1914,.F.);
#2026=CLOSED_SHELL('',(#1915,#1916,#1917,#1918,#1919,#1920,#1921,#1922,
#1923,#1924,#1925,#1926,#1927,#1928,#1929,#1930,#1931,#1932,#1933,#1934,
#1935,#1936,#1937,#1938,#1939,#1940,#1941,#1942,#1943,#1944,#1945,#1946,
#1947,#1948,#1949,#1950,#1951,#1952,#1953,#1954,#1955,#1956,#1957,#1958,
#1959,#1960,#1961,#1962,#1963,#1964,#1965,#1966,#1967,#1968,#1969,#1970,
#1971,#1972,#1973,#1974,#1975,#1976,#1977,#1978,#1979,#1980,#1981,#1982,
#1983,#1984,#1985,#1986,#1987,#1988,#1989,#1990,#1991,#1992,#1993,#1994,
#1995,#1996,#1997,#1998,#1999,#2000,#2001,#2002,#2003,#2004,#2005,#2006,
#2007,#2008,#2009,#2010,#2011,#2012,#2013,#2014,#2015,#2016,#2017,#2018,
#2019,#2020,#2021,#2022,#2023,#2024,#2025));
#2027=DERIVED_UNIT_ELEMENT(#2029,1.);
#2028=DERIVED_UNIT_ELEMENT(#6524,-3.);
#2029=(
MASS_UNIT()
NAMED_UNIT(*)
SI_UNIT(.KILO.,.GRAM.)
);
#2030=DERIVED_UNIT((#2027,#2028));
#2031=MEASURE_REPRESENTATION_ITEM('density measure',
POSITIVE_RATIO_MEASURE(7850.),#2030);
#2032=PROPERTY_DEFINITION_REPRESENTATION(#2037,#2034);
#2033=PROPERTY_DEFINITION_REPRESENTATION(#2038,#2035);
#2034=REPRESENTATION('material name',(#2036),#6521);
#2035=REPRESENTATION('density',(#2031),#6521);
#2036=DESCRIPTIVE_REPRESENTATION_ITEM('Steel','Steel');
#2037=PROPERTY_DEFINITION('material property','material name',#6531);
#2038=PROPERTY_DEFINITION('material property','density of part',#6531);
#2039=AXIS2_PLACEMENT_3D('',#2238,#2093,#2094);
#2040=AXIS2_PLACEMENT_3D('',#2300,#2095,#2096);
#2041=AXIS2_PLACEMENT_3D('',#2316,#2097,#2098);
#2042=AXIS2_PLACEMENT_3D('',#2350,#2099,#2100);
#2043=AXIS2_PLACEMENT_3D('',#2370,#2101,#2102);
#2044=AXIS2_PLACEMENT_3D('',#2420,#2103,#2104);
#2045=AXIS2_PLACEMENT_3D('',#2476,#2105,#2106);
#2046=AXIS2_PLACEMENT_3D('',#2532,#2107,#2108);
#2047=AXIS2_PLACEMENT_3D('',#2588,#2109,#2110);
#2048=AXIS2_PLACEMENT_3D('',#2644,#2111,#2112);
#2049=AXIS2_PLACEMENT_3D('',#2694,#2113,#2114);
#2050=AXIS2_PLACEMENT_3D('',#2739,#2115,#2116);
#2051=AXIS2_PLACEMENT_3D('',#2778,#2117,#2118);
#2052=AXIS2_PLACEMENT_3D('',#2845,#2119,#2120);
#2053=AXIS2_PLACEMENT_3D('',#2885,#2121,#2122);
#2054=AXIS2_PLACEMENT_3D('',#2949,#2123,#2124);
#2055=AXIS2_PLACEMENT_3D('',#2990,#2125,#2126);
#2056=AXIS2_PLACEMENT_3D('',#3057,#2127,#2128);
#2057=AXIS2_PLACEMENT_3D('',#3101,#2129,#2130);
#2058=AXIS2_PLACEMENT_3D('',#3171,#2131,#2132);
#2059=AXIS2_PLACEMENT_3D('',#3212,#2133,#2134);
#2060=AXIS2_PLACEMENT_3D('',#3232,#2135,#2136);
#2061=AXIS2_PLACEMENT_3D('',#3235,#2138,#2139);
#2062=AXIS2_PLACEMENT_3D('',#3236,#2140,#2141);
#2063=AXIS2_PLACEMENT_3D('',#3247,#2142,#2143);
#2064=AXIS2_PLACEMENT_3D('',#3263,#2144,#2145);
#2065=AXIS2_PLACEMENT_3D('',#3274,#2146,#2147);
#2066=AXIS2_PLACEMENT_3D('',#3290,#2148,#2149);
#2067=AXIS2_PLACEMENT_3D('',#3301,#2150,#2151);
#2068=AXIS2_PLACEMENT_3D('',#3317,#2152,#2153);
#2069=AXIS2_PLACEMENT_3D('',#3328,#2154,#2155);
#2070=AXIS2_PLACEMENT_3D('',#3344,#2156,#2157);
#2071=AXIS2_PLACEMENT_3D('',#3355,#2158,#2159);
#2072=AXIS2_PLACEMENT_3D('',#3371,#2160,#2161);
#2073=AXIS2_PLACEMENT_3D('',#3382,#2162,#2163);
#2074=AXIS2_PLACEMENT_3D('',#3398,#2164,#2165);
#2075=AXIS2_PLACEMENT_3D('',#3399,#2166,#2167);
#2076=AXIS2_PLACEMENT_3D('',#3400,#2168,#2169);
#2077=AXIS2_PLACEMENT_3D('',#3401,#2170,#2171);
#2078=AXIS2_PLACEMENT_3D('',#3402,#2172,#2173);
#2079=AXIS2_PLACEMENT_3D('',#3403,#2174,#2175);
#2080=AXIS2_PLACEMENT_3D('',#3404,#2176,#2177);
#2081=AXIS2_PLACEMENT_3D('',#3405,#2178,#2179);
#2082=AXIS2_PLACEMENT_3D('',#3423,#2180,#2181);
#2083=AXIS2_PLACEMENT_3D('',#3925,#2188,#2189);
#2084=AXIS2_PLACEMENT_3D('',#3943,#2190,#2191);
#2085=AXIS2_PLACEMENT_3D('',#4445,#2198,#2199);
#2086=AXIS2_PLACEMENT_3D('',#4463,#2200,#2201);
#2087=AXIS2_PLACEMENT_3D('',#4965,#2208,#2209);
#2088=AXIS2_PLACEMENT_3D('',#4983,#2210,#2211);
#2089=AXIS2_PLACEMENT_3D('',#5485,#2218,#2219);
#2090=AXIS2_PLACEMENT_3D('',#5503,#2220,#2221);
#2091=AXIS2_PLACEMENT_3D('',#5999,#2228,#2229);
#2092=AXIS2_PLACEMENT_3D('',#6017,#2230,#2231);
#2093=DIRECTION('axis',(0.,0.,1.));
#2094=DIRECTION('refdir',(1.,0.,0.));
#2095=DIRECTION('center_axis',(0.,1.,0.));
#2096=DIRECTION('ref_axis',(0.0130261042680722,0.,-0.999915156704606));
#2097=DIRECTION('center_axis',(0.,1.,0.));
#2098=DIRECTION('ref_axis',(0.0359470143819222,0.,-0.999353697224874));
#2099=DIRECTION('center_axis',(0.,-1.,0.));
#2100=DIRECTION('ref_axis',(0.0359470143819222,0.,-0.999353697224874));
#2101=DIRECTION('center_axis',(0.,1.,0.));
#2102=DIRECTION('ref_axis',(-0.5,0.,0.866025403784438));
#2103=DIRECTION('center_axis',(0.,1.,0.));
#2104=DIRECTION('ref_axis',(0.883439196353605,0.,-0.468545820967488));
#2105=DIRECTION('center_axis',(0.,1.,0.));
#2106=DIRECTION('ref_axis',(0.847492181971683,0.,0.530807876257386));
#2107=DIRECTION('center_axis',(0.,1.,0.));
#2108=DIRECTION('ref_axis',(-0.0359470143819221,0.,0.999353697224874));
#2109=DIRECTION('center_axis',(0.,1.,0.));
#2110=DIRECTION('ref_axis',(-0.883439196353605,0.,0.468545820967488));
#2111=DIRECTION('center_axis',(0.,1.,0.));
#2112=DIRECTION('ref_axis',(-0.847492181971682,0.,-0.530807876257387));
#2113=DIRECTION('center_axis',(0.,1.,0.));
#2114=DIRECTION('ref_axis',(1.,0.,0.));
#2115=DIRECTION('center_axis',(0.,1.,0.));
#2116=DIRECTION('ref_axis',(0.,0.,1.));
#2117=DIRECTION('center_axis',(0.,-1.,0.));
#2118=DIRECTION('ref_axis',(0.847492181971683,0.,0.530807876257386));
#2119=DIRECTION('center_axis',(0.,1.,0.));
#2120=DIRECTION('ref_axis',(0.,0.,1.));
#2121=DIRECTION('center_axis',(0.,-1.,0.));
#2122=DIRECTION('ref_axis',(-0.0359470143819221,0.,0.999353697224874));
#2123=DIRECTION('center_axis',(0.,1.,0.));
#2124=DIRECTION('ref_axis',(0.,0.,1.));
#2125=DIRECTION('center_axis',(0.,-1.,0.));
#2126=DIRECTION('ref_axis',(-0.883439196353605,0.,0.468545820967488));
#2127=DIRECTION('center_axis',(0.,1.,0.));
#2128=DIRECTION('ref_axis',(0.,0.,1.));
#2129=DIRECTION('center_axis',(0.,-1.,0.));
#2130=DIRECTION('ref_axis',(-0.847492181971682,0.,-0.530807876257387));
#2131=DIRECTION('center_axis',(0.,1.,0.));
#2132=DIRECTION('ref_axis',(0.,0.,1.));
#2133=DIRECTION('center_axis',(0.,-1.,0.));
#2134=DIRECTION('ref_axis',(0.883439196353605,0.,-0.468545820967488));
#2135=DIRECTION('center_axis',(0.,1.,0.));
#2136=DIRECTION('ref_axis',(1.,0.,0.));
#2137=DIRECTION('',(0.,1.,0.));
#2138=DIRECTION('center_axis',(0.,-1.,0.));
#2139=DIRECTION('ref_axis',(1.,0.,0.));
#2140=DIRECTION('center_axis',(0.,1.,0.));
#2141=DIRECTION('ref_axis',(1.,0.,0.));
#2142=DIRECTION('center_axis',(0.,1.,0.));
#2143=DIRECTION('ref_axis',(1.,0.,0.));
#2144=DIRECTION('center_axis',(0.,1.,0.));
#2145=DIRECTION('ref_axis',(1.,0.,0.));
#2146=DIRECTION('center_axis',(0.,1.,0.));
#2147=DIRECTION('ref_axis',(1.,0.,0.));
#2148=DIRECTION('center_axis',(0.,1.,0.));
#2149=DIRECTION('ref_axis',(1.,0.,0.));
#2150=DIRECTION('center_axis',(0.,1.,0.));
#2151=DIRECTION('ref_axis',(1.,0.,0.));
#2152=DIRECTION('center_axis',(0.,1.,0.));
#2153=DIRECTION('ref_axis',(1.,0.,0.));
#2154=DIRECTION('center_axis',(0.,1.,0.));
#2155=DIRECTION('ref_axis',(1.,0.,0.));
#2156=DIRECTION('center_axis',(0.,1.,0.));
#2157=DIRECTION('ref_axis',(1.,0.,0.));
#2158=DIRECTION('center_axis',(0.,1.,0.));
#2159=DIRECTION('ref_axis',(1.,0.,0.));
#2160=DIRECTION('center_axis',(0.,1.,0.));
#2161=DIRECTION('ref_axis',(-0.99586254058175,0.,-0.0908724395296013));
#2162=DIRECTION('center_axis',(0.,1.,0.));
#2163=DIRECTION('ref_axis',(1.,0.,0.));
#2164=DIRECTION('center_axis',(0.,1.,0.));
#2165=DIRECTION('ref_axis',(1.,0.,0.));
#2166=DIRECTION('center_axis',(0.,-1.,0.));
#2167=DIRECTION('ref_axis',(0.499999999999999,0.,0.866025403784439));
#2168=DIRECTION('center_axis',(0.,-1.,0.));
#2169=DIRECTION('ref_axis',(1.,0.,0.));
#2170=DIRECTION('center_axis',(0.,-1.,0.));
#2171=DIRECTION('ref_axis',(0.5,0.,-0.866025403784439));
#2172=DIRECTION('center_axis',(0.,-1.,0.));
#2173=DIRECTION('ref_axis',(-0.5,0.,-0.866025403784439));
#2174=DIRECTION('center_axis',(0.,-1.,0.));
#2175=DIRECTION('ref_axis',(-1.,0.,-1.22464679914735E-16));
#2176=DIRECTION('center_axis',(0.,-1.,0.));
#2177=DIRECTION('ref_axis',(-0.5,0.,0.866025403784438));
#2178=DIRECTION('center_axis',(0.,1.,0.));
#2179=DIRECTION('ref_axis',(0.499999999999999,0.,0.866025403784439));
#2180=DIRECTION('center_axis',(0.,1.,0.));
#2181=DIRECTION('ref_axis',(0.499999999999999,0.,0.866025403784439));
#2182=DIRECTION('',(-0.716393925375196,0.556198442532271,0.42121613954144));
#2183=DIRECTION('',(0.707363292487789,-0.56018666543864,-0.43107780307686));
#2184=DIRECTION('',(0.914449447278436,-0.402608476390756,-0.0410928596045114));
#2185=DIRECTION('',(-0.922591222575638,0.385278282648543,0.0196489426122317));
#2186=DIRECTION('',(-0.4431718624537,-0.882816964432664,-0.155669225087091));
#2187=DIRECTION('',(0.442792808999431,0.882797190812957,0.156855500991023));
#2188=DIRECTION('center_axis',(0.,1.,0.));
#2189=DIRECTION('ref_axis',(-1.,0.,-1.22464679914735E-16));
#2190=DIRECTION('center_axis',(0.,1.,0.));
#2191=DIRECTION('ref_axis',(-1.,0.,-1.22464679914735E-16));
#2192=DIRECTION('',(-0.00658691463930083,0.556198442532271,-0.831023408262493));
#2193=DIRECTION('',(0.0196426822282529,-0.56018666543864,0.828133482537457));
#2194=DIRECTION('',(-0.421637263307563,-0.402608476390756,0.812482881622021));
#2195=DIRECTION('',(0.444279127828123,0.385278282648543,-0.808811907365162));
#2196=DIRECTION('',(0.356399434739708,-0.882816964432664,-0.305963478583822));
#2197=DIRECTION('',(-0.357237253081276,0.882797190812957,0.305042070711067));
#2198=DIRECTION('center_axis',(0.,1.,0.));
#2199=DIRECTION('ref_axis',(0.5,0.,-0.866025403784439));
#2200=DIRECTION('center_axis',(0.,1.,0.));
#2201=DIRECTION('ref_axis',(0.5,0.,-0.866025403784439));
#2202=DIRECTION('',(0.722980840014496,0.556198442532271,0.409807268721052));
#2203=DIRECTION('',(-0.727005974716041,-0.56018666543864,-0.397055679460597));
#2204=DIRECTION('',(-0.492812183970873,-0.402608476390756,-0.771390022017509));
#2205=DIRECTION('',(0.478312094747515,0.385278282648543,0.78916296475293));
#2206=DIRECTION('',(0.0867724277139919,-0.882816964432664,0.461632703670913));
#2207=DIRECTION('',(-0.0855555559181548,0.882797190812957,-0.46189757170209));
#2208=DIRECTION('center_axis',(0.,1.,0.));
#2209=DIRECTION('ref_axis',(1.,0.,0.));
#2210=DIRECTION('center_axis',(0.,1.,0.));
#2211=DIRECTION('ref_axis',(1.,0.,0.));
#2212=DIRECTION('',(0.00658691463930093,0.556198442532271,0.831023408262493));
#2213=DIRECTION('',(-0.019642682228253,-0.56018666543864,-0.828133482537457));
#2214=DIRECTION('',(0.421637263307563,-0.402608476390756,-0.812482881622021));
#2215=DIRECTION('',(-0.444279127828123,0.385278282648543,0.808811907365162));
#2216=DIRECTION('',(-0.356399434739708,-0.882816964432664,0.305963478583822));
#2217=DIRECTION('',(0.357237253081276,0.882797190812957,-0.305042070711067));
#2218=DIRECTION('center_axis',(0.,1.,0.));
#2219=DIRECTION('ref_axis',(-0.5,0.,-0.866025403784439));
#2220=DIRECTION('center_axis',(0.,1.,0.));
#2221=DIRECTION('ref_axis',(-0.5,0.,-0.866025403784439));
#2222=DIRECTION('',(0.716393925375196,0.556198442532271,-0.421216139541441));
#2223=DIRECTION('',(-0.707363292487788,-0.56018666543864,0.431077803076861));
#2224=DIRECTION('',(-0.914449447278436,-0.402608476390756,0.041092859604512));
#2225=DIRECTION('',(0.922591222575638,0.385278282648543,-0.0196489426122323));
#2226=DIRECTION('',(0.4431718624537,-0.882816964432664,0.15566922508709));
#2227=DIRECTION('',(-0.442792808999431,0.882797190812957,-0.156855500991023));
#2228=DIRECTION('center_axis',(0.,1.,0.));
#2229=DIRECTION('ref_axis',(-0.5,0.,0.866025403784438));
#2230=DIRECTION('center_axis',(0.,1.,0.));
#2231=DIRECTION('ref_axis',(-0.5,0.,0.866025403784438));
#2232=DIRECTION('',(-0.722980840014496,0.556198442532271,-0.409807268721053));
#2233=DIRECTION('',(0.727005974716041,-0.56018666543864,0.397055679460597));
#2234=DIRECTION('',(0.492812183970873,-0.402608476390756,0.771390022017509));
#2235=DIRECTION('',(-0.478312094747515,0.385278282648543,-0.78916296475293));
#2236=DIRECTION('',(-0.0867724277139917,-0.882816964432664,-0.461632703670913));
#2237=DIRECTION('',(0.0855555559181546,0.882797190812957,0.46189757170209));
#2238=CARTESIAN_POINT('',(0.,0.,0.));
#2239=CARTESIAN_POINT('Ctrl Pts',(4.04520560133628,3.43475248243408E-15,
-8.26709000742239));
#2240=CARTESIAN_POINT('Ctrl Pts',(5.19253384724472,-0.0492961787610155,
-9.76968981771329));
#2241=CARTESIAN_POINT('Ctrl Pts',(6.2568838663088,-0.0971974072739511,-11.3320757782507));
#2242=CARTESIAN_POINT('Ctrl Pts',(7.23185169276821,-0.142029409045655,-12.9462762209661));
#2243=CARTESIAN_POINT('Ctrl Pts',(3.96193817852551,0.0617212162442976,-8.33684308416485));
#2244=CARTESIAN_POINT('Ctrl Pts',(5.10427215018035,0.00731389593666199,
-9.83789696868687));
#2245=CARTESIAN_POINT('Ctrl Pts',(6.16409145156525,-0.0454149738639547,
-11.3979412568257));
#2246=CARTESIAN_POINT('Ctrl Pts',(7.13503065703274,-0.0946862726971033,
-13.009247567823));
#2247=CARTESIAN_POINT('Ctrl Pts',(3.87867075571473,0.123442432488592,-8.40659616090731));
#2248=CARTESIAN_POINT('Ctrl Pts',(5.01601045311599,0.0639239706343395,-9.90610411966045));
#2249=CARTESIAN_POINT('Ctrl Pts',(6.0712990368217,0.00636745954604169,-11.4638067354007));
#2250=CARTESIAN_POINT('Ctrl Pts',(7.03820962129727,-0.0473431363485517,
-13.0722189146799));
#2251=CARTESIAN_POINT('Ctrl Pts',(3.79540333290396,0.185163648732886,-8.47634923764977));
#2252=CARTESIAN_POINT('Ctrl Pts',(4.92774875605162,0.120534045332017,-9.97431127063402));
#2253=CARTESIAN_POINT('Ctrl Pts',(5.97850662207816,0.058149892956038,-11.5296722139756));
#2254=CARTESIAN_POINT('Ctrl Pts',(6.9413885855618,-1.56125112837913E-16,
-13.1351902615367));
#2255=CARTESIAN_POINT('',(4.01408724001639,0.0230662009626286,-8.29315784250093));
#2256=CARTESIAN_POINT('',(4.04520560133628,-1.90819582357449E-16,-8.26709000742239));
#2257=CARTESIAN_POINT('Ctrl Pts',(4.01408724001638,0.023066200962632,-8.29315784250093));
#2258=CARTESIAN_POINT('Ctrl Pts',(4.02446002712302,0.0153774673084225,-8.28446856414141));
#2259=CARTESIAN_POINT('Ctrl Pts',(4.03483281422965,0.00768873365421295,
-8.2757792857819));
#2260=CARTESIAN_POINT('Ctrl Pts',(4.04520560133628,3.43475248243408E-15,
-8.26709000742239));
#2261=CARTESIAN_POINT('',(3.96681479979402,0.175360881922665,-8.70437913810312));
#2262=CARTESIAN_POINT('Ctrl Pts',(4.01408724001639,0.0230662009626316,-8.29315784250093));
#2263=CARTESIAN_POINT('Ctrl Pts',(4.01692864691243,0.0258163342845375,-8.30576041934608));
#2264=CARTESIAN_POINT('Ctrl Pts',(4.01932105694536,0.0287936684627891,-8.31843924130092));
#2265=CARTESIAN_POINT('Ctrl Pts',(4.02127545112389,0.031988386149966,-8.3311820028268));
#2266=CARTESIAN_POINT('Ctrl Pts',(4.02915890460108,0.0448749412453174,-8.38258256918338));
#2267=CARTESIAN_POINT('Ctrl Pts',(4.02971545844856,0.0609412277829254,-8.43363738865482));
#2268=CARTESIAN_POINT('Ctrl Pts',(4.0247257650287,0.0790374328231076,-8.48334384239965));
#2269=CARTESIAN_POINT('Ctrl Pts',(4.02445597595994,0.0800158813759916,-8.48603143394869));
#2270=CARTESIAN_POINT('Ctrl Pts',(4.02416997930724,0.0810002735490552,-8.48871508802704));
#2271=CARTESIAN_POINT('Ctrl Pts',(4.02386805872666,0.0819904305796972,-8.49139464762301));
#2272=CARTESIAN_POINT('Ctrl Pts',(4.01694328921684,0.104700406834283,-8.55285230829079));
#2273=CARTESIAN_POINT('Ctrl Pts',(4.00164850340094,0.130452814329446,-8.61220968633677));
#2274=CARTESIAN_POINT('Ctrl Pts',(3.98103171392304,0.157499232093124,-8.66822259397522));
#2275=CARTESIAN_POINT('Ctrl Pts',(3.97891943078493,0.160270259669932,-8.67396136918306));
#2276=CARTESIAN_POINT('Ctrl Pts',(3.97675129986788,0.163054903541008,-8.67966505983131));
#2277=CARTESIAN_POINT('Ctrl Pts',(3.97453060860763,0.165851303401512,-8.68533234181458));
#2278=CARTESIAN_POINT('Ctrl Pts',(3.97203004265994,0.169000134755278,-8.69171387381636));
#2279=CARTESIAN_POINT('Ctrl Pts',(3.96945721922376,0.172170800939546,-8.69806311427508));
#2280=CARTESIAN_POINT('Ctrl Pts',(3.96681511367195,0.175361830179661,-8.7043794726845));
#2281=CARTESIAN_POINT('',(4.23095834977007,0.16018103004856,-9.06084937754243));
#2282=CARTESIAN_POINT('Ctrl Pts',(4.23096002555076,0.160186228807653,-9.06085127973828));
#2283=CARTESIAN_POINT('Ctrl Pts',(4.14342214796093,0.165229551969958,-8.9416757161907));
#2284=CARTESIAN_POINT('Ctrl Pts',(4.05537281898763,0.170288409934382,-8.82285060007178));
#2285=CARTESIAN_POINT('Ctrl Pts',(3.96681511359957,0.175361830183804,-8.70437947258765));
#2286=CARTESIAN_POINT('',(6.94138858556173,5.65519853168439E-15,-13.1351902615366));
#2287=CARTESIAN_POINT('Ctrl Pts',(4.23096002560777,0.160186228804369,-9.06085127981589));
#2288=CARTESIAN_POINT('Ctrl Pts',(5.19827097595177,0.104456505222477,-10.3777649497313));
#2289=CARTESIAN_POINT('Ctrl Pts',(6.10313018661587,0.0506236880706032,-11.7374706665427));
#2290=CARTESIAN_POINT('Ctrl Pts',(6.9413885855618,-1.56125112837913E-16,
-13.1351902615367));
#2291=CARTESIAN_POINT('',(4.49684694472514,0.,-8.93187368673092));
#2292=CARTESIAN_POINT('Ctrl Pts',(4.49684694472515,1.47554932677506E-17,
-8.93187368673091));
#2293=CARTESIAN_POINT('Ctrl Pts',(5.39527733917685,1.47554932677506E-17,
-10.2822637115791));
#2294=CARTESIAN_POINT('Ctrl Pts',(6.21486011253367,1.47554932677506E-17,
-11.6864864351139));
#2295=CARTESIAN_POINT('Ctrl Pts',(6.9413885855618,1.47554932677506E-17,
-13.1351902615367));
#2296=CARTESIAN_POINT('Ctrl Pts',(4.49684787110642,4.85512349174093E-6,
-8.93187578355337));
#2297=CARTESIAN_POINT('Ctrl Pts',(4.34882232769664,2.10725005216266E-6,
-8.7093848891233));
#2298=CARTESIAN_POINT('Ctrl Pts',(4.19827220991223,1.59173772585255E-11,
-8.48777863386605));
#2299=CARTESIAN_POINT('Ctrl Pts',(4.04520731100896,1.52572595445763E-15,
-8.26709247239687));
#2300=CARTESIAN_POINT('Origin',(0.,1.,0.));
#2301=CARTESIAN_POINT('',(3.9272676113324,0.,-8.09793610180888));
#2302=CARTESIAN_POINT('Ctrl Pts',(3.92726761133239,3.81639164714898E-16,
-8.09793610180887));
#2303=CARTESIAN_POINT('Ctrl Pts',(3.93259298335623,4.44365355560648E-9,
-8.10553459967381));
#2304=CARTESIAN_POINT('Ctrl Pts',(3.93772101592059,0.000125881480381609,
-8.11323668734273));
#2305=CARTESIAN_POINT('Ctrl Pts',(3.94264826539453,0.000378235664676582,
-8.12104097988431));
#2306=CARTESIAN_POINT('Ctrl Pts',(3.95146135486088,0.000829607168223463,
-8.13500007181876));
#2307=CARTESIAN_POINT('Ctrl Pts',(3.95960667465925,0.00168429068194713,
-8.14924588454693));
#2308=CARTESIAN_POINT('Ctrl Pts',(3.96707705464532,0.00293853846182726,
-8.16376577191714));
#2309=CARTESIAN_POINT('Ctrl Pts',(3.96841918585502,0.00316387707823231,
-8.16637442021044));
#2310=CARTESIAN_POINT('Ctrl Pts',(3.96973953035869,0.00340211262069378,
-8.16899191637281));
#2311=CARTESIAN_POINT('Ctrl Pts',(3.97103804723697,0.00365322392410412,
-8.17161818711936));
#2312=CARTESIAN_POINT('Ctrl Pts',(3.99051695121912,0.00742011602216283,
-8.21101457584509));
#2313=CARTESIAN_POINT('Ctrl Pts',(4.0047368967151,0.0140127210359828,-8.25167542636062));
#2314=CARTESIAN_POINT('Ctrl Pts',(4.01408724001637,0.0230662009626405,-8.29315784250094));
#2315=CARTESIAN_POINT('',(-3.45484192846707,0.,-8.31047936338849));
#2316=CARTESIAN_POINT('Origin',(0.,0.,0.));
#2317=CARTESIAN_POINT('',(-4.13530883311156,0.999999999996897,-9.10490092503974));
#2318=CARTESIAN_POINT('Ctrl Pts',(-4.13521078787016,1.00058356255718,-9.10578936812601));
#2319=CARTESIAN_POINT('Ctrl Pts',(-4.10794744010734,0.909379147274137,-9.11807984614891));
#2320=CARTESIAN_POINT('Ctrl Pts',(-4.0757167468913,0.818452405227793,-9.11880172528343));
#2321=CARTESIAN_POINT('Ctrl Pts',(-4.03958532984737,0.73033196506454,-9.10772555389714));
#2322=CARTESIAN_POINT('Ctrl Pts',(-4.02981414366633,0.706501146966746,-9.10473017365349));
#2323=CARTESIAN_POINT('Ctrl Pts',(-4.01975758211899,0.682875666612272,-9.10087219622545));
#2324=CARTESIAN_POINT('Ctrl Pts',(-4.00943639678943,0.659505704522622,-9.09614767102214));
#2325=CARTESIAN_POINT('Ctrl Pts',(-3.97871145363248,0.589936102402559,-9.08208332049648));
#2326=CARTESIAN_POINT('Ctrl Pts',(-3.94588436720365,0.523176748541452,-9.06044561829655));
#2327=CARTESIAN_POINT('Ctrl Pts',(-3.91161318562564,0.460527071342395,-9.03149299562356));
#2328=CARTESIAN_POINT('Ctrl Pts',(-3.89106541650075,0.422964575870644,-9.0141340433245));
#2329=CARTESIAN_POINT('Ctrl Pts',(-3.86999779479518,0.386879342288982,-8.99414603881003));
#2330=CARTESIAN_POINT('Ctrl Pts',(-3.84854420833244,0.352549952457967,-8.97158899352176));
#2331=CARTESIAN_POINT('Ctrl Pts',(-3.8157982749738,0.300150885588586,-8.93715878284067));
#2332=CARTESIAN_POINT('Ctrl Pts',(-3.78247666985358,0.252359950048192,-8.89707759444052));
#2333=CARTESIAN_POINT('Ctrl Pts',(-3.7491146236948,0.210022194783053,-8.85193919434243));
#2334=CARTESIAN_POINT('Ctrl Pts',(-3.71940713995576,0.172322223681134,-8.81174536808433));
#2335=CARTESIAN_POINT('Ctrl Pts',(-3.68966695222705,0.138946062833437,-8.7675419703542));
#2336=CARTESIAN_POINT('Ctrl Pts',(-3.66024005076686,0.110480001804652,-8.7197576930506));
#2337=CARTESIAN_POINT('Ctrl Pts',(-3.62568045046108,0.0770488336347539,
-8.66363878679242));
#2338=CARTESIAN_POINT('Ctrl Pts',(-3.59194219022531,0.0507765903368719,
-8.60320431103684));
#2339=CARTESIAN_POINT('Ctrl Pts',(-3.55956478602997,0.0322598912493062,
-8.53953416591436));
#2340=CARTESIAN_POINT('Ctrl Pts',(-3.5547035078772,0.0294797170206148,-8.529974465464));
#2341=CARTESIAN_POINT('Ctrl Pts',(-3.54987282003647,0.0268743416915293,
-8.52034183175708));
#2342=CARTESIAN_POINT('Ctrl Pts',(-3.54507445912263,0.0244457467494147,
-8.51063992780562));
#2343=CARTESIAN_POINT('Ctrl Pts',(-3.51629381710923,0.00987899721144498,
-8.45244775979458));
#2344=CARTESIAN_POINT('Ctrl Pts',(-3.4889005220717,0.00178806531445433,
-8.39221304824388));
#2345=CARTESIAN_POINT('Ctrl Pts',(-3.46322180501133,0.000330752434421211,
-8.3308590026129));
#2346=CARTESIAN_POINT('Ctrl Pts',(-3.46040126162563,0.000170681579050707,
-8.32411989071789));
#2347=CARTESIAN_POINT('Ctrl Pts',(-3.45760351745055,9.07682478247968E-5,
-8.31737234472444));
#2348=CARTESIAN_POINT('Ctrl Pts',(-3.45482890284573,9.08647359627035E-5,
-8.3106176353973));
#2349=CARTESIAN_POINT('',(3.97470721315813,0.999999999999774,-9.17614856950719));
#2350=CARTESIAN_POINT('Origin',(0.,1.,0.));
#2351=CARTESIAN_POINT('Ctrl Pts',(3.96681935543048,0.175375741986704,-8.70438582842109));
#2352=CARTESIAN_POINT('Ctrl Pts',(3.97828655598467,0.194730281291038,-8.73016403719072));
#2353=CARTESIAN_POINT('Ctrl Pts',(3.98866033109547,0.215522505742255,-8.75533225707988));
#2354=CARTESIAN_POINT('Ctrl Pts',(3.99789612868554,0.237671464609487,-8.7797921108292));
#2355=CARTESIAN_POINT('Ctrl Pts',(4.0171606803613,0.283871022200604,-8.83081186434159));
#2356=CARTESIAN_POINT('Ctrl Pts',(4.03124989490313,0.335422728438394,-8.87815423374586));
#2357=CARTESIAN_POINT('Ctrl Pts',(4.04013976711801,0.391286346219493,-8.92118134795803));
#2358=CARTESIAN_POINT('Ctrl Pts',(4.04640347711215,0.430647260813844,-8.95149779782318));
#2359=CARTESIAN_POINT('Ctrl Pts',(4.05008689514339,0.47214847173736,-8.97967117668552));
#2360=CARTESIAN_POINT('Ctrl Pts',(4.051193959308,0.515423043787398,-9.00546960232061));
#2361=CARTESIAN_POINT('Ctrl Pts',(4.05319024285067,0.593456746585413,-9.05198991629015));
#2362=CARTESIAN_POINT('Ctrl Pts',(4.04678583472518,0.675960341751395,-9.09003163910645));
#2363=CARTESIAN_POINT('Ctrl Pts',(4.03280780532105,0.760605335298411,-9.11907887378086));
#2364=CARTESIAN_POINT('Ctrl Pts',(4.02630098839828,0.800007847663714,-9.13260045344523));
#2365=CARTESIAN_POINT('Ctrl Pts',(4.01815383769795,0.839874524310638,-9.14417287236387));
#2366=CARTESIAN_POINT('Ctrl Pts',(4.00845328192614,0.879971719666951,-9.15374441262437));
#2367=CARTESIAN_POINT('Ctrl Pts',(3.99872408178406,0.920187316374469,-9.16334421629057));
#2368=CARTESIAN_POINT('Ctrl Pts',(3.98748270212334,0.96042701992474,-9.17088157206792));
#2369=CARTESIAN_POINT('Ctrl Pts',(3.97485386422996,1.0004832937431,-9.17637088530456));
#2370=CARTESIAN_POINT('Origin',(0.,0.,0.));
#2371=CARTESIAN_POINT('',(-3.84349204135137,0.,-9.23187786574696));
#2372=CARTESIAN_POINT('Ctrl Pts',(-3.45482890284574,9.08647359593173E-5,
-8.31061763539731));
#2373=CARTESIAN_POINT('Ctrl Pts',(-3.58153694681785,8.64584219467397E-5,
-8.619084261702));
#2374=CARTESIAN_POINT('Ctrl Pts',(-3.71110524780496,6.8837624785193E-5,
-8.9261966128535));
#2375=CARTESIAN_POINT('Ctrl Pts',(-3.84351310846019,4.32192012985583E-5,
-9.2319269396869));
#2376=CARTESIAN_POINT('Ctrl Pts',(4.04520560133628,2.63352707696729E-15,
-8.26709000742238));
#2377=CARTESIAN_POINT('Ctrl Pts',(4.02053659592623,-4.3120477732115E-14,
-8.23152297449941));
#2378=CARTESIAN_POINT('Ctrl Pts',(3.99580261833053,-2.6639840519223E-12,
-8.19597956863696));
#2379=CARTESIAN_POINT('Ctrl Pts',(3.97100369012718,-1.348194559464E-13,
-8.16045994972788));
#2380=CARTESIAN_POINT('Ctrl Pts',(3.95644718121413,1.34975898008058E-12,
-8.13961059507037));
#2381=CARTESIAN_POINT('Ctrl Pts',(3.94186848803052,3.03866424123787E-15,
-8.11876930071304));
#2382=CARTESIAN_POINT('Ctrl Pts',(3.92726761133239,2.98461441530435E-15,
-8.09793610180888));
#2383=CARTESIAN_POINT('',(13.2152701516377,2.24876367527216E-11,-44.3869756302023));
#2384=CARTESIAN_POINT('Ctrl Pts',(6.94138858556174,-3.62932171934228E-16,
-13.1351902615366));
#2385=CARTESIAN_POINT('Ctrl Pts',(7.97740411905724,-3.62932171934228E-16,
-14.917858452312));
#2386=CARTESIAN_POINT('Ctrl Pts',(8.90071643613646,-6.23538035074406E-11,
-16.7659500182685));
#2387=CARTESIAN_POINT('Ctrl Pts',(11.2599222619164,-6.23538010735316E-11,
-22.3376595824026));
#2388=CARTESIAN_POINT('Ctrl Pts',(12.3648689258244,-4.38829667048779E-10,
-26.1854186666243));
#2389=CARTESIAN_POINT('Ctrl Pts',(13.7584255046803,-4.38829667048779E-10,
-34.8464223785778));
#2390=CARTESIAN_POINT('Ctrl Pts',(13.8313687211705,4.22882830525422E-16,
-39.6549238675306));
#2391=CARTESIAN_POINT('Ctrl Pts',(13.2152701516826,4.22882830525422E-16,
-44.3869756302081));
#2392=CARTESIAN_POINT('',(15.209340058006,1.04386499444331E-10,-45.3032991854043));
#2393=CARTESIAN_POINT('Ctrl Pts',(13.2152701517019,1.04083408558608E-16,
-44.38697563006));
#2394=CARTESIAN_POINT('Ctrl Pts',(13.5466296358945,9.04982090820067E-16,
-44.5393088813871));
#2395=CARTESIAN_POINT('Ctrl Pts',(13.8810136158103,6.24091303191346E-8,
-44.6929924179962));
#2396=CARTESIAN_POINT('Ctrl Pts',(14.2122395303271,1.87425283218272E-7,
-44.8451959540247));
#2397=CARTESIAN_POINT('Ctrl Pts',(14.5438189342948,3.12574855198105E-7,
-44.9975619240355));
#2398=CARTESIAN_POINT('Ctrl Pts',(14.8778580405866,5.01890211665458E-7,
-45.1510292711593));
#2399=CARTESIAN_POINT('Ctrl Pts',(15.209339147337,7.47140861532452E-7,-45.3033001268722));
#2400=CARTESIAN_POINT('',(16.0448787991783,4.1286418728248E-15,-44.1356621684607));
#2401=CARTESIAN_POINT('Ctrl Pts',(15.2093400578496,-3.70640620434839E-16,
-45.3032991852692));
#2402=CARTESIAN_POINT('Ctrl Pts',(15.5229789437037,-3.70640620434839E-16,
-44.9402669209178));
#2403=CARTESIAN_POINT('Ctrl Pts',(15.8040036011365,-3.70640620434839E-16,
-44.5509206278923));
#2404=CARTESIAN_POINT('Ctrl Pts',(16.0448787991783,-3.70640620434839E-16,
-44.1356621684607));
#2405=CARTESIAN_POINT('',(6.07329473569645,0.,-7.94450067992708));
#2406=CARTESIAN_POINT('Ctrl Pts',(16.0448787991783,-1.29914754009944E-15,
-44.1356621684607));
#2407=CARTESIAN_POINT('Ctrl Pts',(16.2895434611367,-1.29914754009944E-15,
-41.8387793464472));
#2408=CARTESIAN_POINT('Ctrl Pts',(16.3774825773301,4.96196139732064E-11,
-39.5259441526288));
#2409=CARTESIAN_POINT('Ctrl Pts',(16.1881952414974,4.96196139732064E-11,
-33.246679588689));
#2410=CARTESIAN_POINT('Ctrl Pts',(15.6059512805192,4.85722573273506E-15,
-29.3092281828267));
#2411=CARTESIAN_POINT('Ctrl Pts',(12.8740641352717,4.85722573273506E-15,
-19.1428834574949));
#2412=CARTESIAN_POINT('Ctrl Pts',(9.98076182627755,5.90480587971351E-16,
-13.2077850357985));
#2413=CARTESIAN_POINT('Ctrl Pts',(6.07329473569645,5.90480587971351E-16,
-7.94450067992708));
#2414=CARTESIAN_POINT('',(5.46966528208722,0.,-7.14722055780635));
#2415=CARTESIAN_POINT('Ctrl Pts',(5.4697923129369,9.13218529319942E-5,-7.14727853971815));
#2416=CARTESIAN_POINT('Ctrl Pts',(5.67355419609978,8.68986556291397E-5,
-7.41121314536897));
#2417=CARTESIAN_POINT('Ctrl Pts',(5.87474869998312,7.21391685159036E-5,
-7.67697801397122));
#2418=CARTESIAN_POINT('Ctrl Pts',(6.07335691832181,5.17164332328873E-5,
-7.94454095741147));
#2419=CARTESIAN_POINT('',(8.97665218805581,0.,-0.647854532030751));
#2420=CARTESIAN_POINT('Origin',(0.,0.,0.));
#2421=CARTESIAN_POINT('',(9.18211276246841,-1.12757025938492E-16,-0.630294189422865));
#2422=CARTESIAN_POINT('Ctrl Pts',(9.18211276246841,1.72930246511438E-15,
-0.630294189422861));
#2423=CARTESIAN_POINT('Ctrl Pts',(9.13895987004415,-4.4013826873711E-14,
-0.633876022547728));
#2424=CARTESIAN_POINT('Ctrl Pts',(9.09581117837641,-2.66066089307912E-12,
-0.637524641192708));
#2425=CARTESIAN_POINT('Ctrl Pts',(9.05266688861188,-1.33221070893613E-13,
-0.641239950593288));
#2426=CARTESIAN_POINT('Ctrl Pts',(9.02732714299663,1.35117763606502E-12,
-0.643422046894015));
#2427=CARTESIAN_POINT('Ctrl Pts',(9.00198889567019,4.19447481040475E-15,
-0.645626912183743));
#2428=CARTESIAN_POINT('Ctrl Pts',(8.97665218805582,1.31773839760745E-15,
-0.647854532030757));
#2429=CARTESIAN_POINT('',(9.98365298846532,0.,-0.571553152303047));
#2430=CARTESIAN_POINT('Ctrl Pts',(9.98365526755747,4.85512349192307E-6,
-0.571553398444549));
#2431=CARTESIAN_POINT('Ctrl Pts',(9.71634359056262,2.10090172377765E-6,
-0.588540987683235));
#2432=CARTESIAN_POINT('Ctrl Pts',(9.4491475185998,1.01036348593272E-11,
-0.608130425736067));
#2433=CARTESIAN_POINT('Ctrl Pts',(9.18211466441802,1.47317762686855E-15,
-0.63029403156186));
#2434=CARTESIAN_POINT('',(14.8461027428136,5.65519853168439E-15,-0.556176278132531));
#2435=CARTESIAN_POINT('Ctrl Pts',(9.98365298846531,2.1389241084011E-17,
-0.571553152303043));
#2436=CARTESIAN_POINT('Ctrl Pts',(11.6023402522268,2.1389241084011E-17,
-0.46868461959989));
#2437=CARTESIAN_POINT('Ctrl Pts',(13.2282241900577,2.1389241084011E-17,
-0.46101647913619));
#2438=CARTESIAN_POINT('Ctrl Pts',(14.8461027428137,2.1389241084011E-17,
-0.556176278132519));
#2439=CARTESIAN_POINT('',(45.0478835687348,2.24876367527216E-11,-10.7487281459086));
#2440=CARTESIAN_POINT('Ctrl Pts',(14.8461027428136,-7.95255986140221E-17,
-0.556176278132523));
#2441=CARTESIAN_POINT('Ctrl Pts',(16.9079464492912,-7.95255986140221E-17,
-0.550294602797806));
#2442=CARTESIAN_POINT('Ctrl Pts',(18.9700968524689,-6.23538035074406E-11,
-0.674728463558361));
#2443=CARTESIAN_POINT('Ctrl Pts',(24.9749417904077,-6.23538010735316E-11,
-1.41745106774372));
#2444=CARTESIAN_POINT('Ctrl Pts',(28.8596722369401,-4.38829667048779E-10,
-2.38441872908342));
#2445=CARTESIAN_POINT('Ctrl Pts',(37.0570997631911,-4.38829667048779E-10,
-5.50806518616004));
#2446=CARTESIAN_POINT('Ctrl Pts',(41.2578558150046,1.35422327280168E-17,
-7.8491452521222));
#2447=CARTESIAN_POINT('Ctrl Pts',(45.0478835687623,1.35422327280168E-17,
-10.7487281458727));
#2448=CARTESIAN_POINT('',(46.8384779988099,1.04386499444331E-10,-9.47997472767269));
#2449=CARTESIAN_POINT('Ctrl Pts',(45.0478835686437,8.29197821516914E-15,
-10.7487281457819));
#2450=CARTESIAN_POINT('Ctrl Pts',(45.3454877762303,7.26477982631762E-15,
-10.5379290403498));
#2451=CARTESIAN_POINT('Ctrl Pts',(45.6457736130122,6.25734668219528E-8,
-10.3251857877342));
#2452=CARTESIAN_POINT('Ctrl Pts',(45.9431986988928,1.87909620856627E-7,
-10.1144374998962));
#2453=CARTESIAN_POINT('Ctrl Pts',(46.2409412014539,3.13379535482189E-7,
-9.90346429820558));
#2454=CARTESIAN_POINT('Ctrl Pts',(46.5408673756354,5.03175233975302E-7,
-9.6909116205881));
#2455=CARTESIAN_POINT('Ctrl Pts',(46.8384783579676,7.49042175020613E-7,
-9.47997598999565));
#2456=CARTESIAN_POINT('',(46.2450440503239,4.1286418728248E-15,-8.17255844349959));
#2457=CARTESIAN_POINT('Ctrl Pts',(46.8384779986148,4.37446251915469E-16,
-9.47997472774055));
#2458=CARTESIAN_POINT('Ctrl Pts',(46.6809022782202,4.37446251915469E-16,
-9.02683935280054));
#2459=CARTESIAN_POINT('Ctrl Pts',(46.4842308263072,4.37446251915469E-16,
-8.58879171386118));
#2460=CARTESIAN_POINT('Ctrl Pts',(46.2450440503239,4.37446251915469E-16,
-8.17255844349959));
#2461=CARTESIAN_POINT('',(9.91678677704782,0.,1.28737718581988));
#2462=CARTESIAN_POINT('Ctrl Pts',(46.2450440503239,-1.30993522558942E-15,
-8.17255844349958));
#2463=CARTESIAN_POINT('Ctrl Pts',(44.3782175079233,-1.30993522558942E-15,
-6.81223121982852));
#2464=CARTESIAN_POINT('Ctrl Pts',(42.4192130334066,4.96196139732064E-11,
-5.57965611430951));
#2465=CARTESIAN_POINT('Ctrl Pts',(36.8865667360349,4.96196139732064E-11,
-2.60395147378543));
#2466=CARTESIAN_POINT('Ctrl Pts',(33.1855118119023,4.85722573273506E-15,
-1.1394638322614));
#2467=CARTESIAN_POINT('Ctrl Pts',(23.0152554435113,4.85722573273506E-15,
1.57782486234795));
#2468=CARTESIAN_POINT('Ctrl Pts',(16.4286582818642,9.70816266339751E-17,
2.03970077277908));
#2469=CARTESIAN_POINT('Ctrl Pts',(9.91678677704782,9.70816266339751E-17,
1.28737718581989));
#2470=CARTESIAN_POINT('',(8.9245072105543,0.,1.16325880558214));
#2471=CARTESIAN_POINT('Ctrl Pts',(8.92462121143931,9.15719769579298E-5,
1.16334015198658));
#2472=CARTESIAN_POINT('Ctrl Pts',(9.2551333966053,8.71384966318328E-5,1.20784350328179));
#2473=CARTESIAN_POINT('Ctrl Pts',(9.58588357339365,6.94304745326951E-5,
1.2491896384132));
#2474=CARTESIAN_POINT('Ctrl Pts',(9.91684026132902,4.36797552993279E-5,
1.28738400701558));
#2475=CARTESIAN_POINT('',(5.04938457672342,0.,7.45008156977812));
#2476=CARTESIAN_POINT('Origin',(0.,0.,0.));
#2477=CARTESIAN_POINT('',(5.13690716113213,2.34187669256869E-16,7.63679581799952));
#2478=CARTESIAN_POINT('Ctrl Pts',(5.13690716113212,6.78927400410423E-15,
7.63679581799952));
#2479=CARTESIAN_POINT('Ctrl Pts',(5.11843245749281,-3.91032116019836E-14,
7.59763294267226));
#2480=CARTESIAN_POINT('Ctrl Pts',(5.10001785932501,-2.66198658784749E-12,
7.55844066310323));
#2481=CARTESIAN_POINT('Ctrl Pts',(5.08166339537466,-1.33927428608988E-13,
7.51921923148054));
#2482=CARTESIAN_POINT('Ctrl Pts',(5.07088325654161,1.35087546296872E-12,
7.49618328342631));
#2483=CARTESIAN_POINT('Ctrl Pts',(5.06012364690775,-1.22635557193474E-15,
7.47313737975096));
#2484=CARTESIAN_POINT('Ctrl Pts',(5.04938457672341,-1.24598906029036E-15,
7.45008156977812));
#2485=CARTESIAN_POINT('',(5.48680604374017,0.,8.36032053442787));
#2486=CARTESIAN_POINT('Ctrl Pts',(5.48680739645104,4.85512348896103E-6,
8.36032238510882));
#2487=CARTESIAN_POINT('Ctrl Pts',(5.36785880182568,2.10079891106331E-6,
8.12032092902301));
#2488=CARTESIAN_POINT('Ctrl Pts',(5.25122473510316,7.30169480307445E-12,
7.87912509743385));
#2489=CARTESIAN_POINT('Ctrl Pts',(5.13690774981978,-1.57320218010255E-15,
7.63679706589394));
#2490=CARTESIAN_POINT('',(7.90471415725184,5.65519853168439E-15,12.5790139834041));
#2491=CARTESIAN_POINT('Ctrl Pts',(5.48680604374017,-2.62063257797138E-17,
8.36032053442787));
#2492=CARTESIAN_POINT('Ctrl Pts',(6.20706291304995,-2.62063257797138E-17,
9.81357909197922));
#2493=CARTESIAN_POINT('Ctrl Pts',(7.01336407752407,-2.62063257797138E-17,
11.2254699559777));
#2494=CARTESIAN_POINT('Ctrl Pts',(7.90471415725188,-2.62063257797138E-17,
12.5790139834042));
#2495=CARTESIAN_POINT('',(31.8326134170971,2.24876367527216E-11,33.6382474842936));
#2496=CARTESIAN_POINT('Ctrl Pts',(7.90471415725183,-1.51037287364348E-16,
12.5790139834041));
#2497=CARTESIAN_POINT('Ctrl Pts',(8.93054233023397,-1.51037287364348E-16,
14.3675638495142));
#2498=CARTESIAN_POINT('Ctrl Pts',(10.0693804163324,-6.23538035074406E-11,
16.0912215547101));
#2499=CARTESIAN_POINT('Ctrl Pts',(13.7150195284913,-6.23538010735316E-11,
20.9202085146588));
#2500=CARTESIAN_POINT('Ctrl Pts',(16.4948033111157,-4.38829667048779E-10,
23.8009999375409));
#2501=CARTESIAN_POINT('Ctrl Pts',(23.2986742585108,-4.38829667048779E-10,
29.3383571924178));
#2502=CARTESIAN_POINT('Ctrl Pts',(27.4264870938342,3.72170939968083E-16,
31.8057786154084));
#2503=CARTESIAN_POINT('Ctrl Pts',(31.8326134170797,3.72170939968083E-16,
33.6382474843354));
#2504=CARTESIAN_POINT('',(31.629137940804,1.04386499444331E-10,35.8233244577316));
#2505=CARTESIAN_POINT('Ctrl Pts',(31.8326134169418,2.77555756156289E-16,
33.6382474842781));
#2506=CARTESIAN_POINT('Ctrl Pts',(31.7988581403358,3.05369127915961E-16,
34.0013798410373));
#2507=CARTESIAN_POINT('Ctrl Pts',(31.7647599975321,6.26086340024158E-8,
34.3678066303579));
#2508=CARTESIAN_POINT('Ctrl Pts',(31.7309591694821,1.88013281466996E-7,
34.7307584542945));
#2509=CARTESIAN_POINT('Ctrl Pts',(31.6971222686623,3.13551762619718E-7,
35.0940976260663));
#2510=CARTESIAN_POINT('Ctrl Pts',(31.6630093374046,5.03450273386835E-7,
35.4601176508566));
#2511=CARTESIAN_POINT('Ctrl Pts',(31.6291392140388,7.49449124799392E-7,
35.8233241371403));
#2512=CARTESIAN_POINT('',(30.2001652511456,4.1286418728248E-15,35.9631037249611));
#2513=CARTESIAN_POINT('Ctrl Pts',(31.6291379407652,-1.33617940746485E-15,
35.8233244575286));
#2514=CARTESIAN_POINT('Ctrl Pts',(31.1579233345164,-1.33617940746485E-15,
35.9134275681173));
#2515=CARTESIAN_POINT('Ctrl Pts',(30.6802272251706,-1.33617940746485E-15,
35.9621289140311));
#2516=CARTESIAN_POINT('Ctrl Pts',(30.2001652511456,-1.33617940746485E-15,
35.9631037249611));
#2517=CARTESIAN_POINT('',(3.84349204135137,0.,9.23187786574696));
#2518=CARTESIAN_POINT('Ctrl Pts',(30.2001652511456,2.63832273654145E-16,
35.9631037249611));
#2519=CARTESIAN_POINT('Ctrl Pts',(28.0886740467866,2.63832273654145E-16,
35.0265481266187));
#2520=CARTESIAN_POINT('Ctrl Pts',(26.0417304560765,4.96196139732064E-11,
33.9462880383193));
#2521=CARTESIAN_POINT('Ctrl Pts',(20.6983714945376,4.96196139732064E-11,
30.6427281149036));
#2522=CARTESIAN_POINT('Ctrl Pts',(17.5795605313831,4.85722573273506E-15,
28.1697643505653));
#2523=CARTESIAN_POINT('Ctrl Pts',(10.1411913082397,4.85722573273506E-15,
20.7207083198429));
#2524=CARTESIAN_POINT('Ctrl Pts',(6.44789645558668,-1.67280508687019E-17,
15.2474858085776));
#2525=CARTESIAN_POINT('Ctrl Pts',(3.84349204135137,-1.67280508687019E-17,
9.23187786574696));
#2526=CARTESIAN_POINT('',(3.45484192846708,0.,8.31047936338849));
#2527=CARTESIAN_POINT('Ctrl Pts',(3.45482890284574,9.08647359580683E-5,
8.31061763539732));
#2528=CARTESIAN_POINT('Ctrl Pts',(3.58153694681524,8.64584231906919E-5,
8.61908426170573));
#2529=CARTESIAN_POINT('Ctrl Pts',(3.71109914880011,7.17407677054481E-5,
8.92620530501357));
#2530=CARTESIAN_POINT('Ctrl Pts',(3.84349600643071,5.13836521597727E-5,
9.23195139314669));
#2531=CARTESIAN_POINT('',(-3.92726761133239,0.,8.09793610180888));
#2532=CARTESIAN_POINT('Origin',(0.,0.,0.));
#2533=CARTESIAN_POINT('',(-4.04520560133628,1.90819582357449E-16,8.26709000742239));
#2534=CARTESIAN_POINT('Ctrl Pts',(-4.04520560133628,3.86734914925579E-15,
8.26709000742238));
#2535=CARTESIAN_POINT('Ctrl Pts',(-4.02053659592623,-4.19653141858258E-14,
8.2315229744994));
#2536=CARTESIAN_POINT('Ctrl Pts',(-3.99580261833052,-2.66194709450876E-12,
8.19597956863695));
#2537=CARTESIAN_POINT('Ctrl Pts',(-3.97100369012717,-1.3293158891356E-13,
8.16045994972787));
#2538=CARTESIAN_POINT('Ctrl Pts',(-3.95644718121413,1.35156560293879E-12,
8.13961059507036));
#2539=CARTESIAN_POINT('Ctrl Pts',(-3.94186848803051,4.23478374012632E-15,
8.11876930071302));
#2540=CARTESIAN_POINT('Ctrl Pts',(-3.92726761133239,4.27629536192478E-15,
8.09793610180888));
#2541=CARTESIAN_POINT('',(-4.49684694472514,0.,8.93187368673092));
#2542=CARTESIAN_POINT('Ctrl Pts',(-4.49684787110643,4.85512348974166E-6,
8.93187578355338));
#2543=CARTESIAN_POINT('Ctrl Pts',(-4.34882232769665,2.10725005016916E-6,
8.7093848891233));
#2544=CARTESIAN_POINT('Ctrl Pts',(-4.19827220991223,1.59157582522666E-11,
8.48777863386605));
#2545=CARTESIAN_POINT('Ctrl Pts',(-4.04520731100896,-1.24623527395607E-16,
8.26709247239686));
#2546=CARTESIAN_POINT('',(-6.94138858556173,5.65519853168439E-15,13.1351902615366));
#2547=CARTESIAN_POINT('Ctrl Pts',(-4.49684694472514,1.6513904982823E-17,
8.93187368673092));
#2548=CARTESIAN_POINT('Ctrl Pts',(-5.39527733917685,1.6513904982823E-17,
10.2822637115791));
#2549=CARTESIAN_POINT('Ctrl Pts',(-6.21486011253367,1.6513904982823E-17,
11.6864864351139));
#2550=CARTESIAN_POINT('Ctrl Pts',(-6.9413885855618,1.6513904982823E-17,
13.1351902615367));
#2551=CARTESIAN_POINT('',(-13.2152701516377,2.24876367527216E-11,44.3869756302023));
#2552=CARTESIAN_POINT('Ctrl Pts',(-6.94138858556174,-3.7687310330828E-16,
13.1351902615366));
#2553=CARTESIAN_POINT('Ctrl Pts',(-7.97740411905723,-3.7687310330828E-16,
14.917858452312));
#2554=CARTESIAN_POINT('Ctrl Pts',(-8.90071643613646,-6.23538035074406E-11,
16.7659500182685));
#2555=CARTESIAN_POINT('Ctrl Pts',(-11.2599222619164,-6.23538010735316E-11,
22.3376595824026));
#2556=CARTESIAN_POINT('Ctrl Pts',(-12.3648689258244,-4.38829667048779E-10,
26.1854186666243));
#2557=CARTESIAN_POINT('Ctrl Pts',(-13.7584255046803,-4.38829667048779E-10,
34.8464223785778));
#2558=CARTESIAN_POINT('Ctrl Pts',(-13.8313687211705,4.70316808370194E-16,
39.6549238675306));
#2559=CARTESIAN_POINT('Ctrl Pts',(-13.2152701516826,4.70316808370194E-16,
44.3869756302081));
#2560=CARTESIAN_POINT('',(-15.2093400580059,1.04386499444331E-10,45.3032991854043));
#2561=CARTESIAN_POINT('Ctrl Pts',(-13.2152701517019,-1.38777878078145E-16,
44.38697563006));
#2562=CARTESIAN_POINT('Ctrl Pts',(-13.5466296358945,-8.14127988238215E-17,
44.5393088813871));
#2563=CARTESIAN_POINT('Ctrl Pts',(-13.8810136158103,6.24091285886388E-8,
44.6929924179962));
#2564=CARTESIAN_POINT('Ctrl Pts',(-14.2122395303271,1.87425280757676E-7,
44.8451959540247));
#2565=CARTESIAN_POINT('Ctrl Pts',(-14.5438189342948,3.12574852006628E-7,
44.9975619240355));
#2566=CARTESIAN_POINT('Ctrl Pts',(-14.8778580405866,5.0189020774398E-7,
45.1510292711593));
#2567=CARTESIAN_POINT('Ctrl Pts',(-15.209339147337,7.47140856882308E-7,
45.3033001268722));
#2568=CARTESIAN_POINT('',(-16.0448787991783,4.1286418728248E-15,44.1356621684607));
#2569=CARTESIAN_POINT('Ctrl Pts',(-15.2093400578496,-1.80813085670577E-15,
45.3032991852692));
#2570=CARTESIAN_POINT('Ctrl Pts',(-15.5229789437037,-1.80813085670577E-15,
44.9402669209178));
#2571=CARTESIAN_POINT('Ctrl Pts',(-15.8040036011365,-1.80813085670577E-15,
44.5509206278923));
#2572=CARTESIAN_POINT('Ctrl Pts',(-16.0448787991783,-1.80813085670577E-15,
44.1356621684607));
#2573=CARTESIAN_POINT('',(-6.07329473569645,0.,7.94450067992708));
#2574=CARTESIAN_POINT('Ctrl Pts',(-16.0448787991783,-1.50479891178408E-15,
44.1356621684607));
#2575=CARTESIAN_POINT('Ctrl Pts',(-16.2895434611367,-1.50479891178408E-15,
41.8387793464472));
#2576=CARTESIAN_POINT('Ctrl Pts',(-16.3774825773301,4.96196139732064E-11,
39.5259441526288));
#2577=CARTESIAN_POINT('Ctrl Pts',(-16.1881952414973,4.96196139732064E-11,
33.246679588689));
#2578=CARTESIAN_POINT('Ctrl Pts',(-15.6059512805192,4.85722573273506E-15,
29.3092281828267));
#2579=CARTESIAN_POINT('Ctrl Pts',(-12.8740641352717,4.85722573273506E-15,
19.1428834574949));
#2580=CARTESIAN_POINT('Ctrl Pts',(-9.98076182627755,7.26672966035849E-16,
13.2077850357985));
#2581=CARTESIAN_POINT('Ctrl Pts',(-6.07329473569645,7.26672966035849E-16,
7.94450067992708));
#2582=CARTESIAN_POINT('',(-5.46966528208722,0.,7.14722055780635));
#2583=CARTESIAN_POINT('Ctrl Pts',(-5.4697923129369,9.132185293248E-5,7.14727853971815));
#2584=CARTESIAN_POINT('Ctrl Pts',(-5.67355419609978,8.68986556296197E-5,
7.41121314536897));
#2585=CARTESIAN_POINT('Ctrl Pts',(-5.87474869998312,7.21391685155553E-5,
7.67697801397122));
#2586=CARTESIAN_POINT('Ctrl Pts',(-6.0733569183218,5.17164332325404E-5,
7.94454095741147));
#2587=CARTESIAN_POINT('',(-8.97665218805581,0.,0.647854532030747));
#2588=CARTESIAN_POINT('Origin',(0.,0.,0.));
#2589=CARTESIAN_POINT('',(-9.1821127624684,1.56125112837913E-16,0.630294189422857));
#2590=CARTESIAN_POINT('Ctrl Pts',(-9.1821127624684,3.71339244076285E-15,
0.630294189422858));
#2591=CARTESIAN_POINT('Ctrl Pts',(-9.13895987004414,-4.1892100721999E-14,
0.633876022547725));
#2592=CARTESIAN_POINT('Ctrl Pts',(-9.09581117837641,-2.66162928606749E-12,
0.637524641192704));
#2593=CARTESIAN_POINT('Ctrl Pts',(-9.05266688861189,-1.3469179114059E-13,
0.641239950593285));
#2594=CARTESIAN_POINT('Ctrl Pts',(-9.02732714299664,1.34947571427209E-12,
0.643422046894011));
#2595=CARTESIAN_POINT('Ctrl Pts',(-9.00198889567018,4.14993736912191E-15,
0.645626912183744));
#2596=CARTESIAN_POINT('Ctrl Pts',(-8.97665218805581,1.3389579375079E-15,
0.647854532030759));
#2597=CARTESIAN_POINT('',(-9.98365298846532,0.,0.571553152303041));
#2598=CARTESIAN_POINT('Ctrl Pts',(-9.98365526755748,4.85512349075214E-6,
0.571553398444541));
#2599=CARTESIAN_POINT('Ctrl Pts',(-9.71634359056263,2.10090172268056E-6,
0.588540987683228));
#2600=CARTESIAN_POINT('Ctrl Pts',(-9.44914751859979,1.01025785277079E-11,
0.608130425736061));
#2601=CARTESIAN_POINT('Ctrl Pts',(-9.18211466441801,3.99294681417158E-16,
0.630294031561854));
#2602=CARTESIAN_POINT('',(-14.8461027428136,5.65519853168439E-15,0.556176278132522));
#2603=CARTESIAN_POINT('Ctrl Pts',(-9.98365298846531,2.08423869587634E-18,
0.571553152303034));
#2604=CARTESIAN_POINT('Ctrl Pts',(-11.6023402522268,2.08423869587634E-18,
0.468684619599881));
#2605=CARTESIAN_POINT('Ctrl Pts',(-13.2282241900577,2.08423869587634E-18,
0.461016479136178));
#2606=CARTESIAN_POINT('Ctrl Pts',(-14.8461027428137,2.08423869587634E-18,
0.556176278132504));
#2607=CARTESIAN_POINT('',(-45.0478835687348,2.24876367527216E-11,10.7487281459086));
#2608=CARTESIAN_POINT('Ctrl Pts',(-14.8461027428136,2.27559159466757E-16,
0.556176278132517));
#2609=CARTESIAN_POINT('Ctrl Pts',(-16.9079464492912,2.27559159466757E-16,
0.550294602797799));
#2610=CARTESIAN_POINT('Ctrl Pts',(-18.9700968524689,-6.23538035074406E-11,
0.674728463558349));
#2611=CARTESIAN_POINT('Ctrl Pts',(-24.9749417904077,-6.23538010735316E-11,
1.41745106774371));
#2612=CARTESIAN_POINT('Ctrl Pts',(-28.8596722369401,-4.38829667048779E-10,
2.3844187290834));
#2613=CARTESIAN_POINT('Ctrl Pts',(-37.0570997631911,-4.38829667048779E-10,
5.50806518616002));
#2614=CARTESIAN_POINT('Ctrl Pts',(-41.2578558150046,2.65329894690472E-16,
7.84914525212217));
#2615=CARTESIAN_POINT('Ctrl Pts',(-45.0478835687623,2.65329894690472E-16,
10.7487281458726));
#2616=CARTESIAN_POINT('',(-46.8384779988099,1.04386499444331E-10,9.47997472767266));
#2617=CARTESIAN_POINT('Ctrl Pts',(-45.0478835686437,9.47159017883337E-15,
10.7487281457819));
#2618=CARTESIAN_POINT('Ctrl Pts',(-45.3454877762303,9.29032917083142E-15,
10.5379290403497));
#2619=CARTESIAN_POINT('Ctrl Pts',(-45.6457736130122,6.25734697037286E-8,
10.3251857877342));
#2620=CARTESIAN_POINT('Ctrl Pts',(-45.9431986988928,1.87909624584657E-7,
10.1144374998962));
#2621=CARTESIAN_POINT('Ctrl Pts',(-46.2409412014539,3.13379540057375E-7,
9.90346429820555));
#2622=CARTESIAN_POINT('Ctrl Pts',(-46.5408673756354,5.03175239401158E-7,
9.69091162058807));
#2623=CARTESIAN_POINT('Ctrl Pts',(-46.8384783579676,7.49042181294891E-7,
9.47997598999562));
#2624=CARTESIAN_POINT('',(-46.2450440503239,4.1286418728248E-15,8.17255844349956));
#2625=CARTESIAN_POINT('Ctrl Pts',(-46.8384779986148,7.94181951389664E-15,
9.47997472774052));
#2626=CARTESIAN_POINT('Ctrl Pts',(-46.6809022782202,7.94181951389664E-15,
9.02683935280051));
#2627=CARTESIAN_POINT('Ctrl Pts',(-46.4842308263072,7.94181951389664E-15,
8.58879171386115));
#2628=CARTESIAN_POINT('Ctrl Pts',(-46.2450440503239,7.94181951389664E-15,
8.17255844349956));
#2629=CARTESIAN_POINT('',(-9.91678677704782,0.,-1.28737718581989));
#2630=CARTESIAN_POINT('Ctrl Pts',(-46.2450440503239,8.12318711048309E-16,
8.17255844349955));
#2631=CARTESIAN_POINT('Ctrl Pts',(-44.3782175079233,8.12318711048309E-16,
6.8122312198285));
#2632=CARTESIAN_POINT('Ctrl Pts',(-42.4192130334066,4.96196139732064E-11,
5.57965611430948));
#2633=CARTESIAN_POINT('Ctrl Pts',(-36.8865667360349,4.96196139732064E-11,
2.60395147378541));
#2634=CARTESIAN_POINT('Ctrl Pts',(-33.1855118119023,4.85722573273506E-15,
1.13946383226138));
#2635=CARTESIAN_POINT('Ctrl Pts',(-23.0152554435113,4.85722573273506E-15,
-1.57782486234796));
#2636=CARTESIAN_POINT('Ctrl Pts',(-16.4286582818642,-1.16999272590076E-16,
-2.03970077277909));
#2637=CARTESIAN_POINT('Ctrl Pts',(-9.91678677704782,-1.16999272590076E-16,
-1.28737718581989));
#2638=CARTESIAN_POINT('',(-8.9245072105543,0.,-1.16325880558215));
#2639=CARTESIAN_POINT('Ctrl Pts',(-8.92462121143931,9.15719769578605E-5,
-1.16334015198659));
#2640=CARTESIAN_POINT('Ctrl Pts',(-9.25513339660739,8.71384979982912E-5,
-1.20784350328631));
#2641=CARTESIAN_POINT('Ctrl Pts',(-9.58588804169903,7.23404048326288E-5,
-1.24919926063352));
#2642=CARTESIAN_POINT('Ctrl Pts',(-9.91685285941822,5.18652057192315E-5,
-1.28741102518403));
#2643=CARTESIAN_POINT('',(-5.04938457672342,0.,-7.45008156977812));
#2644=CARTESIAN_POINT('Origin',(0.,0.,0.));
#2645=CARTESIAN_POINT('',(-5.13690716113213,1.99493199737333E-16,-7.63679581799952));
#2646=CARTESIAN_POINT('Ctrl Pts',(-5.13690716113212,1.4810201676152E-15,
-7.63679581799952));
#2647=CARTESIAN_POINT('Ctrl Pts',(-5.11843245749281,-4.42088061226828E-14,
-7.59763294267225));
#2648=CARTESIAN_POINT('Ctrl Pts',(-5.10001785932502,-2.66345145654861E-12,
-7.55844066310324));
#2649=CARTESIAN_POINT('Ctrl Pts',(-5.08166339537467,-1.3429930995415E-13,
-7.51921923148054));
#2650=CARTESIAN_POINT('Ctrl Pts',(-5.07088325654162,1.35111046677238E-12,
-7.49618328342632));
#2651=CARTESIAN_POINT('Ctrl Pts',(-5.06012364690775,-1.19790277704889E-15,
-7.47313737975096));
#2652=CARTESIAN_POINT('Ctrl Pts',(-5.04938457672342,-1.18116172224567E-15,
-7.45008156977812));
#2653=CARTESIAN_POINT('',(-5.48680604374017,0.,-8.36032053442787));
#2654=CARTESIAN_POINT('Ctrl Pts',(-5.48680739645104,4.85512348796357E-6,
-8.36032238510883));
#2655=CARTESIAN_POINT('Ctrl Pts',(-5.36785880182568,2.10079891008522E-6,
-8.12032092902302));
#2656=CARTESIAN_POINT('Ctrl Pts',(-5.25122473510316,7.30051344123841E-12,
-7.87912509743385));
#2657=CARTESIAN_POINT('Ctrl Pts',(-5.13690774981978,-2.75641084501135E-15,
-7.63679706589395));
#2658=CARTESIAN_POINT('',(-7.90471415725183,5.65519853168439E-15,-12.5790139834041));
#2659=CARTESIAN_POINT('Ctrl Pts',(-5.48680604374017,1.09355964017474E-17,
-8.36032053442788));
#2660=CARTESIAN_POINT('Ctrl Pts',(-6.20706291304995,1.09355964017474E-17,
-9.81357909197922));
#2661=CARTESIAN_POINT('Ctrl Pts',(-7.01336407752407,1.09355964017474E-17,
-11.2254699559777));
#2662=CARTESIAN_POINT('Ctrl Pts',(-7.90471415725188,1.09355964017474E-17,
-12.5790139834042));
#2663=CARTESIAN_POINT('',(-31.8326134170971,2.24876367527216E-11,-33.6382474842936));
#2664=CARTESIAN_POINT('Ctrl Pts',(-7.90471415725183,-6.25665779277741E-17,
-12.5790139834041));
#2665=CARTESIAN_POINT('Ctrl Pts',(-8.93054233023397,-6.25665779277741E-17,
-14.3675638495142));
#2666=CARTESIAN_POINT('Ctrl Pts',(-10.0693804163324,-6.23538035074406E-11,
-16.0912215547101));
#2667=CARTESIAN_POINT('Ctrl Pts',(-13.7150195284913,-6.23538010735316E-11,
-20.9202085146588));
#2668=CARTESIAN_POINT('Ctrl Pts',(-16.4948033111157,-4.38829667048779E-10,
-23.8009999375409));
#2669=CARTESIAN_POINT('Ctrl Pts',(-23.2986742585108,-4.38829667048779E-10,
-29.3383571924178));
#2670=CARTESIAN_POINT('Ctrl Pts',(-27.4264870938341,3.95349379240445E-16,
-31.8057786154085));
#2671=CARTESIAN_POINT('Ctrl Pts',(-31.8326134170797,3.95349379240445E-16,
-33.6382474843355));
#2672=CARTESIAN_POINT('',(-31.629137940804,1.04386499444331E-10,-35.8233244577316));
#2673=CARTESIAN_POINT('Ctrl Pts',(-31.8326134169418,1.21430643318376E-15,
-33.6382474842781));
#2674=CARTESIAN_POINT('Ctrl Pts',(-31.7988581403358,2.98472236399969E-15,
-34.0013798410373));
#2675=CARTESIAN_POINT('Ctrl Pts',(-31.7647599975321,6.26086384330485E-8,
-34.3678066303579));
#2676=CARTESIAN_POINT('Ctrl Pts',(-31.7309591694821,1.88013287623638E-7,
-34.7307584542945));
#2677=CARTESIAN_POINT('Ctrl Pts',(-31.6971222686623,3.13551770504212E-7,
-35.0940976260663));
#2678=CARTESIAN_POINT('Ctrl Pts',(-31.6630093374046,5.03450283004079E-7,
-35.4601176508566));
#2679=CARTESIAN_POINT('Ctrl Pts',(-31.6291392140388,7.49449136136894E-7,
-35.8233241371403));
#2680=CARTESIAN_POINT('',(-30.2001652511456,4.1286418728248E-15,-35.9631037249611));
#2681=CARTESIAN_POINT('Ctrl Pts',(-31.6291379407652,-1.27946236327671E-16,
-35.8233244575286));
#2682=CARTESIAN_POINT('Ctrl Pts',(-31.1579233345164,-1.27946236327671E-16,
-35.9134275681173));
#2683=CARTESIAN_POINT('Ctrl Pts',(-30.6802272251706,-1.27946236327671E-16,
-35.9621289140311));
#2684=CARTESIAN_POINT('Ctrl Pts',(-30.2001652511456,-1.27946236327671E-16,
-35.9631037249611));
#2685=CARTESIAN_POINT('Ctrl Pts',(-30.2001652511456,-1.07416177985377E-15,
-35.9631037249611));
#2686=CARTESIAN_POINT('Ctrl Pts',(-28.0886740467866,-1.07416177985377E-15,
-35.0265481266187));
#2687=CARTESIAN_POINT('Ctrl Pts',(-26.0417304560765,4.96196139732064E-11,
-33.9462880383193));
#2688=CARTESIAN_POINT('Ctrl Pts',(-20.6983714945376,4.96196139732064E-11,
-30.6427281149036));
#2689=CARTESIAN_POINT('Ctrl Pts',(-17.5795605313831,4.85722573273506E-15,
-28.1697643505653));
#2690=CARTESIAN_POINT('Ctrl Pts',(-10.1411913082396,4.85722573273506E-15,
-20.7207083198429));
#2691=CARTESIAN_POINT('Ctrl Pts',(-6.44789645558668,-3.71185307871967E-18,
-15.2474858085776));
#2692=CARTESIAN_POINT('Ctrl Pts',(-3.84349204135137,-3.71185307871967E-18,
-9.23187786574696));
#2693=CARTESIAN_POINT('',(-0.75,0.,9.18485099360515E-17));
#2694=CARTESIAN_POINT('Origin',(0.,0.,0.));
#2695=CARTESIAN_POINT('Ctrl Pts',(5.13690716113213,3.19189119579733E-15,
7.63679581799952));
#2696=CARTESIAN_POINT('Ctrl Pts',(5.86453264561151,-0.0492961787610158,
9.38171113058112));
#2697=CARTESIAN_POINT('Ctrl Pts',(6.68542356842106,-0.0971974072739517,
11.0846582658778));
#2698=CARTESIAN_POINT('Ctrl Pts',(7.59587824538293,-0.142029409045656,12.7361053928218));
#2699=CARTESIAN_POINT('Ctrl Pts',(5.23894880898861,0.0617212162442986,7.59956065290896));
#2700=CARTESIAN_POINT('Ctrl Pts',(5.96773261960657,0.0073138959366629,9.33937783422904));
#2701=CARTESIAN_POINT('Ctrl Pts',(6.78886095347116,-0.0454149738639542,
11.0372304167189));
#2702=CARTESIAN_POINT('Ctrl Pts',(7.69882354933925,-0.0946862726971031,
12.6837415896826));
#2703=CARTESIAN_POINT('Ctrl Pts',(5.34099045684509,0.123442432488594,7.56232548781839));
#2704=CARTESIAN_POINT('Ctrl Pts',(6.07093259360164,0.0639239706343419,9.29704453787696));
#2705=CARTESIAN_POINT('Ctrl Pts',(6.89229833852127,0.00636745954604338,
10.9898025675599));
#2706=CARTESIAN_POINT('Ctrl Pts',(7.80176885329557,-0.0473431363485505,
12.6313777865434));
#2707=CARTESIAN_POINT('Ctrl Pts',(5.44303210470158,0.185163648732889,7.52509032272783));
#2708=CARTESIAN_POINT('Ctrl Pts',(6.1741325675967,0.120534045332021,9.25471124152488));
#2709=CARTESIAN_POINT('Ctrl Pts',(6.99573572357137,0.0581498929560409,10.942374718401));
#2710=CARTESIAN_POINT('Ctrl Pts',(7.90471415725189,2.08166817117217E-15,
12.5790139834042));
#2711=CARTESIAN_POINT('',(5.17504174919175,0.0230662009626268,7.62288044411162));
#2712=CARTESIAN_POINT('Ctrl Pts',(5.17504174919174,0.023066200962627,7.62288044411161));
#2713=CARTESIAN_POINT('Ctrl Pts',(5.16233021983854,0.015377467308419,7.62751890207425));
#2714=CARTESIAN_POINT('Ctrl Pts',(5.14961869048533,0.00768873365421111,
7.63215736003688));
#2715=CARTESIAN_POINT('Ctrl Pts',(5.13690716113213,3.19189119579733E-15,
7.63679581799952));
#2716=CARTESIAN_POINT('',(5.5548060578716,0.175360881922672,7.78755195778127));
#2717=CARTESIAN_POINT('Ctrl Pts',(5.17504174919175,0.02306620096263,7.62288044411161));
#2718=CARTESIAN_POINT('Ctrl Pts',(5.18975027822848,0.0273270780161536,7.63645574437231));
#2719=CARTESIAN_POINT('Ctrl Pts',(5.20514109753795,0.0321289194202432,7.64917516968337));
#2720=CARTESIAN_POINT('Ctrl Pts',(5.22114824060299,0.0374315239987624,7.66105517519836));
#2721=CARTESIAN_POINT('Ctrl Pts',(5.2633398214523,0.0514081136298644,7.69236845897042));
#2722=CARTESIAN_POINT('Ctrl Pts',(5.3088288499378,0.0685317018266314,7.71712912657034));
#2723=CARTESIAN_POINT('Ctrl Pts',(5.35580277528108,0.0876304273673086,7.73637931276358));
#2724=CARTESIAN_POINT('Ctrl Pts',(5.3588637318414,0.0888749554498612,7.73763371045942));
#2725=CARTESIAN_POINT('Ctrl Pts',(5.3619309942667,0.090127883702451,7.73886472133648));
#2726=CARTESIAN_POINT('Ctrl Pts',(5.36500406136683,0.0913888931573962,7.74007263839963));
#2727=CARTESIAN_POINT('Ctrl Pts',(5.42670986281259,0.116709394309023,7.76432706826821));
#2728=CARTESIAN_POINT('Ctrl Pts',(5.49099021547428,0.145376075958184,7.77937664423746));
#2729=CARTESIAN_POINT('Ctrl Pts',(5.55480619068735,0.175361830179078,7.78755239689806));
#2730=CARTESIAN_POINT('',(5.73144656593112,0.16018103004856,8.19454210202598));
#2731=CARTESIAN_POINT('Ctrl Pts',(5.73144737539105,0.160186228807628,8.19454450439332));
#2732=CARTESIAN_POINT('Ctrl Pts',(5.67200724864342,0.165229551969934,8.05914669683334));
#2733=CARTESIAN_POINT('Ctrl Pts',(5.61312634396344,0.170288409934358,7.92348118309681));
#2734=CARTESIAN_POINT('Ctrl Pts',(5.55480619064122,0.175361830183782,7.7875523967878));
#2735=CARTESIAN_POINT('Ctrl Pts',(5.73144737542942,0.160186228804372,8.19454450448073));
#2736=CARTESIAN_POINT('Ctrl Pts',(6.3882725929952,0.104456505222481,9.69071719579523));
#2737=CARTESIAN_POINT('Ctrl Pts',(7.11338268009274,0.050623688070606,11.1542011174844));
#2738=CARTESIAN_POINT('Ctrl Pts',(7.90471415725189,2.08166817117217E-15,
12.5790139834042));
#2739=CARTESIAN_POINT('Origin',(0.,1.,0.));
#2740=CARTESIAN_POINT('Ctrl Pts',(5.04938457672337,2.63677968348475E-15,
7.450081569778));
#2741=CARTESIAN_POINT('Ctrl Pts',(5.0543283857701,1.07175259205732E-15,
7.46069547954551));
#2742=CARTESIAN_POINT('Ctrl Pts',(5.05958376238447,0.000200445508084655,
7.47114458912121));
#2743=CARTESIAN_POINT('Ctrl Pts',(5.07713006842489,0.0014754785738052,7.50349710112484));
#2744=CARTESIAN_POINT('Ctrl Pts',(5.09048131751825,0.00328349525853708,
7.52460945893064));
#2745=CARTESIAN_POINT('Ctrl Pts',(5.12621582368753,0.0099476220658548,7.57337526628509));
#2746=CARTESIAN_POINT('Ctrl Pts',(5.14960898313835,0.0156986215328617,7.59940702522725));
#2747=CARTESIAN_POINT('Ctrl Pts',(5.17504174919175,0.0230662009626261,7.62288044411162));
#2748=CARTESIAN_POINT('',(9.95272991658063,0.999999999996898,0.971167960551076));
#2749=CARTESIAN_POINT('Ctrl Pts',(9.95345610162963,1.00058888525765,0.971704104162098));
#2750=CARTESIAN_POINT('Ctrl Pts',(9.95084926833561,0.92103219213992,0.997659032495378));
#2751=CARTESIAN_POINT('Ctrl Pts',(9.93872254705619,0.841507841735803,1.02254531468171));
#2752=CARTESIAN_POINT('Ctrl Pts',(9.91717235086726,0.763704791842488,1.04565225457387));
#2753=CARTESIAN_POINT('Ctrl Pts',(9.89627888605091,0.688272750700052,1.06805502211333));
#2754=CARTESIAN_POINT('Ctrl Pts',(9.86669282739173,0.615052361724053,1.08860667056263));
#2755=CARTESIAN_POINT('Ctrl Pts',(9.82892207913566,0.545575007765837,1.1067468116387));
#2756=CARTESIAN_POINT('Ctrl Pts',(9.80775483090476,0.506638940423747,1.11691279687408));
#2757=CARTESIAN_POINT('Ctrl Pts',(9.78401721969025,0.468878430923644,1.12632221458435));
#2758=CARTESIAN_POINT('Ctrl Pts',(9.7577991264335,0.432562325749231,1.13488375034312));
#2759=CARTESIAN_POINT('Ctrl Pts',(9.71670261683801,0.375637317887061,1.14830384283486));
#2760=CARTESIAN_POINT('Ctrl Pts',(9.66988856647529,0.322789310485946,1.15951309595299));
#2761=CARTESIAN_POINT('Ctrl Pts',(9.6180625732711,0.274952918101907,1.16828109338968));
#2762=CARTESIAN_POINT('Ctrl Pts',(9.57214060514185,0.232566054856991,1.17605023921691));
#2763=CARTESIAN_POINT('Ctrl Pts',(9.52228363231661,0.194113966168268,1.18190331250739));
#2764=CARTESIAN_POINT('Ctrl Pts',(9.46897641079808,0.160237630084792,1.18571248630951));
#2765=CARTESIAN_POINT('Ctrl Pts',(9.40831576981086,0.121688251546885,1.19004711336165));
#2766=CARTESIAN_POINT('Ctrl Pts',(9.34384528874775,0.0894949194805976,1.19168359525417));
#2767=CARTESIAN_POINT('Ctrl Pts',(9.27661632661353,0.0643186005118818,1.1906241357063));
#2768=CARTESIAN_POINT('Ctrl Pts',(9.25379678305625,0.0557729962205114,1.19026452308501));
#2769=CARTESIAN_POINT('Ctrl Pts',(9.23065928283512,0.0480356832216862,1.18959470239218));
#2770=CARTESIAN_POINT('Ctrl Pts',(9.20724448914558,0.0411320238494173,1.18861592289905));
#2771=CARTESIAN_POINT('Ctrl Pts',(9.1400324466882,0.0213151058362772,1.18580634149844));
#2772=CARTESIAN_POINT('Ctrl Pts',(9.07112840720282,0.00854726129249197,
1.18047294074468));
#2773=CARTESIAN_POINT('Ctrl Pts',(9.00164373362869,0.00310662908692394,
1.17278794585347));
#2774=CARTESIAN_POINT('Ctrl Pts',(8.97595977906521,0.00109558200018326,
1.16994730417735));
#2775=CARTESIAN_POINT('Ctrl Pts',(8.95026658289501,9.12279707346403E-5,
1.16679329237357));
#2776=CARTESIAN_POINT('Ctrl Pts',(8.92462121143928,9.15719769623569E-5,
1.16334015198657));
#2777=CARTESIAN_POINT('',(5.95942416351439,0.999999999999777,8.03027170395378));
#2778=CARTESIAN_POINT('Origin',(0.,1.,0.));
#2779=CARTESIAN_POINT('Ctrl Pts',(5.5548095413123,0.17537569211264,7.78755924960406));
#2780=CARTESIAN_POINT('Ctrl Pts',(5.57820047378433,0.202662565891013,7.81973242675062));
#2781=CARTESIAN_POINT('Ctrl Pts',(5.60165344539211,0.232836656334246,7.84945097801173));
#2782=CARTESIAN_POINT('Ctrl Pts',(5.62498953898459,0.265687245508704,7.87645217202633));
#2783=CARTESIAN_POINT('Ctrl Pts',(5.65996477996122,0.314922447109505,7.91692052477674));
#2784=CARTESIAN_POINT('Ctrl Pts',(5.69414318178328,0.369407502086404,7.95066920104406));
#2785=CARTESIAN_POINT('Ctrl Pts',(5.72696457443787,0.428014283801957,7.97742073536198));
#2786=CARTESIAN_POINT('Ctrl Pts',(5.74969956199846,0.468610503081592,7.99595120438702));
#2787=CARTESIAN_POINT('Ctrl Pts',(5.77178229534468,0.511184080472854,8.01112476517346));
#2788=CARTESIAN_POINT('Ctrl Pts',(5.7930138088972,0.555357574130728,8.0228556406375));
#2789=CARTESIAN_POINT('Ctrl Pts',(5.83249968214068,0.637510406380873,8.04467244896173));
#2790=CARTESIAN_POINT('Ctrl Pts',(5.86840063475581,0.723843484642568,8.05424060464206));
#2791=CARTESIAN_POINT('Ctrl Pts',(5.89981976271705,0.811827026051619,8.05217926641101));
#2792=CARTESIAN_POINT('Ctrl Pts',(5.91357308621092,0.850340701817159,8.05127694182846));
#2793=CARTESIAN_POINT('Ctrl Pts',(5.92646730680161,0.889170846201995,8.04814686822629));
#2794=CARTESIAN_POINT('Ctrl Pts',(5.9384267044462,0.928106691141298,8.04284367599579));
#2795=CARTESIAN_POINT('Ctrl Pts',(5.94585058187377,0.952276381702518,8.03955168334999));
#2796=CARTESIAN_POINT('Ctrl Pts',(5.95289212911681,0.976415978307624,8.03543129518096));
#2797=CARTESIAN_POINT('Ctrl Pts',(5.95954208131326,1.0004814268049,8.03050998902312));
#2798=CARTESIAN_POINT('Ctrl Pts',(-4.04520560133629,1.16226472890446E-15,
8.26709000742238));
#2799=CARTESIAN_POINT('Ctrl Pts',(-5.19253384724473,-0.0492961787610177,
9.76968981771329));
#2800=CARTESIAN_POINT('Ctrl Pts',(-6.2568838663088,-0.0971974072739526,
11.3320757782507));
#2801=CARTESIAN_POINT('Ctrl Pts',(-7.23185169276822,-0.142029409045657,
12.9462762209661));
#2802=CARTESIAN_POINT('Ctrl Pts',(-3.96193817852551,0.0617212162442974,
8.33684308416484));
#2803=CARTESIAN_POINT('Ctrl Pts',(-5.10427215018036,0.00731389593666178,
9.83789696868687));
#2804=CARTESIAN_POINT('Ctrl Pts',(-6.16409145156526,-0.0454149738639544,
11.3979412568257));
#2805=CARTESIAN_POINT('Ctrl Pts',(-7.13503065703274,-0.0946862726971035,
13.009247567823));
#2806=CARTESIAN_POINT('Ctrl Pts',(-3.87867075571473,0.123442432488594,8.40659616090731));
#2807=CARTESIAN_POINT('Ctrl Pts',(-5.01601045311599,0.0639239706343412,
9.90610411966045));
#2808=CARTESIAN_POINT('Ctrl Pts',(-6.0712990368217,0.0063674595460438,11.4638067354007));
#2809=CARTESIAN_POINT('Ctrl Pts',(-7.03820962129727,-0.0473431363485503,
13.0722189146799));
#2810=CARTESIAN_POINT('Ctrl Pts',(-3.79540333290396,0.18516364873289,8.47634923764977));
#2811=CARTESIAN_POINT('Ctrl Pts',(-4.92774875605162,0.120534045332021,9.97431127063403));
#2812=CARTESIAN_POINT('Ctrl Pts',(-5.97850662207815,0.058149892956042,11.5296722139756));
#2813=CARTESIAN_POINT('Ctrl Pts',(-6.9413885855618,2.86229373536173E-15,
13.1351902615367));
#2814=CARTESIAN_POINT('',(-4.01408724001639,0.0230662009626266,8.29315784250092));
#2815=CARTESIAN_POINT('Ctrl Pts',(-4.01408724001639,0.0230662009626287,
8.29315784250092));
#2816=CARTESIAN_POINT('Ctrl Pts',(-4.02446002712302,0.0153774673084195,
8.28446856414141));
#2817=CARTESIAN_POINT('Ctrl Pts',(-4.03483281422966,0.00768873365421033,
8.27577928578189));
#2818=CARTESIAN_POINT('Ctrl Pts',(-4.04520560133629,1.16226472890446E-15,
8.26709000742238));
#2819=CARTESIAN_POINT('',(-3.96681479979402,0.175360881922672,8.70437913810313));
#2820=CARTESIAN_POINT('Ctrl Pts',(-4.01408724001639,0.0230662009626298,
8.29315784250093));
#2821=CARTESIAN_POINT('Ctrl Pts',(-4.01424208294781,0.0232160699257641,
8.29384462197796));
#2822=CARTESIAN_POINT('Ctrl Pts',(-4.01439561924969,0.0233666395584859,
8.29453174658399));
#2823=CARTESIAN_POINT('Ctrl Pts',(-4.01454784937646,0.0235179090171111,
8.29521921483271));
#2824=CARTESIAN_POINT('Ctrl Pts',(-4.02620022890147,0.0350967546754198,
8.34784113084446));
#2825=CARTESIAN_POINT('Ctrl Pts',(-4.02979428339128,0.0503551413038812,
8.40060589390174));
#2826=CARTESIAN_POINT('Ctrl Pts',(-4.02709023894818,0.06810045411899,8.45239591728866));
#2827=CARTESIAN_POINT('Ctrl Pts',(-4.02407048397354,0.0879176197676145,
8.51023268145834));
#2828=CARTESIAN_POINT('Ctrl Pts',(-4.01322541776002,0.110716500148432,8.56651474976434));
#2829=CARTESIAN_POINT('Ctrl Pts',(-3.99713397218605,0.134965335742503,8.62006026581216));
#2830=CARTESIAN_POINT('Ctrl Pts',(-3.99625329138941,0.136292468457236,8.62299079852986));
#2831=CARTESIAN_POINT('Ctrl Pts',(-3.99535690151839,0.137623953684398,8.62591313993919));
#2832=CARTESIAN_POINT('Ctrl Pts',(-3.99444522708582,0.138959543311101,8.62882709813151));
#2833=CARTESIAN_POINT('Ctrl Pts',(-3.98641218962263,0.150727824973386,8.65450285966314));
#2834=CARTESIAN_POINT('Ctrl Pts',(-3.9771361937519,0.162896443131765,8.67970534832463));
#2835=CARTESIAN_POINT('Ctrl Pts',(-3.96681511367196,0.175361830179664,8.70437947268451));
#2836=CARTESIAN_POINT('',(-4.23095834977007,0.16018103004856,9.06084937754243));
#2837=CARTESIAN_POINT('Ctrl Pts',(-4.23096002555075,0.160186228807657,9.06085127973827));
#2838=CARTESIAN_POINT('Ctrl Pts',(-4.14342214796093,0.165229551969962,8.9416757161907));
#2839=CARTESIAN_POINT('Ctrl Pts',(-4.05537281898763,0.170288409934386,8.82285060007178));
#2840=CARTESIAN_POINT('Ctrl Pts',(-3.96681511359957,0.175361830183808,8.70437947258765));
#2841=CARTESIAN_POINT('Ctrl Pts',(-4.23096002560777,0.160186228804373,9.0608512798159));
#2842=CARTESIAN_POINT('Ctrl Pts',(-5.19827097595177,0.104456505222481,10.3777649497314));
#2843=CARTESIAN_POINT('Ctrl Pts',(-6.10313018661586,0.0506236880706071,
11.7374706665427));
#2844=CARTESIAN_POINT('Ctrl Pts',(-6.9413885855618,2.86229373536173E-15,
13.1351902615367));
#2845=CARTESIAN_POINT('Origin',(0.,1.,0.));
#2846=CARTESIAN_POINT('Ctrl Pts',(-3.92726761133239,-1.56125112837913E-15,
8.09793610180888));
#2847=CARTESIAN_POINT('Ctrl Pts',(-3.93439236652334,-1.54689379160542E-15,
8.10810202849296));
#2848=CARTESIAN_POINT('Ctrl Pts',(-3.94117203997804,0.000225323541981614,
8.11846505259355));
#2849=CARTESIAN_POINT('Ctrl Pts',(-3.979067269974,0.00290118328552307,8.18074746244693));
#2850=CARTESIAN_POINT('Ctrl Pts',(-4.00114290265184,0.0105378243622147,
8.23574621970236));
#2851=CARTESIAN_POINT('Ctrl Pts',(-4.01408724001639,0.0230662009626272,
8.29315784250093));
#2852=CARTESIAN_POINT('',(4.13530883311156,0.999999999996901,9.10490092503974));
#2853=CARTESIAN_POINT('Ctrl Pts',(4.13519400260113,1.00059506054743,9.10581378829248));
#2854=CARTESIAN_POINT('Ctrl Pts',(4.10794635764055,0.909442927471673,9.11809709554791));
#2855=CARTESIAN_POINT('Ctrl Pts',(4.0757374971501,0.818567873180297,9.11882457820914));
#2856=CARTESIAN_POINT('Ctrl Pts',(4.03963216575008,0.730494249614386,9.10776724018925));
#2857=CARTESIAN_POINT('Ctrl Pts',(4.02984156750793,0.706611531172897,9.10476884770863));
#2858=CARTESIAN_POINT('Ctrl Pts',(4.01976435743071,0.682934906941822,9.10090414802172));
#2859=CARTESIAN_POINT('Ctrl Pts',(4.0094214186008,0.659514881417027,9.09616916753109));
#2860=CARTESIAN_POINT('Ctrl Pts',(3.97870368625636,0.589959207985997,9.08210663987241));
#2861=CARTESIAN_POINT('Ctrl Pts',(3.94588490628532,0.523212515907894,9.06047365398253));
#2862=CARTESIAN_POINT('Ctrl Pts',(3.91162263913698,0.460573480593273,9.03152858234809));
#2863=CARTESIAN_POINT('Ctrl Pts',(3.89106870103791,0.422996315927908,9.01416443046429));
#2864=CARTESIAN_POINT('Ctrl Pts',(3.86999454693238,0.386897342816964,8.99416929857393));
#2865=CARTESIAN_POINT('Ctrl Pts',(3.84853418480306,0.352555449273828,8.97160329015302));
#2866=CARTESIAN_POINT('Ctrl Pts',(3.81579075395791,0.300157851808079,8.9371729048814));
#2867=CARTESIAN_POINT('Ctrl Pts',(3.78247175069244,0.252368019082045,8.89709194958548));
#2868=CARTESIAN_POINT('Ctrl Pts',(3.7491122471176,0.210030933614728,8.85195424169322));
#2869=CARTESIAN_POINT('Ctrl Pts',(3.71940438246125,0.172328202152144,8.81175745297444));
#2870=CARTESIAN_POINT('Ctrl Pts',(3.68966376119407,0.138949707478263,8.76755074312172));
#2871=CARTESIAN_POINT('Ctrl Pts',(3.66023635520942,0.110481844828273,8.71976295957385));
#2872=CARTESIAN_POINT('Ctrl Pts',(3.62567408525594,0.0770465514007545,8.66363656242144));
#2873=CARTESIAN_POINT('Ctrl Pts',(3.59193318003111,0.0507718204225527,8.60319388701119));
#2874=CARTESIAN_POINT('Ctrl Pts',(3.55955323490174,0.0322544861078168,8.5395153116756));
#2875=CARTESIAN_POINT('Ctrl Pts',(3.55469556721373,0.0294764994185423,8.52996219611007));
#2876=CARTESIAN_POINT('Ctrl Pts',(3.54986844196845,0.0268730663510346,8.52033626176695));
#2877=CARTESIAN_POINT('Ctrl Pts',(3.54507359179634,0.0244461642183771,8.51064116419047));
#2878=CARTESIAN_POINT('Ctrl Pts',(3.51629345830176,0.00987916736779821,
8.4524482712995));
#2879=CARTESIAN_POINT('Ctrl Pts',(3.48890046012298,0.00178809483118991,
8.39221313653371));
#2880=CARTESIAN_POINT('Ctrl Pts',(3.46322179624484,0.000330756610982863,
8.33085901510663));
#2881=CARTESIAN_POINT('Ctrl Pts',(3.46040125870067,0.000170682972254655,
8.32411989488619));
#2882=CARTESIAN_POINT('Ctrl Pts',(3.45760351745049,9.0768247852422E-5,8.31737234472453));
#2883=CARTESIAN_POINT('Ctrl Pts',(3.45482890284574,9.08647359631476E-5,
8.3106176353973));
#2884=CARTESIAN_POINT('',(-3.97470721315812,0.999999999999777,9.17614856950718));
#2885=CARTESIAN_POINT('Origin',(0.,1.,0.));
#2886=CARTESIAN_POINT('Ctrl Pts',(-3.96681935543043,0.175375741986727,8.70438582842104));
#2887=CARTESIAN_POINT('Ctrl Pts',(-3.97769234441857,0.193727654533689,8.72882840583486));
#2888=CARTESIAN_POINT('Ctrl Pts',(-3.98760521717441,0.213410218356239,8.75277375905952));
#2889=CARTESIAN_POINT('Ctrl Pts',(-3.99650706011489,0.234370678630708,8.77613050276993));
#2890=CARTESIAN_POINT('Ctrl Pts',(-4.01597541038624,0.28021125177951,8.82721175311248));
#2891=CARTESIAN_POINT('Ctrl Pts',(-4.03029655467476,0.331416957971244,8.87465875296739));
#2892=CARTESIAN_POINT('Ctrl Pts',(-4.03943899986303,0.386957603222844,8.91783179982526));
#2893=CARTESIAN_POINT('Ctrl Pts',(-4.04589241008911,0.4261622755669,8.94830651160598));
#2894=CARTESIAN_POINT('Ctrl Pts',(-4.04976639126161,0.467526525516561,8.97665091480049));
#2895=CARTESIAN_POINT('Ctrl Pts',(-4.05106223672012,0.510684889706828,9.00263115719492));
#2896=CARTESIAN_POINT('Ctrl Pts',(-4.05338892570054,0.588175681308933,9.04927865153191));
#2897=CARTESIAN_POINT('Ctrl Pts',(-4.04737515444699,0.6701626515915,9.08754590168831));
#2898=CARTESIAN_POINT('Ctrl Pts',(-4.03382827183699,0.754345119356674,9.11691260416526));
#2899=CARTESIAN_POINT('Ctrl Pts',(-4.02746434300853,0.793891578042752,9.13070822119909));
#2900=CARTESIAN_POINT('Ctrl Pts',(-4.01943880504342,0.833922676882607,9.14253949033919));
#2901=CARTESIAN_POINT('Ctrl Pts',(-4.00983898990047,0.874201110560062,9.15235271027096));
#2902=CARTESIAN_POINT('Ctrl Pts',(-3.99979717630476,0.916334059673538,9.16261775432246));
#2903=CARTESIAN_POINT('Ctrl Pts',(-3.98808783728842,0.958507927413489,9.17061870890683));
#2904=CARTESIAN_POINT('Ctrl Pts',(-3.97485386422994,1.00048329374313,9.17637088530457));
#2905=CARTESIAN_POINT('Ctrl Pts',(-9.1821127624684,2.25514051876985E-15,
0.630294189422856));
#2906=CARTESIAN_POINT('Ctrl Pts',(-11.0570664928562,-0.0492961787610164,
0.387978687132159));
#2907=CARTESIAN_POINT('Ctrl Pts',(-12.9423074347299,-0.0971974072739515,
0.247417512372943));
#2908=CARTESIAN_POINT('Ctrl Pts',(-14.8277299381511,-0.142029409045655,
0.210170828144266));
#2909=CARTESIAN_POINT('Ctrl Pts',(-9.20088698751412,0.0617212162442991,
0.73728243125588));
#2910=CARTESIAN_POINT('Ctrl Pts',(-11.0720047697869,0.00731389593666372,
0.498519134457819));
#2911=CARTESIAN_POINT('Ctrl Pts',(-12.9529524050364,-0.0454149738639527,
0.360710840106838));
#2912=CARTESIAN_POINT('Ctrl Pts',(-14.833854206372,-0.0946862726971017,
0.32550597814035));
#2913=CARTESIAN_POINT('Ctrl Pts',(-9.21966121255982,0.123442432488596,0.844270673088904));
#2914=CARTESIAN_POINT('Ctrl Pts',(-11.0869430467176,0.0639239706343437,
0.60905958178348));
#2915=CARTESIAN_POINT('Ctrl Pts',(-12.963597375343,0.00636745954604606,
0.474004167840732));
#2916=CARTESIAN_POINT('Ctrl Pts',(-14.8399784745928,-0.047343136348548,
0.440841128136434));
#2917=CARTESIAN_POINT('Ctrl Pts',(-9.23843543760553,0.185163648732893,0.951258914921928));
#2918=CARTESIAN_POINT('Ctrl Pts',(-11.1018813236483,0.120534045332024,0.719600029109141));
#2919=CARTESIAN_POINT('Ctrl Pts',(-12.9742423456495,0.0581498929560448,
0.587297495574627));
#2920=CARTESIAN_POINT('Ctrl Pts',(-14.8461027428137,5.68989300120393E-15,
0.556176278132519));
#2921=CARTESIAN_POINT('',(-9.18912898920814,0.0230662009626251,0.670277398389295));
#2922=CARTESIAN_POINT('Ctrl Pts',(-9.18912898920814,0.0230662009626276,
0.670277398389296));
#2923=CARTESIAN_POINT('Ctrl Pts',(-9.18679024696156,0.0153774673084192,
0.656949662067149));
#2924=CARTESIAN_POINT('Ctrl Pts',(-9.18445150471498,0.0076887336542107,
0.643621925745003));
#2925=CARTESIAN_POINT('Ctrl Pts',(-9.1821127624684,2.25514051876985E-15,
0.630294189422856));
#2926=CARTESIAN_POINT('',(-9.52162085766562,0.175360881922675,0.916827180321854));
#2927=CARTESIAN_POINT('Ctrl Pts',(-9.18912898920814,0.0230662009626276,
0.670277398389295));
#2928=CARTESIAN_POINT('Ctrl Pts',(-9.22850524114109,0.0318453833059799,
0.682537515946424));
#2929=CARTESIAN_POINT('Ctrl Pts',(-9.26584714181335,0.0428449322833912,
0.699018362503813));
#2930=CARTESIAN_POINT('Ctrl Pts',(-9.30104302910906,0.0555956015279784,
0.718919110349849));
#2931=CARTESIAN_POINT('Ctrl Pts',(-9.3490453533963,0.0729857515422528,0.746060979047113));
#2932=CARTESIAN_POINT('Ctrl Pts',(-9.39245692104449,0.0934095871879185,
0.77921566705491));
#2933=CARTESIAN_POINT('Ctrl Pts',(-9.43136241933746,0.115527824611154,0.815948395791407));
#2934=CARTESIAN_POINT('Ctrl Pts',(-9.4341341275113,0.117103573596432,0.818565311367702));
#2935=CARTESIAN_POINT('Ctrl Pts',(-9.43688297828361,0.118687938384231,0.821200381824462));
#2936=CARTESIAN_POINT('Ctrl Pts',(-9.43960900780894,0.120280441566564,0.82385272466112));
#2937=CARTESIAN_POINT('Ctrl Pts',(-9.46939242051265,0.137679438558618,0.852831068659972));
#2938=CARTESIAN_POINT('Ctrl Pts',(-9.49668133765272,0.156180643788401,0.884089462228313));
#2939=CARTESIAN_POINT('Ctrl Pts',(-9.52162130436056,0.175361830179666,0.916827075786277));
#2940=CARTESIAN_POINT('',(-9.9624049157012,0.16018103004856,0.866307275516438));
#2941=CARTESIAN_POINT('Ctrl Pts',(-9.96240740094236,0.160186228807629,0.866306775345624));
#2942=CARTESIAN_POINT('Ctrl Pts',(-9.81542939660489,0.165229551969935,0.882529019357999));
#2943=CARTESIAN_POINT('Ctrl Pts',(-9.66849916295159,0.17028840993436,0.899369416975593));
#2944=CARTESIAN_POINT('Ctrl Pts',(-9.52162130424129,0.175361830183783,0.916827075800448));
#2945=CARTESIAN_POINT('Ctrl Pts',(-9.96240740103719,0.160186228804376,0.866306775335158));
#2946=CARTESIAN_POINT('Ctrl Pts',(-11.586543568947,0.104456505222484,0.687047753936111));
#2947=CARTESIAN_POINT('Ctrl Pts',(-13.2165128667086,0.0506236880706099,
0.583269549058362));
#2948=CARTESIAN_POINT('Ctrl Pts',(-14.8461027428137,5.68989300120393E-15,
0.556176278132519));
#2949=CARTESIAN_POINT('Origin',(0.,1.,0.));
#2950=CARTESIAN_POINT('Ctrl Pts',(-8.97665218805581,-1.11022302462516E-15,
0.647854532030764));
#2951=CARTESIAN_POINT('Ctrl Pts',(-8.97940097940424,-1.11610529215081E-15,
0.647612856503846));
#2952=CARTESIAN_POINT('Ctrl Pts',(-8.98215202881114,1.11324082489571E-5,
0.647390608250716));
#2953=CARTESIAN_POINT('Ctrl Pts',(-9.00478083400805,0.000194869681643582,
0.645725199358106));
#2954=CARTESIAN_POINT('Ctrl Pts',(-9.02467123427498,0.000940307949806738,
0.645292128286143));
#2955=CARTESIAN_POINT('Ctrl Pts',(-9.0813616798114,0.00477947067358458,
0.647111869761642));
#2956=CARTESIAN_POINT('Ctrl Pts',(-9.11753028559213,0.0092920265633019,
0.651949362516855));
#2957=CARTESIAN_POINT('Ctrl Pts',(-9.16516011866598,0.0179661784080347,
0.663257212605262));
#2958=CARTESIAN_POINT('Ctrl Pts',(-9.17723732624409,0.0204148807252948,
0.666574870207489));
#2959=CARTESIAN_POINT('Ctrl Pts',(-9.18912898920814,0.0230662009626248,
0.670277398389298));
#2960=CARTESIAN_POINT('',(-5.81742108346907,0.9999999999969,8.13373296448866));
#2961=CARTESIAN_POINT('Ctrl Pts',(-5.8182749341303,1.00059855908991,8.13409091367735));
#2962=CARTESIAN_POINT('Ctrl Pts',(-5.84318098205002,0.907021582721437,8.11617101931631));
#2963=CARTESIAN_POINT('Ctrl Pts',(-5.86019421900212,0.813584057506782,8.08760296180701));
#2964=CARTESIAN_POINT('Ctrl Pts',(-5.86844447222934,0.723031070454503,8.04916348417482));
#2965=CARTESIAN_POINT('Ctrl Pts',(-5.87510388329183,0.649938821391488,8.01813603864923));
#2966=CARTESIAN_POINT('Ctrl Pts',(-5.87600049370356,0.579298685669934,7.98092099766213));
#2967=CARTESIAN_POINT('Ctrl Pts',(-5.87095526552608,0.512542078356155,7.93822767549135));
#2968=CARTESIAN_POINT('Ctrl Pts',(-5.86804504673702,0.474035131581015,7.91360105723383));
#2969=CARTESIAN_POINT('Ctrl Pts',(-5.86315859137617,0.436820318700408,7.88715134141712));
#2970=CARTESIAN_POINT('Ctrl Pts',(-5.85626859219543,0.401171375825619,7.85901084756159));
#2971=CARTESIAN_POINT('Ctrl Pts',(-5.84560362664213,0.345990709210459,7.81545243924406));
#2972=CARTESIAN_POINT('Ctrl Pts',(-5.83023443022887,0.295084585429509,7.76825334967058));
#2973=CARTESIAN_POINT('Ctrl Pts',(-5.81034919866398,0.24935182658756,7.7181507968653));
#2974=CARTESIAN_POINT('Ctrl Pts',(-5.79274520453856,0.208865538290347,7.67379601817566));
#2975=CARTESIAN_POINT('Ctrl Pts',(-5.77160251685806,0.172433660080252,7.62716541806552));
#2976=CARTESIAN_POINT('Ctrl Pts',(-5.74707619234376,0.140670225264536,7.57874863575988));
#2977=CARTESIAN_POINT('Ctrl Pts',(-5.71876380143438,0.104003549725654,7.5228578777944));
#2978=CARTESIAN_POINT('Ctrl Pts',(-5.68624778598711,0.0739713381271571,
7.46519948599906));
#2979=CARTESIAN_POINT('Ctrl Pts',(-5.650102839017,0.0512114565750749,7.40671471991684));
#2980=CARTESIAN_POINT('Ctrl Pts',(-5.64057097669626,0.0452093988719551,
7.39129157546964));
#2981=CARTESIAN_POINT('Ctrl Pts',(-5.63078690967997,0.0397129855273973,
7.37581075414178));
#2982=CARTESIAN_POINT('Ctrl Pts',(-5.62076150999849,0.0347336957046941,
7.36028908469265));
#2983=CARTESIAN_POINT('Ctrl Pts',(-5.58518713276697,0.0170650600267528,
7.30521160730625));
#2984=CARTESIAN_POINT('Ctrl Pts',(-5.54686528259622,0.00605755874935671,
7.25007504096751));
#2985=CARTESIAN_POINT('Ctrl Pts',(-5.50644870400175,0.00193565654755734,
7.19567444339837));
#2986=CARTESIAN_POINT('Ctrl Pts',(-5.49438475648767,0.000705309656505041,
7.17943640503313));
#2987=CARTESIAN_POINT('Ctrl Pts',(-5.48215940260121,9.10533921384122E-5,
7.16329774253927));
#2988=CARTESIAN_POINT('Ctrl Pts',(-5.46979231293687,9.13218529370319E-5,
7.14727853971811));
#2989=CARTESIAN_POINT('',(-9.93413137667253,0.999999999999778,1.1458768655534));
#2990=CARTESIAN_POINT('Origin',(0.,1.,0.));
#2991=CARTESIAN_POINT('Ctrl Pts',(-9.52162893478326,0.175375760096154,0.916826591536858));
#2992=CARTESIAN_POINT('Ctrl Pts',(-9.53824503671972,0.186837852185105,0.91857854731803));
#2993=CARTESIAN_POINT('Ctrl Pts',(-9.55451370692723,0.198824019674967,0.920558535851893));
#2994=CARTESIAN_POINT('Ctrl Pts',(-9.57040805688414,0.211323122222478,0.922767029193486));
#2995=CARTESIAN_POINT('Ctrl Pts',(-9.6255001343748,0.254646789310318,0.930421981213696));
#2996=CARTESIAN_POINT('Ctrl Pts',(-9.67522238318115,0.30343274748179,0.940700342429127));
#2997=CARTESIAN_POINT('Ctrl Pts',(-9.71896761975984,0.356718456487154,0.953347488059758));
#2998=CARTESIAN_POINT('Ctrl Pts',(-9.75024797229718,0.394820793867161,0.962390922382156));
#2999=CARTESIAN_POINT('Ctrl Pts',(-9.7784719856166,0.435223533818138,0.972644399347681));
#3000=CARTESIAN_POINT('Ctrl Pts',(-9.80341565758839,0.477571142173416,0.983999091638597));
#3001=CARTESIAN_POINT('Ctrl Pts',(-9.84674261884005,0.551128603496074,1.00372210248758));
#3002=CARTESIAN_POINT('Ctrl Pts',(-9.87947025764854,0.629331935428967,1.02644015789506));
#3003=CARTESIAN_POINT('Ctrl Pts',(-9.90146357411824,0.710080428797835,1.05129907278619));
#3004=CARTESIAN_POINT('Ctrl Pts',(-9.91252243316721,0.750683045861667,1.06379883544227));
#3005=CARTESIAN_POINT('Ctrl Pts',(-9.92086749900686,0.791929227054131,1.07683895702162));
#3006=CARTESIAN_POINT('Ctrl Pts',(-9.926483577321,0.833552909213136,1.09030658094479));
#3007=CARTESIAN_POINT('Ctrl Pts',(-9.93398268305129,0.889132688542,1.10828979451236));
#3008=CARTESIAN_POINT('Ctrl Pts',(-9.93656203983237,0.944964252488957,1.12689814017056));
#3009=CARTESIAN_POINT('Ctrl Pts',(-9.93439739245679,1.00048396606591,1.14586151528264));
#3010=CARTESIAN_POINT('Ctrl Pts',(-5.13690716113213,1.47451495458029E-15,
-7.63679581799952));
#3011=CARTESIAN_POINT('Ctrl Pts',(-5.86453264561151,-0.0492961787610174,
-9.38171113058112));
#3012=CARTESIAN_POINT('Ctrl Pts',(-6.68542356842106,-0.0971974072739528,
-11.0846582658778));
#3013=CARTESIAN_POINT('Ctrl Pts',(-7.59587824538293,-0.142029409045657,
-12.7361053928218));
#3014=CARTESIAN_POINT('Ctrl Pts',(-5.23894880898861,0.0617212162442962,
-7.59956065290896));
#3015=CARTESIAN_POINT('Ctrl Pts',(-5.96773261960657,0.00731389593666074,
-9.33937783422904));
#3016=CARTESIAN_POINT('Ctrl Pts',(-6.78886095347116,-0.0454149738639558,
-11.0372304167189));
#3017=CARTESIAN_POINT('Ctrl Pts',(-7.69882354933924,-0.094686272697105,
-12.6837415896826));
#3018=CARTESIAN_POINT('Ctrl Pts',(-5.34099045684509,0.123442432488591,-7.5623254878184));
#3019=CARTESIAN_POINT('Ctrl Pts',(-6.07093259360163,0.0639239706343388,
-9.29704453787697));
#3020=CARTESIAN_POINT('Ctrl Pts',(-6.89229833852126,0.00636745954604096,
-10.9898025675599));
#3021=CARTESIAN_POINT('Ctrl Pts',(-7.80176885329556,-0.047343136348553,
-12.6313777865434));
#3022=CARTESIAN_POINT('Ctrl Pts',(-5.44303210470158,0.185163648732886,-7.52509032272784));
#3023=CARTESIAN_POINT('Ctrl Pts',(-6.1741325675967,0.120534045332017,-9.25471124152489));
#3024=CARTESIAN_POINT('Ctrl Pts',(-6.99573572357137,0.0581498929560379,
-10.942374718401));
#3025=CARTESIAN_POINT('Ctrl Pts',(-7.90471415725188,-9.8879238130678E-16,
-12.5790139834042));
#3026=CARTESIAN_POINT('',(-5.17504175709006,0.0230662041163991,-7.62288044786389));
#3027=CARTESIAN_POINT('Ctrl Pts',(-5.17504175481992,0.023066204366899,-7.62288044205789));
#3028=CARTESIAN_POINT('Ctrl Pts',(-5.16233022359065,0.0153774695779332,
-7.6275189007051));
#3029=CARTESIAN_POINT('Ctrl Pts',(-5.14961869236139,0.00768873478896732,
-7.63215735935231));
#3030=CARTESIAN_POINT('Ctrl Pts',(-5.13690716113213,1.47451495458029E-15,
-7.63679581799952));
#3031=CARTESIAN_POINT('',(-5.55480605787159,0.175360881922672,-7.78755195778127));
#3032=CARTESIAN_POINT('Ctrl Pts',(-5.17504174919175,0.0230662009626275,
-7.62288044411162));
#3033=CARTESIAN_POINT('Ctrl Pts',(-5.1852740720545,0.0260303770254574,-7.63232441059388));
#3034=CARTESIAN_POINT('Ctrl Pts',(-5.19585842257921,0.0292627044611096,
-7.64137431731825));
#3035=CARTESIAN_POINT('Ctrl Pts',(-5.20677759016451,0.0327531472034936,
-7.65003114702472));
#3036=CARTESIAN_POINT('Ctrl Pts',(-5.24792526847453,0.0459064955701346,
-7.68265345464694));
#3037=CARTESIAN_POINT('Ctrl Pts',(-5.29262689431856,0.0623350736452496,
-7.70875153912184));
#3038=CARTESIAN_POINT('Ctrl Pts',(-5.33912536409148,0.0809086178467861,
-7.7292827504344));
#3039=CARTESIAN_POINT('Ctrl Pts',(-5.34932716924435,0.0849836697757559,
-7.73378731624884));
#3040=CARTESIAN_POINT('Ctrl Pts',(-5.35961547223325,0.0891621236479772,
-7.73802404539064));
#3041=CARTESIAN_POINT('Ctrl Pts',(-5.36997172507332,0.0934322767135593,
-7.74200325727364));
#3042=CARTESIAN_POINT('Ctrl Pts',(-5.41682363422833,0.11275054043271,-7.76000529686554));
#3043=CARTESIAN_POINT('Ctrl Pts',(-5.46519596497551,0.133997804247209,-7.77278488900347));
#3044=CARTESIAN_POINT('Ctrl Pts',(-5.51366892675996,0.15625134231956,-7.7813121531426));
#3045=CARTESIAN_POINT('Ctrl Pts',(-5.52733568657671,0.162525639344367,-7.78371638153288));
#3046=CARTESIAN_POINT('Ctrl Pts',(-5.54105439134102,0.168900155435133,-7.78579059180589));
#3047=CARTESIAN_POINT('Ctrl Pts',(-5.5548061906886,0.175361830179661,-7.78755239689823));
#3048=CARTESIAN_POINT('',(-5.73144656593112,0.16018103004856,-8.19454210202598));
#3049=CARTESIAN_POINT('Ctrl Pts',(-5.73144737539104,0.160186228807625,-8.19454450439332));
#3050=CARTESIAN_POINT('Ctrl Pts',(-5.67200724864341,0.16522955196993,-8.05914669683334));
#3051=CARTESIAN_POINT('Ctrl Pts',(-5.61312634396344,0.170288409934355,-7.92348118309681));
#3052=CARTESIAN_POINT('Ctrl Pts',(-5.55480619064121,0.175361830183778,-7.7875523967878));
#3053=CARTESIAN_POINT('Ctrl Pts',(-5.73144737542942,0.160186228804369,-8.19454450448074));
#3054=CARTESIAN_POINT('Ctrl Pts',(-6.3882725929952,0.104456505222477,-9.69071719579524));
#3055=CARTESIAN_POINT('Ctrl Pts',(-7.11338268009273,0.050623688070603,-11.1542011174844));
#3056=CARTESIAN_POINT('Ctrl Pts',(-7.90471415725188,-9.8879238130678E-16,
-12.5790139834042));
#3057=CARTESIAN_POINT('Origin',(0.,1.,0.));
#3058=CARTESIAN_POINT('Ctrl Pts',(-5.04938457672336,7.62952608935958E-16,
-7.450081569778));
#3059=CARTESIAN_POINT('Ctrl Pts',(-5.05341408084454,-5.09130934137154E-9,
-7.45873257065594));
#3060=CARTESIAN_POINT('Ctrl Pts',(-5.05765928957487,0.00013315536772789,
-7.46729280387925));
#3061=CARTESIAN_POINT('Ctrl Pts',(-5.06212576908954,0.000403406624577397,
-7.47575534848221));
#3062=CARTESIAN_POINT('Ctrl Pts',(-5.06964975170563,0.000858656839390769,
-7.49001087977289));
#3063=CARTESIAN_POINT('Ctrl Pts',(-5.07776754113337,0.00170086964634693,
-7.50392456063618));
#3064=CARTESIAN_POINT('Ctrl Pts',(-5.08649001449039,0.00293853407067168,
-7.51747239666108));
#3065=CARTESIAN_POINT('Ctrl Pts',(-5.08849269868773,0.00322270243470693,
-7.52058298651383));
#3066=CARTESIAN_POINT('Ctrl Pts',(-5.09052726239303,0.0035277167022425,
-7.52367428929347));
#3067=CARTESIAN_POINT('Ctrl Pts',(-5.09259383674657,0.00385367971439024,
-7.52674601481451));
#3068=CARTESIAN_POINT('Ctrl Pts',(-5.11656997021862,0.00763546122776446,
-7.5623837846126));
#3069=CARTESIAN_POINT('Ctrl Pts',(-5.14420859804049,0.0141337695637895,
-7.59442441407696));
#3070=CARTESIAN_POINT('Ctrl Pts',(-5.17504174919177,0.0230662009626417,
-7.62288044411162));
#3071=CARTESIAN_POINT('',(-9.95272991658063,0.999999999996897,-0.971167960551082));
#3072=CARTESIAN_POINT('Ctrl Pts',(-9.95346881726878,1.00060041200295,-0.971730831534341));
#3073=CARTESIAN_POINT('Ctrl Pts',(-9.95086191389078,0.921043446310802,-0.997685738230431));
#3074=CARTESIAN_POINT('Ctrl Pts',(-9.93873490247438,0.841518612168463,-1.02257151717155));
#3075=CARTESIAN_POINT('Ctrl Pts',(-9.91718422026349,0.763714930769443,-1.04567750745531));
#3076=CARTESIAN_POINT('Ctrl Pts',(-9.89629615332309,0.688303466326291,-1.06807306166786));
#3077=CARTESIAN_POINT('Ctrl Pts',(-9.86672019551119,0.615102279082043,-1.08861812740407));
#3078=CARTESIAN_POINT('Ctrl Pts',(-9.82896387323538,0.545641537224668,-1.10675289187448));
#3079=CARTESIAN_POINT('Ctrl Pts',(-9.80778815556914,0.506684325033445,-1.11692381502648));
#3080=CARTESIAN_POINT('Ctrl Pts',(-9.78403941216179,0.468903696403168,-1.12633736506433));
#3081=CARTESIAN_POINT('Ctrl Pts',(-9.75780767112538,0.432568915461485,-1.13490211605903));
#3082=CARTESIAN_POINT('Ctrl Pts',(-9.71671376441003,0.375647870973154,-1.14831941374917));
#3083=CARTESIAN_POINT('Ctrl Pts',(-9.66990319908844,0.32280314804394,-1.15952608997344));
#3084=CARTESIAN_POINT('Ctrl Pts',(-9.61808145847898,0.274969175571371,-1.16829192060179));
#3085=CARTESIAN_POINT('Ctrl Pts',(-9.57215518082659,0.232577000488944,-1.17606051282886));
#3086=CARTESIAN_POINT('Ctrl Pts',(-9.52229311714617,0.19412030549895,-1.18191267985151));
#3087=CARTESIAN_POINT('Ctrl Pts',(-9.46898020730519,0.160240274615676,-1.18572066441665));
#3088=CARTESIAN_POINT('Ctrl Pts',(-9.4083148722863,0.121687822121247,-1.19005381111752));
#3089=CARTESIAN_POINT('Ctrl Pts',(-9.34383927960693,0.089492310793416,-1.19168861630589));
#3090=CARTESIAN_POINT('Ctrl Pts',(-9.27660505798382,0.064314860529476,-1.19062743462293));
#3091=CARTESIAN_POINT('Ctrl Pts',(-9.25378948661712,0.0557710282449511,
-1.19026732832831));
#3092=CARTESIAN_POINT('Ctrl Pts',(-9.23065610186269,0.0480352000328516,
-1.18959716519403));
#3093=CARTESIAN_POINT('Ctrl Pts',(-9.20724554635324,0.0411327247729837,
-1.18861819904942));
#3094=CARTESIAN_POINT('Ctrl Pts',(-9.14003300924171,0.0213154729193041,
-1.18580755244606));
#3095=CARTESIAN_POINT('Ctrl Pts',(-9.07112863176044,0.00854740792610366,
-1.18047342421428));
#3096=CARTESIAN_POINT('Ctrl Pts',(-9.00164381390447,0.00310668146583715,
-1.17278811869617));
#3097=CARTESIAN_POINT('Ctrl Pts',(-8.9759598060094,0.00109559953927815,
-1.16994736220153));
#3098=CARTESIAN_POINT('Ctrl Pts',(-8.95026658289517,9.12279708402263E-5,
-1.16679329237393));
#3099=CARTESIAN_POINT('Ctrl Pts',(-8.92462121143928,9.15719769619683E-5,
-1.16334015198658));
#3100=CARTESIAN_POINT('',(-5.95942416351438,0.999999999999774,-8.03027170395378));
#3101=CARTESIAN_POINT('Origin',(0.,1.,0.));
#3102=CARTESIAN_POINT('Ctrl Pts',(-5.5548095413123,0.175375692112647,-7.78755924960406));
#3103=CARTESIAN_POINT('Ctrl Pts',(-5.57820047378428,0.202662565890957,-7.81973242675055));
#3104=CARTESIAN_POINT('Ctrl Pts',(-5.60165344539201,0.232836656334118,-7.84945097801161));
#3105=CARTESIAN_POINT('Ctrl Pts',(-5.62498953898444,0.265687245508495,-7.87645217202616));
#3106=CARTESIAN_POINT('Ctrl Pts',(-5.65996477996108,0.314922447109303,-7.91692052477661));
#3107=CARTESIAN_POINT('Ctrl Pts',(-5.69414318178316,0.369407502086215,-7.95066920104396));
#3108=CARTESIAN_POINT('Ctrl Pts',(-5.72696457443778,0.428014283801791,-7.97742073536191));
#3109=CARTESIAN_POINT('Ctrl Pts',(-5.74969956199834,0.468610503081384,-7.99595120438694));
#3110=CARTESIAN_POINT('Ctrl Pts',(-5.77178229534455,0.511184080472605,-8.01112476517338));
#3111=CARTESIAN_POINT('Ctrl Pts',(-5.79301380889706,0.555357574130439,-8.02285564063744));
#3112=CARTESIAN_POINT('Ctrl Pts',(-5.83249968214046,0.637510406380381,-8.04467244896164));
#3113=CARTESIAN_POINT('Ctrl Pts',(-5.86840063475552,0.72384348464186,-8.05424060464199));
#3114=CARTESIAN_POINT('Ctrl Pts',(-5.8998197627167,0.811827026050672,-8.05217926641103));
#3115=CARTESIAN_POINT('Ctrl Pts',(-5.91357308621066,0.850340701816414,-8.05127694182851));
#3116=CARTESIAN_POINT('Ctrl Pts',(-5.92646730680144,0.889170846201454,-8.04814686822635));
#3117=CARTESIAN_POINT('Ctrl Pts',(-5.93842670444609,0.928106691140954,-8.04284367599583));
#3118=CARTESIAN_POINT('Ctrl Pts',(-5.9458505818737,0.952276381702288,-8.03955168335003));
#3119=CARTESIAN_POINT('Ctrl Pts',(-5.95289212911677,0.976415978307508,-8.035431295181));
#3120=CARTESIAN_POINT('Ctrl Pts',(-5.95954208131326,1.0004814268049,-8.03050998902313));
#3121=CARTESIAN_POINT('Ctrl Pts',(9.18211276246841,4.14598910758457E-15,
-0.630294189422864));
#3122=CARTESIAN_POINT('Ctrl Pts',(11.0570664928562,-0.0492961787610142,
-0.387978687132168));
#3123=CARTESIAN_POINT('Ctrl Pts',(12.9423074347299,-0.097197407273949,-0.247417512372954));
#3124=CARTESIAN_POINT('Ctrl Pts',(14.8277299381511,-0.142029409045653,-0.210170828144278));
#3125=CARTESIAN_POINT('Ctrl Pts',(9.20088698751412,0.0617212162442996,-0.737282431255886));
#3126=CARTESIAN_POINT('Ctrl Pts',(11.0720047697869,0.00731389593666465,
-0.498519134457827));
#3127=CARTESIAN_POINT('Ctrl Pts',(12.9529524050364,-0.0454149738639515,
-0.360710840106846));
#3128=CARTESIAN_POINT('Ctrl Pts',(14.833854206372,-0.0946862726971003,-0.32550597814036));
#3129=CARTESIAN_POINT('Ctrl Pts',(9.21966121255983,0.123442432488595,-0.844270673088908));
#3130=CARTESIAN_POINT('Ctrl Pts',(11.0869430467176,0.0639239706343433,-0.609059581783485));
#3131=CARTESIAN_POINT('Ctrl Pts',(12.963597375343,0.00636745954604612,-0.474004167840738));
#3132=CARTESIAN_POINT('Ctrl Pts',(14.8399784745928,-0.0473431363485477,
-0.440841128136442));
#3133=CARTESIAN_POINT('Ctrl Pts',(9.23843543760554,0.185163648732891,-0.951258914921929));
#3134=CARTESIAN_POINT('Ctrl Pts',(11.1018813236483,0.120534045332022,-0.719600029109144));
#3135=CARTESIAN_POINT('Ctrl Pts',(12.9742423456495,0.0581498929560436,-0.587297495574631));
#3136=CARTESIAN_POINT('Ctrl Pts',(14.8461027428137,4.87457296749483E-15,
-0.556176278132524));
#3137=CARTESIAN_POINT('',(9.18912898920814,0.0230662009626283,-0.670277398389309));
#3138=CARTESIAN_POINT('Ctrl Pts',(9.18912898920814,0.0230662009626318,-0.670277398389307));
#3139=CARTESIAN_POINT('Ctrl Pts',(9.18679024696156,0.0153774673084225,-0.65694966206716));
#3140=CARTESIAN_POINT('Ctrl Pts',(9.18445150471498,0.00768873365421335,
-0.643621925745012));
#3141=CARTESIAN_POINT('Ctrl Pts',(9.18211276246841,4.14598910758457E-15,
-0.630294189422864));
#3142=CARTESIAN_POINT('',(9.52162085766562,0.175360881922671,-0.91682718032186));
#3143=CARTESIAN_POINT('Ctrl Pts',(9.18912898920814,0.0230662009626298,-0.670277398389304));
#3144=CARTESIAN_POINT('Ctrl Pts',(9.19045670530804,0.0233622235947769,-0.670690793638173));
#3145=CARTESIAN_POINT('Ctrl Pts',(9.19178299563816,0.0236609702681962,-0.671109263535475));
#3146=CARTESIAN_POINT('Ctrl Pts',(9.19310785219489,0.0239624339324248,-0.671532798301314));
#3147=CARTESIAN_POINT('Ctrl Pts',(9.24198386111262,0.0350838950947079,-0.687157651336947));
#3148=CARTESIAN_POINT('Ctrl Pts',(9.28726262192718,0.0495185216086724,-0.709139071466699));
#3149=CARTESIAN_POINT('Ctrl Pts',(9.32889003340381,0.0662212462223449,-0.735649051178479));
#3150=CARTESIAN_POINT('Ctrl Pts',(9.33168996978397,0.0673447022489084,-0.737432161249448));
#3151=CARTESIAN_POINT('Ctrl Pts',(9.3344733979888,0.0684784336920623,-0.739235752907926));
#3152=CARTESIAN_POINT('Ctrl Pts',(9.33724030615546,0.0696221283987603,-0.741059267323871));
#3153=CARTESIAN_POINT('Ctrl Pts',(9.3860416469804,0.0897940429761539,-0.773221501540453));
#3154=CARTESIAN_POINT('Ctrl Pts',(9.42945116104224,0.112951062625282,-0.811404454221356));
#3155=CARTESIAN_POINT('Ctrl Pts',(9.46777515814848,0.137523769211615,-0.852708302962073));
#3156=CARTESIAN_POINT('Ctrl Pts',(9.4701142725175,0.139023570260619,-0.855229293291387));
#3157=CARTESIAN_POINT('Ctrl Pts',(9.472434451401,0.14052865686585,-0.857761907556051));
#3158=CARTESIAN_POINT('Ctrl Pts',(9.4747357678782,0.142038676344997,-0.860305485699316));
#3159=CARTESIAN_POINT('Ctrl Pts',(9.49120885473805,0.152847568684021,-0.878512709305443));
#3160=CARTESIAN_POINT('Ctrl Pts',(9.50682375487701,0.163981119126485,-0.897402973810841));
#3161=CARTESIAN_POINT('Ctrl Pts',(9.52162130436055,0.175361830179665,-0.916827075786281));
#3162=CARTESIAN_POINT('',(9.96240491570119,0.16018103004856,-0.866307275516444));
#3163=CARTESIAN_POINT('Ctrl Pts',(9.96240740094236,0.160186228807628,-0.866306775345627));
#3164=CARTESIAN_POINT('Ctrl Pts',(9.81542939660489,0.165229551969933,-0.882529019358002));
#3165=CARTESIAN_POINT('Ctrl Pts',(9.66849916295159,0.170288409934358,-0.899369416975596));
#3166=CARTESIAN_POINT('Ctrl Pts',(9.52162130424129,0.175361830183781,-0.91682707580045));
#3167=CARTESIAN_POINT('Ctrl Pts',(9.96240740103719,0.160186228804374,-0.86630677533516));
#3168=CARTESIAN_POINT('Ctrl Pts',(11.586543568947,0.104456505222483,-0.687047753936114));
#3169=CARTESIAN_POINT('Ctrl Pts',(13.2165128667086,0.0506236880706087,-0.583269549058366));
#3170=CARTESIAN_POINT('Ctrl Pts',(14.8461027428137,4.87457296749483E-15,
-0.556176278132524));
#3171=CARTESIAN_POINT('Origin',(0.,1.,0.));
#3172=CARTESIAN_POINT('Ctrl Pts',(8.97665218805582,1.99486332088394E-15,
-0.647854532030758));
#3173=CARTESIAN_POINT('Ctrl Pts',(8.98949590286918,8.83253955643116E-9,
-0.646725319610808));
#3174=CARTESIAN_POINT('Ctrl Pts',(9.00233055617736,0.000243057116701263,
-0.646025374004967));
#3175=CARTESIAN_POINT('Ctrl Pts',(9.01514826161928,0.000731680995650592,
-0.645762453951305));
#3176=CARTESIAN_POINT('Ctrl Pts',(9.02804450661105,0.0012232988815755,-0.645497922874301));
#3177=CARTESIAN_POINT('Ctrl Pts',(9.04085281681933,0.00196072071798806,
-0.645677095131713));
#3178=CARTESIAN_POINT('Ctrl Pts',(9.05356701622668,0.00293834243888365,
-0.646293040769468));
#3179=CARTESIAN_POINT('Ctrl Pts',(9.10011504068313,0.00651751862728771,
-0.648548082686892));
#3180=CARTESIAN_POINT('Ctrl Pts',(9.14540073682679,0.0133147753936591,-0.656658980579663));
#3181=CARTESIAN_POINT('Ctrl Pts',(9.18912898920814,0.0230662009626309,-0.670277398389306));
#3182=CARTESIAN_POINT('',(5.81742108346907,0.999999999996898,-8.13373296448866));
#3183=CARTESIAN_POINT('Ctrl Pts',(5.8182749341303,1.00059855908991,-8.13409091367735));
#3184=CARTESIAN_POINT('Ctrl Pts',(5.84318098205002,0.907021582721461,-8.11617101931631));
#3185=CARTESIAN_POINT('Ctrl Pts',(5.86019421900211,0.813584057506814,-8.08760296180702));
#3186=CARTESIAN_POINT('Ctrl Pts',(5.86844447222934,0.723031070454547,-8.04916348417484));
#3187=CARTESIAN_POINT('Ctrl Pts',(5.87510388329182,0.649938821391636,-8.01813603864929));
#3188=CARTESIAN_POINT('Ctrl Pts',(5.87600049370356,0.579298685670163,-7.98092099766225));
#3189=CARTESIAN_POINT('Ctrl Pts',(5.8709552655261,0.51254207835645,-7.93822767549154));
#3190=CARTESIAN_POINT('Ctrl Pts',(5.86804504673704,0.47403513158122,-7.91360105723397));
#3191=CARTESIAN_POINT('Ctrl Pts',(5.8631585913762,0.436820318700525,-7.88715134141721));
#3192=CARTESIAN_POINT('Ctrl Pts',(5.85626859219544,0.401171375825656,-7.85901084756162));
#3193=CARTESIAN_POINT('Ctrl Pts',(5.84560362664216,0.345990709210551,-7.81545243924414));
#3194=CARTESIAN_POINT('Ctrl Pts',(5.83023443022891,0.295084585429641,-7.76825334967071));
#3195=CARTESIAN_POINT('Ctrl Pts',(5.81034919866405,0.249351826587721,-7.71815079686547));
#3196=CARTESIAN_POINT('Ctrl Pts',(5.79274520453863,0.208865538290453,-7.6737960181758));
#3197=CARTESIAN_POINT('Ctrl Pts',(5.7716025168581,0.17243366008031,-7.6271654180656));
#3198=CARTESIAN_POINT('Ctrl Pts',(5.74707619234378,0.140670225264556,-7.57874863575991));
#3199=CARTESIAN_POINT('Ctrl Pts',(5.71876380143418,0.104003549725391,-7.522857877794));
#3200=CARTESIAN_POINT('Ctrl Pts',(5.68624778598665,0.0739713381267393,-7.46519948599824));
#3201=CARTESIAN_POINT('Ctrl Pts',(5.65010283901625,0.0512114565746075,-7.40671471991562));
#3202=CARTESIAN_POINT('Ctrl Pts',(5.64057097669575,0.045209398871673,-7.39129157546882));
#3203=CARTESIAN_POINT('Ctrl Pts',(5.63078690967971,0.0397129855272743,-7.37581075414138));
#3204=CARTESIAN_POINT('Ctrl Pts',(5.62076150999849,0.0347336957047027,-7.36028908469265));
#3205=CARTESIAN_POINT('Ctrl Pts',(5.58518713276695,0.0170650600267491,-7.30521160730622));
#3206=CARTESIAN_POINT('Ctrl Pts',(5.54686528259621,0.00605755874935534,
-7.25007504096749));
#3207=CARTESIAN_POINT('Ctrl Pts',(5.50644870400175,0.00193565654755717,
-7.19567444339836));
#3208=CARTESIAN_POINT('Ctrl Pts',(5.49438475648767,0.00070530965650489,
-7.17943640503313));
#3209=CARTESIAN_POINT('Ctrl Pts',(5.48215940260121,9.10533921371683E-5,
-7.16329774253927));
#3210=CARTESIAN_POINT('Ctrl Pts',(5.46979231293687,9.13218529358661E-5,
-7.1472785397181));
#3211=CARTESIAN_POINT('',(9.93413137667252,0.999999999999779,-1.14587686555341));
#3212=CARTESIAN_POINT('Origin',(0.,1.,0.));
#3213=CARTESIAN_POINT('Ctrl Pts',(9.52162893478327,0.175375760096148,-0.916826591536859));
#3214=CARTESIAN_POINT('Ctrl Pts',(9.53824503671974,0.186837852185099,-0.918578547318031));
#3215=CARTESIAN_POINT('Ctrl Pts',(9.55451371159203,0.198824030043223,-0.920558570342495));
#3216=CARTESIAN_POINT('Ctrl Pts',(9.57040807032,0.21132315219685,-0.922767127909988));
#3217=CARTESIAN_POINT('Ctrl Pts',(9.62551003246296,0.254654636499982,-0.930423671817005));
#3218=CARTESIAN_POINT('Ctrl Pts',(9.67524029370152,0.303450476233401,-0.940704915989972));
#3219=CARTESIAN_POINT('Ctrl Pts',(9.71899131641171,0.356747555793536,-0.953355876056629));
#3220=CARTESIAN_POINT('Ctrl Pts',(9.75026238726475,0.394841676752166,-0.962398157678801));
#3221=CARTESIAN_POINT('Ctrl Pts',(9.77847860272115,0.435234987527076,-0.972649918831883));
#3222=CARTESIAN_POINT('Ctrl Pts',(9.80341611919166,0.477572200080981,-0.984002344569161));
#3223=CARTESIAN_POINT('Ctrl Pts',(9.84676984272706,0.551175191401002,-1.00373846895237));
#3224=CARTESIAN_POINT('Ctrl Pts',(9.87951121625983,0.629429773489954,-1.02647329929518));
#3225=CARTESIAN_POINT('Ctrl Pts',(9.9015049581864,0.710231276427131,-1.05135081752809));
#3226=CARTESIAN_POINT('Ctrl Pts',(9.91254373898207,0.75078599794123,-1.06383698161196));
#3227=CARTESIAN_POINT('Ctrl Pts',(9.9208753251652,0.791982368284504,-1.0768619838169));
#3228=CARTESIAN_POINT('Ctrl Pts',(9.92648457615406,0.833555291228975,-1.09031336341156));
#3229=CARTESIAN_POINT('Ctrl Pts',(9.93398372718388,0.889135194594065,-1.10829685663375));
#3230=CARTESIAN_POINT('Ctrl Pts',(9.93656310733401,0.944966833389995,-1.12690533480234));
#3231=CARTESIAN_POINT('Ctrl Pts',(9.93439845968496,1.00048656509365,-1.14586868927071));
#3232=CARTESIAN_POINT('Origin',(0.,-4.,0.));
#3233=CARTESIAN_POINT('',(-0.75,15.5116268457,-9.18485099360515E-17));
#3234=CARTESIAN_POINT('',(-0.75,-4.,9.18485099360515E-17));
#3235=CARTESIAN_POINT('Origin',(0.,15.5116268457,0.));
#3236=CARTESIAN_POINT('Origin',(0.,0.,0.));
#3237=CARTESIAN_POINT('',(9.56266763480502,15.5116268457,2.92495943668498));
#3238=CARTESIAN_POINT('Ctrl Pts',(4.1353088331124,0.999999999996595,9.10490092503936));
#3239=CARTESIAN_POINT('Ctrl Pts',(4.8875089621121,3.51301551744764,8.76326295848375));
#3240=CARTESIAN_POINT('Ctrl Pts',(5.72362747799048,5.84537947725651,8.26981492751172));
#3241=CARTESIAN_POINT('Ctrl Pts',(7.38105623487463,10.1143159805067,6.83876902021625));
#3242=CARTESIAN_POINT('Ctrl Pts',(8.13801945389208,11.8630213895195,5.9396220914979));
#3243=CARTESIAN_POINT('Ctrl Pts',(9.07420888853937,14.1527215132673,4.25947498033498));
#3244=CARTESIAN_POINT('Ctrl Pts',(9.35364049884593,14.8716131289749,3.60833883769911));
#3245=CARTESIAN_POINT('Ctrl Pts',(9.56266763480518,15.5116268457005,2.92495943668445));
#3246=CARTESIAN_POINT('',(4.00969624957185,15.5116268457,9.16091349081353));
#3247=CARTESIAN_POINT('Origin',(0.,15.5116268457,0.));
#3248=CARTESIAN_POINT('',(3.93648721938801,14.2194704416688,9.19260944300984));
#3249=CARTESIAN_POINT('Ctrl Pts',(4.00969624957185,15.5116268457,9.16091349081353));
#3250=CARTESIAN_POINT('Ctrl Pts',(4.00579406981055,15.4403958916014,9.16262145973712));
#3251=CARTESIAN_POINT('Ctrl Pts',(4.00187002481193,15.3691647822184,9.16433602823349));
#3252=CARTESIAN_POINT('Ctrl Pts',(3.97800601041172,14.9383858871104,9.1747447037249));
#3253=CARTESIAN_POINT('Ctrl Pts',(3.9575342319385,14.5789455160281,9.18359662717288));
#3254=CARTESIAN_POINT('Ctrl Pts',(3.93648721939329,14.2194704416687,9.19260944300111));
#3255=CARTESIAN_POINT('Ctrl Pts',(3.93648721938884,14.2194704416647,9.19260944300302));
#3256=CARTESIAN_POINT('Ctrl Pts',(3.28641690920479,13.6376761776312,9.4709845315576));
#3257=CARTESIAN_POINT('Ctrl Pts',(2.61339710654187,12.9750531758686,9.67724245052137));
#3258=CARTESIAN_POINT('Ctrl Pts',(0.946598196075543,11.0678567954111,10.005887054439));
#3259=CARTESIAN_POINT('Ctrl Pts',(0.0687793739098098,9.82872683229498,10.0295979833004));
#3260=CARTESIAN_POINT('Ctrl Pts',(-2.01058419771912,6.30421444304852,9.88319529680366));
#3261=CARTESIAN_POINT('Ctrl Pts',(-3.10961742153025,3.73936097804663,9.55086772414674));
#3262=CARTESIAN_POINT('Ctrl Pts',(-3.97470721315806,0.999999999999754,9.17614856950721));
#3263=CARTESIAN_POINT('Origin',(0.,0.,0.));
#3264=CARTESIAN_POINT('',(2.24824464019429,15.5116268457,9.7439928180309));
#3265=CARTESIAN_POINT('Ctrl Pts',(-5.81742108346832,0.999999999996599,8.1337329644892));
#3266=CARTESIAN_POINT('Ctrl Pts',(-5.14545386103405,3.51301551744765,8.61433840165507));
#3267=CARTESIAN_POINT('Ctrl Pts',(-4.30005607282568,5.84537947725651,9.09171426149428));
#3268=CARTESIAN_POINT('Ctrl Pts',(-2.23201958468397,10.1143159805067,9.81156671627107));
#3269=CARTESIAN_POINT('Ctrl Pts',(-1.0748538931704,11.8630213895195,10.0175426293115));
#3270=CARTESIAN_POINT('Ctrl Pts',(0.848290904515371,14.1527215132673,9.98823290688913));
#3271=CARTESIAN_POINT('Ctrl Pts',(1.55190715051353,14.8716131289749,9.90465970871708));
#3272=CARTESIAN_POINT('Ctrl Pts',(2.24824464019484,15.5116268457005,9.74399281803077));
#3273=CARTESIAN_POINT('',(-5.92873568013018,15.5116268457,8.05295555899517));
#3274=CARTESIAN_POINT('Origin',(0.,15.5116268457,0.));
#3275=CARTESIAN_POINT('',(-5.99278969502124,14.2194704416688,8.0054026551677));
#3276=CARTESIAN_POINT('Ctrl Pts',(-5.92873568013018,15.5116268457,8.05295555899517));
#3277=CARTESIAN_POINT('Ctrl Pts',(-5.93216591448754,15.4403958916014,8.05043015665355));
#3278=CARTESIAN_POINT('Ctrl Pts',(-5.93561279686123,15.3691647822184,8.04788911824733));
#3279=CARTESIAN_POINT('Ctrl Pts',(-5.95655898145665,14.9383858871104,8.03242661328617));
#3280=CARTESIAN_POINT('Ctrl Pts',(-5.97446086127156,14.5789455160281,8.01912349479172));
#3281=CARTESIAN_POINT('Ctrl Pts',(-5.99278969501104,14.2194704416687,8.00540265516791));
#3282=CARTESIAN_POINT('Ctrl Pts',(-5.99278969501493,14.2194704416647,8.00540265516501));
#3283=CARTESIAN_POINT('Ctrl Pts',(-6.55890474857596,13.6376761776312,7.58161279657688));
#3284=CARTESIAN_POINT('Ctrl Pts',(-7.07403924746175,12.9750531758686,7.10188950970268));
#3285=CARTESIAN_POINT('Ctrl Pts',(-8.19205327850425,11.0678567954111,5.82272161219743));
#3286=CARTESIAN_POINT('Ctrl Pts',(-8.65149695632842,9.82872683229498,5.07436367671248));
#3287=CARTESIAN_POINT('Ctrl Pts',(-9.56439029645442,6.30421444304852,3.20038065672951));
#3288=CARTESIAN_POINT('Ctrl Pts',(-9.82610278806107,3.73936097804663,2.08242617897751));
#3289=CARTESIAN_POINT('Ctrl Pts',(-9.93413137667252,0.999999999999756,1.14587686555348));
#3290=CARTESIAN_POINT('Origin',(0.,0.,0.));
#3291=CARTESIAN_POINT('',(7.31442299461074,15.5116268457,-6.8190333813459));
#3292=CARTESIAN_POINT('Ctrl Pts',(9.95272991658071,0.999999999996594,0.971167960550159));
#3293=CARTESIAN_POINT('Ctrl Pts',(10.0329628231461,3.51301551744764,0.148924556828688));
#3294=CARTESIAN_POINT('Ctrl Pts',(10.0236835508162,5.84537947725651,-0.821899333982555));
#3295=CARTESIAN_POINT('Ctrl Pts',(9.6130758195586,10.1143159805067,-2.97279769605482));
#3296=CARTESIAN_POINT('Ctrl Pts',(9.21287334706248,11.8630213895195,-4.07792053781355));
#3297=CARTESIAN_POINT('Ctrl Pts',(8.225917984024,14.1527215132673,-5.72875792655415));
#3298=CARTESIAN_POINT('Ctrl Pts',(7.8017333483324,14.8716131289749,-6.29632087101797));
#3299=CARTESIAN_POINT('Ctrl Pts',(7.31442299461035,15.5116268457005,-6.81903338134631));
#3300=CARTESIAN_POINT('',(9.93843192970203,15.5116268457,1.10795793181834));
#3301=CARTESIAN_POINT('Origin',(0.,15.5116268457,0.));
#3302=CARTESIAN_POINT('',(9.92927691440924,14.2194704416688,1.18720678784214));
#3303=CARTESIAN_POINT('Ctrl Pts',(9.93843192970203,15.5116268457,1.10795793181836));
#3304=CARTESIAN_POINT('Ctrl Pts',(9.93795998429809,15.4403958916015,1.11219130308357));
#3305=CARTESIAN_POINT('Ctrl Pts',(9.93748282167315,15.3691647822184,1.11644690998616));
#3306=CARTESIAN_POINT('Ctrl Pts',(9.93456499186836,14.9383858871104,1.14231809043872));
#3307=CARTESIAN_POINT('Ctrl Pts',(9.93199509321006,14.5789455160281,1.16447313238116));
#3308=CARTESIAN_POINT('Ctrl Pts',(9.92927691440433,14.2194704416687,1.18720678783319));
#3309=CARTESIAN_POINT('Ctrl Pts',(9.92927691440375,14.2194704416647,1.18720678783802));
#3310=CARTESIAN_POINT('Ctrl Pts',(9.84532165778074,13.6376761776312,1.88937173498072));
#3311=CARTESIAN_POINT('Ctrl Pts',(9.68743635400361,12.9750531758686,2.57535294081868));
#3312=CARTESIAN_POINT('Ctrl Pts',(9.13865147457978,11.0678567954111,4.18316544224155));
#3313=CARTESIAN_POINT('Ctrl Pts',(8.72027633023823,9.82872683229498,4.95523430658792));
#3314=CARTESIAN_POINT('Ctrl Pts',(7.55380609873529,6.30421444304852,6.68281464007415));
#3315=CARTESIAN_POINT('Ctrl Pts',(6.71648536653081,3.73936097804662,7.46844154516923));
#3316=CARTESIAN_POINT('Ctrl Pts',(5.95942416351444,0.999999999999747,8.03027170395374));
#3317=CARTESIAN_POINT('Origin',(0.,0.,0.));
#3318=CARTESIAN_POINT('',(-2.24824464019428,15.5116268457,-9.7439928180309));
#3319=CARTESIAN_POINT('Ctrl Pts',(5.81742108346832,0.999999999996594,-8.1337329644892));
#3320=CARTESIAN_POINT('Ctrl Pts',(5.14545386103406,3.51301551744764,-8.61433840165506));
#3321=CARTESIAN_POINT('Ctrl Pts',(4.30005607282568,5.84537947725651,-9.09171426149428));
#3322=CARTESIAN_POINT('Ctrl Pts',(2.23201958468397,10.1143159805067,-9.81156671627107));
#3323=CARTESIAN_POINT('Ctrl Pts',(1.0748538931704,11.8630213895195,-10.0175426293115));
#3324=CARTESIAN_POINT('Ctrl Pts',(-0.848290904515368,14.1527215132673,-9.98823290688913));
#3325=CARTESIAN_POINT('Ctrl Pts',(-1.55190715051353,14.8716131289749,-9.90465970871708));
#3326=CARTESIAN_POINT('Ctrl Pts',(-2.24824464019483,15.5116268457005,-9.74399281803077));
#3327=CARTESIAN_POINT('',(5.92873568013018,15.5116268457,-8.05295555899518));
#3328=CARTESIAN_POINT('Origin',(0.,15.5116268457,0.));
#3329=CARTESIAN_POINT('',(5.99278969502123,14.2194704416688,-8.0054026551677));
#3330=CARTESIAN_POINT('Ctrl Pts',(5.92873568013016,15.5116268457,-8.05295555899519));
#3331=CARTESIAN_POINT('Ctrl Pts',(5.93216591448751,15.4403958916015,-8.05043015665357));
#3332=CARTESIAN_POINT('Ctrl Pts',(5.93561279686123,15.3691647822184,-8.04788911824734));
#3333=CARTESIAN_POINT('Ctrl Pts',(5.95655898145664,14.9383858871104,-8.03242661328618));
#3334=CARTESIAN_POINT('Ctrl Pts',(5.97446086127156,14.5789455160281,-8.01912349479172));
#3335=CARTESIAN_POINT('Ctrl Pts',(5.99278969501104,14.2194704416687,-8.00540265516791));
#3336=CARTESIAN_POINT('Ctrl Pts',(5.99278969501492,14.2194704416647,-8.00540265516501));
#3337=CARTESIAN_POINT('Ctrl Pts',(6.55890474857595,13.6376761776312,-7.58161279657689));
#3338=CARTESIAN_POINT('Ctrl Pts',(7.07403924746175,12.9750531758686,-7.10188950970269));
#3339=CARTESIAN_POINT('Ctrl Pts',(8.19205327850424,11.0678567954111,-5.82272161219743));
#3340=CARTESIAN_POINT('Ctrl Pts',(8.65149695632842,9.82872683229498,-5.07436367671248));
#3341=CARTESIAN_POINT('Ctrl Pts',(9.56439029645442,6.30421444304852,-3.20038065672951));
#3342=CARTESIAN_POINT('Ctrl Pts',(9.82610278806107,3.73936097804663,-2.08242617897751));
#3343=CARTESIAN_POINT('Ctrl Pts',(9.93413137667251,0.999999999999754,-1.14587686555348));
#3344=CARTESIAN_POINT('Origin',(0.,0.,0.));
#3345=CARTESIAN_POINT('',(-9.56266763480502,15.5116268457,-2.924959436685));
#3346=CARTESIAN_POINT('Ctrl Pts',(-4.1353088331124,0.999999999996594,-9.10490092503936));
#3347=CARTESIAN_POINT('Ctrl Pts',(-4.88750896211209,3.51301551744764,-8.76326295848375));
#3348=CARTESIAN_POINT('Ctrl Pts',(-5.72362747799048,5.84537947725651,-8.26981492751173));
#3349=CARTESIAN_POINT('Ctrl Pts',(-7.38105623487462,10.1143159805067,-6.83876902021625));
#3350=CARTESIAN_POINT('Ctrl Pts',(-8.13801945389207,11.8630213895195,-5.9396220914979));
#3351=CARTESIAN_POINT('Ctrl Pts',(-9.07420888853936,14.1527215132673,-4.25947498033498));
#3352=CARTESIAN_POINT('Ctrl Pts',(-9.35364049884593,14.8716131289749,-3.60833883769911));
#3353=CARTESIAN_POINT('Ctrl Pts',(-9.56266763480518,15.5116268457005,-2.92495943668446));
#3354=CARTESIAN_POINT('',(-4.00969624957185,15.5116268457,-9.16091349081354));
#3355=CARTESIAN_POINT('Origin',(0.,15.5116268457,0.));
#3356=CARTESIAN_POINT('',(-3.93648721938801,14.2194704416688,-9.19260944300984));
#3357=CARTESIAN_POINT('Ctrl Pts',(-4.00969624957185,15.5116268457,-9.16091349081354));
#3358=CARTESIAN_POINT('Ctrl Pts',(-4.00579406981055,15.4403958916015,-9.16262145973713));
#3359=CARTESIAN_POINT('Ctrl Pts',(-4.00187002481193,15.3691647822184,-9.16433602823349));
#3360=CARTESIAN_POINT('Ctrl Pts',(-3.97800601041171,14.9383858871104,-9.1747447037249));
#3361=CARTESIAN_POINT('Ctrl Pts',(-3.9575342319385,14.5789455160281,-9.18359662717288));
#3362=CARTESIAN_POINT('Ctrl Pts',(-3.9364872193933,14.2194704416687,-9.19260944300111));
#3363=CARTESIAN_POINT('Ctrl Pts',(-3.93648721938883,14.2194704416647,-9.19260944300302));
#3364=CARTESIAN_POINT('Ctrl Pts',(-3.28641690920479,13.6376761776312,-9.4709845315576));
#3365=CARTESIAN_POINT('Ctrl Pts',(-2.61339710654186,12.9750531758686,-9.67724245052137));
#3366=CARTESIAN_POINT('Ctrl Pts',(-0.946598196075542,11.0678567954111,-10.005887054439));
#3367=CARTESIAN_POINT('Ctrl Pts',(-0.0687793739098086,9.82872683229498,
-10.0295979833004));
#3368=CARTESIAN_POINT('Ctrl Pts',(2.01058419771913,6.30421444304852,-9.88319529680366));
#3369=CARTESIAN_POINT('Ctrl Pts',(3.10961742153026,3.73936097804663,-9.55086772414674));
#3370=CARTESIAN_POINT('Ctrl Pts',(3.97470721315807,0.99999999999975,-9.17614856950721));
#3371=CARTESIAN_POINT('Origin',(0.,0.,0.));
#3372=CARTESIAN_POINT('',(-7.31442299461074,15.5116268457,6.8190333813459));
#3373=CARTESIAN_POINT('Ctrl Pts',(-9.95272991658072,0.999999999996594,-0.97116796055016));
#3374=CARTESIAN_POINT('Ctrl Pts',(-10.0329628231461,3.51301551744764,-0.14892455682869));
#3375=CARTESIAN_POINT('Ctrl Pts',(-10.0236835508162,5.84537947725651,0.821899333982549));
#3376=CARTESIAN_POINT('Ctrl Pts',(-9.6130758195586,10.1143159805067,2.97279769605482));
#3377=CARTESIAN_POINT('Ctrl Pts',(-9.21287334706248,11.8630213895195,4.07792053781355));
#3378=CARTESIAN_POINT('Ctrl Pts',(-8.225917984024,14.1527215132673,5.72875792655415));
#3379=CARTESIAN_POINT('Ctrl Pts',(-7.80173334833241,14.8716131289749,6.29632087101796));
#3380=CARTESIAN_POINT('Ctrl Pts',(-7.31442299461036,15.5116268457005,6.8190333813463));
#3381=CARTESIAN_POINT('',(-9.93843192970203,15.5116268457,-1.10795793181835));
#3382=CARTESIAN_POINT('Origin',(0.,15.5116268457,0.));
#3383=CARTESIAN_POINT('',(-9.92927691440924,14.2194704416688,-1.18720678784214));
#3384=CARTESIAN_POINT('Ctrl Pts',(-9.93843192970203,15.5116268457,-1.10795793181835));
#3385=CARTESIAN_POINT('Ctrl Pts',(-9.93795998429808,15.4403958916015,-1.11219130308356));
#3386=CARTESIAN_POINT('Ctrl Pts',(-9.93748282167315,15.3691647822184,-1.11644690998616));
#3387=CARTESIAN_POINT('Ctrl Pts',(-9.93456499186835,14.9383858871104,-1.14231809043873));
#3388=CARTESIAN_POINT('Ctrl Pts',(-9.93199509321006,14.5789455160281,-1.16447313238116));
#3389=CARTESIAN_POINT('Ctrl Pts',(-9.92927691440433,14.2194704416687,-1.1872067878332));
#3390=CARTESIAN_POINT('Ctrl Pts',(-9.92927691440375,14.2194704416647,-1.18720678783802));
#3391=CARTESIAN_POINT('Ctrl Pts',(-9.84532165778074,13.6376761776312,-1.88937173498073));
#3392=CARTESIAN_POINT('Ctrl Pts',(-9.68743635400361,12.9750531758686,-2.57535294081869));
#3393=CARTESIAN_POINT('Ctrl Pts',(-9.13865147457978,11.0678567954111,-4.18316544224156));
#3394=CARTESIAN_POINT('Ctrl Pts',(-8.72027633023822,9.82872683229498,-4.95523430658792));
#3395=CARTESIAN_POINT('Ctrl Pts',(-7.55380609873529,6.30421444304852,-6.68281464007415));
#3396=CARTESIAN_POINT('Ctrl Pts',(-6.7164853665308,3.73936097804662,-7.46844154516924));
#3397=CARTESIAN_POINT('Ctrl Pts',(-5.95942416351444,0.999999999999744,-8.03027170395374));
#3398=CARTESIAN_POINT('Origin',(0.,15.5116268457,0.));
#3399=CARTESIAN_POINT('Origin',(0.,15.5116268457,0.));
#3400=CARTESIAN_POINT('Origin',(0.,15.5116268457,0.));
#3401=CARTESIAN_POINT('Origin',(0.,15.5116268457,0.));
#3402=CARTESIAN_POINT('Origin',(0.,15.5116268457,0.));
#3403=CARTESIAN_POINT('Origin',(0.,15.5116268457,0.));
#3404=CARTESIAN_POINT('Origin',(0.,15.5116268457,0.));
#3405=CARTESIAN_POINT('Origin',(0.,0.,0.));
#3406=CARTESIAN_POINT('',(-6.19262820359339,16.7567215700794,7.85183774316788));
#3407=CARTESIAN_POINT('Ctrl Pts',(-7.31442299461036,15.5116268457005,6.81903338134631));
#3408=CARTESIAN_POINT('Ctrl Pts',(-6.97127980704874,15.9622972350385,7.18710525915974));
#3409=CARTESIAN_POINT('Ctrl Pts',(-6.59688162759369,16.3738338094201,7.53300905071916));
#3410=CARTESIAN_POINT('Ctrl Pts',(-6.19262820261554,16.7567215700545,7.85183774311279));
#3411=CARTESIAN_POINT('',(-5.88789535245189,16.3766596073939,8.08286386861619));
#3412=CARTESIAN_POINT('Ctrl Pts',(-6.19262869764975,16.7567236691455,7.8518389858651));
#3413=CARTESIAN_POINT('Ctrl Pts',(-6.13314812285451,16.6797368938699,7.89874457943645));
#3414=CARTESIAN_POINT('Ctrl Pts',(-6.07268314644377,16.6031474860487,7.94534075765992));
#3415=CARTESIAN_POINT('Ctrl Pts',(-6.01123905665856,16.527072733265,7.991559299291));
#3416=CARTESIAN_POINT('Ctrl Pts',(-5.97055471245854,16.4767009003027,8.02216225984774));
#3417=CARTESIAN_POINT('Ctrl Pts',(-5.929440835611,16.4265541870838,8.05260039889681));
#3418=CARTESIAN_POINT('Ctrl Pts',(-5.88789535245186,16.376659607394,8.08286386861629));
#3419=CARTESIAN_POINT('Ctrl Pts',(-5.88789535245142,16.3766596073939,8.08286386861618));
#3420=CARTESIAN_POINT('Ctrl Pts',(-5.9012389585405,16.0882755239844,8.07314382909134));
#3421=CARTESIAN_POINT('Ctrl Pts',(-5.91485092412834,15.7999524568395,8.06317777464195));
#3422=CARTESIAN_POINT('Ctrl Pts',(-5.92873568013018,15.5116268457,8.05295555899517));
#3423=CARTESIAN_POINT('Origin',(0.,0.,0.));
#3424=CARTESIAN_POINT('',(-48.3736048611196,1.44198133848193,12.6488873643672));
#3425=CARTESIAN_POINT('',(-47.0266128107375,3.70547485937763,16.98521967915));
#3426=CARTESIAN_POINT('Ctrl Pts',(-48.3736048619377,1.44198136348263,12.6488874080336));
#3427=CARTESIAN_POINT('Ctrl Pts',(-48.3286151971172,1.50753447679628,12.8209430362243));
#3428=CARTESIAN_POINT('Ctrl Pts',(-48.282865210512,1.57487609914916,12.9921538220272));
#3429=CARTESIAN_POINT('Ctrl Pts',(-48.0302676032626,1.95125883660272,13.9178530436085));
#3430=CARTESIAN_POINT('Ctrl Pts',(-47.8096078456905,2.29603039469302,14.6559317954753));
#3431=CARTESIAN_POINT('Ctrl Pts',(-47.4681120909085,2.87953385210793,15.7134510980826));
#3432=CARTESIAN_POINT('Ctrl Pts',(-47.353614308336,3.08304529463341,16.0548997162939));
#3433=CARTESIAN_POINT('Ctrl Pts',(-47.1677849663403,3.4299979134447,16.5905348823195));
#3434=CARTESIAN_POINT('Ctrl Pts',(-47.0973046334161,3.56536207773645,16.7894967484613));
#3435=CARTESIAN_POINT('Ctrl Pts',(-47.0266128107375,3.70547485937764,16.98521967915));
#3436=CARTESIAN_POINT('',(-46.9355158500066,3.88627446946321,17.2353518064986));
#3437=CARTESIAN_POINT('Ctrl Pts',(-47.0266128107375,3.70547485937763,16.9852196791499));
#3438=CARTESIAN_POINT('Ctrl Pts',(-47.011496810306,3.73543511202762,17.0270710247884));
#3439=CARTESIAN_POINT('Ctrl Pts',(-46.9963620557045,3.76544955068926,17.0687999186626));
#3440=CARTESIAN_POINT('Ctrl Pts',(-46.981175876449,3.79558799397455,17.1104973942523));
#3441=CARTESIAN_POINT('Ctrl Pts',(-46.9659844265643,3.82573689733391,17.1522093416804));
#3442=CARTESIAN_POINT('Ctrl Pts',(-46.9507752039176,3.85594303821355,17.1937973517135));
#3443=CARTESIAN_POINT('Ctrl Pts',(-46.9355158500066,3.88627446946321,17.2353518064986));
#3444=CARTESIAN_POINT('',(-36.5469759396186,13.401087344566,34.1221123271836));
#3445=CARTESIAN_POINT('Ctrl Pts',(-46.9355158500067,3.8862744694632,17.2353518064986));
#3446=CARTESIAN_POINT('Ctrl Pts',(-46.5943025199382,4.56462612535593,18.1645480214329));
#3447=CARTESIAN_POINT('Ctrl Pts',(-46.2186472331976,5.20965245165455,19.1013169513683));
#3448=CARTESIAN_POINT('Ctrl Pts',(-45.8075996230928,5.82524456227327,20.0406642443923));
#3449=CARTESIAN_POINT('Ctrl Pts',(-45.4156565436975,6.41222539261045,20.9363528741248));
#3450=CARTESIAN_POINT('Ctrl Pts',(-44.9915345367433,6.97244442080658,21.8343860869114));
#3451=CARTESIAN_POINT('Ctrl Pts',(-44.5343729004924,7.5092943973045,22.7304130341111));
#3452=CARTESIAN_POINT('Ctrl Pts',(-44.2022011623795,7.89936735106691,23.3814624766853));
#3453=CARTESIAN_POINT('Ctrl Pts',(-43.8525856949514,8.27710319203189,24.0314523447121));
#3454=CARTESIAN_POINT('Ctrl Pts',(-43.485183428651,8.64381064993457,24.6787045135244));
#3455=CARTESIAN_POINT('Ctrl Pts',(-43.2516426729461,8.87690974783498,25.0901330062175));
#3456=CARTESIAN_POINT('Ctrl Pts',(-43.0109147698291,9.10555301450916,25.5004551200254));
#3457=CARTESIAN_POINT('Ctrl Pts',(-42.763024691036,9.32981746140703,25.9093298462355));
#3458=CARTESIAN_POINT('Ctrl Pts',(-42.3878485338693,9.66923674670434,26.5281527103409));
#3459=CARTESIAN_POINT('Ctrl Pts',(-41.9963685191011,9.99851738358206,27.1434713605367));
#3460=CARTESIAN_POINT('Ctrl Pts',(-41.5888302496519,10.3178085074362,27.7538659146044));
#3461=CARTESIAN_POINT('Ctrl Pts',(-41.1826930844833,10.636001918035,28.3621619506024));
#3462=CARTESIAN_POINT('Ctrl Pts',(-40.7606079646684,10.9442744901052,28.9655671599615));
#3463=CARTESIAN_POINT('Ctrl Pts',(-40.3228623480605,11.2427980632979,29.5626860019413));
#3464=CARTESIAN_POINT('Ctrl Pts',(-39.887878707268,11.5394380884704,30.1560372955141));
#3465=CARTESIAN_POINT('Ctrl Pts',(-39.4374316600648,11.8264518760405,30.7431807927433));
#3466=CARTESIAN_POINT('Ctrl Pts',(-38.971845878501,12.1040302656011,31.3227645644804));
#3467=CARTESIAN_POINT('Ctrl Pts',(-38.5130955242405,12.3775334299766,31.8938392646461));
#3468=CARTESIAN_POINT('Ctrl Pts',(-38.0396478298796,12.6418763682778,32.4575741474467));
#3469=CARTESIAN_POINT('Ctrl Pts',(-37.5518530519441,12.8972611499393,33.0126997989661));
#3470=CARTESIAN_POINT('Ctrl Pts',(-37.2233606314865,13.0692432392742,33.386534405596));
#3471=CARTESIAN_POINT('Ctrl Pts',(-36.8883626344874,13.2371632124979,33.7564652299629));
#3472=CARTESIAN_POINT('Ctrl Pts',(-36.5469759396186,13.401087344566,34.1221123271836));
#3473=CARTESIAN_POINT('',(-36.497442835038,13.4251093919916,34.1750883905679));
#3474=CARTESIAN_POINT('Ctrl Pts',(-36.5469759396186,13.401087344566,34.1221123271837));
#3475=CARTESIAN_POINT('Ctrl Pts',(-36.5387149812871,13.4050475142826,34.1309603446359));
#3476=CARTESIAN_POINT('Ctrl Pts',(-36.530457074064,13.4090293028634,34.1397986558934));
#3477=CARTESIAN_POINT('Ctrl Pts',(-36.5221996851233,13.4130339076934,34.1486299913764));
#3478=CARTESIAN_POINT('Ctrl Pts',(-36.5139451365515,13.4170371350232,34.1574582890649));
#3479=CARTESIAN_POINT('Ctrl Pts',(-36.5056936995986,13.4210619050321,34.1662768418106));
#3480=CARTESIAN_POINT('Ctrl Pts',(-36.497442835038,13.4251093919916,34.1750883905679));
#3481=CARTESIAN_POINT('',(-34.5255133412097,15.2874238690771,36.1661295762403));
#3482=CARTESIAN_POINT('Ctrl Pts',(-36.497442835038,13.4251093919916,34.1750883905679));
#3483=CARTESIAN_POINT('Ctrl Pts',(-36.4396884055923,13.4534410047966,34.236767499136));
#3484=CARTESIAN_POINT('Ctrl Pts',(-36.3823303553445,13.4838643949011,34.2977101800707));
#3485=CARTESIAN_POINT('Ctrl Pts',(-36.2593451178043,13.5539806284273,34.4277374639688));
#3486=CARTESIAN_POINT('Ctrl Pts',(-36.1940066011249,13.5942795379626,34.4964153610565));
#3487=CARTESIAN_POINT('Ctrl Pts',(-35.9851424624614,13.7326429320065,34.7147368383266));
#3488=CARTESIAN_POINT('Ctrl Pts',(-35.8447876959263,13.8403847547104,34.8595708216597));
#3489=CARTESIAN_POINT('Ctrl Pts',(-35.3169573853747,14.295666732108,35.3980755298243));
#3490=CARTESIAN_POINT('Ctrl Pts',(-34.9297844066927,14.7367147005373,35.7801975943535));
#3491=CARTESIAN_POINT('Ctrl Pts',(-34.5255133412233,15.2874238690714,36.1661295762349));
#3492=CARTESIAN_POINT('',(-34.5506937769948,15.8037693961424,36.1420746433893));
#3493=CARTESIAN_POINT('Ctrl Pts',(-34.5255133412133,15.2874238690719,36.1661295762266));
#3494=CARTESIAN_POINT('Ctrl Pts',(-34.533361264621,15.4597181880178,36.1586376036075));
#3495=CARTESIAN_POINT('Ctrl Pts',(-34.5417835852076,15.6319453417401,36.150570948217));
#3496=CARTESIAN_POINT('Ctrl Pts',(-34.5507065471911,15.8037609867677,36.1420053146562));
#3497=CARTESIAN_POINT('',(-48.5298534548629,1.60253948619964,12.0355026338525));
#3498=CARTESIAN_POINT('Ctrl Pts',(-34.5506937769949,15.8037693961424,36.1420746433894));
#3499=CARTESIAN_POINT('Ctrl Pts',(-36.6732868711719,14.9566037667614,34.1129419847447));
#3500=CARTESIAN_POINT('Ctrl Pts',(-38.583637942929,13.971315098702,31.9276556560342));
#3501=CARTESIAN_POINT('Ctrl Pts',(-42.7783570434887,11.1785670843598,26.2287597000744));
#3502=CARTESIAN_POINT('Ctrl Pts',(-44.7677811584399,9.22438472772219,22.603193547172));
#3503=CARTESIAN_POINT('Ctrl Pts',(-47.2293245806656,5.29368218233906,16.6165963606781));
#3504=CARTESIAN_POINT('Ctrl Pts',(-47.9730014131362,3.56170007267627,14.2808553044636));
#3505=CARTESIAN_POINT('Ctrl Pts',(-48.5298534548634,1.60253948619932,12.0355026338529));
#3506=CARTESIAN_POINT('Ctrl Pts',(-48.5297451034659,1.60263256214957,12.0355167583837));
#3507=CARTESIAN_POINT('Ctrl Pts',(-48.479224647274,1.54683668369592,12.2394721718026));
#3508=CARTESIAN_POINT('Ctrl Pts',(-48.4271662407465,1.49319762844631,12.4440430568988));
#3509=CARTESIAN_POINT('Ctrl Pts',(-48.3736048530498,1.44198134386768,12.6488873636038));
#3510=CARTESIAN_POINT('Ctrl Pts',(-35.9365748017981,12.9809376394728,33.8332869963582));
#3511=CARTESIAN_POINT('Ctrl Pts',(-35.9509654789088,12.9740707479198,33.8184639638799));
#3512=CARTESIAN_POINT('Ctrl Pts',(-35.965223186858,12.9672202693372,33.8034892544272));
#3513=CARTESIAN_POINT('Ctrl Pts',(-35.9793457404227,12.960387023773,33.7883643810838));
#3514=CARTESIAN_POINT('Ctrl Pts',(-36.1235308128781,13.1289948903124,33.9472207944281));
#3515=CARTESIAN_POINT('Ctrl Pts',(-36.1386838707892,13.1217662816097,33.9315016941777));
#3516=CARTESIAN_POINT('Ctrl Pts',(-36.1537180495813,13.1145500498613,33.9156475331428));
#3517=CARTESIAN_POINT('Ctrl Pts',(-36.1686323257721,13.1073465389705,33.8996586870846));
#3518=CARTESIAN_POINT('Ctrl Pts',(-36.3104868239581,13.277052141152,34.061154592498));
#3519=CARTESIAN_POINT('Ctrl Pts',(-36.3264022626695,13.2694618152996,34.0445394244755));
#3520=CARTESIAN_POINT('Ctrl Pts',(-36.3422129123045,13.2618798303853,34.0278058118583));
#3521=CARTESIAN_POINT('Ctrl Pts',(-36.3579189111214,13.2543060541679,34.0109529930854));
#3522=CARTESIAN_POINT('Ctrl Pts',(-36.497442835038,13.4251093919916,34.1750883905679));
#3523=CARTESIAN_POINT('Ctrl Pts',(-36.5141206545499,13.4171573489894,34.1575771547733));
#3524=CARTESIAN_POINT('Ctrl Pts',(-36.5307077750278,13.4092096109094,34.1399640905738));
#3525=CARTESIAN_POINT('Ctrl Pts',(-36.5472054964708,13.4012655693654,34.1222472990862));
#3526=CARTESIAN_POINT('',(-35.9793457404228,12.960387023773,33.7883643810837));
#3527=CARTESIAN_POINT('',(-35.9793457404228,12.960387023773,33.7883643810837));
#3528=CARTESIAN_POINT('',(-35.9365748017981,12.9809376394728,33.8332869963582));
#3529=CARTESIAN_POINT('Ctrl Pts',(-35.9793457404227,12.960387023773,33.7883643810838));
#3530=CARTESIAN_POINT('Ctrl Pts',(-35.965223186858,12.9672202693372,33.8034892544272));
#3531=CARTESIAN_POINT('Ctrl Pts',(-35.9509654789088,12.9740707479198,33.8184639638799));
#3532=CARTESIAN_POINT('Ctrl Pts',(-35.9365748017981,12.9809376394728,33.8332869963582));
#3533=CARTESIAN_POINT('',(-37.4399676509031,14.1715290031022,34.7494771541403));
#3534=CARTESIAN_POINT('Ctrl Pts',(-46.9355158500067,3.8862744694632,17.2353518064986));
#3535=CARTESIAN_POINT('Ctrl Pts',(-46.0353578005663,5.68727085167516,19.6997031281727));
#3536=CARTESIAN_POINT('Ctrl Pts',(-43.3740049300409,9.33656551527981,25.5652432541055));
#3537=CARTESIAN_POINT('Ctrl Pts',(-39.3194385076728,12.0936694221969,31.1835670379971));
#3538=CARTESIAN_POINT('Ctrl Pts',(-36.5696289866025,13.4186748603234,34.1354315760793));
#3539=CARTESIAN_POINT('Ctrl Pts',(-46.6837838624081,3.77544337618901,17.2240396587849));
#3540=CARTESIAN_POINT('Ctrl Pts',(-45.7886478391632,5.56686421009799,19.6738935208479));
#3541=CARTESIAN_POINT('Ctrl Pts',(-43.1420381774453,9.19809842321404,25.5030508464317));
#3542=CARTESIAN_POINT('Ctrl Pts',(-39.107845472781,11.9462502178179,31.0860602030634));
#3543=CARTESIAN_POINT('Ctrl Pts',(-36.3728679045426,13.2659122481399,34.0197425110808));
#3544=CARTESIAN_POINT('Ctrl Pts',(-46.4320518748097,3.66461228291481,17.2127275110712));
#3545=CARTESIAN_POINT('Ctrl Pts',(-45.5419378777602,5.44645756852082,19.6480839135231));
#3546=CARTESIAN_POINT('Ctrl Pts',(-42.9100714248498,9.05963133114827,25.440858438758));
#3547=CARTESIAN_POINT('Ctrl Pts',(-38.8962524378891,11.798831013439,30.9885533681297));
#3548=CARTESIAN_POINT('Ctrl Pts',(-36.1761068224827,13.1131496359564,33.9040534460823));
#3549=CARTESIAN_POINT('Ctrl Pts',(-46.1803198872111,3.55378118964061,17.2014153633575));
#3550=CARTESIAN_POINT('Ctrl Pts',(-45.2952279163572,5.32605092694365,19.6222743061983));
#3551=CARTESIAN_POINT('Ctrl Pts',(-42.6781046722542,8.9211642390825,25.3786660310842));
#3552=CARTESIAN_POINT('Ctrl Pts',(-38.6846594029973,11.6514118090601,30.891046533196));
#3553=CARTESIAN_POINT('Ctrl Pts',(-35.9793457404228,12.960387023773,33.7883643810837));
#3554=CARTESIAN_POINT('',(-46.1803198872111,3.55378118964062,17.2014153633574));
#3555=CARTESIAN_POINT('',(-48.1277060793411,4.41116503966238,17.2889255779758));
#3556=CARTESIAN_POINT('Ctrl Pts',(-46.1803198872111,3.55378118964061,17.2014153633575));
#3557=CARTESIAN_POINT('Ctrl Pts',(-45.2952279163572,5.32605092694365,19.6222743061983));
#3558=CARTESIAN_POINT('Ctrl Pts',(-42.6781046722542,8.9211642390825,25.3786660310842));
#3559=CARTESIAN_POINT('Ctrl Pts',(-38.6846594029973,11.6514118090601,30.891046533196));
#3560=CARTESIAN_POINT('Ctrl Pts',(-35.9793457404228,12.960387023773,33.7883643810837));
#3561=CARTESIAN_POINT('Ctrl Pts',(-46.1803198872111,3.55378118964062,17.2014153633574));
#3562=CARTESIAN_POINT('Ctrl Pts',(-46.2084569773663,3.49744070184968,17.1244562127034));
#3563=CARTESIAN_POINT('Ctrl Pts',(-46.235006003125,3.4412781409572,17.0469368524359));
#3564=CARTESIAN_POINT('Ctrl Pts',(-46.2599562775822,3.38531561089623,16.968891765059));
#3565=CARTESIAN_POINT('Ctrl Pts',(-46.4331576313137,3.66509911894789,17.2127772007472));
#3566=CARTESIAN_POINT('Ctrl Pts',(-46.4620380402714,3.60728792347242,17.1337569318459));
#3567=CARTESIAN_POINT('Ctrl Pts',(-46.4894901159309,3.54959753695296,17.0542697895279));
#3568=CARTESIAN_POINT('Ctrl Pts',(-46.5155084553006,3.49203536039003,16.9743344030893));
#3569=CARTESIAN_POINT('Ctrl Pts',(-46.6859953754162,3.77641704825516,17.224139038137));
#3570=CARTESIAN_POINT('Ctrl Pts',(-46.7156191031765,3.71713514509516,17.1430576509884));
#3571=CARTESIAN_POINT('Ctrl Pts',(-46.7439742287367,3.65791693294871,17.0616027266199));
#3572=CARTESIAN_POINT('Ctrl Pts',(-46.771060633019,3.59875510988383,16.9797770411196));
#3573=CARTESIAN_POINT('Ctrl Pts',(-46.9388331195188,3.88773497756242,17.2355008755267));
#3574=CARTESIAN_POINT('Ctrl Pts',(-46.9692001660815,3.8269823667179,17.1523583701308));
#3575=CARTESIAN_POINT('Ctrl Pts',(-46.9984583415426,3.76623632894447,17.0689356637119));
#3576=CARTESIAN_POINT('Ctrl Pts',(-47.0266128107375,3.70547485937763,16.9852196791499));
#3577=CARTESIAN_POINT('',(-46.2599562775822,3.38531561089622,16.968891765059));
#3578=CARTESIAN_POINT('',(-46.2599562775822,3.38531561089622,16.968891765059));
#3579=CARTESIAN_POINT('Ctrl Pts',(-46.2599562775822,3.38531561089623,16.968891765059));
#3580=CARTESIAN_POINT('Ctrl Pts',(-46.235006003125,3.4412781409572,17.0469368524359));
#3581=CARTESIAN_POINT('Ctrl Pts',(-46.2084569773663,3.49744070184968,17.1244562127034));
#3582=CARTESIAN_POINT('Ctrl Pts',(-46.1803198872111,3.55378118964062,17.2014153633574));
#3583=CARTESIAN_POINT('Ctrl Pts',(-5.88789535244619,16.3766596073768,8.08286386863024));
#3584=CARTESIAN_POINT('Ctrl Pts',(-5.92693139444087,16.5022128098471,7.98044141720901));
#3585=CARTESIAN_POINT('Ctrl Pts',(-5.96596743643556,16.6277660123175,7.87801896578778));
#3586=CARTESIAN_POINT('Ctrl Pts',(-6.00500347843025,16.7533192147879,7.77559651436655));
#3587=CARTESIAN_POINT('Ctrl Pts',(-10.5875040880646,16.4197634987851,9.92685366722142));
#3588=CARTESIAN_POINT('Ctrl Pts',(-10.6333812718927,16.5594500563758,9.84502059277643));
#3589=CARTESIAN_POINT('Ctrl Pts',(-10.6796134708212,16.6998404400178,9.76221507431914));
#3590=CARTESIAN_POINT('Ctrl Pts',(-10.7254906546493,16.8395269976084,9.68038199987414));
#3591=CARTESIAN_POINT('Ctrl Pts',(-20.7336681014235,16.4635722528504,16.270093417187));
#3592=CARTESIAN_POINT('Ctrl Pts',(-20.7841057782191,16.6182319541623,16.2256581504466));
#3593=CARTESIAN_POINT('Ctrl Pts',(-20.8343072130735,16.772484804431,16.1814332939042));
#3594=CARTESIAN_POINT('Ctrl Pts',(-20.884744889869,16.927144505743,16.1369980271638));
#3595=CARTESIAN_POINT('Ctrl Pts',(-27.3374318799596,16.4744540615193,26.4003072951592));
#3596=CARTESIAN_POINT('Ctrl Pts',(-27.3847411727939,16.6324786221241,26.3754864251635));
#3597=CARTESIAN_POINT('Ctrl Pts',(-27.4323198350527,16.7908835624771,26.351020349771));
#3598=CARTESIAN_POINT('Ctrl Pts',(-27.4796291278869,16.9489081230819,26.3261994797753));
#3599=CARTESIAN_POINT('Ctrl Pts',(-29.4971070997204,16.478943935907,32.742701578983));
#3600=CARTESIAN_POINT('Ctrl Pts',(-29.5423751818689,16.6385919145573,32.727174137732));
#3601=CARTESIAN_POINT('Ctrl Pts',(-29.5876432640174,16.7982398932075,32.7116466964811));
#3602=CARTESIAN_POINT('Ctrl Pts',(-29.6329113461659,16.9578878718577,32.6961192552301));
#3603=CARTESIAN_POINT('',(-29.6329113461659,16.9578878718577,32.6961192552301));
#3604=CARTESIAN_POINT('Ctrl Pts',(-6.1926286985068,16.756723669161,7.8518389862158));
#3605=CARTESIAN_POINT('Ctrl Pts',(-10.8408662439424,16.8405209088055,9.75390162267886));
#3606=CARTESIAN_POINT('Ctrl Pts',(-20.9222303238523,16.9272682105135,16.1949136212227));
#3607=CARTESIAN_POINT('Ctrl Pts',(-27.4796291278869,16.9489081230819,26.3261994797753));
#3608=CARTESIAN_POINT('Ctrl Pts',(-29.6329113461659,16.9578878718577,32.6961192552301));
#3609=CARTESIAN_POINT('',(-29.4960928617337,16.4789418273924,32.7397234115658));
#3610=CARTESIAN_POINT('Ctrl Pts',(-29.4960928617337,16.4789418273924,32.7397234115658));
#3611=CARTESIAN_POINT('Ctrl Pts',(-29.5416932658185,16.6385905756741,32.7251636867504));
#3612=CARTESIAN_POINT('Ctrl Pts',(-29.5872994960751,16.7982392365968,32.7106290215222));
#3613=CARTESIAN_POINT('Ctrl Pts',(-29.6329113461409,16.9578878718661,32.6961192552261));
#3614=CARTESIAN_POINT('',(-29.4933069916487,16.4789360362757,32.7315470129534));
#3615=CARTESIAN_POINT('Ctrl Pts',(-29.4933069916486,16.4789360362757,32.7315470129534));
#3616=CARTESIAN_POINT('Ctrl Pts',(-29.4942359362769,16.4789379672136,32.7342724651881));
#3617=CARTESIAN_POINT('Ctrl Pts',(-29.4951645584222,16.4789398975978,32.7369979278669));
#3618=CARTESIAN_POINT('Ctrl Pts',(-29.4960928617337,16.4789418273924,32.7397234115658));
#3619=CARTESIAN_POINT('Ctrl Pts',(-5.88789535244619,16.3766596073768,8.08286386863024));
#3620=CARTESIAN_POINT('Ctrl Pts',(-10.5875040880646,16.4197634987851,9.92685366722142));
#3621=CARTESIAN_POINT('Ctrl Pts',(-20.7302690048602,16.4635575763495,16.2679683495845));
#3622=CARTESIAN_POINT('Ctrl Pts',(-27.3330067893197,16.4744467667297,26.3935202140633));
#3623=CARTESIAN_POINT('Ctrl Pts',(-29.4933069597639,16.4789360372507,32.7315470321755));
#3624=CARTESIAN_POINT('Ctrl Pts',(-46.8237558979398,-0.00730408805037504,
9.45979096792646));
#3625=CARTESIAN_POINT('Ctrl Pts',(-47.5566824963212,0.354743016900889,10.4621898851382));
#3626=CARTESIAN_POINT('Ctrl Pts',(-48.8114864037507,1.53332835100717,13.0360159128327));
#3627=CARTESIAN_POINT('Ctrl Pts',(-48.7057539360634,3.22449758950824,15.6779754123035));
#3628=CARTESIAN_POINT('Ctrl Pts',(-48.2282493582851,4.20728373646021,17.0108116065234));
#3629=CARTESIAN_POINT('Ctrl Pts',(-46.2317984548411,-0.0048693920335802,
9.88943669387827));
#3630=CARTESIAN_POINT('Ctrl Pts',(-46.9182160725691,0.334176583944441,10.832854027855));
#3631=CARTESIAN_POINT('Ctrl Pts',(-48.0934980283208,1.43311410806276,13.2487198081297));
#3632=CARTESIAN_POINT('Ctrl Pts',(-48.0101894569514,3.00961782900452,15.7338518448854));
#3633=CARTESIAN_POINT('Ctrl Pts',(-47.5721516647175,3.93329436127222,16.9968383260353));
#3634=CARTESIAN_POINT('Ctrl Pts',(-45.6398410117424,-0.00243469601678536,
10.3190824198301));
#3635=CARTESIAN_POINT('Ctrl Pts',(-46.2797496488171,0.313610150987994,11.2035181705718));
#3636=CARTESIAN_POINT('Ctrl Pts',(-47.375509652891,1.33289986511835,13.4614237034266));
#3637=CARTESIAN_POINT('Ctrl Pts',(-47.3146249778394,2.7947380685008,15.7897282774672));
#3638=CARTESIAN_POINT('Ctrl Pts',(-46.9160539711498,3.65930498608424,16.9828650455472));
#3639=CARTESIAN_POINT('Ctrl Pts',(-45.0478835686437,9.47159017883337E-15,
10.7487281457819));
#3640=CARTESIAN_POINT('Ctrl Pts',(-45.6412832250651,0.293043718031547,11.5741823132886));
#3641=CARTESIAN_POINT('Ctrl Pts',(-46.6575212774611,1.23268562217394,13.6741275987235));
#3642=CARTESIAN_POINT('Ctrl Pts',(-46.6190604987274,2.57985830799708,15.8456047100491));
#3643=CARTESIAN_POINT('Ctrl Pts',(-46.2599562775821,3.38531561089625,16.9688917650591));
#3644=CARTESIAN_POINT('Ctrl Pts',(-48.3739991998664,1.44192537333422,12.6488103724888));
#3645=CARTESIAN_POINT('Ctrl Pts',(-48.0861059182822,0.854201992106559,11.5516319781071));
#3646=CARTESIAN_POINT('Ctrl Pts',(-47.5568950966187,0.358039404521559,10.4673803114023));
#3647=CARTESIAN_POINT('Ctrl Pts',(-46.8384775715306,3.57104026091435E-7,
9.47997490910287));
#3648=CARTESIAN_POINT('Ctrl Pts',(-45.0478835686437,9.47159017883337E-15,
10.7487281457819));
#3649=CARTESIAN_POINT('Ctrl Pts',(-45.6412832250651,0.293043718031547,11.5741823132886));
#3650=CARTESIAN_POINT('Ctrl Pts',(-46.6575212774611,1.23268562217394,13.6741275987235));
#3651=CARTESIAN_POINT('Ctrl Pts',(-46.6190604987274,2.57985830799708,15.8456047100491));
#3652=CARTESIAN_POINT('Ctrl Pts',(-46.2599562775821,3.38531561089625,16.9688917650591));
#3653=CARTESIAN_POINT('Ctrl Pts',(-8.97663478407469,4.54137946415134E-7,
0.647856851832324));
#3654=CARTESIAN_POINT('Ctrl Pts',(-9.00177522507065,-0.000656575221029611,
0.644504074211417));
#3655=CARTESIAN_POINT('Ctrl Pts',(-9.02691754441988,-0.00131324539122548,
0.641169475094707));
#3656=CARTESIAN_POINT('Ctrl Pts',(-9.09486738833223,-0.00308684679277421,
0.632207160660103));
#3657=CARTESIAN_POINT('Ctrl Pts',(-9.13767850657478,-0.00420321201890415,
0.626614414918678));
#3658=CARTESIAN_POINT('Ctrl Pts',(-9.18049495765623,-0.00531861530424687,
0.621074842575645));
#3659=CARTESIAN_POINT('Ctrl Pts',(-8.9795768824553,0.00954746084223667,
0.664197958466795));
#3660=CARTESIAN_POINT('Ctrl Pts',(-9.00470945401383,0.00887987148550168,
0.660852610878755));
#3661=CARTESIAN_POINT('Ctrl Pts',(-9.02984389055446,0.00821265107074241,
0.657525418651298));
#3662=CARTESIAN_POINT('Ctrl Pts',(-9.09777239604601,0.00641056517436503,
0.648583058175436));
#3663=CARTESIAN_POINT('Ctrl Pts',(-9.14057003427911,0.00527628295570439,
0.643002820593712));
#3664=CARTESIAN_POINT('Ctrl Pts',(-9.18337296817353,0.00414299011804752,
0.637475694513533));
#3665=CARTESIAN_POINT('Ctrl Pts',(-8.98251898083591,0.0190944675465269,
0.680539065101266));
#3666=CARTESIAN_POINT('Ctrl Pts',(-9.00764368295706,0.0184163181921882,
0.677201147545973));
#3667=CARTESIAN_POINT('Ctrl Pts',(-9.03277023668903,0.0177385475326724,
0.673881362207913));
#3668=CARTESIAN_POINT('Ctrl Pts',(-9.10067740375985,0.0159079771416684,
0.664958955690652));
#3669=CARTESIAN_POINT('Ctrl Pts',(-9.1434615619836,0.0147557779307921,0.659391226268412));
#3670=CARTESIAN_POINT('Ctrl Pts',(-9.18625097869084,0.0136045955403419,
0.653876546451421));
#3671=CARTESIAN_POINT('Ctrl Pts',(-8.98546107921652,0.0286414742508172,
0.696880171735737));
#3672=CARTESIAN_POINT('Ctrl Pts',(-9.01057791190025,0.0279527648987195,
0.693549684213311));
#3673=CARTESIAN_POINT('Ctrl Pts',(-9.0356965828236,0.0272644439946402,0.690237305764503));
#3674=CARTESIAN_POINT('Ctrl Pts',(-9.10358241147363,0.0254053891088076,
0.681334853205986));
#3675=CARTESIAN_POINT('Ctrl Pts',(-9.14635308968792,0.0242352729054007,
0.675779631943445));
#3676=CARTESIAN_POINT('Ctrl Pts',(-9.18912898920814,0.0230662009626363,
0.670277398389309));
#3677=CARTESIAN_POINT('Ctrl Pts',(-5.88786549917871,14.2180733111751,7.97095474283305));
#3678=CARTESIAN_POINT('Ctrl Pts',(-10.7128803071731,14.2821003952524,9.54696800874259));
#3679=CARTESIAN_POINT('Ctrl Pts',(-21.2564322168417,14.4646054379014,15.6276475912468));
#3680=CARTESIAN_POINT('Ctrl Pts',(-28.1647019980596,14.5575042755935,25.919801183472));
#3681=CARTESIAN_POINT('Ctrl Pts',(-30.438231698546,14.5966063307257,32.3996313175978));
#3682=CARTESIAN_POINT('Ctrl Pts',(-5.88787545026962,14.9376020765814,8.00825778476076));
#3683=CARTESIAN_POINT('Ctrl Pts',(-10.6705634241753,14.9946499496487,9.67339064139735));
#3684=CARTESIAN_POINT('Ctrl Pts',(-21.0801261222272,15.1309514791819,15.8410101076913));
#3685=CARTESIAN_POINT('Ctrl Pts',(-27.8873013062516,15.1964843519136,26.0771691000461));
#3686=CARTESIAN_POINT('Ctrl Pts',(-30.1232567962469,15.224049565909,32.5102698827163));
#3687=CARTESIAN_POINT('Ctrl Pts',(-5.88788540136053,15.6571308419877,8.04556082668847));
#3688=CARTESIAN_POINT('Ctrl Pts',(-10.6282465411775,15.7071995040451,9.79981327405211));
#3689=CARTESIAN_POINT('Ctrl Pts',(-20.9038200276128,15.7972975204623,16.0543726241358));
#3690=CARTESIAN_POINT('Ctrl Pts',(-27.6099006144437,15.8354644282337,26.2345370166201));
#3691=CARTESIAN_POINT('Ctrl Pts',(-29.8082818939478,15.8514928010924,32.6209084478349));
#3692=CARTESIAN_POINT('Ctrl Pts',(-5.88789535245143,16.3766596073939,8.08286386861617));
#3693=CARTESIAN_POINT('Ctrl Pts',(-10.5859296581797,16.4197490584414,9.92623590670686));
#3694=CARTESIAN_POINT('Ctrl Pts',(-20.7275139329983,16.4636435617427,16.2677351405803));
#3695=CARTESIAN_POINT('Ctrl Pts',(-27.3324999226357,16.4744445045539,26.3919049331942));
#3696=CARTESIAN_POINT('Ctrl Pts',(-29.4933069916486,16.4789360362757,32.7315470129534));
#3697=CARTESIAN_POINT('',(-30.438231698546,14.5966063307257,32.3996313175978));
#3698=CARTESIAN_POINT('',(-29.4933069916487,16.4789360362757,32.7315470129534));
#3699=CARTESIAN_POINT('Ctrl Pts',(-30.438231698546,14.5966063307257,32.3996313175978));
#3700=CARTESIAN_POINT('Ctrl Pts',(-28.1647019980596,14.5575042755935,25.919801183472));
#3701=CARTESIAN_POINT('Ctrl Pts',(-21.2779026699794,14.4648941614465,15.6596349351673));
#3702=CARTESIAN_POINT('Ctrl Pts',(-10.7783825401174,14.2832339573261,9.58480540172365));
#3703=CARTESIAN_POINT('Ctrl Pts',(-5.99278785450762,14.2194684822022,8.00540417179466));
#3704=CARTESIAN_POINT('Ctrl Pts',(-37.4399676509031,14.1715290031022,34.7494771541403));
#3705=CARTESIAN_POINT('Ctrl Pts',(-37.0481675774003,14.3581684892474,35.170056839036));
#3706=CARTESIAN_POINT('Ctrl Pts',(-35.6427653787683,14.948631008195,36.2076391577155));
#3707=CARTESIAN_POINT('Ctrl Pts',(-32.5843105700785,15.9155186962257,36.3799547288786));
#3708=CARTESIAN_POINT('Ctrl Pts',(-30.6219529429606,16.3491844415581,34.8202555607547));
#3709=CARTESIAN_POINT('Ctrl Pts',(-29.7917280217016,16.4645086994224,33.4703876927922));
#3710=CARTESIAN_POINT('Ctrl Pts',(-29.6232535448476,16.4792061741903,33.1130651466162));
#3711=CARTESIAN_POINT('Ctrl Pts',(-29.4960928617337,16.4789418273924,32.7397234115658));
#3712=CARTESIAN_POINT('Ctrl Pts',(-36.9388367012014,13.7746652152257,34.4440804348796));
#3713=CARTESIAN_POINT('Ctrl Pts',(-36.5858107303468,13.9429730479567,34.8196399903248));
#3714=CARTESIAN_POINT('Ctrl Pts',(-35.3251408221701,14.4741446928505,35.7406716206232));
#3715=CARTESIAN_POINT('Ctrl Pts',(-32.5889054356883,15.3451394473406,35.8919356450998));
#3716=CARTESIAN_POINT('Ctrl Pts',(-30.8264503590491,15.7365527363906,34.4949104920211));
#3717=CARTESIAN_POINT('Ctrl Pts',(-30.0777186844853,15.8392606214617,33.2833890911566));
#3718=CARTESIAN_POINT('Ctrl Pts',(-29.9259830704789,15.8521638157811,32.9631125463129));
#3719=CARTESIAN_POINT('Ctrl Pts',(-29.810800965095,15.8515074519309,32.6282408034128));
#3720=CARTESIAN_POINT('Ctrl Pts',(-36.4377057514998,13.3778014273492,34.1386837156189));
#3721=CARTESIAN_POINT('Ctrl Pts',(-36.1241797170901,13.5272382195181,34.4667104594662));
#3722=CARTESIAN_POINT('Ctrl Pts',(-35.0068955863577,13.9998678764443,35.2747304140572));
#3723=CARTESIAN_POINT('Ctrl Pts',(-32.5941990540526,14.7744630345512,35.4031197141627));
#3724=CARTESIAN_POINT('Ctrl Pts',(-31.0293830889001,15.1237251686979,34.1681746969686));
#3725=CARTESIAN_POINT('Ctrl Pts',(-30.3642157355726,15.2140532171283,33.0967381177338));
#3726=CARTESIAN_POINT('Ctrl Pts',(-30.2283510566099,15.2250814882895,32.8128696013295));
#3727=CARTESIAN_POINT('Ctrl Pts',(-30.1255090684562,15.2240730764694,32.5167581952598));
#3728=CARTESIAN_POINT('Ctrl Pts',(-35.9365748017981,12.9809376394728,33.8332869963582));
#3729=CARTESIAN_POINT('Ctrl Pts',(-35.6618228700366,13.1120427782274,34.116293610755));
#3730=CARTESIAN_POINT('Ctrl Pts',(-34.6892710297595,13.5253815610997,34.807762876965));
#3731=CARTESIAN_POINT('Ctrl Pts',(-32.5987939196623,14.2040837856661,34.9151006303839));
#3732=CARTESIAN_POINT('Ctrl Pts',(-31.2338805049887,14.5110934635304,33.842829628235));
#3733=CARTESIAN_POINT('Ctrl Pts',(-30.6502063983562,14.5888051391676,32.9097395160981));
#3734=CARTESIAN_POINT('Ctrl Pts',(-30.5310805822413,14.5980391298802,32.6629170010262));
#3735=CARTESIAN_POINT('Ctrl Pts',(-30.4402171718175,14.5966387010079,32.4052755871067));
#3736=CARTESIAN_POINT('',(-30.4402171718175,14.5966387010079,32.4052755871067));
#3737=CARTESIAN_POINT('Ctrl Pts',(-35.9365748017981,12.9809376394728,33.8332869963582));
#3738=CARTESIAN_POINT('Ctrl Pts',(-35.6618228700366,13.1120427782274,34.116293610755));
#3739=CARTESIAN_POINT('Ctrl Pts',(-34.6892710297595,13.5253815610997,34.807762876965));
#3740=CARTESIAN_POINT('Ctrl Pts',(-32.5987939196623,14.2040837856661,34.9151006303839));
#3741=CARTESIAN_POINT('Ctrl Pts',(-31.2338805049887,14.5110934635304,33.842829628235));
#3742=CARTESIAN_POINT('Ctrl Pts',(-30.6502063983562,14.5888051391676,32.9097395160981));
#3743=CARTESIAN_POINT('Ctrl Pts',(-30.5310805822413,14.5980391298802,32.6629170010262));
#3744=CARTESIAN_POINT('Ctrl Pts',(-30.4402171718175,14.5966387010079,32.4052755871067));
#3745=CARTESIAN_POINT('',(-30.4402171718175,14.5966387010079,32.4052755871067));
#3746=CARTESIAN_POINT('Ctrl Pts',(-29.4960928617337,16.4789418273924,32.7397234115658));
#3747=CARTESIAN_POINT('Ctrl Pts',(-29.6232535448476,16.4792061741903,33.1130651466162));
#3748=CARTESIAN_POINT('Ctrl Pts',(-29.7917280217016,16.4645086994224,33.4703876927922));
#3749=CARTESIAN_POINT('Ctrl Pts',(-30.6219529429606,16.3491844415581,34.8202555607547));
#3750=CARTESIAN_POINT('Ctrl Pts',(-32.1264854980323,16.0166944698753,36.0160713193772));
#3751=CARTESIAN_POINT('Ctrl Pts',(-33.9157633597481,15.4844360076631,36.2140265257837));
#3752=CARTESIAN_POINT('Ctrl Pts',(-34.5252630432147,15.2873135684089,36.1635385837615));
#3753=CARTESIAN_POINT('Ctrl Pts',(-30.438231698546,14.5966063307257,32.3996313175978));
#3754=CARTESIAN_POINT('Ctrl Pts',(-30.4388920225313,14.5966176875269,32.4015133195162));
#3755=CARTESIAN_POINT('Ctrl Pts',(-30.4395538472526,14.5966284775432,32.4033947433438));
#3756=CARTESIAN_POINT('Ctrl Pts',(-30.4402171718175,14.5966387010079,32.4052755871067));
#3757=CARTESIAN_POINT('Ctrl Pts',(-30.1232567962469,15.224049565909,32.5102698827163));
#3758=CARTESIAN_POINT('Ctrl Pts',(-30.1240066604465,15.2240577807558,32.5124330347402));
#3759=CARTESIAN_POINT('Ctrl Pts',(-30.1247574176425,15.2240656175614,32.5145958048515));
#3760=CARTESIAN_POINT('Ctrl Pts',(-30.1255090684562,15.2240730764694,32.5167581952598));
#3761=CARTESIAN_POINT('Ctrl Pts',(-29.8082818939478,15.8514928010924,32.6209084478348));
#3762=CARTESIAN_POINT('Ctrl Pts',(-29.8091212983617,15.8514978739847,32.6233527499642));
#3763=CARTESIAN_POINT('Ctrl Pts',(-29.8099609880323,15.8515027575796,32.6257968663592));
#3764=CARTESIAN_POINT('Ctrl Pts',(-29.8108009650949,15.8515074519309,32.6282408034128));
#3765=CARTESIAN_POINT('Ctrl Pts',(-29.4933069916486,16.4789360362757,32.7315470129534));
#3766=CARTESIAN_POINT('Ctrl Pts',(-29.4942359362769,16.4789379672136,32.7342724651881));
#3767=CARTESIAN_POINT('Ctrl Pts',(-29.4951645584222,16.4789398975978,32.7369979278669));
#3768=CARTESIAN_POINT('Ctrl Pts',(-29.4960928617337,16.4789418273924,32.7397234115658));
#3769=CARTESIAN_POINT('Ctrl Pts',(-30.4402171718175,14.5966387010079,32.4052755871067));
#3770=CARTESIAN_POINT('Ctrl Pts',(-30.4395538472526,14.5966284775432,32.4033947433438));
#3771=CARTESIAN_POINT('Ctrl Pts',(-30.4388920225313,14.5966176875269,32.4015133195162));
#3772=CARTESIAN_POINT('Ctrl Pts',(-30.438231698546,14.5966063307257,32.3996313175978));
#3773=CARTESIAN_POINT('Ctrl Pts',(-9.52515603777085,0.0211944211323173,
0.86893998332553));
#3774=CARTESIAN_POINT('Ctrl Pts',(-12.4340545694727,-0.0167950377518278,
0.53088943122423));
#3775=CARTESIAN_POINT('Ctrl Pts',(-18.313948056202,-0.0705848494219405,
0.371990325535581));
#3776=CARTESIAN_POINT('Ctrl Pts',(-28.0132552993502,-0.0931243080040167,
1.86841090981833));
#3777=CARTESIAN_POINT('Ctrl Pts',(-38.1366859550949,-0.0586033478876385,
5.73070820423609));
#3778=CARTESIAN_POINT('Ctrl Pts',(-44.6042097693696,-0.00618444179617916,
10.2119924538931));
#3779=CARTESIAN_POINT('Ctrl Pts',(-47.5176912981573,0.0237163081100482,
12.8010651045702));
#3780=CARTESIAN_POINT('Ctrl Pts',(-9.47110970532393,2.46412930577974,1.62374954513333));
#3781=CARTESIAN_POINT('Ctrl Pts',(-12.4160731296173,2.47914424621393,1.48277778614436));
#3782=CARTESIAN_POINT('Ctrl Pts',(-18.332057076411,2.52547127418057,1.73711872959096));
#3783=CARTESIAN_POINT('Ctrl Pts',(-27.9636344661836,2.66841123555451,3.94583262435406));
#3784=CARTESIAN_POINT('Ctrl Pts',(-37.8265639485126,2.88691458529194,8.57763880482433));
#3785=CARTESIAN_POINT('Ctrl Pts',(-43.9325251061534,3.07334364436286,13.5495462003637));
#3786=CARTESIAN_POINT('Ctrl Pts',(-46.6219546311356,3.1709703499827,16.3500928446949));
#3787=CARTESIAN_POINT('Ctrl Pts',(-9.24025288835833,6.40872390532773,3.1536597334028));
#3788=CARTESIAN_POINT('Ctrl Pts',(-12.1818070439156,6.44915975562553,3.33806343857021));
#3789=CARTESIAN_POINT('Ctrl Pts',(-18.0581818829502,6.53929948450176,4.28439939047843));
#3790=CARTESIAN_POINT('Ctrl Pts',(-27.4316825571668,6.74164783047333,7.72619312076057));
#3791=CARTESIAN_POINT('Ctrl Pts',(-36.6908083833503,7.02291980769969,13.7119467775735));
#3792=CARTESIAN_POINT('Ctrl Pts',(-42.0481852940165,7.26550319216554,19.5298106825468));
#3793=CARTESIAN_POINT('Ctrl Pts',(-44.2837490545628,7.39588103791221,22.6856476880478));
#3794=CARTESIAN_POINT('Ctrl Pts',(-7.95892438887424,11.3330928279596,5.83939535181341));
#3795=CARTESIAN_POINT('Ctrl Pts',(-10.8368365219169,11.3368787597772,6.42791612624012));
#3796=CARTESIAN_POINT('Ctrl Pts',(-16.4962999969328,11.3659253908711,8.23124521329743));
#3797=CARTESIAN_POINT('Ctrl Pts',(-25.1450515289916,11.4664097095436,13.1876640578778));
#3798=CARTESIAN_POINT('Ctrl Pts',(-33.1017428260876,11.6204056838587,20.8169882619623));
#3799=CARTESIAN_POINT('Ctrl Pts',(-37.1166167696869,11.7614948983462,27.662860495235));
#3800=CARTESIAN_POINT('Ctrl Pts',(-38.6074459908114,11.8404536710411,31.2542751310783));
#3801=CARTESIAN_POINT('Ctrl Pts',(-6.35561949881831,13.6805442847472,7.53733249609861));
#3802=CARTESIAN_POINT('Ctrl Pts',(-9.19663216201383,13.6517612892529,8.32508397122744));
#3803=CARTESIAN_POINT('Ctrl Pts',(-14.7199565598081,13.6279017398894,10.5401457898798));
#3804=CARTESIAN_POINT('Ctrl Pts',(-22.9091935846737,13.6461687142017,16.1924451373608));
#3805=CARTESIAN_POINT('Ctrl Pts',(-30.0671495604009,13.7041373654727,24.5521289228301));
#3806=CARTESIAN_POINT('Ctrl Pts',(-33.2856634438093,13.7616936137142,31.855847194693));
#3807=CARTESIAN_POINT('Ctrl Pts',(-34.3358784104325,13.793199958868,35.6501895163876));
#3808=CARTESIAN_POINT('Ctrl Pts',(-5.19376361679743,14.7164202578412,8.27359055934454));
#3809=CARTESIAN_POINT('Ctrl Pts',(-8.02033078929699,14.6698897783645,9.14988831359562));
#3810=CARTESIAN_POINT('Ctrl Pts',(-13.4861155276935,14.6145189688695,11.555334574006));
#3811=CARTESIAN_POINT('Ctrl Pts',(-21.475134967915,14.5835445089829,17.5427088888435));
#3812=CARTESIAN_POINT('Ctrl Pts',(-28.2739483371532,14.5857955140719,26.2590018682745));
#3813=CARTESIAN_POINT('Ctrl Pts',(-31.1173517676671,14.599680162471,33.779300482166));
#3814=CARTESIAN_POINT('Ctrl Pts',(-31.9536113052478,14.6082583121783,37.6626437355363));
#3815=CARTESIAN_POINT('Ctrl Pts',(-48.3736048582251,1.44198135521,12.6488873889166));
#3816=CARTESIAN_POINT('Ctrl Pts',(-48.4746079387314,1.57729819107886,12.5358749034352));
#3817=CARTESIAN_POINT('Ctrl Pts',(-48.5755230124725,1.71264075191784,12.4229465346363));
#3818=CARTESIAN_POINT('Ctrl Pts',(-48.6763554415047,1.84800834784229,12.3100965020047));
#3819=CARTESIAN_POINT('Ctrl Pts',(-47.917509230908,0.556483006179788,11.2230232297592));
#3820=CARTESIAN_POINT('Ctrl Pts',(-48.0197167835528,0.693016455843505,11.1117706644446));
#3821=CARTESIAN_POINT('Ctrl Pts',(-48.1218423044726,0.829525822431517,11.0005677969307));
#3822=CARTESIAN_POINT('Ctrl Pts',(-48.2238441313377,0.966062970092834,10.8894213892973));
#3823=CARTESIAN_POINT('Ctrl Pts',(-47.0773852206568,-0.0712604292850479,
9.76251455604412));
#3824=CARTESIAN_POINT('Ctrl Pts',(-47.1817805682563,0.0656142600208777,
9.65307567660394));
#3825=CARTESIAN_POINT('Ctrl Pts',(-47.2860557237904,0.202457483675895,9.54365178954281));
#3826=CARTESIAN_POINT('Ctrl Pts',(-47.3901747416476,0.33932364988604,9.43425718499087));
#3827=CARTESIAN_POINT('Ctrl Pts',(-45.9631162756461,-0.359143675753547,
8.45838760580106));
#3828=CARTESIAN_POINT('Ctrl Pts',(-46.0701064410617,-0.223064179230318,
8.35007512605971));
#3829=CARTESIAN_POINT('Ctrl Pts',(-46.1769125397308,-0.086972534073289,
8.24176679614958));
#3830=CARTESIAN_POINT('Ctrl Pts',(-46.2835444742266,0.0491313138989125,
8.13346136304524));
#3831=CARTESIAN_POINT('Ctrl Pts',(-48.5297451034657,1.60263256214928,12.0355167583836));
#3832=CARTESIAN_POINT('Ctrl Pts',(-48.4646230824283,1.49232546306631,11.8236534539333));
#3833=CARTESIAN_POINT('Ctrl Pts',(-48.3907061408737,1.38571595689584,11.612668623637));
#3834=CARTESIAN_POINT('Ctrl Pts',(-48.3082384535549,1.2830012710314,11.402949006886));
#3835=CARTESIAN_POINT('Ctrl Pts',(-48.2260893713362,1.18068341238303,11.1940396194704));
#3836=CARTESIAN_POINT('Ctrl Pts',(-48.1354551639847,1.0822301563346,10.9863851966894));
#3837=CARTESIAN_POINT('Ctrl Pts',(-48.0365407291062,0.987871805512641,10.7803757219295));
#3838=CARTESIAN_POINT('Ctrl Pts',(-47.9529464187129,0.908127921048275,10.6062735294822));
#3839=CARTESIAN_POINT('Ctrl Pts',(-47.8634374666746,0.831309243752443,10.4333461691381));
#3840=CARTESIAN_POINT('Ctrl Pts',(-47.7681196119063,0.757576104818704,10.2618372780662));
#3841=CARTESIAN_POINT('Ctrl Pts',(-47.6545010794908,0.669686474314478,10.057399310519));
#3842=CARTESIAN_POINT('Ctrl Pts',(-47.5330766302017,0.586526625279576,9.85577526077371));
#3843=CARTESIAN_POINT('Ctrl Pts',(-47.4041773548989,0.508292817872078,9.65732563835334));
#3844=CARTESIAN_POINT('Ctrl Pts',(-47.2747656136348,0.429747975641309,9.45808703805648));
#3845=CARTESIAN_POINT('Ctrl Pts',(-47.1378191602256,0.3561682300712,9.2620476421842));
#3846=CARTESIAN_POINT('Ctrl Pts',(-46.9936339259571,0.287787180244478,9.06957681692824));
#3847=CARTESIAN_POINT('Ctrl Pts',(-46.8500827093699,0.219706818590665,8.87795233288716));
#3848=CARTESIAN_POINT('Ctrl Pts',(-46.6993558702842,0.156779385504055,8.68986461414932));
#3849=CARTESIAN_POINT('Ctrl Pts',(-46.5417120364976,0.0992724903701261,
8.50569017329009));
#3850=CARTESIAN_POINT('Ctrl Pts',(-46.4453879042607,0.0641344095562118,
8.39315520906193));
#3851=CARTESIAN_POINT('Ctrl Pts',(-46.3464806837644,0.03102081850667,8.28208153229441));
#3852=CARTESIAN_POINT('Ctrl Pts',(-46.2450440524861,1.49346313094156E-10,
8.17255844306899));
#3853=CARTESIAN_POINT('Ctrl Pts',(-8.90801853073483,-0.497072879282993,
-1.30036611491981));
#3854=CARTESIAN_POINT('Ctrl Pts',(-12.9871863732906,-0.393592854115495,
-1.8730312059733));
#3855=CARTESIAN_POINT('Ctrl Pts',(-21.2765590876861,-0.232808520809536,
-2.00481529225046));
#3856=CARTESIAN_POINT('Ctrl Pts',(-35.391141547623,-0.0695598307890647,
1.22025509514498));
#3857=CARTESIAN_POINT('Ctrl Pts',(-44.4029015979012,-0.010352934840234,
6.43562433693794));
#3858=CARTESIAN_POINT('Ctrl Pts',(-49.0788398748623,0.0173730107163916,
10.4172077402305));
#3859=CARTESIAN_POINT('Ctrl Pts',(-9.00773626490485,2.34376016188062,-0.531903385033862));
#3860=CARTESIAN_POINT('Ctrl Pts',(-13.1553581540143,2.54012969745827,-0.78597133375047));
#3861=CARTESIAN_POINT('Ctrl Pts',(-21.4889127870238,2.89620365347962,-0.240748171394915));
#3862=CARTESIAN_POINT('Ctrl Pts',(-35.3617417744471,3.41079627940647,4.17253845664826));
#3863=CARTESIAN_POINT('Ctrl Pts',(-43.8965439795793,3.71084261758761,10.1419194567379));
#3864=CARTESIAN_POINT('Ctrl Pts',(-48.1798912270366,3.8855393953018,14.4857409691942));
#3865=CARTESIAN_POINT('Ctrl Pts',(-9.03767825734805,6.9224053118791,1.11921654049455));
#3866=CARTESIAN_POINT('Ctrl Pts',(-13.1939034728326,7.16818624413387,1.39310372608705));
#3867=CARTESIAN_POINT('Ctrl Pts',(-21.4516192847411,7.62325503592591,3.09431216762385));
#3868=CARTESIAN_POINT('Ctrl Pts',(-34.6653532155164,8.27860801480524,9.63073912560607));
#3869=CARTESIAN_POINT('Ctrl Pts',(-42.1776233905225,8.68840338543281,16.9352301780608));
#3870=CARTESIAN_POINT('Ctrl Pts',(-45.6365385758137,8.93529723101595,21.8807069969295));
#3871=CARTESIAN_POINT('Ctrl Pts',(-8.05026338903998,11.9344066056565,3.84403379935441));
#3872=CARTESIAN_POINT('Ctrl Pts',(-12.1042725838375,12.1194183789789,4.69411990065735));
#3873=CARTESIAN_POINT('Ctrl Pts',(-19.9739039999837,12.4251623228406,7.58652457453157));
#3874=CARTESIAN_POINT('Ctrl Pts',(-31.8229569674604,12.8331699750288,16.2054304990581));
#3875=CARTESIAN_POINT('Ctrl Pts',(-37.7192898687945,13.0823780585473,24.8254892136666));
#3876=CARTESIAN_POINT('Ctrl Pts',(-40.0443643301252,13.240481328812,30.3794058436191));
#3877=CARTESIAN_POINT('Ctrl Pts',(-6.50444372239534,14.8644078661802,5.87295515382231));
#3878=CARTESIAN_POINT('Ctrl Pts',(-10.4747514623391,14.9868414458096,7.06452961302771));
#3879=CARTESIAN_POINT('Ctrl Pts',(-18.0509773299095,15.164848104243,10.6205442528465));
#3880=CARTESIAN_POINT('Ctrl Pts',(-28.9412809387924,15.3787476798174,20.3361982888323));
#3881=CARTESIAN_POINT('Ctrl Pts',(-33.7582461522943,15.4990442834793,29.6426354288591));
#3882=CARTESIAN_POINT('Ctrl Pts',(-35.3256707470973,15.5713048187372,35.5310177224015));
#3883=CARTESIAN_POINT('Ctrl Pts',(-5.32655508628457,16.1430658952695,6.83335662162248));
#3884=CARTESIAN_POINT('Ctrl Pts',(-9.25783177240419,16.2346315983376,8.17910842353458));
#3885=CARTESIAN_POINT('Ctrl Pts',(-16.6941913889235,16.3486843825593,12.0376443028056));
#3886=CARTESIAN_POINT('Ctrl Pts',(-27.1329198447167,16.457511295819,22.2545188518754));
#3887=CARTESIAN_POINT('Ctrl Pts',(-31.4397846113452,16.5070772370216,31.8623943150869));
#3888=CARTESIAN_POINT('Ctrl Pts',(-32.637356510018,16.5341375024428,37.8927072857283));
#3889=CARTESIAN_POINT('Ctrl Pts',(-4.6242653151134,16.7267520582889,7.24682058164075));
#3890=CARTESIAN_POINT('Ctrl Pts',(-8.53849654333899,16.8060082438051,8.66643243816275));
#3891=CARTESIAN_POINT('Ctrl Pts',(-15.909258409917,16.8899246289458,12.6782873742058));
#3892=CARTESIAN_POINT('Ctrl Pts',(-26.1346788957488,16.9465212663679,23.1507670339647));
#3893=CARTESIAN_POINT('Ctrl Pts',(-30.1984964589501,16.9594627935285,32.9123545111862));
#3894=CARTESIAN_POINT('Ctrl Pts',(-31.2154349111816,16.9651238059088,39.007193379658));
#3895=CARTESIAN_POINT('Ctrl Pts',(-29.6329113461659,16.9578878718577,32.6961192552301));
#3896=CARTESIAN_POINT('Ctrl Pts',(-29.8414947692707,16.9587577191645,33.3131585176123));
#3897=CARTESIAN_POINT('Ctrl Pts',(-30.1623376215071,16.9190145965874,33.8857368025011));
#3898=CARTESIAN_POINT('Ctrl Pts',(-30.993611392167,16.7669341425677,34.8768267247248));
#3899=CARTESIAN_POINT('Ctrl Pts',(-31.4960125262797,16.6560106265767,35.2859264232104));
#3900=CARTESIAN_POINT('Ctrl Pts',(-32.6171765528732,16.3755651004804,35.8851272204192));
#3901=CARTESIAN_POINT('Ctrl Pts',(-33.2250992497534,16.2086664716919,36.0696370571037));
#3902=CARTESIAN_POINT('Ctrl Pts',(-34.0812606462679,15.9516012566277,36.1514379048624));
#3903=CARTESIAN_POINT('Ctrl Pts',(-34.3169019419695,15.878587830107,36.1557434068201));
#3904=CARTESIAN_POINT('Ctrl Pts',(-34.5506937769947,15.8037693961424,36.1420746433892));
#3905=CARTESIAN_POINT('Ctrl Pts',(-29.4960928617337,16.4789418273924,32.7397234115658));
#3906=CARTESIAN_POINT('Ctrl Pts',(-29.5486367802875,16.6629000838001,32.7229466963103));
#3907=CARTESIAN_POINT('Ctrl Pts',(-29.6011884343846,16.8468582242193,32.7062032532493));
#3908=CARTESIAN_POINT('Ctrl Pts',(-29.653747508312,17.030816343053,32.6894928365976));
#3909=CARTESIAN_POINT('Ctrl Pts',(-29.7962169947514,16.4520007007354,33.6465283375499));
#3910=CARTESIAN_POINT('Ctrl Pts',(-29.8481105762026,16.6361394172479,33.6305329485232));
#3911=CARTESIAN_POINT('Ctrl Pts',(-29.9000250999157,16.8202748683489,33.6145806349586));
#3912=CARTESIAN_POINT('Ctrl Pts',(-29.9519340648522,17.004413312528,33.5986422637435));
#3913=CARTESIAN_POINT('Ctrl Pts',(-31.0915492343405,16.2008799376081,35.5624584693495));
#3914=CARTESIAN_POINT('Ctrl Pts',(-31.142826157202,16.3852216996812,35.5486426433933));
#3915=CARTESIAN_POINT('Ctrl Pts',(-31.1941007717694,16.5695665616522,35.5348534357948));
#3916=CARTESIAN_POINT('Ctrl Pts',(-31.2453851946208,16.7539105787283,35.5210757850241));
#3917=CARTESIAN_POINT('Ctrl Pts',(-33.2945897407144,15.6018035302823,36.2729073908617));
#3918=CARTESIAN_POINT('Ctrl Pts',(-33.3470103064638,15.7858760761771,36.2604445231434));
#3919=CARTESIAN_POINT('Ctrl Pts',(-33.3994471675479,15.9699451801374,36.2479475148595));
#3920=CARTESIAN_POINT('Ctrl Pts',(-33.4518580062329,16.1540265348609,36.2355205674199));
#3921=CARTESIAN_POINT('Ctrl Pts',(-34.5110978053192,15.2375365823304,36.1694733713897));
#3922=CARTESIAN_POINT('Ctrl Pts',(-34.5642373475789,15.4214312703013,36.157145574142));
#3923=CARTESIAN_POINT('Ctrl Pts',(-34.6173682095729,15.6053320650333,36.1448382543465));
#3924=CARTESIAN_POINT('Ctrl Pts',(-34.6704904698431,15.7892388730302,36.1325511554927));
#3925=CARTESIAN_POINT('Origin',(0.,0.,0.));
#3926=CARTESIAN_POINT('',(-3.70357685018017,16.7567215700794,-9.2888922120878));
#3927=CARTESIAN_POINT('Ctrl Pts',(-2.24824464019483,15.5116268457005,-9.74399281803077));
#3928=CARTESIAN_POINT('Ctrl Pts',(-2.73857583058071,15.9622972350385,-9.63085803937356));
#3929=CARTESIAN_POINT('Ctrl Pts',(-3.22533639106406,16.3738338094201,-9.47957160061455));
#3930=CARTESIAN_POINT('Ctrl Pts',(-3.70357685062139,16.7567215700545,-9.28889221121342));
#3931=CARTESIAN_POINT('',(-4.05601776932705,16.3766596073939,-9.14049888435576));
#3932=CARTESIAN_POINT('Ctrl Pts',(-3.70357764966374,16.756723663799,-9.28889327177557));
#3933=CARTESIAN_POINT('Ctrl Pts',(-3.7739404020199,16.6797357766062,-9.26083396979243));
#3934=CARTESIAN_POINT('Ctrl Pts',(-3.84452739692294,16.6031452683839,-9.23176741530354));
#3935=CARTESIAN_POINT('Ctrl Pts',(-3.91527690653388,16.5270694304099,-9.20166407610014));
#3936=CARTESIAN_POINT('Ctrl Pts',(-3.96212100275392,16.4766987084973,-9.1817322952872));
#3937=CARTESIAN_POINT('Ctrl Pts',(-4.00903712082896,16.4265530967646,-9.16134613775066));
#3938=CARTESIAN_POINT('Ctrl Pts',(-4.05601776932714,16.376659607394,-9.14049888435578));
#3939=CARTESIAN_POINT('Ctrl Pts',(-4.05601776932727,16.3766596073939,-9.14049888435535));
#3940=CARTESIAN_POINT('Ctrl Pts',(-4.04092816512843,16.0882755239844,-9.14719476644417));
#3941=CARTESIAN_POINT('Ctrl Pts',(-4.02549132600584,15.7999524568395,-9.15400004721399));
#3942=CARTESIAN_POINT('Ctrl Pts',(-4.00969624957185,15.5116268457,-9.16091349081353));
#3943=CARTESIAN_POINT('Origin',(0.,0.,0.));
#3944=CARTESIAN_POINT('',(13.2325446434097,1.44198133848193,-48.2172143645436));
#3945=CARTESIAN_POINT('',(8.80367467436547,3.70547485937763,-49.2188511876084));
#3946=CARTESIAN_POINT('Ctrl Pts',(13.2325446060026,1.44198136348263,-48.2172143870853));
#3947=CARTESIAN_POINT('Ctrl Pts',(13.0610452287151,1.50753447679627,-48.2642800085383));
#3948=CARTESIAN_POINT('Ctrl Pts',(12.8898973455054,1.57487609914916,-48.3102647508169));
#3949=CARTESIAN_POINT('Ctrl Pts',(11.9619194997277,1.95125883660272,-48.5543584167945));
#3950=CARTESIAN_POINT('Ctrl Pts',(11.2123946718315,2.29603039469302,-48.7323008370775));
#3951=CARTESIAN_POINT('Ctrl Pts',(10.1258082133902,2.87953385210793,-48.9653164894553));
#3952=CARTESIAN_POINT('Ctrl Pts',(9.77285614464584,3.08304529463341,-49.0368828101762));
#3953=CARTESIAN_POINT('Ctrl Pts',(9.21606781270957,3.4299979134447,-49.1437674622521));
#3954=CARTESIAN_POINT('Ctrl Pts',(9.00852161578429,3.56536207773645,-49.1822106365435));
#3955=CARTESIAN_POINT('Ctrl Pts',(8.80367467436546,3.70547485937763,-49.2188511876083));
#3956=CARTESIAN_POINT('',(8.54150541741346,3.88627446946321,-49.2650249690822));
#3957=CARTESIAN_POINT('Ctrl Pts',(8.80367467436548,3.70547485937762,-49.2188511876083));
#3958=CARTESIAN_POINT('Ctrl Pts',(8.7598723456443,3.73543511202762,-49.2266860200503));
#3959=CARTESIAN_POINT('Ctrl Pts',(8.71616668617663,3.76544955068925,-49.2344433850225));
#3960=CARTESIAN_POINT('Ctrl Pts',(8.67246252341456,3.79558799397453,-49.2421405057956));
#3961=CARTESIAN_POINT('Ctrl Pts',(8.62874319235812,3.82573689733389,-49.2498402979892));
#3962=CARTESIAN_POINT('Ctrl Pts',(8.58512230785334,3.85594303821353,-49.2574627298219));
#3963=CARTESIAN_POINT('Ctrl Pts',(8.54150541741348,3.88627446946319,-49.2650249690823));
#3964=CARTESIAN_POINT('',(-11.2771281363179,13.401087344566,-48.7116657588002));
#3965=CARTESIAN_POINT('Ctrl Pts',(8.54150541741347,3.88627446946321,-49.2650249690823));
#3966=CARTESIAN_POINT('Ctrl Pts',(7.5662212104529,4.56460526994044,-49.4341184657871));
#3967=CARTESIAN_POINT('Ctrl Pts',(6.56715937430712,5.20961196051883,-49.5771728777686));
#3968=CARTESIAN_POINT('Ctrl Pts',(5.54816957142439,5.82518587405086,-49.6908678990191));
#3969=CARTESIAN_POINT('Ctrl Pts',(4.57653902794033,6.41214995795796,-49.7992787535502));
#3970=CARTESIAN_POINT('Ctrl Pts',(3.58678953582183,6.97235349256926,-49.8809959659627));
#3971=CARTESIAN_POINT('Ctrl Pts',(2.58225836080359,7.50918943251126,-49.9330986387013));
#3972=CARTESIAN_POINT('Ctrl Pts',(1.85228627137557,7.89929703942789,-49.9709605765183));
#3973=CARTESIAN_POINT('Ctrl Pts',(1.11450848659744,8.27706546553559,-49.9931833433178));
#3974=CARTESIAN_POINT('Ctrl Pts',(0.370207085783568,8.64380397219056,-49.9986303456219));
#3975=CARTESIAN_POINT('Ctrl Pts',(-0.102870809636222,8.87690293009661,-50.002092459738));
#3976=CARTESIAN_POINT('Ctrl Pts',(-0.57858413514011,9.10554619605694,-49.99877703723));
#3977=CARTESIAN_POINT('Ctrl Pts',(-1.05662508070437,9.32981074923478,-49.9885352219682));
#3978=CARTESIAN_POINT('Ctrl Pts',(-1.78012942073891,9.66923016308552,-49.9730344623357));
#3979=CARTESIAN_POINT('Ctrl Pts',(-2.50875096556984,9.99851117552358,-49.9416618769873));
#3980=CARTESIAN_POINT('Ctrl Pts',(-3.24113725310354,10.3178028084682,-49.8939203007166));
#3981=CARTESIAN_POINT('Ctrl Pts',(-3.97100600214758,10.6359968935899,-49.8463428335477));
#3982=CARTESIAN_POINT('Ctrl Pts',(-4.70461315997156,10.9442702623151,-49.7825085163741));
#3983=CARTESIAN_POINT('Ctrl Pts',(-5.44060641517346,11.242794641651,-49.7019686009568));
#3984=CARTESIAN_POINT('Ctrl Pts',(-6.17195633936973,11.539435651137,-49.621936806346));
#3985=CARTESIAN_POINT('Ctrl Pts',(-6.90566186313594,11.8264504204437,-49.5254093642676));
#3986=CARTESIAN_POINT('Ctrl Pts',(-7.64038983434971,12.1040296792186,-49.4119915584362));
#3987=CARTESIAN_POINT('Ctrl Pts',(-8.36433192020642,12.3775340447269,-49.3002387381492));
#3988=CARTESIAN_POINT('Ctrl Pts',(-9.08926620505783,12.6418780517841,-49.1720877247004));
#3989=CARTESIAN_POINT('Ctrl Pts',(-9.81391820050452,12.8972636663668,-49.0272072113238));
#3990=CARTESIAN_POINT('Ctrl Pts',(-10.301911997314,13.0692449711777,-48.9296420459056));
#3991=CARTESIAN_POINT('Ctrl Pts',(-10.7897778015379,13.2371641165111,-48.8244911382443));
#3992=CARTESIAN_POINT('Ctrl Pts',(-11.2771281363179,13.401087344566,-48.7116657588002));
#3993=CARTESIAN_POINT('',(-11.3477733052915,13.4251093919916,-48.6952568635972));
#3994=CARTESIAN_POINT('Ctrl Pts',(-11.2771281363179,13.401087344566,-48.7116657588002));
#3995=CARTESIAN_POINT('Ctrl Pts',(-11.2889212233704,13.4050475142826,-48.7089355677516));
#3996=CARTESIAN_POINT('Ctrl Pts',(-11.3007043790576,13.4090293028634,-48.706203165943));
#3997=CARTESIAN_POINT('Ctrl Pts',(-11.3124812344055,13.4130339076934,-48.703467725093));
#3998=CARTESIAN_POINT('Ctrl Pts',(-11.3242540387618,13.4170371350232,-48.7007332251773));
#3999=CARTESIAN_POINT('Ctrl Pts',(-11.3360168479407,13.4210619050321,-48.6979965475312));
#4000=CARTESIAN_POINT('Ctrl Pts',(-11.3477733052915,13.4251093919916,-48.6952568635972));
#4001=CARTESIAN_POINT('',(-14.058030298979,15.2874238690771,-47.9830364203063));
#4002=CARTESIAN_POINT('Ctrl Pts',(-11.3477733052915,13.4251093919916,-48.6952568635972));
#4003=CARTESIAN_POINT('Ctrl Pts',(-11.4300661949171,13.4534410047966,-48.6760796148002));
#4004=CARTESIAN_POINT('Ctrl Pts',(-11.5115231299052,13.4838643949011,-48.6568774266414));
#4005=CARTESIAN_POINT('Ctrl Pts',(-11.6856226797161,13.5539806284273,-48.6153827285901));
#4006=CARTESIAN_POINT('Ctrl Pts',(-11.7777687416123,13.5942795379626,-48.5931368618441));
#4007=CARTESIAN_POINT('Ctrl Pts',(-12.0712727564516,13.7326429320065,-48.5214159504569));
#4008=CARTESIAN_POINT('Ctrl Pts',(-12.2668800486169,13.8403847547104,-48.4722821487619));
#4009=CARTESIAN_POINT('Ctrl Pts',(-12.9971539612208,14.295666732108,-48.2844200450191));
#4010=CARTESIAN_POINT('Ctrl Pts',(-13.5216678657907,14.7367147005373,-48.1401794420862));
#4011=CARTESIAN_POINT('Ctrl Pts',(-14.0580302989675,15.2874238690714,-47.9830364203154));
#4012=CARTESIAN_POINT('',(-14.0246078981512,15.8037693961424,-47.992815850949));
#4013=CARTESIAN_POINT('Ctrl Pts',(-14.0580302989654,15.2874238690719,-47.9830364203026));
#4014=CARTESIAN_POINT('Ctrl Pts',(-14.047618111259,15.4597181898457,-47.9860869365923));
#4015=CARTESIAN_POINT('Ctrl Pts',(-14.0364203766875,15.6319452577824,-47.9893473623789));
#4016=CARTESIAN_POINT('Ctrl Pts',(-14.0245400252976,15.8037607993739,-47.9927917524374));
#4017=CARTESIAN_POINT('',(13.8418756992006,1.60253948619964,-48.0458372507735));
#4018=CARTESIAN_POINT('Ctrl Pts',(-14.0246078981512,15.8037693961424,-47.9928158509491));
#4019=CARTESIAN_POINT('Ctrl Pts',(-11.2060309210277,14.9566037667615,-48.8164690630815));
#4020=CARTESIAN_POINT('Ctrl Pts',(-8.35834190994311,13.971315098702,-49.3782384570147));
#4021=CARTESIAN_POINT('Ctrl Pts',(-1.32559368827767,11.1785670843598,-50.1615237818594));
#4022=CARTESIAN_POINT('Ctrl Pts',(2.80895076071246,9.22438472772219,-50.0716325278573));
#4023=CARTESIAN_POINT('Ctrl Pts',(9.22426771755349,5.29368218233906,-49.2100930707763));
#4024=CARTESIAN_POINT('Ctrl Pts',(11.6189172251329,3.56170007267626,-48.6862655717945));
#4025=CARTESIAN_POINT('Ctrl Pts',(13.8418756992005,1.60253948619931,-48.0458372507742));
#4026=CARTESIAN_POINT('Ctrl Pts',(13.8418092912993,1.6026325621496,-48.0457504779769));
#4027=CARTESIAN_POINT('Ctrl Pts',(13.6399184939432,1.54683668369594,-48.1039761862133));
#4028=CARTESIAN_POINT('Ctrl Pts',(13.4367257073115,1.49319762844635,-48.1611777262281));
#4029=CARTESIAN_POINT('Ctrl Pts',(13.232544640036,1.44198134386771,-48.2172143571733));
#4030=CARTESIAN_POINT('Ctrl Pts',(-11.3321986314769,12.9809376394728,-48.038630201536));
#4031=CARTESIAN_POINT('Ctrl Pts',(-11.3121661702342,12.9740707479198,-48.0436813772524));
#4032=CARTESIAN_POINT('Ctrl Pts',(-11.2920688374593,12.9672202693372,-48.0485415598098));
#4033=CARTESIAN_POINT('Ctrl Pts',(-11.2719090361325,12.960387023773,-48.0532096132914));
#4034=CARTESIAN_POINT('Ctrl Pts',(-11.3373901894151,13.1289948903124,-48.2575057555564));
#4035=CARTESIAN_POINT('Ctrl Pts',(-11.316200520318,13.1217662816097,-48.2627691385272));
#4036=CARTESIAN_POINT('Ctrl Pts',(-11.29495332471,13.1145500498613,-48.2678620387687));
#4037=CARTESIAN_POINT('Ctrl Pts',(-11.2736494397511,13.1073465389704,-48.2727837578));
#4038=CARTESIAN_POINT('Ctrl Pts',(-11.3425817473533,13.277052141152,-48.4763813095768));
#4039=CARTESIAN_POINT('Ctrl Pts',(-11.3202348704019,13.2694618152996,-48.4818568998021));
#4040=CARTESIAN_POINT('Ctrl Pts',(-11.2978378119608,13.2618798303853,-48.4871825177277));
#4041=CARTESIAN_POINT('Ctrl Pts',(-11.2753898433696,13.2543060541679,-48.4923579023085));
#4042=CARTESIAN_POINT('Ctrl Pts',(-11.3477733052915,13.4251093919916,-48.6952568635972));
#4043=CARTESIAN_POINT('Ctrl Pts',(-11.3242692204858,13.4171573489894,-48.7009446610769));
#4044=CARTESIAN_POINT('Ctrl Pts',(-11.3007222992115,13.4092096109094,-48.7065029966866));
#4045=CARTESIAN_POINT('Ctrl Pts',(-11.2771302469882,13.4012655693654,-48.7119320468171));
#4046=CARTESIAN_POINT('',(-11.2719090361324,12.960387023773,-48.0532096132914));
#4047=CARTESIAN_POINT('',(-11.2719090361324,12.960387023773,-48.0532096132914));
#4048=CARTESIAN_POINT('',(-11.3321986314769,12.9809376394728,-48.038630201536));
#4049=CARTESIAN_POINT('Ctrl Pts',(-11.2719090361325,12.960387023773,-48.0532096132914));
#4050=CARTESIAN_POINT('Ctrl Pts',(-11.2920688374593,12.9672202693372,-48.0485415598098));
#4051=CARTESIAN_POINT('Ctrl Pts',(-11.3121661702342,12.9740707479198,-48.0436813772524));
#4052=CARTESIAN_POINT('Ctrl Pts',(-11.3321986314769,12.9809376394728,-48.038630201536));
#4053=CARTESIAN_POINT('',(-11.373946158261,14.1715290031022,-49.7987016796198));
#4054=CARTESIAN_POINT('Ctrl Pts',(8.54150541741347,3.88627446946321,-49.2650249690823));
#4055=CARTESIAN_POINT('Ctrl Pts',(5.95723554427374,5.68727085167516,-49.7176408916829));
#4056=CARTESIAN_POINT('Ctrl Pts',(-0.453146818045703,9.33655191183099,-50.3456210476585));
#4057=CARTESIAN_POINT('Ctrl Pts',(-7.34604198168419,12.0936694221969,-49.6434161291833));
#4058=CARTESIAN_POINT('Ctrl Pts',(-11.2773364207289,13.4186748603234,-48.7379434974091));
#4059=CARTESIAN_POINT('Ctrl Pts',(8.42543603090567,3.77544337618901,-49.04136259902));
#4060=CARTESIAN_POINT('Ctrl Pts',(5.85623233917721,5.56686421009799,-49.4910789940788));
#4061=CARTESIAN_POINT('Ctrl Pts',(-0.515269747852918,9.19808428188922,-50.1136358350361));
#4062=CARTESIAN_POINT('Ctrl Pts',(-7.36739510303491,11.946250217818,-49.4114177682362));
#4063=CARTESIAN_POINT('Ctrl Pts',(-11.2755272925301,13.2659122481399,-48.5096988693699));
#4064=CARTESIAN_POINT('Ctrl Pts',(8.30936664439786,3.66461228291481,-48.8177002289576));
#4065=CARTESIAN_POINT('Ctrl Pts',(5.75522913408067,5.44645756852082,-49.2645170964747));
#4066=CARTESIAN_POINT('Ctrl Pts',(-0.577392677660122,9.05961665194747,-49.8816506224136));
#4067=CARTESIAN_POINT('Ctrl Pts',(-7.38874822438564,11.798831013439,-49.1794194072892));
#4068=CARTESIAN_POINT('Ctrl Pts',(-11.2737181643313,13.1131496359564,-48.2814542413306));
#4069=CARTESIAN_POINT('Ctrl Pts',(8.19329725789006,3.55378118964062,-48.5940378588953));
#4070=CARTESIAN_POINT('Ctrl Pts',(5.65422592898414,5.32605092694366,-49.0379551988706));
#4071=CARTESIAN_POINT('Ctrl Pts',(-0.639515607467336,8.9211490220057,-49.6496654097912));
#4072=CARTESIAN_POINT('Ctrl Pts',(-7.41010134573637,11.6514118090601,-48.9474210463421));
#4073=CARTESIAN_POINT('Ctrl Pts',(-11.2719090361325,12.960387023773,-48.0532096132914));
#4074=CARTESIAN_POINT('',(8.19329725789005,3.55378118964062,-48.5940378588953));
#4075=CARTESIAN_POINT('',(9.09120428500493,4.41116503966238,-50.3242788795681));
#4076=CARTESIAN_POINT('Ctrl Pts',(8.19329725789006,3.55378118964062,-48.5940378588953));
#4077=CARTESIAN_POINT('Ctrl Pts',(5.65422592898414,5.32605092694366,-49.0379551988706));
#4078=CARTESIAN_POINT('Ctrl Pts',(-0.639515607467336,8.9211490220057,-49.6496654097912));
#4079=CARTESIAN_POINT('Ctrl Pts',(-7.41010134573637,11.6514118090601,-48.9474210463421));
#4080=CARTESIAN_POINT('Ctrl Pts',(-11.2719090361325,12.960387023773,-48.0532096132914));
#4081=CARTESIAN_POINT('Ctrl Pts',(8.19329725789008,3.5537811896406,-48.5940378588953));
#4082=CARTESIAN_POINT('Ctrl Pts',(8.27401438248774,3.49744070184966,-48.5799257184312));
#4083=CARTESIAN_POINT('Ctrl Pts',(8.35442263064386,3.4412781409572,-48.5641581690502));
#4084=CARTESIAN_POINT('Ctrl Pts',(8.43448679618139,3.38531561089622,-48.5467431968731));
#4085=CARTESIAN_POINT('Ctrl Pts',(8.30987649012816,3.66509911894787,-48.8186826870185));
#4086=CARTESIAN_POINT('Ctrl Pts',(8.39275025488943,3.6072879234724,-48.8041837203969));
#4087=CARTESIAN_POINT('Ctrl Pts',(8.47531417724076,3.54959753695295,-48.7882143441457));
#4088=CARTESIAN_POINT('Ctrl Pts',(8.55754942224275,3.49203536039002,-48.7707791937848));
#4089=CARTESIAN_POINT('Ctrl Pts',(8.42645572236624,3.77641704825514,-49.0433275151418));
#4090=CARTESIAN_POINT('Ctrl Pts',(8.51148612729111,3.71713514509514,-49.0284417223626));
#4091=CARTESIAN_POINT('Ctrl Pts',(8.59620572383766,3.65791693294871,-49.0122705192411));
#4092=CARTESIAN_POINT('Ctrl Pts',(8.68061204830411,3.59875510988382,-48.9948151906966));
#4093=CARTESIAN_POINT('Ctrl Pts',(8.54303495460433,3.8877349775624,-49.267972343265));
#4094=CARTESIAN_POINT('Ctrl Pts',(8.63022199969279,3.82698236671788,-49.2526997243283));
#4095=CARTESIAN_POINT('Ctrl Pts',(8.71709727043457,3.76623632894446,-49.2363266943365));
#4096=CARTESIAN_POINT('Ctrl Pts',(8.80367467436548,3.70547485937762,-49.2188511876083));
#4097=CARTESIAN_POINT('',(8.43448679618138,3.38531561089622,-48.5467431968731));
#4098=CARTESIAN_POINT('',(8.43448679618138,3.38531561089622,-48.5467431968731));
#4099=CARTESIAN_POINT('Ctrl Pts',(8.43448679618139,3.38531561089622,-48.5467431968731));
#4100=CARTESIAN_POINT('Ctrl Pts',(8.35442263064386,3.4412781409572,-48.5641581690502));
#4101=CARTESIAN_POINT('Ctrl Pts',(8.27401438248774,3.49744070184966,-48.5799257184312));
#4102=CARTESIAN_POINT('Ctrl Pts',(8.19329725789008,3.5537811896406,-48.5940378588953));
#4103=CARTESIAN_POINT('Ctrl Pts',(-4.05601776934206,16.3766596073768,-9.14049888435784));
#4104=CARTESIAN_POINT('Ctrl Pts',(-3.94779930349605,16.5022128098471,-9.12309386267782));
#4105=CARTESIAN_POINT('Ctrl Pts',(-3.83958083765004,16.6277660123175,-9.1056888409978));
#4106=CARTESIAN_POINT('Ctrl Pts',(-3.73136237180403,16.7533192147879,-9.08828381931778));
#4107=CARTESIAN_POINT('Ctrl Pts',(-3.30315541143219,16.4197634987851,-14.1324743365462));
#4108=CARTESIAN_POINT('Ctrl Pts',(-3.20934729817896,16.5594500563758,-14.131288605973));
#4109=CARTESIAN_POINT('Ctrl Pts',(-3.11451951615717,16.6998404400177,-14.1299241054892));
#4110=CARTESIAN_POINT('Ctrl Pts',(-3.02071140290394,16.8395269976084,-14.128738374916));
#4111=CARTESIAN_POINT('Ctrl Pts',(-3.72334034097795,16.4635603345838,-26.0909805545619));
#4112=CARTESIAN_POINT('Ctrl Pts',(-3.65963943275906,16.6182200358958,-26.1124432306045));
#4113=CARTESIAN_POINT('Ctrl Pts',(-3.59624630303765,16.772460967898,-26.1338026593465));
#4114=CARTESIAN_POINT('Ctrl Pts',(-3.53254539481876,16.9271206692099,-26.1552653353891));
#4115=CARTESIAN_POINT('Ctrl Pts',(-9.19462084534373,16.4744540615193,-36.8750641298512));
#4116=CARTESIAN_POINT('Ctrl Pts',(-9.14947069496625,16.6324786221241,-36.9036247442829));
#4117=CARTESIAN_POINT('Ctrl Pts',(-9.1044931210161,16.7908835624771,-36.9325960367808));
#4118=CARTESIAN_POINT('Ctrl Pts',(-9.05934297063863,16.9489081230819,-36.9611566512125));
#4119=CARTESIAN_POINT('Ctrl Pts',(-13.6074578060719,16.478943935907,-41.9165948759997));
#4120=CARTESIAN_POINT('Ctrl Pts',(-13.5713766064186,16.6385919145573,-41.9480344644954));
#4121=CARTESIAN_POINT('Ctrl Pts',(-13.5352954067652,16.7982398932075,-41.9794740529911));
#4122=CARTESIAN_POINT('Ctrl Pts',(-13.4992142071119,16.9578878718577,-42.0109136414868));
#4123=CARTESIAN_POINT('',(-13.4992142071119,16.9578878718577,-42.0109136414868));
#4124=CARTESIAN_POINT('Ctrl Pts',(-3.70357764953893,16.7567236638145,-9.28889327269315));
#4125=CARTESIAN_POINT('Ctrl Pts',(-3.02669197279416,16.8405206393712,-14.2654169054429));
#4126=CARTESIAN_POINT('Ctrl Pts',(-3.56395980607914,16.9272445094677,-26.2166862051013));
#4127=CARTESIAN_POINT('Ctrl Pts',(-9.05934297063863,16.9489081230819,-36.9611566512125));
#4128=CARTESIAN_POINT('Ctrl Pts',(-13.4992142071119,16.9578878718577,-42.0109136414868));
#4129=CARTESIAN_POINT('',(-13.6053857564253,16.4789418273924,-41.9142274364291));
#4130=CARTESIAN_POINT('Ctrl Pts',(-13.6053857564253,16.4789418273924,-41.9142274364291));
#4131=CARTESIAN_POINT('Ctrl Pts',(-13.5699764628206,16.6385905756741,-41.9464386823817));
#4132=CARTESIAN_POINT('Ctrl Pts',(-13.5345859583692,16.7982392365968,-41.9786675037407));
#4133=CARTESIAN_POINT('Ctrl Pts',(-13.4992142071209,16.9578878718661,-42.0109136414632));
#4134=CARTESIAN_POINT('',(-13.599697722558,16.4789360362757,-41.9077266028576));
#4135=CARTESIAN_POINT('Ctrl Pts',(-13.599697722558,16.4789360362757,-41.9077266028576));
#4136=CARTESIAN_POINT('Ctrl Pts',(-13.601593561116,16.4789379672136,-41.9098938186217));
#4137=CARTESIAN_POINT('Ctrl Pts',(-13.6034895699602,16.4789398975978,-41.9120607603295));
#4138=CARTESIAN_POINT('Ctrl Pts',(-13.6053857564253,16.4789418273924,-41.9142274364291));
#4139=CARTESIAN_POINT('Ctrl Pts',(-4.05601776934206,16.3766596073768,-9.14049888435784));
#4140=CARTESIAN_POINT('Ctrl Pts',(-3.30315541143219,16.4197634987851,-14.1324743365462));
#4141=CARTESIAN_POINT('Ctrl Pts',(-3.7231995735758,16.4635456620757,-26.0869742998498));
#4142=CARTESIAN_POINT('Ctrl Pts',(-9.19095551235901,16.4744467587468,-36.8678383822578));
#4143=CARTESIAN_POINT('Ctrl Pts',(-13.5996977550648,16.4789360372437,-41.9077265848855));
#4144=CARTESIAN_POINT('Ctrl Pts',(15.219458656255,-0.00730408805037865,
-45.2804575921806));
#4145=CARTESIAN_POINT('Ctrl Pts',(14.7178190284143,0.354743016900888,-46.416390104094));
#4146=CARTESIAN_POINT('Ctrl Pts',(13.1162735686952,1.5332953470502,-48.7899824507888));
#4147=CARTESIAN_POINT('Ctrl Pts',(10.7753519810691,3.2244975895082,-50.0194079252566));
#4148=CARTESIAN_POINT('Ctrl Pts',(9.38232968890213,4.20728373646017,-50.2722949275872));
#4149=CARTESIAN_POINT('Ctrl Pts',(14.551395821404,-0.00486939203358573,
-44.9826302714737));
#4150=CARTESIAN_POINT('Ctrl Pts',(14.0775812526735,0.33417658394444,-46.0487940330197));
#4151=CARTESIAN_POINT('Ctrl Pts',(12.5730676562429,1.43308483340703,-48.2745361181334));
#4152=CARTESIAN_POINT('Ctrl Pts',(10.3791793314243,3.00961782900448,-49.4449696326664));
#4153=CARTESIAN_POINT('Ctrl Pts',(9.06638205799521,3.93329436127219,-49.6971110173492));
#4154=CARTESIAN_POINT('Ctrl Pts',(13.8833329865529,-0.00243469601679281,
-44.6848029507669));
#4155=CARTESIAN_POINT('Ctrl Pts',(13.4373434769327,0.313610150987992,-45.6811979619455));
#4156=CARTESIAN_POINT('Ctrl Pts',(12.0298617437906,1.33287431976386,-47.7590897854781));
#4157=CARTESIAN_POINT('Ctrl Pts',(9.9830066817796,2.79473806850076,-48.8705313400763));
#4158=CARTESIAN_POINT('Ctrl Pts',(8.7504344270883,3.6593049860842,-49.1219271071111));
#4159=CARTESIAN_POINT('Ctrl Pts',(13.2152701517019,1.04083408558608E-16,
-44.38697563006));
#4160=CARTESIAN_POINT('Ctrl Pts',(12.797105701192,0.293043718031543,-45.3136018908712));
#4161=CARTESIAN_POINT('Ctrl Pts',(11.4866558313383,1.23266380612068,-47.2436434528227));
#4162=CARTESIAN_POINT('Ctrl Pts',(9.58683403213486,2.57985830799705,-48.2960930474861));
#4163=CARTESIAN_POINT('Ctrl Pts',(8.43448679618139,3.38531561089622,-48.5467431968731));
#4164=CARTESIAN_POINT('Ctrl Pts',(13.2328164926274,1.44192168665737,-48.2175280236048));
#4165=CARTESIAN_POINT('Ctrl Pts',(14.0390583070912,0.85419509061747,-47.419614018366));
#4166=CARTESIAN_POINT('Ctrl Pts',(14.7134270856147,0.358041739241316,-46.4191772220201));
#4167=CARTESIAN_POINT('Ctrl Pts',(15.2093396892908,3.55858427081215E-7,
-45.3032989073944));
#4168=CARTESIAN_POINT('Ctrl Pts',(13.2152701517019,1.04083408558608E-16,
-44.38697563006));
#4169=CARTESIAN_POINT('Ctrl Pts',(12.797105701192,0.293043718031543,-45.3136018908712));
#4170=CARTESIAN_POINT('Ctrl Pts',(11.4866558313383,1.23266380612068,-47.2436434528227));
#4171=CARTESIAN_POINT('Ctrl Pts',(9.58683403213486,2.57985830799705,-48.2960930474861));
#4172=CARTESIAN_POINT('Ctrl Pts',(8.43448679618139,3.38531561089622,-48.5467431968731));
#4173=CARTESIAN_POINT('Ctrl Pts',(3.92726761133239,3.81639164714898E-16,
-8.09793610180887));
#4174=CARTESIAN_POINT('Ctrl Pts',(3.94273784494952,-0.00065687758192265,
-8.11802734130629));
#4175=CARTESIAN_POINT('Ctrl Pts',(3.95819328152477,-0.0013133961391632,
-8.1381292918084));
#4176=CARTESIAN_POINT('Ctrl Pts',(3.99992623164897,-0.00308684609811607,
-8.19248978345928));
#4177=CARTESIAN_POINT('Ctrl Pts',(4.02617525065795,-0.0042032113255608,
-8.22676892655065));
#4178=CARTESIAN_POINT('Ctrl Pts',(4.05238088657256,-0.00531861461221198,
-8.26107927471515));
#4179=CARTESIAN_POINT('Ctrl Pts',(3.91458684018218,0.00954699916125103,
-8.10865458465674));
#4180=CARTESIAN_POINT('Ctrl Pts',(3.93004670688256,0.00887956402308726,
-8.12874272474262));
#4181=CARTESIAN_POINT('Ctrl Pts',(3.94549178989226,0.00821249765831998,
-8.14884155269231));
#4182=CARTESIAN_POINT('Ctrl Pts',(3.98719679255816,0.00641056563747351,
-8.20319354243431));
#4183=CARTESIAN_POINT('Ctrl Pts',(4.01342823917879,0.0052762834179348,-8.23746726557503));
#4184=CARTESIAN_POINT('Ctrl Pts',(4.0396163377205,0.00414299057940554,-8.27177213064375));
#4185=CARTESIAN_POINT('Ctrl Pts',(3.90190606903196,0.0190939983225017,-8.1193730675046));
#4186=CARTESIAN_POINT('Ctrl Pts',(3.91735556881572,0.0184160056282525,-8.13945810817892));
#4187=CARTESIAN_POINT('Ctrl Pts',(3.93279029825973,0.0177383914557652,-8.15955381357623));
#4188=CARTESIAN_POINT('Ctrl Pts',(3.97446735346748,0.0159079773732268,-8.21389730140933));
#4189=CARTESIAN_POINT('Ctrl Pts',(4.00068122769999,0.0147557781619094,-8.24816560459938));
#4190=CARTESIAN_POINT('Ctrl Pts',(4.02685178886843,0.0136045957710231,-8.28246498657234));
#4191=CARTESIAN_POINT('Ctrl Pts',(3.88922529788175,0.0286409974837523,-8.13009155035246));
#4192=CARTESIAN_POINT('Ctrl Pts',(3.90466443074876,0.0279524472332624,-8.15017349161525));
#4193=CARTESIAN_POINT('Ctrl Pts',(3.92008880662723,0.0272642852532484,-8.17026607446014));
#4194=CARTESIAN_POINT('Ctrl Pts',(3.96173791437667,0.0254053891088164,-8.22460106038436));
#4195=CARTESIAN_POINT('Ctrl Pts',(3.98793421622083,0.024235272905405,-8.25886394362376));
#4196=CARTESIAN_POINT('Ctrl Pts',(4.01408724001637,0.0230662009626406,-8.29315784250093));
#4197=CARTESIAN_POINT('Ctrl Pts',(-3.95911655012012,14.2180733111751,-9.08451846777122));
#4198=CARTESIAN_POINT('Ctrl Pts',(-2.91147667110184,14.2821003952524,-14.0511104980853));
#4199=CARTESIAN_POINT('Ctrl Pts',(-2.90558885437956,14.4646636527796,-26.2225200957866));
#4200=CARTESIAN_POINT('Ctrl Pts',(-8.36485528689896,14.5575042755935,-37.351248012074));
#4201=CARTESIAN_POINT('Ctrl Pts',(-12.8397879450166,14.5966063307257,-42.5600975560165));
#4202=CARTESIAN_POINT('Ctrl Pts',(-3.9914169565225,14.9376020765814,-9.1031786066326));
#4203=CARTESIAN_POINT('Ctrl Pts',(-3.04212032409307,14.9946499496487,-14.0776743187276));
#4204=CARTESIAN_POINT('Ctrl Pts',(-3.17852708733921,15.1309855168191,-26.1764961429033));
#4205=CARTESIAN_POINT('Ctrl Pts',(-8.6398402462967,15.1964843519136,-37.1896959242279));
#4206=CARTESIAN_POINT('Ctrl Pts',(-13.093091204197,15.224049565909,-42.3426405716302));
#4207=CARTESIAN_POINT('Ctrl Pts',(-4.02371736292488,15.6571308419876,-9.12183874549397));
#4208=CARTESIAN_POINT('Ctrl Pts',(-3.17276397708431,15.7071995040451,-14.1042381393699));
#4209=CARTESIAN_POINT('Ctrl Pts',(-3.45146532029888,15.7973073808585,-26.13047219002));
#4210=CARTESIAN_POINT('Ctrl Pts',(-8.9148252056944,15.8354644282337,-37.0281438363819));
#4211=CARTESIAN_POINT('Ctrl Pts',(-13.3463944633775,15.8514928010924,-42.1251835872439));
#4212=CARTESIAN_POINT('Ctrl Pts',(-4.05601776932726,16.3766596073939,-9.14049888435535));
#4213=CARTESIAN_POINT('Ctrl Pts',(-3.30340763007554,16.4197490584414,-14.1308019600122));
#4214=CARTESIAN_POINT('Ctrl Pts',(-3.72440355325854,16.463629244898,-26.0844482371367));
#4215=CARTESIAN_POINT('Ctrl Pts',(-9.18981016509214,16.4744445045539,-36.8665917485358));
#4216=CARTESIAN_POINT('Ctrl Pts',(-13.599697722558,16.4789360362757,-41.9077266028576));
#4217=CARTESIAN_POINT('',(-12.8397879450166,14.5966063307257,-42.5600975560165));
#4218=CARTESIAN_POINT('',(-13.599697722558,16.4789360362757,-41.9077266028576));
#4219=CARTESIAN_POINT('Ctrl Pts',(-12.8397879450166,14.5966063307257,-42.5600975560165));
#4220=CARTESIAN_POINT('Ctrl Pts',(-8.36485528689896,14.5575042755935,-37.351248012074));
#4221=CARTESIAN_POINT('Ctrl Pts',(-2.92255589935864,14.4649521953966,-26.2571074582921));
#4222=CARTESIAN_POINT('Ctrl Pts',(-2.91149286254317,14.2832343180576,-14.1267563252542));
#4223=CARTESIAN_POINT('Ctrl Pts',(-3.93648944400518,14.2194684861207,-9.19260861318097));
#4224=CARTESIAN_POINT('Ctrl Pts',(-11.373946158261,14.1715290031022,-49.7987016796198));
#4225=CARTESIAN_POINT('Ctrl Pts',(-11.9340788864477,14.3581684892474,-49.6696827052096));
#4226=CARTESIAN_POINT('Ctrl Pts',(-13.535334241077,14.9486251589672,-48.9713502840319));
#4227=CARTESIAN_POINT('Ctrl Pts',(-15.2138149442562,15.9155138072545,-46.4087677469377));
#4228=CARTESIAN_POINT('Ctrl Pts',(-14.8442479509359,16.3491818449488,-43.9294897301114));
#4229=CARTESIAN_POINT('Ctrl Pts',(-14.0903415758768,16.4645086048674,-42.5355875973138));
#4230=CARTESIAN_POINT('Ctrl Pts',(-13.865128841715,16.4792061741903,-42.2110226858935));
#4231=CARTESIAN_POINT('Ctrl Pts',(-13.6053857564253,16.4789418273924,-41.9142274364291));
#4232=CARTESIAN_POINT('Ctrl Pts',(-11.3600303159996,13.7746652152257,-49.2120111869252));
#4233=CARTESIAN_POINT('Ctrl Pts',(-11.8617874170765,13.9429730479567,-49.094061505692));
#4234=CARTESIAN_POINT('Ctrl Pts',(-13.2897407695116,14.4741388436227,-48.4627955806061));
#4235=CARTESIAN_POINT('Ctrl Pts',(-14.7888805873673,15.3451345583694,-46.1687374753933));
#4236=CARTESIAN_POINT('Ctrl Pts',(-14.4602421483723,15.7365501397814,-43.9439171530856));
#4237=CARTESIAN_POINT('Ctrl Pts',(-13.7854007049963,15.8392605269066,-42.6897634757118));
#4238=CARTESIAN_POINT('Ctrl Pts',(-13.5839013176731,15.8521638157811,-42.3982178454142));
#4239=CARTESIAN_POINT('Ctrl Pts',(-13.351484934004,15.8515074519309,-42.1310313446403));
#4240=CARTESIAN_POINT('Ctrl Pts',(-11.3461144737382,13.3778014273492,-48.6253206942306));
#4241=CARTESIAN_POINT('Ctrl Pts',(-11.7869569842355,13.5272382195181,-48.5178125556076));
#4242=CARTESIAN_POINT('Ctrl Pts',(-13.0453561371932,13.9998649645844,-47.9542208574803));
#4243=CARTESIAN_POINT('Ctrl Pts',(-14.3629214893607,14.7744646243926,-45.9289389281638));
#4244=CARTESIAN_POINT('Ctrl Pts',(-14.0758228674802,15.1237258016868,-43.9563070684681));
#4245=CARTESIAN_POINT('Ctrl Pts',(-13.480507735831,15.2140531265127,-42.8445514889864));
#4246=CARTESIAN_POINT('Ctrl Pts',(-13.3026031175126,15.2250814882895,-42.5849547302032));
#4247=CARTESIAN_POINT('Ctrl Pts',(-13.0975841115827,15.2240730764694,-42.3478352528515));
#4248=CARTESIAN_POINT('Ctrl Pts',(-11.3321986314769,12.9809376394728,-48.038630201536));
#4249=CARTESIAN_POINT('Ctrl Pts',(-11.7146655148643,13.1120427782274,-47.94219135609));
#4250=CARTESIAN_POINT('Ctrl Pts',(-12.7997626656278,13.5253786492398,-47.4456661540544));
#4251=CARTESIAN_POINT('Ctrl Pts',(-13.9379871324718,14.2040853755075,-45.6889086566194));
#4252=CARTESIAN_POINT('Ctrl Pts',(-13.6918170649166,14.5110940965194,-43.9707344914423));
#4253=CARTESIAN_POINT('Ctrl Pts',(-13.1755668649506,14.588805048552,-42.9987273673843));
#4254=CARTESIAN_POINT('Ctrl Pts',(-13.0213755934707,14.5980391298802,-42.7721498897239));
#4255=CARTESIAN_POINT('Ctrl Pts',(-12.8436832891614,14.5966387010079,-42.5646391610626));
#4256=CARTESIAN_POINT('',(-12.8436832891614,14.5966387010079,-42.5646391610626));
#4257=CARTESIAN_POINT('Ctrl Pts',(-11.3321986314769,12.9809376394728,-48.038630201536));
#4258=CARTESIAN_POINT('Ctrl Pts',(-11.7146655148643,13.1120427782274,-47.94219135609));
#4259=CARTESIAN_POINT('Ctrl Pts',(-12.7997626656278,13.5253786492398,-47.4456661540544));
#4260=CARTESIAN_POINT('Ctrl Pts',(-13.9379871324718,14.2040853755075,-45.6889086566194));
#4261=CARTESIAN_POINT('Ctrl Pts',(-13.6918170649166,14.5110940965194,-43.9707344914423));
#4262=CARTESIAN_POINT('Ctrl Pts',(-13.1755668649506,14.588805048552,-42.9987273673843));
#4263=CARTESIAN_POINT('Ctrl Pts',(-13.0213755934707,14.5980391298802,-42.7721498897239));
#4264=CARTESIAN_POINT('Ctrl Pts',(-12.8436832891614,14.5966387010079,-42.5646391610626));
#4265=CARTESIAN_POINT('',(-12.8436832891614,14.5966387010079,-42.5646391610626));
#4266=CARTESIAN_POINT('Ctrl Pts',(-13.6053857564253,16.4789418273924,-41.9142274364291));
#4267=CARTESIAN_POINT('Ctrl Pts',(-13.865128841715,16.4792061741903,-42.2110226858935));
#4268=CARTESIAN_POINT('Ctrl Pts',(-14.0903415758768,16.4645086048674,-42.5355875973138));
#4269=CARTESIAN_POINT('Ctrl Pts',(-14.8442479509359,16.3491818449488,-43.9294897301114));
#4270=CARTESIAN_POINT('Ctrl Pts',(-15.1275942824331,16.0166893610711,-45.8303476084571));
#4271=CARTESIAN_POINT('Ctrl Pts',(-14.4043757470622,15.4844283757817,-47.4789034958796));
#4272=CARTESIAN_POINT('Ctrl Pts',(-14.0558964241587,15.2873046783032,-47.9815101641767));
#4273=CARTESIAN_POINT('Ctrl Pts',(-12.8397879450166,14.5966063307257,-42.5600975560165));
#4274=CARTESIAN_POINT('Ctrl Pts',(-12.8410876444953,14.5966176875269,-42.5616104143217));
#4275=CARTESIAN_POINT('Ctrl Pts',(-12.8423860929646,14.5966284775432,-42.563124283257));
#4276=CARTESIAN_POINT('Ctrl Pts',(-12.8436832891614,14.5966387010079,-42.5646391610626));
#4277=CARTESIAN_POINT('Ctrl Pts',(-13.093091204197,15.224049565909,-42.3426405716302));
#4278=CARTESIAN_POINT('Ctrl Pts',(-13.0945896167022,15.2240577807558,-42.3443715490884));
#4279=CARTESIAN_POINT('Ctrl Pts',(-13.0960872519631,15.2240656175614,-42.3461031089478));
#4280=CARTESIAN_POINT('Ctrl Pts',(-13.0975841115827,15.2240730764694,-42.3478352528514));
#4281=CARTESIAN_POINT('Ctrl Pts',(-13.3463944633775,15.8514928010924,-42.1251835872439));
#4282=CARTESIAN_POINT('Ctrl Pts',(-13.3480915889091,15.8514978739847,-42.1271326838551));
#4283=CARTESIAN_POINT('Ctrl Pts',(-13.3497884109616,15.8515027575796,-42.1290819346386));
#4284=CARTESIAN_POINT('Ctrl Pts',(-13.351484934004,15.8515074519309,-42.1310313446403));
#4285=CARTESIAN_POINT('Ctrl Pts',(-13.599697722558,16.4789360362757,-41.9077266028576));
#4286=CARTESIAN_POINT('Ctrl Pts',(-13.601593561116,16.4789379672136,-41.9098938186217));
#4287=CARTESIAN_POINT('Ctrl Pts',(-13.6034895699602,16.4789398975978,-41.9120607603295));
#4288=CARTESIAN_POINT('Ctrl Pts',(-13.6053857564253,16.4789418273924,-41.9142274364291));
#4289=CARTESIAN_POINT('Ctrl Pts',(-12.8436832891614,14.5966387010079,-42.5646391610626));
#4290=CARTESIAN_POINT('Ctrl Pts',(-12.8423860929646,14.5966284775432,-42.563124283257));
#4291=CARTESIAN_POINT('Ctrl Pts',(-12.8410876444953,14.5966176875269,-42.5616104143217));
#4292=CARTESIAN_POINT('Ctrl Pts',(-12.8397879450166,14.5966063307257,-42.5600975560165));
#4293=CARTESIAN_POINT('Ctrl Pts',(4.01005391896101,0.0211944211323298,-8.68349709538242));
#4294=CARTESIAN_POINT('Ctrl Pts',(5.75726355069508,-0.0167950377518196,
-11.0336518448168));
#4295=CARTESIAN_POINT('Ctrl Pts',(8.83482506580143,-0.0705866999583227,
-16.0463371506233));
#4296=CARTESIAN_POINT('Ctrl Pts',(12.3885398338275,-0.0931249592742174,
-25.1943951894111));
#4297=CARTESIAN_POINT('Ctrl Pts',(14.1054126498577,-0.0586037613577211,
-35.8926945418818));
#4298=CARTESIAN_POINT('Ctrl Pts',(13.4582599963583,-0.00618444179618193,
-43.7343750029506));
#4299=CARTESIAN_POINT('Ctrl Pts',(12.6727980730224,0.023716308110046,-47.5520603456761));
#4300=CARTESIAN_POINT('Ctrl Pts',(3.32934649719258,2.46412930577973,-9.0140963794058));
#4301=CARTESIAN_POINT('Ctrl Pts',(4.92391333383996,2.47914424621393,-11.4940236385654));
#4302=CARTESIAN_POINT('Ctrl Pts',(7.66167866423014,2.5254809604494,-16.7445969856971));
#4303=CARTESIAN_POINT('Ctrl Pts',(10.5646455538492,2.66841561759943,-26.1901375755859));
#4304=CARTESIAN_POINT('Ctrl Pts',(11.4848235546424,2.88690877976941,-37.0475785229043));
#4305=CARTESIAN_POINT('Ctrl Pts',(10.2320113338108,3.07334364436287,-44.8214558945082));
#4306=CARTESIAN_POINT('Ctrl Pts',(9.15138155782777,3.17097034998271,-48.5508435069964));
#4307=CARTESIAN_POINT('Ctrl Pts',(1.88898598394026,6.40870085729027,-9.57911056706868));
#4308=CARTESIAN_POINT('Ctrl Pts',(3.20006476849199,6.44913670758808,-12.2187730449727));
#4309=CARTESIAN_POINT('Ctrl Pts',(5.31869512523737,6.53927657193632,-17.7810382232962));
#4310=CARTESIAN_POINT('Ctrl Pts',(7.02478545203295,6.7416316677651,-27.6196362508304));
#4311=CARTESIAN_POINT('Ctrl Pts',(6.47056655213882,7.02291262433931,-38.6311705346778));
#4312=CARTESIAN_POINT('Ctrl Pts',(4.11083612828629,7.2655013578581,-46.1797313935167));
#4313=CARTESIAN_POINT('Ctrl Pts',(2.4955829915925,7.39587920360477,-49.6937049046803));
#4314=CARTESIAN_POINT('Ctrl Pts',(-1.07755649041563,11.3330988571743,-9.81231759675388));
#4315=CARTESIAN_POINT('Ctrl Pts',(-0.148274365202662,11.336884788992,-12.5989230010417));
#4316=CARTESIAN_POINT('Ctrl Pts',(1.11974476128165,11.3659283784291,-18.40183487709));
#4317=CARTESIAN_POINT('Ctrl Pts',(1.15171813474424,11.4664129375634,-28.3700844319373));
#4318=CARTESIAN_POINT('Ctrl Pts',(-1.47713870118451,11.6204064953079,-39.0754505623527));
#4319=CARTESIAN_POINT('Ctrl Pts',(-5.39842132486499,11.761495047637,-45.9753687146408));
#4320=CARTESIAN_POINT('Ctrl Pts',(-7.76326302446635,11.8404538203319,-49.0621720107605));
#4321=CARTESIAN_POINT('Ctrl Pts',(-3.34971166898242,13.6805442847472,-9.27279419081289));
#4322=CARTESIAN_POINT('Ctrl Pts',(-2.61141812671482,13.6517612892529,-12.127059067178));
#4323=CARTESIAN_POINT('Ctrl Pts',(-1.76807942171595,13.6279102738002,-18.01793804855));
#4324=CARTESIAN_POINT('Ctrl Pts',(-2.56848078955355,13.6461714061874,-27.9361728029123));
#4325=CARTESIAN_POINT('Ctrl Pts',(-6.2291725689166,13.7041385269021,-38.3149955148407));
#4326=CARTESIAN_POINT('Ctrl Pts',(-10.9451412077747,13.7616936137142,-44.7541537215043));
#4327=CARTESIAN_POINT('Ctrl Pts',(-13.7060305657051,13.793199958868,-47.560837722882));
#4328=CARTESIAN_POINT('Ctrl Pts',(-4.56825779650496,14.7164202578412,-8.63472651306939));
#4329=CARTESIAN_POINT('Ctrl Pts',(-3.91387032671578,14.6698897783645,-11.5207543670827));
#4330=CARTESIAN_POINT('Ctrl Pts',(-3.26414354488877,14.614520295615,-17.4569875451539));
#4331=CARTESIAN_POINT('Ctrl Pts',(-4.45485626099435,14.5835452092912,-27.3693694959956));
#4332=CARTESIAN_POINT('Ctrl Pts',(-8.60397552939307,14.5857958779711,-37.6154713698016));
#4333=CARTESIAN_POINT('Ctrl Pts',(-13.6950564557901,14.599680162471,-43.8380673703792));
#4334=CARTESIAN_POINT('Ctrl Pts',(-16.6400005960335,14.6082583121783,-46.5039610007664));
#4335=CARTESIAN_POINT('Ctrl Pts',(13.2325446207021,1.44198135521004,-48.2172143743116));
#4336=CARTESIAN_POINT('Ctrl Pts',(13.3809178443269,1.57729819107889,-48.2481793651498));
#4337=CARTESIAN_POINT('Ctrl Pts',(13.5291742173854,1.71264075191786,-48.2791101982349));
#4338=CARTESIAN_POINT('Ctrl Pts',(13.6773214269784,1.84800834784231,-48.3100086269863));
#4339=CARTESIAN_POINT('Ctrl Pts',(14.2393313912196,0.556483006179828,-47.1092918949213));
#4340=CARTESIAN_POINT('Ctrl Pts',(14.3867827153406,0.693016455843543,-47.142179949313));
#4341=CARTESIAN_POINT('Ctrl Pts',(14.5341499840413,0.829525822431541,-47.1750218110473));
#4342=CARTESIAN_POINT('Ctrl Pts',(14.6814065100238,0.966062970092863,-47.2077847805282));
#4343=CARTESIAN_POINT('Ctrl Pts',(15.0841069999788,-0.0712604292850043,
-45.6514688228569));
#4344=CARTESIAN_POINT('Ctrl Pts',(15.2310815235354,0.0656142600209182,-45.6871584061949));
#4345=CARTESIAN_POINT('Ctrl Pts',(15.3779829672783,0.202457483675926,-45.7227513963404));
#4346=CARTESIAN_POINT('Ctrl Pts',(15.5247809827858,0.339323649886076,-45.7582238085459));
#4347=CARTESIAN_POINT('Ctrl Pts',(15.6563795961439,-0.359143675753502,-44.0344201347081));
#4348=CARTESIAN_POINT('Ctrl Pts',(15.8036760378545,-0.223064179230276,-44.0729200960424));
#4349=CARTESIAN_POINT('Ctrl Pts',(15.9508768523328,-0.0869725340732551,
-44.1112627258139));
#4350=CARTESIAN_POINT('Ctrl Pts',(16.097988076017,0.0491313138989524,-44.1494559733898));
#4351=CARTESIAN_POINT('Ctrl Pts',(13.8418092912994,1.6026325621493,-48.0457504779766));
#4352=CARTESIAN_POINT('Ctrl Pts',(13.9927272845644,1.49232546306626,-47.8834215011872));
#4353=CARTESIAN_POINT('Ctrl Pts',(14.1384870366369,1.38571595689573,-47.7139151368826));
#4354=CARTESIAN_POINT('Ctrl Pts',(14.278875708756,1.28300127103123,-47.5376362162975));
#4355=CARTESIAN_POINT('Ctrl Pts',(14.4187220042373,1.18068341238305,-47.362038330491));
#4356=CARTESIAN_POINT('Ctrl Pts',(14.5532389058978,1.0822301563348,-47.1797195930826));
#4357=CARTESIAN_POINT('Ctrl Pts',(14.6821911270207,0.987871805512999,-46.9910524422973));
#4358=CARTESIAN_POINT('Ctrl Pts',(14.7911708933382,0.908127921048516,-46.831606549661));
#4359=CARTESIAN_POINT('Ctrl Pts',(14.8961759043865,0.831309243752575,-46.6676258431574));
#4360=CARTESIAN_POINT('Ctrl Pts',(14.9970480336457,0.757576104818736,-46.4993237139577));
#4361=CARTESIAN_POINT('Ctrl Pts',(15.1172872408319,0.669686474314509,-46.2987081947715));
#4362=CARTESIAN_POINT('Ctrl Pts',(15.2311865652806,0.586526625279607,-46.092739512174));
#4363=CARTESIAN_POINT('Ctrl Pts',(15.3385993420167,0.508292817872109,-45.8818846540221));
#4364=CARTESIAN_POINT('Ctrl Pts',(15.4464391606562,0.429747975641318,-45.6701914983909));
#4365=CARTESIAN_POINT('Ctrl Pts',(15.5477410309196,0.356168230071189,-45.4535726928442));
#4366=CARTESIAN_POINT('Ctrl Pts',(15.6423330379444,0.28778718024445,-45.2324692044891));
#4367=CARTESIAN_POINT('Ctrl Pts',(15.7365091008176,0.21970681859055,-45.0123379621595));
#4368=CARTESIAN_POINT('Ctrl Pts',(15.8240344238416,0.156779385503866,-44.7877608311099));
#4369=CARTESIAN_POINT('Ctrl Pts',(15.9047122514603,0.0992724903698785,-44.5591500458708));
#4370=CARTESIAN_POINT('Ctrl Pts',(15.9540083231773,0.0641344095560703,-44.4194634182425));
#4371=CARTESIAN_POINT('Ctrl Pts',(16.0007473387014,0.0310208185066243,-44.2782704142916));
#4372=CARTESIAN_POINT('Ctrl Pts',(16.0448788006323,1.49384726810808E-10,
-44.1356621701179));
#4373=CARTESIAN_POINT('Ctrl Pts',(5.5801592129865,-0.49707288508328,-7.06438710557491));
#4374=CARTESIAN_POINT('Ctrl Pts',(8.11568567958786,-0.393592858546673,-10.3107175437339));
#4375=CARTESIAN_POINT('Ctrl Pts',(12.3745191321652,-0.232805089544679,-17.423633894041));
#4376=CARTESIAN_POINT('Ctrl Pts',(16.6388406479087,-0.06955956289302,-31.2597554597703));
#4377=CARTESIAN_POINT('Ctrl Pts',(16.6280366398754,-0.010352934988244,-41.6718529217472));
#4378=CARTESIAN_POINT('Ctrl Pts',(15.5178533978917,0.0173730107163914,-47.7121259900147));
#4379=CARTESIAN_POINT('Ctrl Pts',(4.96450984767604,2.34376015086842,-7.53497654925256));
#4380=CARTESIAN_POINT('Ctrl Pts',(7.25835011882161,2.54012968800668,-10.9998885041628));
#4381=CARTESIAN_POINT('Ctrl Pts',(10.9529889006991,2.89623541540118,-18.4895869817246));
#4382=CARTESIAN_POINT('Ctrl Pts',(14.0673527163646,3.41076472900845,-32.7104263212048));
#4383=CARTESIAN_POINT('Ctrl Pts',(13.165112105768,3.71084261665502,-43.0864819216288));
#4384=CARTESIAN_POINT('Ctrl Pts',(11.544925941555,3.8855393953018,-48.9678802387818));
#4385=CARTESIAN_POINT('Ctrl Pts',(3.54949823448133,6.92236298405472,-8.3864548971911));
#4386=CARTESIAN_POINT('Ctrl Pts',(5.39041761057601,7.16814391824591,-12.1227951204953));
#4387=CARTESIAN_POINT('Ctrl Pts',(8.0460632726586,7.62326642325709,-20.1248120063111));
#4388=CARTESIAN_POINT('Ctrl Pts',(8.99227538625445,8.27864917317096,-34.8364857046417));
#4389=CARTESIAN_POINT('Ctrl Pts',(6.42255680694841,8.68851844475959,-44.9945616600666));
#4390=CARTESIAN_POINT('Ctrl Pts',(3.8691058269955,8.93541229166072,-50.4628085186901));
#4391=CARTESIAN_POINT('Ctrl Pts',(0.69610273013579,11.9343971801845,-8.89373206067257));
#4392=CARTESIAN_POINT('Ctrl Pts',(1.98691119664697,12.1194089556434,-12.8296500748225));
#4393=CARTESIAN_POINT('Ctrl Pts',(3.41686020211093,12.4251592454761,-21.0911846515602));
#4394=CARTESIAN_POINT('Ctrl Pts',(1.87722559153625,12.8331573961807,-35.6622324028999));
#4395=CARTESIAN_POINT('Ctrl Pts',(-2.63985595031577,13.0823755822151,-45.0786156878508));
#4396=CARTESIAN_POINT('Ctrl Pts',(-6.28715163116048,13.2404788533238,-49.8691475776032));
#4397=CARTESIAN_POINT('Ctrl Pts',(-1.833918330056,14.8643970488269,-8.56948567225326));
#4398=CARTESIAN_POINT('Ctrl Pts',(-0.880698184930993,14.9868306303866,-12.6036602819068));
#4399=CARTESIAN_POINT('Ctrl Pts',(-0.172143721358495,15.1648482216933,-20.9428958387469));
#4400=CARTESIAN_POINT('Ctrl Pts',(-3.14095918768166,15.3787486438537,-35.2320426129177));
#4401=CARTESIAN_POINT('Ctrl Pts',(-8.79213386373056,15.4990675141339,-44.0568299853215));
#4402=CARTESIAN_POINT('Ctrl Pts',(-13.1079102427702,15.5713280497776,-48.3584506726719));
#4403=CARTESIAN_POINT('Ctrl Pts',(-3.25458292915506,16.1430658901454,-8.02961010164525));
#4404=CARTESIAN_POINT('Ctrl Pts',(-2.45439980669976,16.2346315950563,-12.107071499772));
#4405=CARTESIAN_POINT('Ctrl Pts',(-2.07778618917944,16.3486722013191,-20.4764345168966));
#4406=CARTESIAN_POINT('Ctrl Pts',(-5.70644220921173,16.4575073748907,-34.6251048379867));
#4407=CARTESIAN_POINT('Ctrl Pts',(-11.8737505719073,16.5070772368771,-43.1588492988471));
#4408=CARTESIAN_POINT('Ctrl Pts',(-16.4973688725994,16.5341375024428,-47.2111334929091));
#4409=CARTESIAN_POINT('Ctrl Pts',(-3.96379810360108,16.7267520538464,-7.62814129775442));
#4410=CARTESIAN_POINT('Ctrl Pts',(-3.23610239370846,16.8060082412442,-11.7277709242175));
#4411=CARTESIAN_POINT('Ctrl Pts',(-3.02506480442591,16.8899177685147,-20.1169842135539));
#4412=CARTESIAN_POINT('Ctrl Pts',(-6.98174667334927,16.9465157857979,-34.2087319911938));
#4413=CARTESIAN_POINT('Ctrl Pts',(-13.4036868501089,16.9594627934983,-42.6088423241688));
#4414=CARTESIAN_POINT('Ctrl Pts',(-18.1735029415252,16.9651238059088,-46.5369563130919));
#4415=CARTESIAN_POINT('Ctrl Pts',(-13.4992142071119,16.9578878718577,-42.0109136414868));
#4416=CARTESIAN_POINT('Ctrl Pts',(-13.9292941719148,16.9587577191645,-42.500071815895));
#4417=CARTESIAN_POINT('Ctrl Pts',(-14.2647400861657,16.9190145965874,-43.0642190189988));
#4418=CARTESIAN_POINT('Ctrl Pts',(-14.7074122509162,16.7669341425677,-44.2796681830018));
#4419=CARTESIAN_POINT('Ctrl Pts',(-14.810502415429,16.6560106265767,-44.9193101772763));
#4420=CARTESIAN_POINT('Ctrl Pts',(-14.7688435144829,16.3755651004804,-46.1898671047199));
#4421=CARTESIAN_POINT('Ctrl Pts',(-14.6246723718598,16.2086664716919,-46.8085985220976));
#4422=CARTESIAN_POINT('Ctrl Pts',(-14.2674332858126,15.9516012566277,-47.590956465098));
#4423=CARTESIAN_POINT('Ctrl Pts',(-14.1533413120331,15.878587830107,-47.7971805643352));
#4424=CARTESIAN_POINT('Ctrl Pts',(-14.0246078981511,15.8037693961424,-47.992815850949));
#4425=CARTESIAN_POINT('Ctrl Pts',(-13.6053857564253,16.4789418273924,-41.9142274364291));
#4426=CARTESIAN_POINT('Ctrl Pts',(-13.564584735545,16.6629000838001,-41.9513434470834));
#4427=CARTESIAN_POINT('Ctrl Pts',(-13.5238086614589,16.8468582242193,-41.9884827930118));
#4428=CARTESIAN_POINT('Ctrl Pts',(-13.483057479167,17.030816343053,-42.0256450779065));
#4429=CARTESIAN_POINT('Ctrl Pts',(-14.2406397920956,16.4520007007355,-42.6275450229033));
#4430=CARTESIAN_POINT('Ctrl Pts',(-14.2008416022755,16.6361395642957,-42.6644886133978));
#4431=CARTESIAN_POINT('Ctrl Pts',(-14.1610672094267,16.8202747217877,-42.7014715068321));
#4432=CARTESIAN_POINT('Ctrl Pts',(-14.1213107006413,17.004413312528,-42.7384569245103));
#4433=CARTESIAN_POINT('Ctrl Pts',(-15.2513464243538,16.2007672853932,-44.707000400196));
#4434=CARTESIAN_POINT('Ctrl Pts',(-15.2137410449375,16.385108748522,-44.7444993505605));
#4435=CARTESIAN_POINT('Ctrl Pts',(-15.176159848252,16.5694533877518,-44.7820092609683));
#4436=CARTESIAN_POINT('Ctrl Pts',(-15.1385837919142,16.7537971068727,-44.8195338026687));
#4437=CARTESIAN_POINT('Ctrl Pts',(-14.7659643992494,15.6018035302823,-46.9704142194703));
#4438=CARTESIAN_POINT('Ctrl Pts',(-14.7289629216313,15.7858763611396,-47.0095805698118));
#4439=CARTESIAN_POINT('Ctrl Pts',(-14.6919178456482,15.9699448961177,-47.0487432424624));
#4440=CARTESIAN_POINT('Ctrl Pts',(-14.6549523276227,16.154026534861,-47.0879191208975));
#4441=CARTESIAN_POINT('Ctrl Pts',(-14.0681338784686,15.2375365823304,-47.9722240975907));
#4442=CARTESIAN_POINT('Ctrl Pts',(-14.0308879217496,15.4214312703013,-48.0120803925092));
#4443=CARTESIAN_POINT('Ctrl Pts',(-13.9936640391572,15.6053320650333,-48.0519394088232));
#4444=CARTESIAN_POINT('Ctrl Pts',(-13.956461969276,15.7892388730302,-48.0918010862967));
#4445=CARTESIAN_POINT('Origin',(0.,0.,0.));
#4446=CARTESIAN_POINT('',(9.89620505377355,16.7567215700794,1.43705446891992));
#4447=CARTESIAN_POINT('Ctrl Pts',(9.56266763480518,15.5116268457005,2.92495943668446));
#4448=CARTESIAN_POINT('Ctrl Pts',(9.70985563762944,15.9622972350385,2.44375278021381));
#4449=CARTESIAN_POINT('Ctrl Pts',(9.82221801865774,16.3738338094201,1.94656254989538));
#4450=CARTESIAN_POINT('Ctrl Pts',(9.89620505323692,16.7567215700545,1.43705446810063));
#4451=CARTESIAN_POINT('',(9.94391312177893,16.3766596073939,1.05763501573957));
#4452=CARTESIAN_POINT('Ctrl Pts',(9.89620636712491,16.7567236599982,1.43705432839557));
#4453=CARTESIAN_POINT('Ctrl Pts',(9.90708778845921,16.6797349823248,1.36208796691857));
#4454=CARTESIAN_POINT('Ctrl Pts',(9.91720900872411,16.6031436918088,1.2864237674585));
#4455=CARTESIAN_POINT('Ctrl Pts',(9.92651358668482,16.5270670823552,1.21010042278227));
#4456=CARTESIAN_POINT('Ctrl Pts',(9.93267409992262,16.4766971503061,1.15956712861067));
#4457=CARTESIAN_POINT('Ctrl Pts',(9.93847713302177,16.4265523216383,1.10874428349613));
#4458=CARTESIAN_POINT('Ctrl Pts',(9.94391312177899,16.376659607394,1.05763501573949));
#4459=CARTESIAN_POINT('Ctrl Pts',(9.94391312177869,16.3766596073939,1.05763501573917));
#4460=CARTESIAN_POINT('Ctrl Pts',(9.94216712366893,16.0882755239844,1.07405093735282));
#4461=CARTESIAN_POINT('Ctrl Pts',(9.94034225013418,15.7999524568395,1.09082227257202));
#4462=CARTESIAN_POINT('Ctrl Pts',(9.93843192970203,15.5116268457,1.10795793181835));
#4463=CARTESIAN_POINT('Origin',(0.,0.,0.));
#4464=CARTESIAN_POINT('',(35.1410602177098,1.44198133848193,35.5683270001763));
#4465=CARTESIAN_POINT('',(38.222938136372,3.70547485937763,32.2336315084584));
#4466=CARTESIAN_POINT('Ctrl Pts',(35.1410602559351,1.44198136348263,35.5683269790517));
#4467=CARTESIAN_POINT('Ctrl Pts',(35.267569968402,1.50753447679628,35.443336972314));
#4468=CARTESIAN_POINT('Ctrl Pts',(35.3929678650066,1.57487609914916,35.3181109287897));
#4469=CARTESIAN_POINT('Ctrl Pts',(36.0683481035349,1.95125883660272,34.6365053731859));
#4470=CARTESIAN_POINT('Ctrl Pts',(36.597213173859,2.29603039469302,34.0763690416021));
#4471=CARTESIAN_POINT('Ctrl Pts',(37.3423038775182,2.87953385210793,33.2518653913727));
#4472=CARTESIAN_POINT('Ctrl Pts',(37.5807581636901,3.08304529463341,32.9819830938822));
#4473=CARTESIAN_POINT('Ctrl Pts',(37.9517171536307,3.4299979134447,32.5532325799326));
#4474=CARTESIAN_POINT('Ctrl Pts',(38.0887830176318,3.56536207773645,32.3927138880822));
#4475=CARTESIAN_POINT('Ctrl Pts',(38.222938136372,3.70547485937763,32.2336315084584));
#4476=CARTESIAN_POINT('',(38.3940104325932,3.88627446946321,32.0296731625836));
#4477=CARTESIAN_POINT('Ctrl Pts',(38.222938136372,3.70547485937763,32.2336315084584));
#4478=CARTESIAN_POINT('Ctrl Pts',(38.2516244646617,3.73543511202762,32.1996149952619));
#4479=CARTESIAN_POINT('Ctrl Pts',(38.2801953695279,3.76544955068925,32.1656434663598));
#4480=CARTESIAN_POINT('Ctrl Pts',(38.3087133530344,3.79558799397454,32.1316431115433));
#4481=CARTESIAN_POINT('Ctrl Pts',(38.3372412342062,3.8257368973339,32.0976309563088));
#4482=CARTESIAN_POINT('Ctrl Pts',(38.3656528960643,3.85594303821354,32.0636653781084));
#4483=CARTESIAN_POINT('Ctrl Pts',(38.3940104325932,3.8862744694632,32.0296731625836));
#4484=CARTESIAN_POINT('',(47.8241040759365,13.401087344566,14.5895534316165));
#4485=CARTESIAN_POINT('Ctrl Pts',(38.3940104325932,3.88627446946321,32.0296731625836));
#4486=CARTESIAN_POINT('Ctrl Pts',(39.0280578469131,4.56456894761081,31.2696397112091));
#4487=CARTESIAN_POINT('Ctrl Pts',(39.6514455183608,5.20954144004688,30.4759988552262));
#4488=CARTESIAN_POINT('Ctrl Pts',(40.2593733525897,5.82508366084078,29.6504236822588));
#4489=CARTESIAN_POINT('Ctrl Pts',(40.8390477618745,6.41201857833995,28.8632170867307));
#4490=CARTESIAN_POINT('Ctrl Pts',(41.4046661845137,6.97219512840952,28.0469752818875));
#4491=CARTESIAN_POINT('Ctrl Pts',(41.9520305763461,7.50900662120726,27.2031274070663));
#4492=CARTESIAN_POINT('Ctrl Pts',(42.3498686464245,7.8991745814861,26.5897977587224));
#4493=CARTESIAN_POINT('Ctrl Pts',(42.7380628777893,8.27699975879194,25.9618840820916));
#4494=CARTESIAN_POINT('Ctrl Pts',(43.1149869970834,8.64379234078169,25.3199285001129));
#4495=CARTESIAN_POINT('Ctrl Pts',(43.3545243591249,8.87689105484317,24.9119621780241));
#4496=CARTESIAN_POINT('Ctrl Pts',(43.5895097815901,9.10553431956011,24.498324642564));
#4497=CARTESIAN_POINT('Ctrl Pts',(43.8196604778708,9.32979905785822,24.0792080591257));
#4498=CARTESIAN_POINT('Ctrl Pts',(44.1679883805783,9.66921869553476,23.444884536068));
#4499=CARTESIAN_POINT('Ctrl Pts',(44.5051292466025,9.99850036204464,22.7981933065555));
#4500=CARTESIAN_POINT('Ctrl Pts',(44.8299763984412,10.3177928816514,22.1400571319382));
#4501=CARTESIAN_POINT('Ctrl Pts',(45.1537072020141,10.6359881416745,21.4841826646288));
#4502=CARTESIAN_POINT('Ctrl Pts',(45.4652282198604,10.9442628980337,20.8169421083384));
#4503=CARTESIAN_POINT('Ctrl Pts',(45.7634747764288,11.2427886815298,20.1392823046379));
#4504=CARTESIAN_POINT('Ctrl Pts',(46.0598400347759,11.5394314054796,19.4658970856903));
#4505=CARTESIAN_POINT('Ctrl Pts',(46.3430973779504,11.826447884764,18.7822239848343));
#4506=CARTESIAN_POINT('Ctrl Pts',(46.6122384975808,12.104028657524,18.0892202687797));
#4507=CARTESIAN_POINT('Ctrl Pts',(46.87742917874,12.3775351150508,17.4063884229483));
#4508=CARTESIAN_POINT('Ctrl Pts',(47.1289146831565,12.6418809835573,16.7144982024704));
#4509=CARTESIAN_POINT('Ctrl Pts',(47.3657709374134,12.8972680488112,16.0144877767971));
#4510=CARTESIAN_POINT('Ctrl Pts',(47.5252720617705,13.0692479873694,15.5430944825527));
#4511=CARTESIAN_POINT('Ctrl Pts',(47.6781399552573,13.2371656909058,15.0680192963486));
#4512=CARTESIAN_POINT('Ctrl Pts',(47.8241040759365,13.401087344566,14.5895534316165));
#4513=CARTESIAN_POINT('',(47.8452161403295,13.4251093919916,14.5201684730293));
#4514=CARTESIAN_POINT('Ctrl Pts',(47.8241040759365,13.401087344566,14.5895534316165));
#4515=CARTESIAN_POINT('Ctrl Pts',(47.8276362046575,13.4050475142826,14.5779752231158));
#4516=CARTESIAN_POINT('Ctrl Pts',(47.8311614531215,13.4090293028634,14.5664045100496));
#4517=CARTESIAN_POINT('Ctrl Pts',(47.8346809195288,13.4130339076934,14.5548377337166));
#4518=CARTESIAN_POINT('Ctrl Pts',(47.8381991753133,13.4170371350232,14.5432749361124));
#4519=CARTESIAN_POINT('Ctrl Pts',(47.8417105475392,13.4210619050321,14.5317197057206));
#4520=CARTESIAN_POINT('Ctrl Pts',(47.8452161403295,13.4251093919916,14.5201684730293));
#4521=CARTESIAN_POINT('',(48.5835436401887,15.2874238690771,11.8169068440659));
#4522=CARTESIAN_POINT('Ctrl Pts',(47.8452161403295,13.4251093919916,14.5201684730293));
#4523=CARTESIAN_POINT('Ctrl Pts',(47.8697546005094,13.4534410047966,14.4393121156641));
#4524=CARTESIAN_POINT('Ctrl Pts',(47.8938534852497,13.4838643949011,14.3591672465706));
#4525=CARTESIAN_POINT('Ctrl Pts',(47.9449677975204,13.5539806284273,14.1876452646213));
#4526=CARTESIAN_POINT('Ctrl Pts',(47.9717753427372,13.5942795379626,14.0967215007875));
#4527=CARTESIAN_POINT('Ctrl Pts',(48.056415218913,13.7326429320065,13.8066791121304));
#4528=CARTESIAN_POINT('Ctrl Pts',(48.1116677445433,13.8403847547104,13.6127113271022));
#4529=CARTESIAN_POINT('Ctrl Pts',(48.3141113465956,14.295666732108,12.8863445151948));
#4530=CARTESIAN_POINT('Ctrl Pts',(48.4514522724834,14.7367147005373,12.3599818477326));
#4531=CARTESIAN_POINT('Ctrl Pts',(48.5835436401908,15.2874238690714,11.8169068440805));
#4532=CARTESIAN_POINT('',(48.5753016751459,15.8037693961424,11.8507412075597));
#4533=CARTESIAN_POINT('Ctrl Pts',(48.5835436401787,15.2874238690719,11.8169068440759));
#4534=CARTESIAN_POINT('Ctrl Pts',(48.580979370927,15.4597181898457,11.8274493212835));
#4535=CARTESIAN_POINT('Ctrl Pts',(48.5782041201099,15.6319452592141,11.8387770502992));
#4536=CARTESIAN_POINT('Ctrl Pts',(48.575246882748,15.8037608034437,11.8507879194944));
#4537=CARTESIAN_POINT('',(34.6879777556623,1.60253948619964,36.010334616921));
#4538=CARTESIAN_POINT('Ctrl Pts',(48.575301675146,15.8037693961424,11.8507412075597));
#4539=CARTESIAN_POINT('Ctrl Pts',(47.8793177921996,14.9566037667615,14.7035270783369));
#4540=CARTESIAN_POINT('Ctrl Pts',(46.941979852872,13.971315098702,17.4505828009805));
#4541=CARTESIAN_POINT('Ctrl Pts',(44.1039507317663,11.1785670843598,23.9327640817849));
#4542=CARTESIAN_POINT('Ctrl Pts',(41.9588303977274,9.22438472772219,27.4684389806853));
#4543=CARTESIAN_POINT('Ctrl Pts',(38.0050568631121,5.29368218233906,32.5934967100982));
#4544=CARTESIAN_POINT('Ctrl Pts',(36.3540841880033,3.56170007267626,34.4054102673309));
#4545=CARTESIAN_POINT('Ctrl Pts',(34.6879777556629,1.60253948619931,36.0103346169212));
#4546=CARTESIAN_POINT('Ctrl Pts',(34.6879358121666,1.60263256214959,36.0102337195931));
#4547=CARTESIAN_POINT('Ctrl Pts',(34.8393061533308,1.54683668369594,35.8645040144107));
#4548=CARTESIAN_POINT('Ctrl Pts',(34.990440533435,1.49319762844633,35.7171346693292));
#4549=CARTESIAN_POINT('Ctrl Pts',(35.1410602130138,1.44198134386768,35.5683269935694));
#4550=CARTESIAN_POINT('Ctrl Pts',(47.2687734332749,12.9809376394727,14.2053432051777));
#4551=CARTESIAN_POINT('Ctrl Pts',(47.2631316491429,12.9740707479198,14.2252174133724));
#4552=CARTESIAN_POINT('Ctrl Pts',(47.2572920243173,12.9672202693372,14.2450523053825));
#4553=CARTESIAN_POINT('Ctrl Pts',(47.2512547765552,12.960387023773,14.2648452322076));
#4554=CARTESIAN_POINT('Ctrl Pts',(47.4609210022931,13.1289948903124,14.3102849611283));
#4555=CARTESIAN_POINT('Ctrl Pts',(47.4548843911072,13.1217662816097,14.3312674443495));
#4556=CARTESIAN_POINT('Ctrl Pts',(47.4486713742913,13.1145500498613,14.352214505626));
#4557=CARTESIAN_POINT('Ctrl Pts',(47.4422817655231,13.1073465389704,14.3731250707154));
#4558=CARTESIAN_POINT('Ctrl Pts',(47.6530685713113,13.277052141152,14.4152267170788));
#4559=CARTESIAN_POINT('Ctrl Pts',(47.6466371330714,13.2694618152996,14.4373174753265));
#4560=CARTESIAN_POINT('Ctrl Pts',(47.6400507242653,13.2618798303853,14.4593767058694));
#4561=CARTESIAN_POINT('Ctrl Pts',(47.6333087544911,13.2543060541679,14.4814049092231));
#4562=CARTESIAN_POINT('Ctrl Pts',(47.8452161403295,13.4251093919916,14.5201684730293));
#4563=CARTESIAN_POINT('Ctrl Pts',(47.8383898750356,13.4171573489894,14.5433675063036));
#4564=CARTESIAN_POINT('Ctrl Pts',(47.8314300742393,13.4092096109094,14.5665389061129));
#4565=CARTESIAN_POINT('Ctrl Pts',(47.824335743459,13.4012655693654,14.5896847477308));
#4566=CARTESIAN_POINT('',(47.2512547765552,12.960387023773,14.2648452322076));
#4567=CARTESIAN_POINT('',(47.2512547765552,12.960387023773,14.2648452322076));
#4568=CARTESIAN_POINT('',(47.268773433275,12.9809376394728,14.2053432051777));
#4569=CARTESIAN_POINT('Ctrl Pts',(47.2512547765552,12.960387023773,14.2648452322076));
#4570=CARTESIAN_POINT('Ctrl Pts',(47.2572920243173,12.9672202693372,14.2450523053825));
#4571=CARTESIAN_POINT('Ctrl Pts',(47.2631316491429,12.9740707479198,14.2252174133724));
#4572=CARTESIAN_POINT('Ctrl Pts',(47.2687734332749,12.9809376394727,14.2053432051777));
#4573=CARTESIAN_POINT('',(48.813913809164,14.1715290031022,15.0492245254795));
#4574=CARTESIAN_POINT('Ctrl Pts',(38.3940104325932,3.88627446946321,32.0296731625836));
#4575=CARTESIAN_POINT('Ctrl Pts',(40.0781222562925,5.68727085167516,30.0179377635101));
#4576=CARTESIAN_POINT('Ctrl Pts',(43.8271734932171,9.33652821711091,24.780383206551));
#4577=CARTESIAN_POINT('Ctrl Pts',(46.665480489357,12.0936694221969,18.4598490911862));
#4578=CARTESIAN_POINT('Ctrl Pts',(47.8469654073314,13.4186748603234,14.6025119213298));
#4579=CARTESIAN_POINT('Ctrl Pts',(38.2583478315025,3.77544337618901,31.817322940235));
#4580=CARTESIAN_POINT('Ctrl Pts',(39.932415499986,5.566864210098,29.8171854732308));
#4581=CARTESIAN_POINT('Ctrl Pts',(43.6573297988131,9.19805965028753,24.6105910091414));
#4582=CARTESIAN_POINT('Ctrl Pts',(46.4752405758159,11.946250217818,18.3253575651728));
#4583=CARTESIAN_POINT('Ctrl Pts',(47.6483951970727,13.2659122481399,14.4899563582891));
#4584=CARTESIAN_POINT('Ctrl Pts',(38.1226852304118,3.66461228291482,31.6049727178864));
#4585=CARTESIAN_POINT('Ctrl Pts',(39.7867087436795,5.44645756852083,29.6164331829515));
#4586=CARTESIAN_POINT('Ctrl Pts',(43.487486104409,9.05959108346414,24.4407988117318));
#4587=CARTESIAN_POINT('Ctrl Pts',(46.2850006622747,11.798831013439,18.1908660391595));
#4588=CARTESIAN_POINT('Ctrl Pts',(47.4498249868139,13.1131496359564,14.3774007952484));
#4589=CARTESIAN_POINT('Ctrl Pts',(37.9870226293211,3.55378118964062,31.3926224955378));
#4590=CARTESIAN_POINT('Ctrl Pts',(39.641001987373,5.32605092694367,29.4156808926722));
#4591=CARTESIAN_POINT('Ctrl Pts',(43.317642410005,8.92112251664076,24.2710066143222));
#4592=CARTESIAN_POINT('Ctrl Pts',(46.0947607487336,11.6514118090601,18.0563745131461));
#4593=CARTESIAN_POINT('Ctrl Pts',(47.2512547765552,12.960387023773,14.2648452322076));
#4594=CARTESIAN_POINT('',(37.9870226293211,3.55378118964062,31.3926224955378));
#4595=CARTESIAN_POINT('',(39.0365017943362,4.41116503966238,33.0353533015922));
#4596=CARTESIAN_POINT('Ctrl Pts',(37.9870226293211,3.55378118964062,31.3926224955378));
#4597=CARTESIAN_POINT('Ctrl Pts',(39.641001987373,5.32605092694367,29.4156808926722));
#4598=CARTESIAN_POINT('Ctrl Pts',(43.317642410005,8.92112251664076,24.2710066143222));
#4599=CARTESIAN_POINT('Ctrl Pts',(46.0947607487336,11.6514118090601,18.0563745131461));
#4600=CARTESIAN_POINT('Ctrl Pts',(47.2512547765552,12.960387023773,14.2648452322076));
#4601=CARTESIAN_POINT('Ctrl Pts',(37.9870226293211,3.55378118964061,31.3926224955378));
#4602=CARTESIAN_POINT('Ctrl Pts',(37.9344425948786,3.49744070184967,31.4554695057278));
#4603=CARTESIAN_POINT('Ctrl Pts',(37.8805833724811,3.44127814095721,31.5172213166143));
#4604=CARTESIAN_POINT('Ctrl Pts',(37.8254694814008,3.38531561089623,31.577851431814));
#4605=CARTESIAN_POINT('Ctrl Pts',(38.1232811411855,3.66509911894788,31.6059054862713));
#4606=CARTESIAN_POINT('Ctrl Pts',(38.069287785382,3.60728792347241,31.670426788551));
#4607=CARTESIAN_POINT('Ctrl Pts',(38.0141759386901,3.54959753695296,31.7339445546177));
#4608=CARTESIAN_POINT('Ctrl Pts',(37.9579590330578,3.49203536039003,31.7964447906955));
#4609=CARTESIAN_POINT('Ctrl Pts',(38.25953965305,3.77641704825515,31.8191884770048));
#4610=CARTESIAN_POINT('Ctrl Pts',(38.2041329758853,3.71713514509515,31.8853840713742));
#4611=CARTESIAN_POINT('Ctrl Pts',(38.1477685048991,3.65791693294872,31.9506677926212));
#4612=CARTESIAN_POINT('Ctrl Pts',(38.0904485847149,3.59875510988383,32.0150381495769));
#4613=CARTESIAN_POINT('Ctrl Pts',(38.3957981649145,3.88773497756241,32.0324714677383));
#4614=CARTESIAN_POINT('Ctrl Pts',(38.3389781663887,3.82698236671789,32.1003413541974));
#4615=CARTESIAN_POINT('Ctrl Pts',(38.281361071108,3.76623632894447,32.1673910306246));
#4616=CARTESIAN_POINT('Ctrl Pts',(38.222938136372,3.70547485937763,32.2336315084584));
#4617=CARTESIAN_POINT('',(37.8254694814008,3.38531561089622,31.577851431814));
#4618=CARTESIAN_POINT('',(37.8254694814008,3.38531561089622,31.577851431814));
#4619=CARTESIAN_POINT('Ctrl Pts',(37.8254694814008,3.38531561089623,31.577851431814));
#4620=CARTESIAN_POINT('Ctrl Pts',(37.8805833724811,3.44127814095721,31.5172213166143));
#4621=CARTESIAN_POINT('Ctrl Pts',(37.9344425948786,3.49744070184967,31.4554695057278));
#4622=CARTESIAN_POINT('Ctrl Pts',(37.9870226293211,3.55378118964061,31.3926224955378));
#4623=CARTESIAN_POINT('Ctrl Pts',(9.94391312178823,16.3766596073768,1.05763501572761));
#4624=CARTESIAN_POINT('Ctrl Pts',(9.87473069793691,16.5022128098471,1.14265244546882));
#4625=CARTESIAN_POINT('Ctrl Pts',(9.80554827408559,16.6277660123175,1.22766987521003));
#4626=CARTESIAN_POINT('Ctrl Pts',(9.73636585023428,16.7533192147879,1.31268730495124));
#4627=CARTESIAN_POINT('Ctrl Pts',(13.8906594994967,16.4197634987851,4.20562066932479));
#4628=CARTESIAN_POINT('Ctrl Pts',(13.8427285700717,16.5594500563758,4.28626801319656));
#4629=CARTESIAN_POINT('Ctrl Pts',(13.7941329869783,16.6998404400177,4.36770903117007));
#4630=CARTESIAN_POINT('Ctrl Pts',(13.7462020575533,16.8395269976084,4.44835637504185));
#4631=CARTESIAN_POINT('Ctrl Pts',(24.4571035637846,16.4635518620353,9.82108701065905));
#4632=CARTESIAN_POINT('Ctrl Pts',(24.4438403323612,16.6182115633473,9.88698495344206));
#4633=CARTESIAN_POINT('Ctrl Pts',(24.430641841883,16.7724440228009,9.95255877771788));
#4634=CARTESIAN_POINT('Ctrl Pts',(24.4173786104596,16.9271037241129,10.0184567205009));
#4635=CARTESIAN_POINT('Ctrl Pts',(36.5320527253034,16.4744540615193,10.474756834692));
#4636=CARTESIAN_POINT('Ctrl Pts',(36.5342118677601,16.6324786221241,10.5281383191194));
#4637=CARTESIAN_POINT('Ctrl Pts',(36.5368129560687,16.7908835624771,10.5815756870098));
#4638=CARTESIAN_POINT('Ctrl Pts',(36.5389720985255,16.9489081230819,10.6349571714372));
#4639=CARTESIAN_POINT('Ctrl Pts',(43.1045649057923,16.478943935907,9.1738932970167));
#4640=CARTESIAN_POINT('Ctrl Pts',(43.1137517882875,16.6385919145573,9.22086032676337));
#4641=CARTESIAN_POINT('Ctrl Pts',(43.1229386707826,16.7982398932075,9.26782735651005));
#4642=CARTESIAN_POINT('Ctrl Pts',(43.1321255532777,16.9578878718577,9.31479438625672));
#4643=CARTESIAN_POINT('',(43.1321255532777,16.9578878718577,9.31479438625671));
#4644=CARTESIAN_POINT('Ctrl Pts',(9.89620636785716,16.7567236600137,1.43705432896245));
#4645=CARTESIAN_POINT('Ctrl Pts',(13.8675592151197,16.8405204478337,4.51151742377014));
#4646=CARTESIAN_POINT('Ctrl Pts',(24.4862779536582,16.9272276606868,10.0219609195316));
#4647=CARTESIAN_POINT('Ctrl Pts',(36.5389720985255,16.9489081230819,10.6349571714372));
#4648=CARTESIAN_POINT('Ctrl Pts',(43.1321255532777,16.9578878718577,9.31479438625672));
#4649=CARTESIAN_POINT('',(43.101478618159,16.4789418273924,9.17450402486327));
#4650=CARTESIAN_POINT('Ctrl Pts',(43.101478618159,16.4789418273924,9.17450402486328));
#4651=CARTESIAN_POINT('Ctrl Pts',(43.1116697286391,16.6385905756741,9.22127499563132));
#4652=CARTESIAN_POINT('Ctrl Pts',(43.1218854544443,16.7982392365968,9.26803848221846));
#4653=CARTESIAN_POINT('Ctrl Pts',(43.1321255532618,16.9578878718661,9.31479438623707));
#4654=CARTESIAN_POINT('',(43.0930047142066,16.4789360362757,9.17617958990423));
#4655=CARTESIAN_POINT('Ctrl Pts',(43.0930047142066,16.4789360362757,9.17617958990419));
#4656=CARTESIAN_POINT('Ctrl Pts',(43.0958294973928,16.4789379672136,9.1756213534336));
#4657=CARTESIAN_POINT('Ctrl Pts',(43.0986541283823,16.4789398975978,9.17506283246257));
#4658=CARTESIAN_POINT('Ctrl Pts',(43.101478618159,16.4789418273924,9.17450402486328));
#4659=CARTESIAN_POINT('Ctrl Pts',(9.94391312178823,16.3766596073768,1.05763501572761));
#4660=CARTESIAN_POINT('Ctrl Pts',(13.8906594994967,16.4197634987851,4.20562066932479));
#4661=CARTESIAN_POINT('Ctrl Pts',(24.4535636679523,16.4635371923656,9.81920575658934));
#4662=CARTESIAN_POINT('Ctrl Pts',(36.5239623653911,16.4744467530719,10.47431830207));
#4663=CARTESIAN_POINT('Ctrl Pts',(43.0930047148848,16.4789360372387,9.17617955282767));
#4664=CARTESIAN_POINT('Ctrl Pts',(31.6042972416848,-0.00730408805038302,
35.8206666242541));
#4665=CARTESIAN_POINT('Ctrl Pts',(32.8388634679069,0.354743016900883,35.9542002189558));
#4666=CARTESIAN_POINT('Ctrl Pts',(35.6952719970277,1.53333541506509,35.753971116657));
#4667=CARTESIAN_POINT('Ctrl Pts',(37.9304019549944,3.22449758950823,34.341432512953));
#4668=CARTESIAN_POINT('Ctrl Pts',(38.845919669383,4.2072837364602,33.2614833210637));
#4669=CARTESIAN_POINT('Ctrl Pts',(31.6804026334372,-0.00486939203358859,
35.0931935775954));
#4670=CARTESIAN_POINT('Ctrl Pts',(32.8406348198956,0.334176583944435,35.2159400051647));
#4671=CARTESIAN_POINT('Ctrl Pts',(35.5204846686683,1.43312037391333,35.0258241018933));
#4672=CARTESIAN_POINT('Ctrl Pts',(37.6310101255271,3.00961782900451,33.711117787781));
#4673=CARTESIAN_POINT('Ctrl Pts',(38.5057696067223,3.93329436127222,32.7002726913138));
#4674=CARTESIAN_POINT('Ctrl Pts',(31.7565080251895,-0.00243469601679415,
34.3657205309368));
#4675=CARTESIAN_POINT('Ctrl Pts',(32.8424061718843,0.313610150987987,34.4776797913736));
#4676=CARTESIAN_POINT('Ctrl Pts',(35.345697340309,1.33290533276157,34.2976770871296));
#4677=CARTESIAN_POINT('Ctrl Pts',(37.3316182960598,2.79473806850079,33.080803062609));
#4678=CARTESIAN_POINT('Ctrl Pts',(38.1656195440615,3.65930498608423,32.1390620615639));
#4679=CARTESIAN_POINT('Ctrl Pts',(31.8326134169418,2.77555756156289E-16,
33.6382474842781));
#4680=CARTESIAN_POINT('Ctrl Pts',(32.8441775238731,0.293043718031539,33.7394195775825));
#4681=CARTESIAN_POINT('Ctrl Pts',(35.1709100119496,1.23269029160982,33.569530072366));
#4682=CARTESIAN_POINT('Ctrl Pts',(37.0322264665926,2.57985830799707,32.4504883374371));
#4683=CARTESIAN_POINT('Ctrl Pts',(37.8254694814008,3.38531561089624,31.577851431814));
#4684=CARTESIAN_POINT('Ctrl Pts',(35.1411895929638,1.44192616241978,35.5687043805657));
#4685=CARTESIAN_POINT('Ctrl Pts',(34.0470593826872,0.854203469235763,35.8679701283369));
#4686=CARTESIAN_POINT('Ctrl Pts',(32.8434630228893,0.358038904807546,35.951788883191));
#4687=CARTESIAN_POINT('Ctrl Pts',(31.6291378842638,3.5737062138979E-7,35.8233239964619));
#4688=CARTESIAN_POINT('Ctrl Pts',(31.8326134169418,2.77555756156289E-16,
33.6382474842781));
#4689=CARTESIAN_POINT('Ctrl Pts',(32.8441775238731,0.293043718031539,33.7394195775825));
#4690=CARTESIAN_POINT('Ctrl Pts',(35.1709100119496,1.23269029160982,33.569530072366));
#4691=CARTESIAN_POINT('Ctrl Pts',(37.0322264665926,2.57985830799707,32.4504883374371));
#4692=CARTESIAN_POINT('Ctrl Pts',(37.8254694814008,3.38531561089624,31.577851431814));
#4693=CARTESIAN_POINT('Ctrl Pts',(5.04938457631058,2.80582154732478E-11,
7.45008156877671));
#4694=CARTESIAN_POINT('Ctrl Pts',(5.05904898343743,-0.000656877563228171,
7.47352480417435));
#4695=CARTESIAN_POINT('Ctrl Pts',(5.06873006508787,-0.001313396129821,7.49696058045995));
#4696=CARTESIAN_POINT('Ctrl Pts',(5.09494115689572,-0.00308684609811537,
7.56028262160141));
#4697=CARTESIAN_POINT('Ctrl Pts',(5.11150325612831,-0.00420321132555698,
7.60015451043329));
#4698=CARTESIAN_POINT('Ctrl Pts',(5.12811407129416,-0.00531861461220813,
7.64000443093992));
#4699=CARTESIAN_POINT('Ctrl Pts',(5.06500744032187,0.00954699918976483,
7.44445894024543));
#4700=CARTESIAN_POINT('Ctrl Pts',(5.074674346738,0.00887956404208717,7.46789164792388));
#4701=CARTESIAN_POINT('Ctrl Pts',(5.08435790096153,0.00821249766781722,
7.49131689648235));
#4702=CARTESIAN_POINT('Ctrl Pts',(5.11057560362949,0.00641056563747909,
7.55461048346036));
#4703=CARTESIAN_POINT('Ctrl Pts',(5.12714179524132,0.0052762834179437,7.59446444418219));
#4704=CARTESIAN_POINT('Ctrl Pts',(5.14375663059337,0.00414299057941441,
7.63429643533048));
#4705=CARTESIAN_POINT('Ctrl Pts',(5.08063030433315,0.0190939983514715,7.43883631171414));
#4706=CARTESIAN_POINT('Ctrl Pts',(5.09029971003849,0.0184160056475577,7.46225849167352));
#4707=CARTESIAN_POINT('Ctrl Pts',(5.0999857368352,0.0177383914654175,7.48567321250473));
#4708=CARTESIAN_POINT('Ctrl Pts',(5.12621005036319,0.0159079773732376,7.54893834531941));
#4709=CARTESIAN_POINT('Ctrl Pts',(5.14278033435411,0.0147557781619232,7.5887743779314));
#4710=CARTESIAN_POINT('Ctrl Pts',(5.15939918989258,0.0136045957710369,7.62858843972104));
#4711=CARTESIAN_POINT('Ctrl Pts',(5.09625316834444,0.0286409975131781,7.43321368318286));
#4712=CARTESIAN_POINT('Ctrl Pts',(5.10592507333906,0.027952447252873,7.45662533542305));
#4713=CARTESIAN_POINT('Ctrl Pts',(5.11561357270886,0.0272642852630557,7.48002952852713));
#4714=CARTESIAN_POINT('Ctrl Pts',(5.14184449709697,0.025405389108832,7.54326620717835));
#4715=CARTESIAN_POINT('Ctrl Pts',(5.15841887346712,0.0242352729054238,7.5830843116803));
#4716=CARTESIAN_POINT('Ctrl Pts',(5.17504174919179,0.0230662009626595,7.6228804441116));
#4717=CARTESIAN_POINT('Ctrl Pts',(9.84698204929883,14.2180733111751,1.11356372493817));
#4718=CARTESIAN_POINT('Ctrl Pts',(13.624356978275,14.2821003952524,4.50414248934267));
#4719=CARTESIAN_POINT('Ctrl Pts',(24.1621660866072,14.4646892664432,10.5950165918127));
#4720=CARTESIAN_POINT('Ctrl Pts',(36.5295572849585,14.5575042755935,11.4314468286019));
#4721=CARTESIAN_POINT('Ctrl Pts',(43.2780196435626,14.5966063307256,10.1604662384187));
#4722=CARTESIAN_POINT('Ctrl Pts',(9.87929240679212,14.9376020765814,1.09492082187184));
#4723=CARTESIAN_POINT('Ctrl Pts',(13.7126837482684,14.9946499496487,4.40428367733023));
#4724=CARTESIAN_POINT('Ctrl Pts',(24.2587715233649,15.1310004928633,10.3356258660825));
#4725=CARTESIAN_POINT('Ctrl Pts',(36.5271415525483,15.1964843519136,11.1125268241818));
#4726=CARTESIAN_POINT('Ctrl Pts',(43.2163480004439,15.224049565909,9.83237068891387));
#4727=CARTESIAN_POINT('Ctrl Pts',(9.9116027642854,15.6571308419877,1.07627791880551));
#4728=CARTESIAN_POINT('Ctrl Pts',(13.8010105182618,15.7071995040451,4.30442486531777));
#4729=CARTESIAN_POINT('Ctrl Pts',(24.3553769601225,15.7973117192833,10.0762351403523));
#4730=CARTESIAN_POINT('Ctrl Pts',(36.5247258201381,15.8354644282337,10.7936068197617));
#4731=CARTESIAN_POINT('Ctrl Pts',(43.1546763573253,15.8514928010924,9.50427513940903));
#4732=CARTESIAN_POINT('Ctrl Pts',(9.94391312177869,16.3766596073939,1.05763501573918));
#4733=CARTESIAN_POINT('Ctrl Pts',(13.8893372882553,16.4197490584414,4.20456605330533));
#4734=CARTESIAN_POINT('Ctrl Pts',(24.4519823968801,16.4636229457034,9.81684441462204));
#4735=CARTESIAN_POINT('Ctrl Pts',(36.5223100877279,16.4744445045539,10.4746868153417));
#4736=CARTESIAN_POINT('Ctrl Pts',(43.0930047142066,16.4789360362757,9.1761795899042));
#4737=CARTESIAN_POINT('',(43.2780196435626,14.5966063307257,10.1604662384187));
#4738=CARTESIAN_POINT('',(43.0930047142066,16.4789360362757,9.17617958990423));
#4739=CARTESIAN_POINT('Ctrl Pts',(43.2780196435626,14.5966063307256,10.1604662384187));
#4740=CARTESIAN_POINT('Ctrl Pts',(36.5295572849585,14.5575042755935,11.4314468286019));
#4741=CARTESIAN_POINT('Ctrl Pts',(24.2006031340256,14.4649777294546,10.5976161625837));
#4742=CARTESIAN_POINT('Ctrl Pts',(13.6898763012558,14.283234476774,4.54195181637469));
#4743=CARTESIAN_POINT('Ctrl Pts',(9.92927730827397,14.2194684878448,1.18720445108501));
#4744=CARTESIAN_POINT('Ctrl Pts',(48.813913809164,14.1715290031022,15.0492245254795));
#4745=CARTESIAN_POINT('Ctrl Pts',(48.982246463848,14.3581684892474,14.4996258661736));
#4746=CARTESIAN_POINT('Ctrl Pts',(49.1781056682075,14.9486268875508,12.7637285132563));
#4747=CARTESIAN_POINT('Ctrl Pts',(47.798091273523,15.9155152309199,10.0288423823454));
#4748=CARTESIAN_POINT('Ctrl Pts',(45.4661852084935,16.3491826053854,9.10925267471979));
#4749=CARTESIAN_POINT('Ctrl Pts',(43.8820701547603,16.4645086328491,9.06519986483594));
#4750=CARTESIAN_POINT('Ctrl Pts',(43.4883823865625,16.4792061741903,9.09795753927727));
#4751=CARTESIAN_POINT('Ctrl Pts',(43.101478618159,16.4789418273924,9.17450402486328));
#4752=CARTESIAN_POINT('Ctrl Pts',(48.298867017201,13.7746652152257,14.7679307520456));
#4753=CARTESIAN_POINT('Ctrl Pts',(48.4475981474232,13.9429730479567,14.2744215153672));
#4754=CARTESIAN_POINT('Ctrl Pts',(48.6148876400439,14.4741405722062,12.7221413469226));
#4755=CARTESIAN_POINT('Ctrl Pts',(47.3777517822438,15.3451359820348,10.2768311945799));
#4756=CARTESIAN_POINT('Ctrl Pts',(45.2866768220185,15.7365509002179,9.44902516642756));
#4757=CARTESIAN_POINT('Ctrl Pts',(43.8631199466634,15.8392605548883,9.40637434486953));
#4758=CARTESIAN_POINT('Ctrl Pts',(43.509884388152,15.8521638157811,9.43510529910131));
#4759=CARTESIAN_POINT('Ctrl Pts',(43.1622858990989,15.8515074519309,9.50279054122747));
#4760=CARTESIAN_POINT('Ctrl Pts',(47.783820225238,13.3778014273492,14.4866369786117));
#4761=CARTESIAN_POINT('Ctrl Pts',(47.9111367013256,13.5272382195181,14.0511020961414));
#4762=CARTESIAN_POINT('Ctrl Pts',(48.052254174038,13.9998658287246,12.6794991237307));
#4763=CARTESIAN_POINT('Ctrl Pts',(46.9570921056091,14.7744641528727,10.5258233804772));
#4764=CARTESIAN_POINT('Ctrl Pts',(45.1051926104607,15.1237256135251,9.78813727219584));
#4765=CARTESIAN_POINT('Ctrl Pts',(43.8447238670692,15.2140531536173,9.74781345223859));
#4766=CARTESIAN_POINT('Ctrl Pts',(43.5309541741226,15.2250814882895,9.7720851288736));
#4767=CARTESIAN_POINT('Ctrl Pts',(43.2230931800389,15.2240730764694,9.83107705759167));
#4768=CARTESIAN_POINT('Ctrl Pts',(47.268773433275,12.9809376394728,14.2053432051777));
#4769=CARTESIAN_POINT('Ctrl Pts',(47.3764883849008,13.1120427782274,13.825897745335));
#4770=CARTESIAN_POINT('Ctrl Pts',(47.4890361458744,13.5253795133801,12.637911957397));
#4771=CARTESIAN_POINT('Ctrl Pts',(46.53675261433,14.2040849039875,10.7738121927117));
#4772=CARTESIAN_POINT('Ctrl Pts',(44.9256842239857,14.5110939083576,10.1279097639036));
#4773=CARTESIAN_POINT('Ctrl Pts',(43.8257736589723,14.5888050756565,10.0889879322722));
#4774=CARTESIAN_POINT('Ctrl Pts',(43.552456175712,14.5980391298802,10.1092328886976));
#4775=CARTESIAN_POINT('Ctrl Pts',(43.2839004609789,14.5966387010079,10.1593635739559));
#4776=CARTESIAN_POINT('',(43.2839004609789,14.5966387010079,10.1593635739558));
#4777=CARTESIAN_POINT('Ctrl Pts',(47.268773433275,12.9809376394728,14.2053432051777));
#4778=CARTESIAN_POINT('Ctrl Pts',(47.3764883849008,13.1120427782274,13.825897745335));
#4779=CARTESIAN_POINT('Ctrl Pts',(47.4890361458744,13.5253795133801,12.637911957397));
#4780=CARTESIAN_POINT('Ctrl Pts',(46.53675261433,14.2040849039875,10.7738121927117));
#4781=CARTESIAN_POINT('Ctrl Pts',(44.9256842239857,14.5110939083576,10.1279097639036));
#4782=CARTESIAN_POINT('Ctrl Pts',(43.8257736589723,14.5888050756565,10.0889879322722));
#4783=CARTESIAN_POINT('Ctrl Pts',(43.552456175712,14.5980391298802,10.1092328886976));
#4784=CARTESIAN_POINT('Ctrl Pts',(43.2839004609789,14.5966387010079,10.1593635739559));
#4785=CARTESIAN_POINT('',(43.2839004609789,14.5966387010079,10.1593635739558));
#4786=CARTESIAN_POINT('Ctrl Pts',(43.101478618159,16.4789418273924,9.17450402486328));
#4787=CARTESIAN_POINT('Ctrl Pts',(43.4883823865625,16.4792061741903,9.09795753927727));
#4788=CARTESIAN_POINT('Ctrl Pts',(43.8820701547603,16.4645086328491,9.06519986483594));
#4789=CARTESIAN_POINT('Ctrl Pts',(45.4661852084935,16.3491826053854,9.10925267471979));
#4790=CARTESIAN_POINT('Ctrl Pts',(47.2540521010505,16.0166908498999,9.81429993955432));
#4791=CARTESIAN_POINT('Ctrl Pts',(48.3201315344385,15.4844306107673,11.2648972935458));
#4792=CARTESIAN_POINT('Ctrl Pts',(48.5811607079477,15.2873072819089,11.8179899047319));
#4793=CARTESIAN_POINT('Ctrl Pts',(43.2780196435626,14.5966063307257,10.1604662384187));
#4794=CARTESIAN_POINT('Ctrl Pts',(43.2799796670266,14.5966176875269,10.1600970948054));
#4795=CARTESIAN_POINT('Ctrl Pts',(43.2819399402172,14.5966284775432,10.1597295399132));
#4796=CARTESIAN_POINT('Ctrl Pts',(43.2839004609788,14.5966387010079,10.1593635739559));
#4797=CARTESIAN_POINT('Ctrl Pts',(43.2163480004439,15.224049565909,9.83237068891387));
#4798=CARTESIAN_POINT('Ctrl Pts',(43.2185962771487,15.2240577807558,9.83193851434816));
#4799=CARTESIAN_POINT('Ctrl Pts',(43.2208446696055,15.2240656175614,9.83150730409634));
#4800=CARTESIAN_POINT('Ctrl Pts',(43.2230931800389,15.2240730764694,9.83107705759168));
#4801=CARTESIAN_POINT('Ctrl Pts',(43.1546763573253,15.8514928010924,9.50427513940903));
#4802=CARTESIAN_POINT('Ctrl Pts',(43.1572128872707,15.8514978739847,9.50377993389088));
#4803=CARTESIAN_POINT('Ctrl Pts',(43.1597493989939,15.8515027575796,9.50328506827945));
#4804=CARTESIAN_POINT('Ctrl Pts',(43.1622858990989,15.8515074519309,9.50279054122748));
#4805=CARTESIAN_POINT('Ctrl Pts',(43.0930047142066,16.4789360362757,9.17617958990419));
#4806=CARTESIAN_POINT('Ctrl Pts',(43.0958294973928,16.4789379672136,9.1756213534336));
#4807=CARTESIAN_POINT('Ctrl Pts',(43.0986541283823,16.4789398975978,9.17506283246257));
#4808=CARTESIAN_POINT('Ctrl Pts',(43.101478618159,16.4789418273924,9.17450402486328));
#4809=CARTESIAN_POINT('Ctrl Pts',(43.2839004609788,14.5966387010079,10.1593635739559));
#4810=CARTESIAN_POINT('Ctrl Pts',(43.2819399402172,14.5966284775432,10.1597295399132));
#4811=CARTESIAN_POINT('Ctrl Pts',(43.2799796670266,14.5966176875269,10.1600970948054));
#4812=CARTESIAN_POINT('Ctrl Pts',(43.2780196435626,14.5966063307257,10.1604662384187));
#4813=CARTESIAN_POINT('Ctrl Pts',(5.51510211880934,0.0211944211323178,7.81455711205747));
#4814=CARTESIAN_POINT('Ctrl Pts',(6.67679101877717,-0.0167950377518273,
10.5027624135932));
#4815=CARTESIAN_POINT('Ctrl Pts',(9.47912173993106,-0.0705873215853644,
15.6743523026938));
#4816=CARTESIAN_POINT('Ctrl Pts',(15.624715498928,-0.0931251687527365,23.3259886141873));
#4817=CARTESIAN_POINT('Ctrl Pts',(24.0312780083942,-0.0586038918286549,
30.1619956972228));
#4818=CARTESIAN_POINT('Ctrl Pts',(31.1459497730112,-0.00618444179617811,
33.5223825490575));
#4819=CARTESIAN_POINT('Ctrl Pts',(34.8448932251349,0.0237163081100493,34.7509952411059));
#4820=CARTESIAN_POINT('Ctrl Pts',(6.14176320813083,2.46412930577974,7.39034683427315));
#4821=CARTESIAN_POINT('Ctrl Pts',(7.49215979577689,2.47914424621393,10.0112458524217));
#4822=CARTESIAN_POINT('Ctrl Pts',(10.670403546992,2.52548422621898,15.0075199832116));
#4823=CARTESIAN_POINT('Ctrl Pts',(17.3989994438094,2.66841707837611,22.2443263892552));
#4824=CARTESIAN_POINT('Ctrl Pts',(26.3417315345026,2.88690676797544,28.4699353938901));
#4825=CARTESIAN_POINT('Ctrl Pts',(33.7005137723426,3.07334364436287,31.2719096941446));
#4826=CARTESIAN_POINT('Ctrl Pts',(37.4705730733078,3.17097034998271,32.2007506623015));
#4827=CARTESIAN_POINT('Ctrl Pts',(7.35121876138931,6.40863737954143,6.42546657768846));
#4828=CARTESIAN_POINT('Ctrl Pts',(8.98169413239488,6.44907322983924,8.880725350425));
#4829=CARTESIAN_POINT('Ctrl Pts',(12.739450884845,6.53922203604586,13.4966771800486));
#4830=CARTESIAN_POINT('Ctrl Pts',(20.4068883725386,6.74159119536951,19.8935339441186));
#4831=CARTESIAN_POINT('Ctrl Pts',(30.2202742670703,7.0228889167955,24.919385374377));
#4832=CARTESIAN_POINT('Ctrl Pts',(37.937396003828,7.265496325166,26.6501258398705));
#4833=CARTESIAN_POINT('Ctrl Pts',(41.7882129010681,7.39587417091267,27.008262345533));
#4834=CARTESIAN_POINT('Ctrl Pts',(9.03640457697018,11.3331163013354,3.97306376574652));
#4835=CARTESIAN_POINT('Ctrl Pts',(10.9850345847999,11.3369022331531,6.17114839560756));
#4836=CARTESIAN_POINT('Ctrl Pts',(15.3765036520224,11.3659373645149,10.1707387336357));
#4837=CARTESIAN_POINT('Ctrl Pts',(23.993296654819,11.466420340037,15.1825344169533));
#4838=CARTESIAN_POINT('Ctrl Pts',(34.5788703715815,11.62040983947,18.2585411606798));
#4839=CARTESIAN_POINT('Ctrl Pts',(42.5150468693902,11.7614955125805,18.3125450326217));
#4840=CARTESIAN_POINT('Ctrl Pts',(46.370717790116,11.8404542852754,17.807933692898));
#4841=CARTESIAN_POINT('Ctrl Pts',(9.70533116780048,13.6805442847472,1.73546169471503));
#4842=CARTESIAN_POINT('Ctrl Pts',(11.8080502887285,13.6517612892529,3.80197509595123));
#4843=CARTESIAN_POINT('Ctrl Pts',(16.4880383092921,13.6279131446778,7.47776184036088));
#4844=CARTESIAN_POINT('Ctrl Pts',(25.4776790308968,13.6461722701823,11.7437153121227));
#4845=CARTESIAN_POINT('Ctrl Pts',(36.2963468398301,13.7041388798916,13.7628846263359));
#4846=CARTESIAN_POINT('Ctrl Pts',(44.230804651584,13.7616936137142,12.8983065268114));
#4847=CARTESIAN_POINT('Ctrl Pts',(48.0419089761376,13.793199958868,11.9106482064943));
#4848=CARTESIAN_POINT('Ctrl Pts',(9.76202141330215,14.7164202578412,0.361135953725604));
#4849=CARTESIAN_POINT('Ctrl Pts',(11.9342011160126,14.6698897783645,2.37086605348785));
#4850=CARTESIAN_POINT('Ctrl Pts',(16.750264903096,14.6145207393474,5.90166622901802));
#4851=CARTESIAN_POINT('Ctrl Pts',(25.9299968487788,14.5835454381132,9.82666865224724));
#4852=CARTESIAN_POINT('Ctrl Pts',(36.8779431468069,14.5857959923294,11.3564801857907));
#4853=CARTESIAN_POINT('Ctrl Pts',(44.8124082234572,14.599680162471,10.0587668882133));
#4854=CARTESIAN_POINT('Ctrl Pts',(48.5936119012812,14.6082583121783,8.84131726523));
#4855=CARTESIAN_POINT('Ctrl Pts',(35.141060237523,1.44198135521,35.5683269853949));
#4856=CARTESIAN_POINT('Ctrl Pts',(35.0936900944044,1.57729819107887,35.7123044617145));
#4857=CARTESIAN_POINT('Ctrl Pts',(35.0463487950871,1.71264075191786,35.8561636635987));
#4858=CARTESIAN_POINT('Ctrl Pts',(34.9990340145264,1.8480083478423,35.9999121249816));
#4859=CARTESIAN_POINT('Ctrl Pts',(33.6781778396884,0.556483006179788,35.886268665162));
#4860=CARTESIAN_POINT('Ctrl Pts',(33.6329340682121,0.693016455843521,36.0304092848684));
#4861=CARTESIAN_POINT('Ctrl Pts',(33.5876923204313,0.829525822431548,36.1744540141166));
#4862=CARTESIAN_POINT('Ctrl Pts',(33.5424376213139,0.966062970092858,36.318363391231));
#4863=CARTESIAN_POINT('Ctrl Pts',(31.993278220678,-0.071260429285051,35.8889542668128));
#4864=CARTESIAN_POINT('Ctrl Pts',(31.9506990447208,0.0656142600208944,36.0340827295909));
#4865=CARTESIAN_POINT('Ctrl Pts',(31.9080727565121,0.202457483675934,36.1790996067976));
#4866=CARTESIAN_POINT('Ctrl Pts',(31.8653937588617,0.33932364988607,36.323966623555));
#4867=CARTESIAN_POINT('Ctrl Pts',(30.3067366795023,-0.359143675753554,35.5760325289069));
#4868=CARTESIAN_POINT('Ctrl Pts',(30.2664304032071,-0.223064179230303,35.7228449699826));
#4869=CARTESIAN_POINT('Ctrl Pts',(30.226035687398,-0.0869725340732449,35.8694959296643));
#4870=CARTESIAN_POINT('Ctrl Pts',(30.1855563982097,0.0491313138989458,36.0159946103446));
#4871=CARTESIAN_POINT('Ctrl Pts',(34.6879358121664,1.6026325621493,36.010233719593));
#4872=CARTESIAN_POINT('Ctrl Pts',(34.471895797864,1.49232546306631,36.059768047254));
#4873=CARTESIAN_POINT('Ctrl Pts',(34.252219104237,1.38571595689584,36.1012465132458));
#4874=CARTESIAN_POINT('Ctrl Pts',(34.0293627447991,1.28300127103138,36.1346872094119));
#4875=CARTESIAN_POINT('Ctrl Pts',(33.807367367099,1.1806834123831,36.1679987110207));
#4876=CARTESIAN_POINT('Ctrl Pts',(33.5822162580869,1.08223015633476,36.1933343963929));
#4877=CARTESIAN_POINT('Ctrl Pts',(33.3543496020856,0.987871805512871,36.2106767203671));
#4878=CARTESIAN_POINT('Ctrl Pts',(33.1617755253748,0.908127921048432,36.2253330201783));
#4879=CARTESIAN_POINT('Ctrl Pts',(32.9672615622881,0.831309243752532,36.2342796740191));
#4880=CARTESIAN_POINT('Ctrl Pts',(32.7710715782607,0.75757610481873,36.2374864358914));
#4881=CARTESIAN_POINT('Ctrl Pts',(32.5372138386589,0.669686474314488,36.2413088842526));
#4882=CARTESIAN_POINT('Ctrl Pts',(32.301890064921,0.586526625279572,36.2369642514003));
#4883=CARTESIAN_POINT('Ctrl Pts',(32.065578012882,0.508292817872061,36.2245590156688));
#4884=CARTESIAN_POINT('Ctrl Pts',(31.8283264529786,0.429747975641345,36.2121044603345));
#4885=CARTESIAN_POINT('Ctrl Pts',(31.5900781293062,0.356168230071283,36.1915250506602));
#4886=CARTESIAN_POINT('Ctrl Pts',(31.3513008880131,0.287787180244599,36.1628923875611));
#4887=CARTESIAN_POINT('Ctrl Pts',(31.113573608553,0.219706818590826,36.134385629273));
#4888=CARTESIAN_POINT('Ctrl Pts',(30.8753214464435,0.156779385504249,36.0978962169615));
#4889=CARTESIAN_POINT('Ctrl Pts',(30.6369997850384,0.0992724903703461,36.053459872582));
#4890=CARTESIAN_POINT('Ctrl Pts',(30.4913795810842,0.0641344095563632,36.0263082091815));
#4891=CARTESIAN_POINT('Ctrl Pts',(30.3457333450634,0.0310208185067594,35.9961888819976));
#4892=CARTESIAN_POINT('Ctrl Pts',(30.2001652518538,1.49381396141735E-10,
35.9631037270489));
#4893=CARTESIAN_POINT('Ctrl Pts',(3.32785918323887,-0.49707287877268,8.36475342129222));
#4894=CARTESIAN_POINT('Ctrl Pts',(4.87150058862579,-0.393592853725637,12.1837489423408));
#4895=CARTESIAN_POINT('Ctrl Pts',(8.90204223660938,-0.232801768287353,19.4284806402722));
#4896=CARTESIAN_POINT('Ctrl Pts',(18.7523025039316,-0.0695593775668893,
30.0395710531184));
#4897=CARTESIAN_POINT('Ctrl Pts',(27.7748649666698,-0.0103529348272122,
35.236228618021));
#4898=CARTESIAN_POINT('Ctrl Pts',(33.5609864769706,0.0173730107163915,37.2949182497842));
#4899=CARTESIAN_POINT('Ctrl Pts',(4.04322629779707,2.34376016284947,8.06688014685561));
#4900=CARTESIAN_POINT('Ctrl Pts',(5.89700794512888,2.54012969828982,11.785860039935));
#4901=CARTESIAN_POINT('Ctrl Pts',(10.5359533514619,2.89626661993081,18.730400693997));
#4902=CARTESIAN_POINT('Ctrl Pts',(21.2943731309744,3.41073375007975,28.5378976596522));
#4903=CARTESIAN_POINT('Ctrl Pts',(30.7314318852331,3.71084261766966,32.9445624970097));
#4904=CARTESIAN_POINT('Ctrl Pts',(36.6349652854816,3.8855393953018,34.4821392695876));
#4905=CARTESIAN_POINT('Ctrl Pts',(5.48818112425968,6.92228566086607,7.26705948714062));
#4906=CARTESIAN_POINT('Ctrl Pts',(7.80348699299939,7.16806659295047,10.7295125121635));
#4907=CARTESIAN_POINT('Ctrl Pts',(13.4055850557332,7.62328627902642,17.0305004571443));
#4908=CARTESIAN_POINT('Ctrl Pts',(25.6731581757132,8.27871624003177,25.2058632900849));
#4909=CARTESIAN_POINT('Ctrl Pts',(35.7551617093676,8.68873079812735,28.0595619783937));
#4910=CARTESIAN_POINT('Ctrl Pts',(41.7675278581568,8.93562464359453,28.5823319887118));
#4911=CARTESIAN_POINT('Ctrl Pts',(7.35411563098732,11.9343806001867,5.04969784113386));
#4912=CARTESIAN_POINT('Ctrl Pts',(10.1173163877226,12.1193923733212,8.13552973760111));
#4913=CARTESIAN_POINT('Ctrl Pts',(16.557059932528,12.425149979543,13.5047106357428));
#4914=CARTESIAN_POINT('Ctrl Pts',(29.9457741415222,12.8331390635654,19.4569045781733));
#4915=CARTESIAN_POINT('Ctrl Pts',(40.3591639335873,13.0823672846863,20.2531355005136));
#4916=CARTESIAN_POINT('Ctrl Pts',(46.3315340534874,13.2404705548767,19.4897507350988));
#4917=CARTESIAN_POINT('Ctrl Pts',(8.33835459225046,14.8643775426558,2.69650018602566));
#4918=CARTESIAN_POINT('Ctrl Pts',(11.3554422143461,14.9868111221154,5.53910031725198));
#4919=CARTESIAN_POINT('Ctrl Pts',(18.2231549486564,15.1648492034966,10.3223985968117));
#4920=CARTESIAN_POINT('Ctrl Pts',(32.0823431388913,15.3787542832717,14.8959557383371));
#4921=CARTESIAN_POINT('Ctrl Pts',(42.5504055263536,15.4991100327956,14.4142449898144));
#4922=CARTESIAN_POINT('Ctrl Pts',(48.4336064743941,15.5713705680195,12.8274833614043));
#4923=CARTESIAN_POINT('Ctrl Pts',(8.58113798602652,16.1430658957203,1.19625372203977));
#4924=CARTESIAN_POINT('Ctrl Pts',(11.7122315765729,16.2346315986263,3.92796329773053));
#4925=CARTESIAN_POINT('Ctrl Pts',(18.7720098128744,16.3486604727454,8.43882944664614));
#4926=CARTESIAN_POINT('Ctrl Pts',(32.8394443906021,16.457503868476,12.3707143694141));
#4927=CARTESIAN_POINT('Ctrl Pts',(43.3135352106687,16.5070772370343,11.2964550044635));
#4928=CARTESIAN_POINT('Ctrl Pts',(49.1347253826174,16.5341375024428,9.31842620718086));
#4929=CARTESIAN_POINT('Ctrl Pts',(8.58806339363995,16.7267520586798,0.381320959123625));
#4930=CARTESIAN_POINT('Ctrl Pts',(11.7745989388117,16.8060082440304,3.06133870792816));
#4931=CARTESIAN_POINT('Ctrl Pts',(18.9343554356514,16.8899112102657,7.43873794350597));
#4932=CARTESIAN_POINT('Ctrl Pts',(33.116516344341,16.9465106672772,11.0580757337817));
#4933=CARTESIAN_POINT('Ctrl Pts',(43.6021833372396,16.9594627935312,9.6964878329344));
#4934=CARTESIAN_POINT('Ctrl Pts',(49.3889378527068,16.9651238059088,7.52976293343389));
#4935=CARTESIAN_POINT('Ctrl Pts',(43.1321255532777,16.9578878718577,9.31479438625672));
#4936=CARTESIAN_POINT('Ctrl Pts',(43.7707889411855,16.9587577191645,9.18691329828274));
#4937=CARTESIAN_POINT('Ctrl Pts',(44.4270777076728,16.9190145965874,9.17848221649768));
#4938=CARTESIAN_POINT('Ctrl Pts',(45.7010236430832,16.7669341425677,9.40284145827695));
#4939=CARTESIAN_POINT('Ctrl Pts',(46.3065149417086,16.6560106265767,9.63338375406589));
#4940=CARTESIAN_POINT('Ctrl Pts',(47.386020067356,16.3755651004804,10.3047398843007));
#4941=CARTESIAN_POINT('Ctrl Pts',(47.8497716216131,16.2086664716919,10.7389614649938));
#4942=CARTESIAN_POINT('Ctrl Pts',(48.3486939320805,15.9516012566277,11.4395185602356));
#4943=CARTESIAN_POINT('Ctrl Pts',(48.4702432540027,15.878587830107,11.6414371575151));
#4944=CARTESIAN_POINT('Ctrl Pts',(48.5753016751459,15.8037693961424,11.8507412075597));
#4945=CARTESIAN_POINT('Ctrl Pts',(43.101478618159,16.4789418273924,9.17450402486328));
#4946=CARTESIAN_POINT('Ctrl Pts',(43.1132215158326,16.6629000838001,9.22839675077307));
#4947=CARTESIAN_POINT('Ctrl Pts',(43.1249970958434,16.8468582242193,9.28227953976248));
#4948=CARTESIAN_POINT('Ctrl Pts',(43.1368049874789,17.030816343053,9.33615224130888));
#4949=CARTESIAN_POINT('Ctrl Pts',(44.0368567868469,16.4520007007355,8.98101668535334));
#4950=CARTESIAN_POINT('Ctrl Pts',(44.0489517798122,16.6361395642956,9.03395472400939));
#4951=CARTESIAN_POINT('Ctrl Pts',(44.0610927086073,16.8202747217877,9.08689180535375));
#4952=CARTESIAN_POINT('Ctrl Pts',(44.0732447654935,17.004413312528,9.13981466076678));
#4953=CARTESIAN_POINT('Ctrl Pts',(46.3430798017599,16.20076976335,9.14543554061334));
#4954=CARTESIAN_POINT('Ctrl Pts',(46.3567521556826,16.3851112264788,9.19675222968909));
#4955=CARTESIAN_POINT('Ctrl Pts',(46.3704461328032,16.569455883574,9.24805337079198));
#4956=CARTESIAN_POINT('Ctrl Pts',(46.3841553110122,16.7537996026949,9.2993574610048));
#4957=CARTESIAN_POINT('Ctrl Pts',(48.0605541399638,15.6018035302823,10.6975068286085));
#4958=CARTESIAN_POINT('Ctrl Pts',(48.0759724555241,15.7858763611395,10.7491342233741));
#4959=CARTESIAN_POINT('Ctrl Pts',(48.091365786928,15.9699448961177,10.800797536586));
#4960=CARTESIAN_POINT('Ctrl Pts',(48.1068103338556,16.154026534861,10.8523985534776));
#4961=CARTESIAN_POINT('Ctrl Pts',(48.5792316837879,15.2375365823304,11.802750726201));
#4962=CARTESIAN_POINT('Ctrl Pts',(48.5951252693285,15.4214312703013,11.8549348183672));
#4963=CARTESIAN_POINT('Ctrl Pts',(48.6110322487301,15.6053320650333,11.9071011544767));
#4964=CARTESIAN_POINT('Ctrl Pts',(48.626952439119,15.7892388730302,11.959249930804));
#4965=CARTESIAN_POINT('Origin',(0.,0.,0.));
#4966=CARTESIAN_POINT('',(3.70357685018017,16.7567215700794,9.2888922120878));
#4967=CARTESIAN_POINT('Ctrl Pts',(2.24824464019484,15.5116268457005,9.74399281803077));
#4968=CARTESIAN_POINT('Ctrl Pts',(2.73857583058071,15.9622972350386,9.63085803937355));
#4969=CARTESIAN_POINT('Ctrl Pts',(3.22533639106406,16.3738338094201,9.47957160061455));
#4970=CARTESIAN_POINT('Ctrl Pts',(3.70357685062139,16.7567215700545,9.28889221121342));
#4971=CARTESIAN_POINT('',(4.05601776932705,16.3766596073939,9.14049888435576));
#4972=CARTESIAN_POINT('Ctrl Pts',(3.70357764966374,16.756723663799,9.28889327177557));
#4973=CARTESIAN_POINT('Ctrl Pts',(3.77394040201987,16.6797357766062,9.26083396979244));
#4974=CARTESIAN_POINT('Ctrl Pts',(3.84452739692289,16.6031452683839,9.23176741530356));
#4975=CARTESIAN_POINT('Ctrl Pts',(3.9152769065338,16.52706943041,9.20166407610018));
#4976=CARTESIAN_POINT('Ctrl Pts',(3.96212100275386,16.4766987084973,9.18173229528722));
#4977=CARTESIAN_POINT('Ctrl Pts',(4.00903712082893,16.4265530967646,9.16134613775067));
#4978=CARTESIAN_POINT('Ctrl Pts',(4.05601776932714,16.376659607394,9.14049888435578));
#4979=CARTESIAN_POINT('Ctrl Pts',(4.05601776932727,16.3766596073939,9.14049888435535));
#4980=CARTESIAN_POINT('Ctrl Pts',(4.04092816512843,16.0882755239844,9.14719476644417));
#4981=CARTESIAN_POINT('Ctrl Pts',(4.02549132600584,15.7999524568395,9.15400004721399));
#4982=CARTESIAN_POINT('Ctrl Pts',(4.00969624957185,15.5116268457,9.16091349081353));
#4983=CARTESIAN_POINT('Origin',(0.,0.,0.));
#4984=CARTESIAN_POINT('',(-13.2325446434097,1.44198133848193,48.2172143645436));
#4985=CARTESIAN_POINT('',(-8.80367467436547,3.70547485937763,49.2188511876084));
#4986=CARTESIAN_POINT('Ctrl Pts',(-13.2325446060026,1.44198136348262,48.2172143870854));
#4987=CARTESIAN_POINT('Ctrl Pts',(-13.0610452287151,1.50753447679627,48.2642800085383));
#4988=CARTESIAN_POINT('Ctrl Pts',(-12.8898973455054,1.57487609914916,48.3102647508169));
#4989=CARTESIAN_POINT('Ctrl Pts',(-11.9619194997277,1.95125883660272,48.5543584167945));
#4990=CARTESIAN_POINT('Ctrl Pts',(-11.2123946718315,2.29603039469302,48.7323008370775));
#4991=CARTESIAN_POINT('Ctrl Pts',(-10.1258082133902,2.87953385210793,48.9653164894553));
#4992=CARTESIAN_POINT('Ctrl Pts',(-9.77285614464584,3.08304529463341,49.0368828101762));
#4993=CARTESIAN_POINT('Ctrl Pts',(-9.21606781270957,3.4299979134447,49.1437674622521));
#4994=CARTESIAN_POINT('Ctrl Pts',(-9.00852161578429,3.56536207773644,49.1822106365436));
#4995=CARTESIAN_POINT('Ctrl Pts',(-8.80367467436546,3.70547485937763,49.2188511876084));
#4996=CARTESIAN_POINT('',(-8.54150541741346,3.88627446946321,49.2650249690822));
#4997=CARTESIAN_POINT('Ctrl Pts',(-8.80367467436547,3.70547485937763,49.2188511876084));
#4998=CARTESIAN_POINT('Ctrl Pts',(-8.75987234564429,3.73543511202762,49.2266860200503));
#4999=CARTESIAN_POINT('Ctrl Pts',(-8.71616668617662,3.76544955068925,49.2344433850225));
#5000=CARTESIAN_POINT('Ctrl Pts',(-8.67246252341455,3.79558799397453,49.2421405057956));
#5001=CARTESIAN_POINT('Ctrl Pts',(-8.62874319235811,3.82573689733389,49.2498402979892));
#5002=CARTESIAN_POINT('Ctrl Pts',(-8.58512230785333,3.85594303821353,49.2574627298219));
#5003=CARTESIAN_POINT('Ctrl Pts',(-8.54150541741347,3.88627446946319,49.2650249690822));
#5004=CARTESIAN_POINT('',(11.2771281363179,13.401087344566,48.7116657588002));
#5005=CARTESIAN_POINT('Ctrl Pts',(-8.54150541741346,3.88627446946321,49.2650249690822));
#5006=CARTESIAN_POINT('Ctrl Pts',(-7.56622121045242,4.56460526994077,49.4341184657871));
#5007=CARTESIAN_POINT('Ctrl Pts',(-6.56715937430614,5.20961196051946,49.5771728777687));
#5008=CARTESIAN_POINT('Ctrl Pts',(-5.54816957142289,5.82518587405176,49.6908678990192));
#5009=CARTESIAN_POINT('Ctrl Pts',(-4.57653902793889,6.4121499579588,49.7992787535503));
#5010=CARTESIAN_POINT('Ctrl Pts',(-3.58678953582044,6.97235349257003,49.8809959659628));
#5011=CARTESIAN_POINT('Ctrl Pts',(-2.58225836080225,7.50918943251198,49.9330986387013));
#5012=CARTESIAN_POINT('Ctrl Pts',(-1.85228627137467,7.89929703942835,49.9709605765183));
#5013=CARTESIAN_POINT('Ctrl Pts',(-1.11450848659698,8.27706546553582,49.9931833433178));
#5014=CARTESIAN_POINT('Ctrl Pts',(-0.370207085783559,8.64380397219056,49.9986303456219));
#5015=CARTESIAN_POINT('Ctrl Pts',(0.102870809636231,8.87690293009661,50.002092459738));
#5016=CARTESIAN_POINT('Ctrl Pts',(0.578584135140118,9.10554619605694,49.99877703723));
#5017=CARTESIAN_POINT('Ctrl Pts',(1.05662508070438,9.32981074923478,49.9885352219682));
#5018=CARTESIAN_POINT('Ctrl Pts',(1.78012942073952,9.6692301630858,49.9730344623356));
#5019=CARTESIAN_POINT('Ctrl Pts',(2.50875096557106,9.99851117552412,49.9416618769872));
#5020=CARTESIAN_POINT('Ctrl Pts',(3.24113725310536,10.3178028084689,49.8939203007165));
#5021=CARTESIAN_POINT('Ctrl Pts',(3.97100600214938,10.6359968935907,49.8463428335476));
#5022=CARTESIAN_POINT('Ctrl Pts',(4.70461315997334,10.9442702623159,49.7825085163739));
#5023=CARTESIAN_POINT('Ctrl Pts',(5.44060641517522,11.2427946416517,49.7019686009566));
#5024=CARTESIAN_POINT('Ctrl Pts',(6.17195633937276,11.5394356511382,49.6219368063457));
#5025=CARTESIAN_POINT('Ctrl Pts',(6.90566186314023,11.8264504204454,49.525409364267));
#5026=CARTESIAN_POINT('Ctrl Pts',(7.64038983435526,12.1040296792207,49.4119915584354));
#5027=CARTESIAN_POINT('Ctrl Pts',(8.36433192021211,12.377534044729,49.3002387381483));
#5028=CARTESIAN_POINT('Ctrl Pts',(9.08926620506366,12.6418780517862,49.1720877246993));
#5029=CARTESIAN_POINT('Ctrl Pts',(9.81391820051048,12.8972636663689,49.0272072113226));
#5030=CARTESIAN_POINT('Ctrl Pts',(10.3019119973179,13.069244971179,48.9296420459048));
#5031=CARTESIAN_POINT('Ctrl Pts',(10.7897778015399,13.2371641165117,48.8244911382439));
#5032=CARTESIAN_POINT('Ctrl Pts',(11.2771281363179,13.401087344566,48.7116657588002));
#5033=CARTESIAN_POINT('',(11.3477733052915,13.4251093919916,48.6952568635972));
#5034=CARTESIAN_POINT('Ctrl Pts',(11.2771281363179,13.401087344566,48.7116657588002));
#5035=CARTESIAN_POINT('Ctrl Pts',(11.2889212233704,13.4050475142826,48.7089355677517));
#5036=CARTESIAN_POINT('Ctrl Pts',(11.3007043790576,13.4090293028634,48.7062031659431));
#5037=CARTESIAN_POINT('Ctrl Pts',(11.3124812344055,13.4130339076934,48.703467725093));
#5038=CARTESIAN_POINT('Ctrl Pts',(11.3242540387618,13.4170371350232,48.7007332251773));
#5039=CARTESIAN_POINT('Ctrl Pts',(11.3360168479407,13.4210619050321,48.6979965475312));
#5040=CARTESIAN_POINT('Ctrl Pts',(11.3477733052915,13.4251093919916,48.6952568635972));
#5041=CARTESIAN_POINT('',(14.0580302989791,15.2874238690771,47.9830364203063));
#5042=CARTESIAN_POINT('Ctrl Pts',(11.3477733052915,13.4251093919916,48.6952568635972));
#5043=CARTESIAN_POINT('Ctrl Pts',(11.4300661949171,13.4534410047966,48.6760796148002));
#5044=CARTESIAN_POINT('Ctrl Pts',(11.5115231299052,13.4838643949011,48.6568774266414));
#5045=CARTESIAN_POINT('Ctrl Pts',(11.6856226797162,13.5539806284273,48.6153827285901));
#5046=CARTESIAN_POINT('Ctrl Pts',(11.7777687416123,13.5942795379626,48.5931368618441));
#5047=CARTESIAN_POINT('Ctrl Pts',(12.0712727564516,13.7326429320065,48.5214159504569));
#5048=CARTESIAN_POINT('Ctrl Pts',(12.266880048617,13.8403847547104,48.4722821487619));
#5049=CARTESIAN_POINT('Ctrl Pts',(12.9971539612209,14.295666732108,48.2844200450191));
#5050=CARTESIAN_POINT('Ctrl Pts',(13.5216678657907,14.7367147005373,48.1401794420862));
#5051=CARTESIAN_POINT('Ctrl Pts',(14.0580302989675,15.2874238690714,47.9830364203154));
#5052=CARTESIAN_POINT('',(14.0246078981512,15.8037693961424,47.992815850949));
#5053=CARTESIAN_POINT('Ctrl Pts',(14.0580302989654,15.2874238690719,47.9830364203026));
#5054=CARTESIAN_POINT('Ctrl Pts',(14.047618111259,15.4597181898457,47.9860869365923));
#5055=CARTESIAN_POINT('Ctrl Pts',(14.0364203766875,15.6319452577824,47.9893473623789));
#5056=CARTESIAN_POINT('Ctrl Pts',(14.0245400252976,15.8037607993739,47.9927917524374));
#5057=CARTESIAN_POINT('',(-13.8418756992006,1.60253948619964,48.0458372507735));
#5058=CARTESIAN_POINT('Ctrl Pts',(14.0246078981512,15.8037693961424,47.9928158509491));
#5059=CARTESIAN_POINT('Ctrl Pts',(11.2060309210277,14.9566037667614,48.8164690630816));
#5060=CARTESIAN_POINT('Ctrl Pts',(8.35834190994312,13.971315098702,49.3782384570147));
#5061=CARTESIAN_POINT('Ctrl Pts',(1.32559368827767,11.1785670843598,50.1615237818594));
#5062=CARTESIAN_POINT('Ctrl Pts',(-2.80895076071245,9.22438472772219,50.0716325278573));
#5063=CARTESIAN_POINT('Ctrl Pts',(-9.22426771755349,5.29368218233906,49.2100930707763));
#5064=CARTESIAN_POINT('Ctrl Pts',(-11.6189172251329,3.56170007267626,48.6862655717945));
#5065=CARTESIAN_POINT('Ctrl Pts',(-13.8418756992005,1.60253948619931,48.0458372507742));
#5066=CARTESIAN_POINT('Ctrl Pts',(-13.8418092912993,1.6026325621496,48.0457504779769));
#5067=CARTESIAN_POINT('Ctrl Pts',(-13.6399184939432,1.54683668369595,48.1039761862133));
#5068=CARTESIAN_POINT('Ctrl Pts',(-13.4367257073115,1.49319762844636,48.1611777262281));
#5069=CARTESIAN_POINT('Ctrl Pts',(-13.232544640036,1.44198134386771,48.2172143571733));
#5070=CARTESIAN_POINT('Ctrl Pts',(11.3321986314769,12.9809376394728,48.038630201536));
#5071=CARTESIAN_POINT('Ctrl Pts',(11.3121661702342,12.9740707479198,48.0436813772524));
#5072=CARTESIAN_POINT('Ctrl Pts',(11.2920688374593,12.9672202693372,48.0485415598098));
#5073=CARTESIAN_POINT('Ctrl Pts',(11.2719090361325,12.960387023773,48.0532096132914));
#5074=CARTESIAN_POINT('Ctrl Pts',(11.3373901894151,13.1289948903124,48.2575057555564));
#5075=CARTESIAN_POINT('Ctrl Pts',(11.3162005203181,13.1217662816097,48.2627691385272));
#5076=CARTESIAN_POINT('Ctrl Pts',(11.29495332471,13.1145500498613,48.2678620387688));
#5077=CARTESIAN_POINT('Ctrl Pts',(11.2736494397511,13.1073465389704,48.2727837578));
#5078=CARTESIAN_POINT('Ctrl Pts',(11.3425817473533,13.277052141152,48.4763813095768));
#5079=CARTESIAN_POINT('Ctrl Pts',(11.3202348704019,13.2694618152996,48.4818568998021));
#5080=CARTESIAN_POINT('Ctrl Pts',(11.2978378119608,13.2618798303853,48.4871825177277));
#5081=CARTESIAN_POINT('Ctrl Pts',(11.2753898433697,13.2543060541679,48.4923579023085));
#5082=CARTESIAN_POINT('Ctrl Pts',(11.3477733052915,13.4251093919916,48.6952568635972));
#5083=CARTESIAN_POINT('Ctrl Pts',(11.3242692204858,13.4171573489894,48.7009446610769));
#5084=CARTESIAN_POINT('Ctrl Pts',(11.3007222992115,13.4092096109094,48.7065029966867));
#5085=CARTESIAN_POINT('Ctrl Pts',(11.2771302469882,13.4012655693654,48.7119320468171));
#5086=CARTESIAN_POINT('',(11.2719090361325,12.960387023773,48.0532096132914));
#5087=CARTESIAN_POINT('',(11.2719090361325,12.960387023773,48.0532096132914));
#5088=CARTESIAN_POINT('',(11.3321986314769,12.9809376394728,48.038630201536));
#5089=CARTESIAN_POINT('Ctrl Pts',(11.2719090361325,12.960387023773,48.0532096132914));
#5090=CARTESIAN_POINT('Ctrl Pts',(11.2920688374593,12.9672202693372,48.0485415598098));
#5091=CARTESIAN_POINT('Ctrl Pts',(11.3121661702342,12.9740707479198,48.0436813772524));
#5092=CARTESIAN_POINT('Ctrl Pts',(11.3321986314769,12.9809376394728,48.038630201536));
#5093=CARTESIAN_POINT('',(11.373946158261,14.1715290031022,49.7987016796198));
#5094=CARTESIAN_POINT('Ctrl Pts',(-8.54150541741346,3.88627446946321,49.2650249690822));
#5095=CARTESIAN_POINT('Ctrl Pts',(-5.95723554427373,5.68727085167516,49.7176408916828));
#5096=CARTESIAN_POINT('Ctrl Pts',(0.453146818045712,9.336551911831,50.3456210476585));
#5097=CARTESIAN_POINT('Ctrl Pts',(7.34604198168419,12.0936694221969,49.6434161291833));
#5098=CARTESIAN_POINT('Ctrl Pts',(11.2773364207289,13.4186748603234,48.7379434974092));
#5099=CARTESIAN_POINT('Ctrl Pts',(-8.42543603090565,3.77544337618901,49.0413625990199));
#5100=CARTESIAN_POINT('Ctrl Pts',(-5.8562323391772,5.566864210098,49.4910789940787));
#5101=CARTESIAN_POINT('Ctrl Pts',(0.515269747852931,9.19808428188924,50.1136358350361));
#5102=CARTESIAN_POINT('Ctrl Pts',(7.36739510303491,11.946250217818,49.4114177682363));
#5103=CARTESIAN_POINT('Ctrl Pts',(11.2755272925301,13.2659122481399,48.5096988693699));
#5104=CARTESIAN_POINT('Ctrl Pts',(-8.30936664439785,3.66461228291482,48.8177002289576));
#5105=CARTESIAN_POINT('Ctrl Pts',(-5.75522913408066,5.44645756852083,49.2645170964746));
#5106=CARTESIAN_POINT('Ctrl Pts',(0.577392677660122,9.05961665194747,49.8816506224136));
#5107=CARTESIAN_POINT('Ctrl Pts',(7.38874822438565,11.798831013439,49.1794194072892));
#5108=CARTESIAN_POINT('Ctrl Pts',(11.2737181643313,13.1131496359564,48.2814542413307));
#5109=CARTESIAN_POINT('Ctrl Pts',(-8.19329725789004,3.55378118964062,48.5940378588953));
#5110=CARTESIAN_POINT('Ctrl Pts',(-5.65422592898413,5.32605092694367,49.0379551988705));
#5111=CARTESIAN_POINT('Ctrl Pts',(0.639515607467345,8.9211490220057,49.6496654097912));
#5112=CARTESIAN_POINT('Ctrl Pts',(7.41010134573636,11.6514118090601,48.9474210463422));
#5113=CARTESIAN_POINT('Ctrl Pts',(11.2719090361325,12.960387023773,48.0532096132914));
#5114=CARTESIAN_POINT('',(-8.19329725789004,3.55378118964062,48.5940378588953));
#5115=CARTESIAN_POINT('',(-9.09120428500493,4.41116503966238,50.3242788795681));
#5116=CARTESIAN_POINT('Ctrl Pts',(-8.19329725789004,3.55378118964062,48.5940378588953));
#5117=CARTESIAN_POINT('Ctrl Pts',(-5.65422592898413,5.32605092694367,49.0379551988705));
#5118=CARTESIAN_POINT('Ctrl Pts',(0.639515607467345,8.9211490220057,49.6496654097912));
#5119=CARTESIAN_POINT('Ctrl Pts',(7.41010134573636,11.6514118090601,48.9474210463422));
#5120=CARTESIAN_POINT('Ctrl Pts',(11.2719090361325,12.960387023773,48.0532096132914));
#5121=CARTESIAN_POINT('Ctrl Pts',(-8.19329725789006,3.5537811896406,48.5940378588953));
#5122=CARTESIAN_POINT('Ctrl Pts',(-8.27401438248773,3.49744070184966,48.5799257184312));
#5123=CARTESIAN_POINT('Ctrl Pts',(-8.35442263064385,3.4412781409572,48.5641581690502));
#5124=CARTESIAN_POINT('Ctrl Pts',(-8.43448679618138,3.38531561089622,48.5467431968731));
#5125=CARTESIAN_POINT('Ctrl Pts',(-8.30987649012815,3.66509911894787,48.8186826870185));
#5126=CARTESIAN_POINT('Ctrl Pts',(-8.39275025488941,3.6072879234724,48.8041837203969));
#5127=CARTESIAN_POINT('Ctrl Pts',(-8.47531417724075,3.54959753695296,48.7882143441457));
#5128=CARTESIAN_POINT('Ctrl Pts',(-8.55754942224274,3.49203536039002,48.7707791937849));
#5129=CARTESIAN_POINT('Ctrl Pts',(-8.42645572236623,3.77641704825514,49.0433275151418));
#5130=CARTESIAN_POINT('Ctrl Pts',(-8.5114861272911,3.71713514509514,49.0284417223626));
#5131=CARTESIAN_POINT('Ctrl Pts',(-8.59620572383766,3.65791693294871,49.0122705192411));
#5132=CARTESIAN_POINT('Ctrl Pts',(-8.68061204830411,3.59875510988382,48.9948151906966));
#5133=CARTESIAN_POINT('Ctrl Pts',(-8.54303495460432,3.8877349775624,49.267972343265));
#5134=CARTESIAN_POINT('Ctrl Pts',(-8.63022199969278,3.82698236671788,49.2526997243283));
#5135=CARTESIAN_POINT('Ctrl Pts',(-8.71709727043456,3.76623632894447,49.2363266943365));
#5136=CARTESIAN_POINT('Ctrl Pts',(-8.80367467436547,3.70547485937763,49.2188511876084));
#5137=CARTESIAN_POINT('',(-8.43448679618137,3.38531561089622,48.5467431968731));
#5138=CARTESIAN_POINT('',(-8.43448679618137,3.38531561089622,48.5467431968731));
#5139=CARTESIAN_POINT('Ctrl Pts',(-8.43448679618138,3.38531561089622,48.5467431968731));
#5140=CARTESIAN_POINT('Ctrl Pts',(-8.35442263064385,3.4412781409572,48.5641581690502));
#5141=CARTESIAN_POINT('Ctrl Pts',(-8.27401438248773,3.49744070184966,48.5799257184312));
#5142=CARTESIAN_POINT('Ctrl Pts',(-8.19329725789006,3.5537811896406,48.5940378588953));
#5143=CARTESIAN_POINT('Ctrl Pts',(4.05601776934206,16.3766596073768,9.14049888435784));
#5144=CARTESIAN_POINT('Ctrl Pts',(3.94779930349605,16.5022128098471,9.12309386267782));
#5145=CARTESIAN_POINT('Ctrl Pts',(3.83958083765004,16.6277660123175,9.1056888409978));
#5146=CARTESIAN_POINT('Ctrl Pts',(3.73136237180403,16.7533192147879,9.08828381931778));
#5147=CARTESIAN_POINT('Ctrl Pts',(3.30315541143219,16.4197634987851,14.1324743365462));
#5148=CARTESIAN_POINT('Ctrl Pts',(3.20934729817896,16.5594500563758,14.131288605973));
#5149=CARTESIAN_POINT('Ctrl Pts',(3.11451951615717,16.6998404400177,14.1299241054892));
#5150=CARTESIAN_POINT('Ctrl Pts',(3.02071140290394,16.8395269976084,14.128738374916));
#5151=CARTESIAN_POINT('Ctrl Pts',(3.72334034097795,16.4635603345838,26.0909805545619));
#5152=CARTESIAN_POINT('Ctrl Pts',(3.65963943275906,16.6182200358958,26.1124432306045));
#5153=CARTESIAN_POINT('Ctrl Pts',(3.59624630303765,16.772460967898,26.1338026593465));
#5154=CARTESIAN_POINT('Ctrl Pts',(3.53254539481876,16.9271206692099,26.1552653353891));
#5155=CARTESIAN_POINT('Ctrl Pts',(9.19462084534373,16.4744540615193,36.8750641298512));
#5156=CARTESIAN_POINT('Ctrl Pts',(9.14947069496625,16.6324786221241,36.9036247442829));
#5157=CARTESIAN_POINT('Ctrl Pts',(9.10449312101611,16.7908835624771,36.9325960367808));
#5158=CARTESIAN_POINT('Ctrl Pts',(9.05934297063864,16.9489081230819,36.9611566512125));
#5159=CARTESIAN_POINT('Ctrl Pts',(13.6074578060719,16.478943935907,41.9165948759997));
#5160=CARTESIAN_POINT('Ctrl Pts',(13.5713766064186,16.6385919145573,41.9480344644954));
#5161=CARTESIAN_POINT('Ctrl Pts',(13.5352954067652,16.7982398932075,41.9794740529911));
#5162=CARTESIAN_POINT('Ctrl Pts',(13.4992142071119,16.9578878718577,42.0109136414868));
#5163=CARTESIAN_POINT('',(13.4992142071119,16.9578878718577,42.0109136414868));
#5164=CARTESIAN_POINT('Ctrl Pts',(3.70357764953893,16.7567236638145,9.28889327269315));
#5165=CARTESIAN_POINT('Ctrl Pts',(3.02669197279417,16.8405206393712,14.2654169054429));
#5166=CARTESIAN_POINT('Ctrl Pts',(3.56395980607914,16.9272445094677,26.2166862051013));
#5167=CARTESIAN_POINT('Ctrl Pts',(9.05934297063864,16.9489081230819,36.9611566512125));
#5168=CARTESIAN_POINT('Ctrl Pts',(13.4992142071119,16.9578878718577,42.0109136414868));
#5169=CARTESIAN_POINT('',(13.6053857564253,16.4789418273924,41.9142274364291));
#5170=CARTESIAN_POINT('Ctrl Pts',(13.6053857564253,16.4789418273924,41.9142274364291));
#5171=CARTESIAN_POINT('Ctrl Pts',(13.5699764628206,16.6385905756741,41.9464386823817));
#5172=CARTESIAN_POINT('Ctrl Pts',(13.5345859583692,16.7982392365968,41.9786675037407));
#5173=CARTESIAN_POINT('Ctrl Pts',(13.4992142071209,16.9578878718661,42.0109136414632));
#5174=CARTESIAN_POINT('',(13.599697722558,16.4789360362757,41.9077266028576));
#5175=CARTESIAN_POINT('Ctrl Pts',(13.599697722558,16.4789360362757,41.9077266028576));
#5176=CARTESIAN_POINT('Ctrl Pts',(13.601593561116,16.4789379672136,41.9098938186217));
#5177=CARTESIAN_POINT('Ctrl Pts',(13.6034895699602,16.4789398975978,41.9120607603295));
#5178=CARTESIAN_POINT('Ctrl Pts',(13.6053857564253,16.4789418273924,41.9142274364291));
#5179=CARTESIAN_POINT('Ctrl Pts',(4.05601776934206,16.3766596073768,9.14049888435784));
#5180=CARTESIAN_POINT('Ctrl Pts',(3.30315541143219,16.4197634987851,14.1324743365462));
#5181=CARTESIAN_POINT('Ctrl Pts',(3.7231995735758,16.4635456620757,26.0869742998498));
#5182=CARTESIAN_POINT('Ctrl Pts',(9.19095551235901,16.4744467587468,36.8678383822578));
#5183=CARTESIAN_POINT('Ctrl Pts',(13.5996977550649,16.4789360372437,41.9077265848855));
#5184=CARTESIAN_POINT('Ctrl Pts',(-15.219458656255,-0.0073040880503833,
45.2804575921806));
#5185=CARTESIAN_POINT('Ctrl Pts',(-14.7178190284143,0.354743016900883,46.416390104094));
#5186=CARTESIAN_POINT('Ctrl Pts',(-13.1162735686953,1.53329534705018,48.7899824507888));
#5187=CARTESIAN_POINT('Ctrl Pts',(-10.775351981069,3.22449758950821,50.0194079252566));
#5188=CARTESIAN_POINT('Ctrl Pts',(-9.38232968890209,4.20728373646018,50.2722949275872));
#5189=CARTESIAN_POINT('Ctrl Pts',(-14.5513958214039,-0.00486939203358891,
44.9826302714737));
#5190=CARTESIAN_POINT('Ctrl Pts',(-14.0775812526735,0.334176583944436,46.0487940330197));
#5191=CARTESIAN_POINT('Ctrl Pts',(-12.5730676562429,1.43308483340707,48.2745361181335));
#5192=CARTESIAN_POINT('Ctrl Pts',(-10.3791793314243,3.00961782900449,49.4449696326664));
#5193=CARTESIAN_POINT('Ctrl Pts',(-9.06638205799519,3.9332943612722,49.6971110173492));
#5194=CARTESIAN_POINT('Ctrl Pts',(-13.8833329865529,-0.00243469601679452,
44.6848029507669));
#5195=CARTESIAN_POINT('Ctrl Pts',(-13.4373434769327,0.313610150987988,45.6811979619455));
#5196=CARTESIAN_POINT('Ctrl Pts',(-12.0298617437905,1.33287431976395,47.7590897854782));
#5197=CARTESIAN_POINT('Ctrl Pts',(-9.98300668177958,2.79473806850077,48.8705313400763));
#5198=CARTESIAN_POINT('Ctrl Pts',(-8.75043442708828,3.65930498608421,49.1219271071111));
#5199=CARTESIAN_POINT('Ctrl Pts',(-13.2152701517019,-1.38777878078145E-16,
44.38697563006));
#5200=CARTESIAN_POINT('Ctrl Pts',(-12.797105701192,0.29304371803154,45.3136018908712));
#5201=CARTESIAN_POINT('Ctrl Pts',(-11.4866558313381,1.23266380612083,47.2436434528229));
#5202=CARTESIAN_POINT('Ctrl Pts',(-9.58683403213485,2.57985830799706,48.2960930474861));
#5203=CARTESIAN_POINT('Ctrl Pts',(-8.43448679618138,3.38531561089623,48.5467431968731));
#5204=CARTESIAN_POINT('Ctrl Pts',(-13.2328164926274,1.44192168665736,48.2175280236048));
#5205=CARTESIAN_POINT('Ctrl Pts',(-14.0390583070912,0.854195090617462,47.4196140183661));
#5206=CARTESIAN_POINT('Ctrl Pts',(-14.7134270856147,0.358041739241313,46.4191772220201));
#5207=CARTESIAN_POINT('Ctrl Pts',(-15.2093396892908,3.55858422269525E-7,
45.3032989073944));
#5208=CARTESIAN_POINT('Ctrl Pts',(-13.2152701517019,-1.38777878078145E-16,
44.38697563006));
#5209=CARTESIAN_POINT('Ctrl Pts',(-12.797105701192,0.29304371803154,45.3136018908712));
#5210=CARTESIAN_POINT('Ctrl Pts',(-11.4866558313381,1.23266380612083,47.2436434528229));
#5211=CARTESIAN_POINT('Ctrl Pts',(-9.58683403213485,2.57985830799706,48.2960930474861));
#5212=CARTESIAN_POINT('Ctrl Pts',(-8.43448679618138,3.38531561089623,48.5467431968731));
#5213=CARTESIAN_POINT('Ctrl Pts',(-3.9272676109115,1.7873723334727E-11,
8.09793610126226));
#5214=CARTESIAN_POINT('Ctrl Pts',(-3.9427378446692,-0.000656877570012916,
8.11802734094168));
#5215=CARTESIAN_POINT('Ctrl Pts',(-3.95819328138474,-0.00131339613321049,
8.138129291626));
#5216=CARTESIAN_POINT('Ctrl Pts',(-3.99992623164897,-0.00308684609811373,
8.19248978345928));
#5217=CARTESIAN_POINT('Ctrl Pts',(-4.02617525065795,-0.00420321132555804,
8.22676892655065));
#5218=CARTESIAN_POINT('Ctrl Pts',(-4.05238088657256,-0.00531861461220926,
8.26107927471515));
#5219=CARTESIAN_POINT('Ctrl Pts',(-3.91458683976157,0.00954699917940779,
8.1086545841102));
#5220=CARTESIAN_POINT('Ctrl Pts',(-3.93004670660242,0.00887956403518459,
8.12874272437806));
#5221=CARTESIAN_POINT('Ctrl Pts',(-3.94549178975233,0.0082124976643644,
8.14884155250994));
#5222=CARTESIAN_POINT('Ctrl Pts',(-3.98719679255817,0.00641056563747208,
8.2031935424343));
#5223=CARTESIAN_POINT('Ctrl Pts',(-4.01342823917879,0.00527628341793362,
8.23746726557502));
#5224=CARTESIAN_POINT('Ctrl Pts',(-4.0396163377205,0.00414299057940449,
8.27177213064374));
#5225=CARTESIAN_POINT('Ctrl Pts',(-3.90190606861164,0.0190939983409419,
8.11937306695814));
#5226=CARTESIAN_POINT('Ctrl Pts',(-3.91735556853578,0.0184160056405372,
8.13945810781443));
#5227=CARTESIAN_POINT('Ctrl Pts',(-3.9327902981199,0.0177383914619015,8.15955381339388));
#5228=CARTESIAN_POINT('Ctrl Pts',(-3.97446735346749,0.0159079773732215,
8.21389730140932));
#5229=CARTESIAN_POINT('Ctrl Pts',(-4.0006812277,0.0147557781619047,8.24816560459938));
#5230=CARTESIAN_POINT('Ctrl Pts',(-4.02685178886844,0.0136045957710183,
8.28246498657233));
#5231=CARTESIAN_POINT('Ctrl Pts',(-3.88922529746172,0.0286409975024759,
8.13009154980609));
#5232=CARTESIAN_POINT('Ctrl Pts',(-3.90466443046901,0.0279524472457347,
8.15017349125081));
#5233=CARTESIAN_POINT('Ctrl Pts',(-3.92008880648749,0.0272642852594764,
8.17026607427781));
#5234=CARTESIAN_POINT('Ctrl Pts',(-3.96173791437668,0.0254053891088074,
8.22460106038435));
#5235=CARTESIAN_POINT('Ctrl Pts',(-3.98793421622084,0.0242352729053964,
8.25886394362375));
#5236=CARTESIAN_POINT('Ctrl Pts',(-4.01408724001638,0.023066200962632,8.29315784250092));
#5237=CARTESIAN_POINT('Ctrl Pts',(3.95911655012014,14.2180733111751,9.08451846777123));
#5238=CARTESIAN_POINT('Ctrl Pts',(2.91147667110186,14.2821003952524,14.0511104980853));
#5239=CARTESIAN_POINT('Ctrl Pts',(2.90558885437956,14.4646636527796,26.2225200957866));
#5240=CARTESIAN_POINT('Ctrl Pts',(8.36485528689896,14.5575042755935,37.351248012074));
#5241=CARTESIAN_POINT('Ctrl Pts',(12.8397879450166,14.5966063307257,42.5600975560165));
#5242=CARTESIAN_POINT('Ctrl Pts',(3.99141695652251,14.9376020765814,9.1031786066326));
#5243=CARTESIAN_POINT('Ctrl Pts',(3.04212032409309,14.9946499496487,14.0776743187276));
#5244=CARTESIAN_POINT('Ctrl Pts',(3.17852708733922,15.1309855168191,26.1764961429033));
#5245=CARTESIAN_POINT('Ctrl Pts',(8.63984024629669,15.1964843519136,37.1896959242279));
#5246=CARTESIAN_POINT('Ctrl Pts',(13.0930912041971,15.224049565909,42.3426405716302));
#5247=CARTESIAN_POINT('Ctrl Pts',(4.02371736292489,15.6571308419876,9.12183874549398));
#5248=CARTESIAN_POINT('Ctrl Pts',(3.17276397708431,15.7071995040451,14.1042381393699));
#5249=CARTESIAN_POINT('Ctrl Pts',(3.45146532029888,15.7973073808585,26.13047219002));
#5250=CARTESIAN_POINT('Ctrl Pts',(8.91482520569441,15.8354644282337,37.0281438363819));
#5251=CARTESIAN_POINT('Ctrl Pts',(13.3463944633775,15.8514928010924,42.1251835872439));
#5252=CARTESIAN_POINT('Ctrl Pts',(4.05601776932726,16.3766596073939,9.14049888435535));
#5253=CARTESIAN_POINT('Ctrl Pts',(3.30340763007554,16.4197490584414,14.1308019600122));
#5254=CARTESIAN_POINT('Ctrl Pts',(3.72440355325854,16.463629244898,26.0844482371367));
#5255=CARTESIAN_POINT('Ctrl Pts',(9.18981016509214,16.4744445045539,36.8665917485358));
#5256=CARTESIAN_POINT('Ctrl Pts',(13.599697722558,16.4789360362757,41.9077266028576));
#5257=CARTESIAN_POINT('',(12.8397879450166,14.5966063307257,42.5600975560165));
#5258=CARTESIAN_POINT('',(13.599697722558,16.4789360362757,41.9077266028576));
#5259=CARTESIAN_POINT('Ctrl Pts',(12.8397879450166,14.5966063307257,42.5600975560165));
#5260=CARTESIAN_POINT('Ctrl Pts',(8.36485528689896,14.5575042755935,37.351248012074));
#5261=CARTESIAN_POINT('Ctrl Pts',(2.92255589935864,14.4649521953966,26.2571074582921));
#5262=CARTESIAN_POINT('Ctrl Pts',(2.91149286254319,14.2832343180576,14.1267563252542));
#5263=CARTESIAN_POINT('Ctrl Pts',(3.9364894440052,14.2194684861207,9.19260861318097));
#5264=CARTESIAN_POINT('Ctrl Pts',(11.373946158261,14.1715290031022,49.7987016796198));
#5265=CARTESIAN_POINT('Ctrl Pts',(11.9340788864477,14.3581684892474,49.6696827052096));
#5266=CARTESIAN_POINT('Ctrl Pts',(13.5353342410769,14.9486251589672,48.971350284032));
#5267=CARTESIAN_POINT('Ctrl Pts',(15.2138149442562,15.9155138072545,46.4087677469377));
#5268=CARTESIAN_POINT('Ctrl Pts',(14.8442479509359,16.3491818449488,43.9294897301115));
#5269=CARTESIAN_POINT('Ctrl Pts',(14.0903415758768,16.4645086048674,42.5355875973138));
#5270=CARTESIAN_POINT('Ctrl Pts',(13.865128841715,16.4792061741903,42.2110226858935));
#5271=CARTESIAN_POINT('Ctrl Pts',(13.6053857564253,16.4789418273924,41.9142274364291));
#5272=CARTESIAN_POINT('Ctrl Pts',(11.3600303159996,13.7746652152257,49.2120111869252));
#5273=CARTESIAN_POINT('Ctrl Pts',(11.8617874170765,13.9429730479567,49.094061505692));
#5274=CARTESIAN_POINT('Ctrl Pts',(13.2897407695114,14.4741388436227,48.4627955806061));
#5275=CARTESIAN_POINT('Ctrl Pts',(14.7888805873673,15.3451345583694,46.1687374753933));
#5276=CARTESIAN_POINT('Ctrl Pts',(14.4602421483723,15.7365501397813,43.9439171530857));
#5277=CARTESIAN_POINT('Ctrl Pts',(13.7854007049963,15.8392605269066,42.6897634757118));
#5278=CARTESIAN_POINT('Ctrl Pts',(13.5839013176731,15.8521638157811,42.3982178454142));
#5279=CARTESIAN_POINT('Ctrl Pts',(13.351484934004,15.8515074519309,42.1310313446403));
#5280=CARTESIAN_POINT('Ctrl Pts',(11.3461144737383,13.3778014273492,48.6253206942306));
#5281=CARTESIAN_POINT('Ctrl Pts',(11.7869569842356,13.5272382195181,48.5178125556077));
#5282=CARTESIAN_POINT('Ctrl Pts',(13.0453561371938,13.9998649645846,47.95422085748));
#5283=CARTESIAN_POINT('Ctrl Pts',(14.3629214893606,14.7744646243926,45.9289389281638));
#5284=CARTESIAN_POINT('Ctrl Pts',(14.0758228674803,15.1237258016869,43.9563070684682));
#5285=CARTESIAN_POINT('Ctrl Pts',(13.480507735831,15.2140531265127,42.8445514889864));
#5286=CARTESIAN_POINT('Ctrl Pts',(13.3026031175126,15.2250814882895,42.5849547302032));
#5287=CARTESIAN_POINT('Ctrl Pts',(13.0975841115827,15.2240730764694,42.3478352528514));
#5288=CARTESIAN_POINT('Ctrl Pts',(11.3321986314769,12.9809376394728,48.038630201536));
#5289=CARTESIAN_POINT('Ctrl Pts',(11.7146655148643,13.1120427782274,47.94219135609));
#5290=CARTESIAN_POINT('Ctrl Pts',(12.7997626656284,13.52537864924,47.4456661540541));
#5291=CARTESIAN_POINT('Ctrl Pts',(13.9379871324717,14.2040853755075,45.6889086566195));
#5292=CARTESIAN_POINT('Ctrl Pts',(13.6918170649167,14.5110940965194,43.9707344914423));
#5293=CARTESIAN_POINT('Ctrl Pts',(13.1755668649506,14.588805048552,42.9987273673843));
#5294=CARTESIAN_POINT('Ctrl Pts',(13.0213755934707,14.5980391298802,42.7721498897239));
#5295=CARTESIAN_POINT('Ctrl Pts',(12.8436832891614,14.5966387010079,42.5646391610626));
#5296=CARTESIAN_POINT('',(12.8436832891614,14.5966387010079,42.5646391610626));
#5297=CARTESIAN_POINT('Ctrl Pts',(11.3321986314769,12.9809376394728,48.038630201536));
#5298=CARTESIAN_POINT('Ctrl Pts',(11.7146655148643,13.1120427782274,47.94219135609));
#5299=CARTESIAN_POINT('Ctrl Pts',(12.7997626656284,13.52537864924,47.4456661540541));
#5300=CARTESIAN_POINT('Ctrl Pts',(13.9379871324717,14.2040853755075,45.6889086566195));
#5301=CARTESIAN_POINT('Ctrl Pts',(13.6918170649167,14.5110940965194,43.9707344914423));
#5302=CARTESIAN_POINT('Ctrl Pts',(13.1755668649506,14.588805048552,42.9987273673843));
#5303=CARTESIAN_POINT('Ctrl Pts',(13.0213755934707,14.5980391298802,42.7721498897239));
#5304=CARTESIAN_POINT('Ctrl Pts',(12.8436832891614,14.5966387010079,42.5646391610626));
#5305=CARTESIAN_POINT('',(12.8436832891614,14.5966387010079,42.5646391610626));
#5306=CARTESIAN_POINT('Ctrl Pts',(13.6053857564253,16.4789418273924,41.9142274364291));
#5307=CARTESIAN_POINT('Ctrl Pts',(13.865128841715,16.4792061741903,42.2110226858935));
#5308=CARTESIAN_POINT('Ctrl Pts',(14.0903415758768,16.4645086048674,42.5355875973138));
#5309=CARTESIAN_POINT('Ctrl Pts',(14.8442479509359,16.3491818449488,43.9294897301115));
#5310=CARTESIAN_POINT('Ctrl Pts',(15.1275942824331,16.0166893610711,45.8303476084571));
#5311=CARTESIAN_POINT('Ctrl Pts',(14.4043757470621,15.4844283757817,47.4789034958796));
#5312=CARTESIAN_POINT('Ctrl Pts',(14.0558964241587,15.2873046783032,47.9815101641767));
#5313=CARTESIAN_POINT('Ctrl Pts',(12.8397879450166,14.5966063307256,42.5600975560165));
#5314=CARTESIAN_POINT('Ctrl Pts',(12.8410876444953,14.5966176875269,42.5616104143217));
#5315=CARTESIAN_POINT('Ctrl Pts',(12.8423860929646,14.5966284775432,42.563124283257));
#5316=CARTESIAN_POINT('Ctrl Pts',(12.8436832891614,14.5966387010079,42.5646391610626));
#5317=CARTESIAN_POINT('Ctrl Pts',(13.093091204197,15.224049565909,42.3426405716302));
#5318=CARTESIAN_POINT('Ctrl Pts',(13.0945896167022,15.2240577807558,42.3443715490884));
#5319=CARTESIAN_POINT('Ctrl Pts',(13.0960872519631,15.2240656175614,42.3461031089478));
#5320=CARTESIAN_POINT('Ctrl Pts',(13.0975841115827,15.2240730764694,42.3478352528514));
#5321=CARTESIAN_POINT('Ctrl Pts',(13.3463944633775,15.8514928010924,42.1251835872439));
#5322=CARTESIAN_POINT('Ctrl Pts',(13.3480915889091,15.8514978739847,42.1271326838551));
#5323=CARTESIAN_POINT('Ctrl Pts',(13.3497884109616,15.8515027575796,42.1290819346386));
#5324=CARTESIAN_POINT('Ctrl Pts',(13.351484934004,15.8515074519309,42.1310313446403));
#5325=CARTESIAN_POINT('Ctrl Pts',(13.599697722558,16.4789360362757,41.9077266028576));
#5326=CARTESIAN_POINT('Ctrl Pts',(13.601593561116,16.4789379672136,41.9098938186217));
#5327=CARTESIAN_POINT('Ctrl Pts',(13.6034895699602,16.4789398975978,41.9120607603295));
#5328=CARTESIAN_POINT('Ctrl Pts',(13.6053857564253,16.4789418273924,41.9142274364291));
#5329=CARTESIAN_POINT('Ctrl Pts',(12.8436832891614,14.5966387010079,42.5646391610626));
#5330=CARTESIAN_POINT('Ctrl Pts',(12.8423860929646,14.5966284775432,42.563124283257));
#5331=CARTESIAN_POINT('Ctrl Pts',(12.8410876444953,14.5966176875269,42.5616104143217));
#5332=CARTESIAN_POINT('Ctrl Pts',(12.8397879450166,14.5966063307256,42.5600975560165));
#5333=CARTESIAN_POINT('Ctrl Pts',(-4.010053918961,0.0211944211323276,8.6834970953824));
#5334=CARTESIAN_POINT('Ctrl Pts',(-5.75726355069506,-0.0167950377518201,
11.0336518448168));
#5335=CARTESIAN_POINT('Ctrl Pts',(-8.83482506580143,-0.0705866999583205,
16.0463371506233));
#5336=CARTESIAN_POINT('Ctrl Pts',(-12.3885398338274,-0.0931249592742139,
25.1943951894111));
#5337=CARTESIAN_POINT('Ctrl Pts',(-14.1054126498577,-0.0586037613577178,
35.8926945418818));
#5338=CARTESIAN_POINT('Ctrl Pts',(-13.4582599963583,-0.00618444179617864,
43.7343750029506));
#5339=CARTESIAN_POINT('Ctrl Pts',(-12.6727980730223,0.0237163081100493,
47.5520603456761));
#5340=CARTESIAN_POINT('Ctrl Pts',(-3.32934649719262,2.46412930577973,9.01409637940585));
#5341=CARTESIAN_POINT('Ctrl Pts',(-4.92391333384001,2.47914424621393,11.4940236385655));
#5342=CARTESIAN_POINT('Ctrl Pts',(-7.66167866423018,2.5254809604494,16.7445969856972));
#5343=CARTESIAN_POINT('Ctrl Pts',(-10.5646455538492,2.66841561759942,26.190137575586));
#5344=CARTESIAN_POINT('Ctrl Pts',(-11.4848235546424,2.8869087797694,37.0475785229043));
#5345=CARTESIAN_POINT('Ctrl Pts',(-10.2320113338108,3.07334364436286,44.8214558945082));
#5346=CARTESIAN_POINT('Ctrl Pts',(-9.15138155782778,3.17097034998271,48.5508435069964));
#5347=CARTESIAN_POINT('Ctrl Pts',(-1.88898598394025,6.40870085729027,9.57911056706867));
#5348=CARTESIAN_POINT('Ctrl Pts',(-3.20006476849197,6.44913670758808,12.2187730449726));
#5349=CARTESIAN_POINT('Ctrl Pts',(-5.31869512523736,6.53927657193632,17.7810382232962));
#5350=CARTESIAN_POINT('Ctrl Pts',(-7.02478545203294,6.7416316677651,27.6196362508304));
#5351=CARTESIAN_POINT('Ctrl Pts',(-6.47056655213881,7.02291262433931,38.6311705346778));
#5352=CARTESIAN_POINT('Ctrl Pts',(-4.11083612828628,7.2655013578581,46.1797313935167));
#5353=CARTESIAN_POINT('Ctrl Pts',(-2.49558299159249,7.39587920360477,49.6937049046803));
#5354=CARTESIAN_POINT('Ctrl Pts',(1.07755649041563,11.3330988571743,9.8123175967539));
#5355=CARTESIAN_POINT('Ctrl Pts',(0.148274365202651,11.336884788992,12.5989230010417));
#5356=CARTESIAN_POINT('Ctrl Pts',(-1.11974476128166,11.3659283784291,18.40183487709));
#5357=CARTESIAN_POINT('Ctrl Pts',(-1.15171813474425,11.4664129375634,28.3700844319373));
#5358=CARTESIAN_POINT('Ctrl Pts',(1.47713870118451,11.6204064953079,39.0754505623527));
#5359=CARTESIAN_POINT('Ctrl Pts',(5.398421324865,11.761495047637,45.9753687146408));
#5360=CARTESIAN_POINT('Ctrl Pts',(7.76326302446635,11.8404538203319,49.0621720107605));
#5361=CARTESIAN_POINT('Ctrl Pts',(3.34971166898242,13.6805442847472,9.27279419081291));
#5362=CARTESIAN_POINT('Ctrl Pts',(2.61141812671483,13.6517612892529,12.127059067178));
#5363=CARTESIAN_POINT('Ctrl Pts',(1.76807942171596,13.6279102738002,18.01793804855));
#5364=CARTESIAN_POINT('Ctrl Pts',(2.56848078955356,13.6461714061874,27.9361728029123));
#5365=CARTESIAN_POINT('Ctrl Pts',(6.22917256891661,13.7041385269021,38.3149955148407));
#5366=CARTESIAN_POINT('Ctrl Pts',(10.9451412077747,13.7616936137142,44.7541537215043));
#5367=CARTESIAN_POINT('Ctrl Pts',(13.7060305657051,13.793199958868,47.560837722882));
#5368=CARTESIAN_POINT('Ctrl Pts',(4.56825779650496,14.7164202578412,8.63472651306939));
#5369=CARTESIAN_POINT('Ctrl Pts',(3.91387032671579,14.6698897783645,11.5207543670827));
#5370=CARTESIAN_POINT('Ctrl Pts',(3.26414354488878,14.614520295615,17.4569875451539));
#5371=CARTESIAN_POINT('Ctrl Pts',(4.45485626099435,14.5835452092912,27.3693694959956));
#5372=CARTESIAN_POINT('Ctrl Pts',(8.60397552939307,14.5857958779711,37.6154713698016));
#5373=CARTESIAN_POINT('Ctrl Pts',(13.6950564557901,14.599680162471,43.8380673703792));
#5374=CARTESIAN_POINT('Ctrl Pts',(16.6400005960335,14.6082583121783,46.5039610007664));
#5375=CARTESIAN_POINT('Ctrl Pts',(-13.2325446207021,1.44198135521004,48.2172143743116));
#5376=CARTESIAN_POINT('Ctrl Pts',(-13.380917844327,1.5772981910789,48.2481793651498));
#5377=CARTESIAN_POINT('Ctrl Pts',(-13.5291742173854,1.71264075191787,48.2791101982349));
#5378=CARTESIAN_POINT('Ctrl Pts',(-13.6773214269784,1.84800834784231,48.3100086269863));
#5379=CARTESIAN_POINT('Ctrl Pts',(-14.2393313912196,0.556483006179833,47.1092918949213));
#5380=CARTESIAN_POINT('Ctrl Pts',(-14.3867827153407,0.693016455843561,47.142179949313));
#5381=CARTESIAN_POINT('Ctrl Pts',(-14.5341499840413,0.829525822431556,47.1750218110473));
#5382=CARTESIAN_POINT('Ctrl Pts',(-14.6814065100238,0.966062970092867,47.2077847805282));
#5383=CARTESIAN_POINT('Ctrl Pts',(-15.0841069999788,-0.0712604292849977,
45.6514688228569));
#5384=CARTESIAN_POINT('Ctrl Pts',(-15.2310815235355,0.0656142600209407,
45.6871584061949));
#5385=CARTESIAN_POINT('Ctrl Pts',(-15.3779829672783,0.202457483675944,45.7227513963404));
#5386=CARTESIAN_POINT('Ctrl Pts',(-15.5247809827859,0.339323649886081,45.7582238085459));
#5387=CARTESIAN_POINT('Ctrl Pts',(-15.6563795961439,-0.359143675753494,
44.0344201347081));
#5388=CARTESIAN_POINT('Ctrl Pts',(-15.8036760378546,-0.22306417923025,44.0729200960424));
#5389=CARTESIAN_POINT('Ctrl Pts',(-15.9508768523328,-0.0869725340732344,
44.1112627258139));
#5390=CARTESIAN_POINT('Ctrl Pts',(-16.097988076017,0.049131313898958,44.1494559733898));
#5391=CARTESIAN_POINT('Ctrl Pts',(-13.8418092912994,1.6026325621493,48.0457504779766));
#5392=CARTESIAN_POINT('Ctrl Pts',(-13.9927272845644,1.49232546306633,47.8834215011873));
#5393=CARTESIAN_POINT('Ctrl Pts',(-14.1384870366368,1.38571595689587,47.7139151368828));
#5394=CARTESIAN_POINT('Ctrl Pts',(-14.2788757087557,1.28300127103142,47.5376362162978));
#5395=CARTESIAN_POINT('Ctrl Pts',(-14.4187220042371,1.18068341238318,47.3620383304912));
#5396=CARTESIAN_POINT('Ctrl Pts',(-14.5532389058978,1.08223015633486,47.1797195930827));
#5397=CARTESIAN_POINT('Ctrl Pts',(-14.6821911270207,0.987871805513008,46.9910524422973));
#5398=CARTESIAN_POINT('Ctrl Pts',(-14.7911708933382,0.908127921048524,46.831606549661));
#5399=CARTESIAN_POINT('Ctrl Pts',(-14.8961759043865,0.831309243752581,46.6676258431574));
#5400=CARTESIAN_POINT('Ctrl Pts',(-14.9970480336457,0.75757610481874,46.4993237139577));
#5401=CARTESIAN_POINT('Ctrl Pts',(-15.117287240832,0.669686474314501,46.2987081947715));
#5402=CARTESIAN_POINT('Ctrl Pts',(-15.2311865652807,0.586526625279588,46.0927395121739));
#5403=CARTESIAN_POINT('Ctrl Pts',(-15.3385993420167,0.50829281787208,45.881884654022));
#5404=CARTESIAN_POINT('Ctrl Pts',(-15.4464391606561,0.429747975641402,45.6701914983911));
#5405=CARTESIAN_POINT('Ctrl Pts',(-15.5477410309194,0.356168230071372,45.4535726928447));
#5406=CARTESIAN_POINT('Ctrl Pts',(-15.6423330379441,0.287787180244717,45.2324692044899));
#5407=CARTESIAN_POINT('Ctrl Pts',(-15.7365091008171,0.219706818590895,45.0123379621607));
#5408=CARTESIAN_POINT('Ctrl Pts',(-15.8240344238411,0.156779385504275,44.7877608311113));
#5409=CARTESIAN_POINT('Ctrl Pts',(-15.9047122514597,0.0992724903703364,
44.5591500458726));
#5410=CARTESIAN_POINT('Ctrl Pts',(-15.9540083231769,0.0641344095563619,
44.4194634182437));
#5411=CARTESIAN_POINT('Ctrl Pts',(-16.0007473387013,0.0310208185067665,
44.2782704142922));
#5412=CARTESIAN_POINT('Ctrl Pts',(-16.0448788006323,1.49395384951845E-10,
44.1356621701179));
#5413=CARTESIAN_POINT('Ctrl Pts',(-5.5801592129865,-0.49707288508328,7.06438710557491));
#5414=CARTESIAN_POINT('Ctrl Pts',(-8.11568567958786,-0.393592858546673,
10.3107175437339));
#5415=CARTESIAN_POINT('Ctrl Pts',(-12.3745191321652,-0.232805089544678,
17.423633894041));
#5416=CARTESIAN_POINT('Ctrl Pts',(-16.6388406479087,-0.0695595628930201,
31.2597554597703));
#5417=CARTESIAN_POINT('Ctrl Pts',(-16.6280366398754,-0.010352934988244,
41.6718529217472));
#5418=CARTESIAN_POINT('Ctrl Pts',(-15.5178533978916,0.0173730107163914,
47.7121259900147));
#5419=CARTESIAN_POINT('Ctrl Pts',(-4.96450984767604,2.34376015086842,7.53497654925256));
#5420=CARTESIAN_POINT('Ctrl Pts',(-7.25835011882161,2.54012968800668,10.9998885041628));
#5421=CARTESIAN_POINT('Ctrl Pts',(-10.9529889006991,2.89623541540118,18.4895869817246));
#5422=CARTESIAN_POINT('Ctrl Pts',(-14.0673527163646,3.41076472900845,32.7104263212048));
#5423=CARTESIAN_POINT('Ctrl Pts',(-13.165112105768,3.71084261665502,43.0864819216288));
#5424=CARTESIAN_POINT('Ctrl Pts',(-11.544925941555,3.8855393953018,48.9678802387818));
#5425=CARTESIAN_POINT('Ctrl Pts',(-3.54949823448132,6.92236298405472,8.38645489719107));
#5426=CARTESIAN_POINT('Ctrl Pts',(-5.390417610576,7.16814391824591,12.1227951204953));
#5427=CARTESIAN_POINT('Ctrl Pts',(-8.04606327265858,7.62326642325709,20.1248120063111));
#5428=CARTESIAN_POINT('Ctrl Pts',(-8.99227538625445,8.27864917317096,34.8364857046417));
#5429=CARTESIAN_POINT('Ctrl Pts',(-6.42255680694841,8.68851844475959,44.9945616600666));
#5430=CARTESIAN_POINT('Ctrl Pts',(-3.8691058269955,8.93541229166073,50.4628085186901));
#5431=CARTESIAN_POINT('Ctrl Pts',(-0.696102730135785,11.9343971801845,8.89373206067257));
#5432=CARTESIAN_POINT('Ctrl Pts',(-1.98691119664696,12.1194089556434,12.8296500748224));
#5433=CARTESIAN_POINT('Ctrl Pts',(-3.41686020211093,12.4251592454761,21.0911846515602));
#5434=CARTESIAN_POINT('Ctrl Pts',(-1.87722559153624,12.8331573961807,35.6622324028999));
#5435=CARTESIAN_POINT('Ctrl Pts',(2.63985595031578,13.0823755822151,45.0786156878508));
#5436=CARTESIAN_POINT('Ctrl Pts',(6.2871516311605,13.2404788533238,49.8691475776032));
#5437=CARTESIAN_POINT('Ctrl Pts',(1.833918330056,14.8643970488269,8.56948567225326));
#5438=CARTESIAN_POINT('Ctrl Pts',(0.880698184930993,14.9868306303866,12.6036602819068));
#5439=CARTESIAN_POINT('Ctrl Pts',(0.172143721358501,15.1648482216933,20.9428958387469));
#5440=CARTESIAN_POINT('Ctrl Pts',(3.14095918768166,15.3787486438537,35.2320426129177));
#5441=CARTESIAN_POINT('Ctrl Pts',(8.79213386373057,15.4990675141339,44.0568299853215));
#5442=CARTESIAN_POINT('Ctrl Pts',(13.1079102427702,15.5713280497776,48.3584506726719));
#5443=CARTESIAN_POINT('Ctrl Pts',(3.25458292915506,16.1430658901454,8.02961010164525));
#5444=CARTESIAN_POINT('Ctrl Pts',(2.45439980669976,16.2346315950563,12.107071499772));
#5445=CARTESIAN_POINT('Ctrl Pts',(2.07778618917944,16.3486722013191,20.4764345168966));
#5446=CARTESIAN_POINT('Ctrl Pts',(5.70644220921174,16.4575073748907,34.6251048379867));
#5447=CARTESIAN_POINT('Ctrl Pts',(11.8737505719073,16.5070772368771,43.1588492988471));
#5448=CARTESIAN_POINT('Ctrl Pts',(16.4973688725994,16.5341375024428,47.2111334929091));
#5449=CARTESIAN_POINT('Ctrl Pts',(3.96379810360108,16.7267520538464,7.62814129775442));
#5450=CARTESIAN_POINT('Ctrl Pts',(3.23610239370846,16.8060082412442,11.7277709242175));
#5451=CARTESIAN_POINT('Ctrl Pts',(3.02506480442591,16.8899177685146,20.1169842135539));
#5452=CARTESIAN_POINT('Ctrl Pts',(6.98174667334928,16.9465157857979,34.2087319911938));
#5453=CARTESIAN_POINT('Ctrl Pts',(13.4036868501089,16.9594627934983,42.6088423241688));
#5454=CARTESIAN_POINT('Ctrl Pts',(18.1735029415252,16.9651238059088,46.5369563130919));
#5455=CARTESIAN_POINT('Ctrl Pts',(13.4992142071119,16.9578878718577,42.0109136414868));
#5456=CARTESIAN_POINT('Ctrl Pts',(13.9292941719149,16.9587577191645,42.500071815895));
#5457=CARTESIAN_POINT('Ctrl Pts',(14.2647400861657,16.9190145965874,43.0642190189988));
#5458=CARTESIAN_POINT('Ctrl Pts',(14.7074122509162,16.7669341425677,44.2796681830018));
#5459=CARTESIAN_POINT('Ctrl Pts',(14.810502415429,16.6560106265767,44.9193101772763));
#5460=CARTESIAN_POINT('Ctrl Pts',(14.7688435144829,16.3755651004804,46.1898671047199));
#5461=CARTESIAN_POINT('Ctrl Pts',(14.6246723718598,16.2086664716919,46.8085985220976));
#5462=CARTESIAN_POINT('Ctrl Pts',(14.2674332858126,15.9516012566277,47.590956465098));
#5463=CARTESIAN_POINT('Ctrl Pts',(14.1533413120332,15.878587830107,47.7971805643352));
#5464=CARTESIAN_POINT('Ctrl Pts',(14.0246078981512,15.8037693961424,47.992815850949));
#5465=CARTESIAN_POINT('Ctrl Pts',(13.6053857564253,16.4789418273924,41.9142274364291));
#5466=CARTESIAN_POINT('Ctrl Pts',(13.564584735545,16.6629000838001,41.9513434470834));
#5467=CARTESIAN_POINT('Ctrl Pts',(13.5238086614589,16.8468582242193,41.9884827930118));
#5468=CARTESIAN_POINT('Ctrl Pts',(13.483057479167,17.030816343053,42.0256450779065));
#5469=CARTESIAN_POINT('Ctrl Pts',(14.2406397920956,16.4520007007355,42.6275450229033));
#5470=CARTESIAN_POINT('Ctrl Pts',(14.2008416022755,16.6361395642957,42.6644886133978));
#5471=CARTESIAN_POINT('Ctrl Pts',(14.1610672094267,16.8202747217877,42.7014715068321));
#5472=CARTESIAN_POINT('Ctrl Pts',(14.1213107006413,17.004413312528,42.7384569245103));
#5473=CARTESIAN_POINT('Ctrl Pts',(15.2513464243538,16.2007672853932,44.707000400196));
#5474=CARTESIAN_POINT('Ctrl Pts',(15.2137410449375,16.385108748522,44.7444993505604));
#5475=CARTESIAN_POINT('Ctrl Pts',(15.176159848252,16.5694533877518,44.7820092609683));
#5476=CARTESIAN_POINT('Ctrl Pts',(15.1385837919142,16.7537971068727,44.8195338026687));
#5477=CARTESIAN_POINT('Ctrl Pts',(14.7659643992494,15.6018035302823,46.9704142194703));
#5478=CARTESIAN_POINT('Ctrl Pts',(14.7289629216313,15.7858763611396,47.0095805698118));
#5479=CARTESIAN_POINT('Ctrl Pts',(14.6919178456482,15.9699448961177,47.0487432424624));
#5480=CARTESIAN_POINT('Ctrl Pts',(14.6549523276228,16.154026534861,47.0879191208975));
#5481=CARTESIAN_POINT('Ctrl Pts',(14.0681338784687,15.2375365823304,47.9722240975907));
#5482=CARTESIAN_POINT('Ctrl Pts',(14.0308879217496,15.4214312703013,48.0120803925092));
#5483=CARTESIAN_POINT('Ctrl Pts',(13.9936640391572,15.6053320650333,48.0519394088232));
#5484=CARTESIAN_POINT('Ctrl Pts',(13.956461969276,15.7892388730302,48.0918010862967));
#5485=CARTESIAN_POINT('Origin',(0.,0.,0.));
#5486=CARTESIAN_POINT('',(6.19262820359338,16.7567215700794,-7.85183774316788));
#5487=CARTESIAN_POINT('Ctrl Pts',(7.31442299461035,15.5116268457005,-6.81903338134631));
#5488=CARTESIAN_POINT('Ctrl Pts',(6.97127980704873,15.9622972350385,-7.18710525915974));
#5489=CARTESIAN_POINT('Ctrl Pts',(6.59688162759368,16.3738338094201,-7.53300905071917));
#5490=CARTESIAN_POINT('Ctrl Pts',(6.19262820261554,16.7567215700545,-7.8518377431128));
#5491=CARTESIAN_POINT('',(5.88789535245189,16.3766596073939,-8.08286386861619));
#5492=CARTESIAN_POINT('Ctrl Pts',(6.19262869764975,16.7567236691455,-7.85183898586509));
#5493=CARTESIAN_POINT('Ctrl Pts',(6.13314812285454,16.67973689387,-7.89874457943642));
#5494=CARTESIAN_POINT('Ctrl Pts',(6.07268314644383,16.6031474860488,-7.94534075765987));
#5495=CARTESIAN_POINT('Ctrl Pts',(6.01123905665864,16.5270727332651,-7.99155929929093));
#5496=CARTESIAN_POINT('Ctrl Pts',(5.9705547124586,16.4767009003028,-8.02216225984769));
#5497=CARTESIAN_POINT('Ctrl Pts',(5.92944083561103,16.4265541870838,-8.05260039889679));
#5498=CARTESIAN_POINT('Ctrl Pts',(5.88789535245186,16.376659607394,-8.08286386861629));
#5499=CARTESIAN_POINT('Ctrl Pts',(5.88789535245141,16.3766596073939,-8.08286386861618));
#5500=CARTESIAN_POINT('Ctrl Pts',(5.9012389585405,16.0882755239844,-8.07314382909134));
#5501=CARTESIAN_POINT('Ctrl Pts',(5.91485092412834,15.7999524568395,-8.06317777464196));
#5502=CARTESIAN_POINT('Ctrl Pts',(5.92873568013017,15.5116268457,-8.05295555899518));
#5503=CARTESIAN_POINT('Origin',(0.,0.,0.));
#5504=CARTESIAN_POINT('',(48.3736048611196,1.44198133848193,-12.6488873643673));
#5505=CARTESIAN_POINT('',(47.0266128107375,3.70547485937763,-16.98521967915));
#5506=CARTESIAN_POINT('Ctrl Pts',(48.3736048619377,1.44198136348262,-12.6488874080337));
#5507=CARTESIAN_POINT('Ctrl Pts',(48.3286151971172,1.50753447679627,-12.8209430362243));
#5508=CARTESIAN_POINT('Ctrl Pts',(48.282865210512,1.57487609914916,-12.9921538220272));
#5509=CARTESIAN_POINT('Ctrl Pts',(48.0302676032626,1.95125883660272,-13.9178530436086));
#5510=CARTESIAN_POINT('Ctrl Pts',(47.8096078456905,2.29603039469302,-14.6559317954754));
#5511=CARTESIAN_POINT('Ctrl Pts',(47.4681120909085,2.87953385210793,-15.7134510980826));
#5512=CARTESIAN_POINT('Ctrl Pts',(47.3536143083359,3.08304529463341,-16.0548997162939));
#5513=CARTESIAN_POINT('Ctrl Pts',(47.1677849663402,3.4299979134447,-16.5905348823195));
#5514=CARTESIAN_POINT('Ctrl Pts',(47.0973046334161,3.56536207773645,-16.7894967484613));
#5515=CARTESIAN_POINT('Ctrl Pts',(47.0266128107374,3.70547485937764,-16.98521967915));
#5516=CARTESIAN_POINT('',(46.9355158500066,3.88627446946321,-17.2353518064987));
#5517=CARTESIAN_POINT('Ctrl Pts',(47.0266128107375,3.70547485937763,-16.98521967915));
#5518=CARTESIAN_POINT('Ctrl Pts',(47.011496810306,3.73543511202762,-17.0270710247884));
#5519=CARTESIAN_POINT('Ctrl Pts',(46.9963620557045,3.76544955068925,-17.0687999186626));
#5520=CARTESIAN_POINT('Ctrl Pts',(46.981175876449,3.79558799397454,-17.1104973942523));
#5521=CARTESIAN_POINT('Ctrl Pts',(46.9659844265643,3.8257368973339,-17.1522093416804));
#5522=CARTESIAN_POINT('Ctrl Pts',(46.9507752039176,3.85594303821354,-17.1937973517135));
#5523=CARTESIAN_POINT('Ctrl Pts',(46.9355158500066,3.8862744694632,-17.2353518064986));
#5524=CARTESIAN_POINT('',(36.5469759396186,13.401087344566,-34.1221123271837));
#5525=CARTESIAN_POINT('Ctrl Pts',(46.9355158500067,3.8862744694632,-17.2353518064987));
#5526=CARTESIAN_POINT('Ctrl Pts',(46.5943025199383,4.56462612535592,-18.164548021433));
#5527=CARTESIAN_POINT('Ctrl Pts',(46.2186472331976,5.20965245165453,-19.1013169513683));
#5528=CARTESIAN_POINT('Ctrl Pts',(45.8075996230929,5.82524456227324,-20.0406642443923));
#5529=CARTESIAN_POINT('Ctrl Pts',(45.4156565436978,6.41222539260987,-20.9363528741239));
#5530=CARTESIAN_POINT('Ctrl Pts',(44.9915345367441,6.97244442080549,-21.8343860869097));
#5531=CARTESIAN_POINT('Ctrl Pts',(44.5343729004938,7.50929439730295,-22.7304130341086));
#5532=CARTESIAN_POINT('Ctrl Pts',(44.2022011623804,7.89936735106592,-23.3814624766836));
#5533=CARTESIAN_POINT('Ctrl Pts',(43.8525856949519,8.27710319203141,-24.0314523447113));
#5534=CARTESIAN_POINT('Ctrl Pts',(43.485183428651,8.64381064993458,-24.6787045135244));
#5535=CARTESIAN_POINT('Ctrl Pts',(43.2516426729461,8.87690974783499,-25.0901330062176));
#5536=CARTESIAN_POINT('Ctrl Pts',(43.0109147698291,9.10555301450916,-25.5004551200255));
#5537=CARTESIAN_POINT('Ctrl Pts',(42.763024691036,9.32981746140704,-25.9093298462355));
#5538=CARTESIAN_POINT('Ctrl Pts',(42.3878485338688,9.66923674670478,-26.5281527103417));
#5539=CARTESIAN_POINT('Ctrl Pts',(41.9963685191001,9.99851738358291,-27.1434713605383));
#5540=CARTESIAN_POINT('Ctrl Pts',(41.5888302496503,10.3178085074374,-27.7538659146068));
#5541=CARTESIAN_POINT('Ctrl Pts',(41.1826930844827,10.6360019180355,-28.3621619506033));
#5542=CARTESIAN_POINT('Ctrl Pts',(40.7606079646688,10.9442744901049,-28.9655671599609));
#5543=CARTESIAN_POINT('Ctrl Pts',(40.3228623480619,11.2427980632969,-29.5626860019393));
#5544=CARTESIAN_POINT('Ctrl Pts',(39.8878787072697,11.5394380884693,-30.1560372955119));
#5545=CARTESIAN_POINT('Ctrl Pts',(39.4374316600667,11.8264518760393,-30.7431807927408));
#5546=CARTESIAN_POINT('Ctrl Pts',(38.9718458785031,12.1040302655998,-31.3227645644777));
#5547=CARTESIAN_POINT('Ctrl Pts',(38.5130955242423,12.3775334299756,-31.8938392646439));
#5548=CARTESIAN_POINT('Ctrl Pts',(38.0396478298811,12.641876368277,-32.457574147445));
#5549=CARTESIAN_POINT('Ctrl Pts',(37.5518530519451,12.8972611499387,-33.0126997989649));
#5550=CARTESIAN_POINT('Ctrl Pts',(37.2233606314872,13.0692432392738,-33.3865344055951));
#5551=CARTESIAN_POINT('Ctrl Pts',(36.8883626344877,13.2371632124977,-33.7564652299625));
#5552=CARTESIAN_POINT('Ctrl Pts',(36.5469759396186,13.401087344566,-34.1221123271836));
#5553=CARTESIAN_POINT('',(36.497442835038,13.4251093919916,-34.175088390568));
#5554=CARTESIAN_POINT('Ctrl Pts',(36.5469759396186,13.401087344566,-34.1221123271837));
#5555=CARTESIAN_POINT('Ctrl Pts',(36.5387149812872,13.4050475142826,-34.1309603446359));
#5556=CARTESIAN_POINT('Ctrl Pts',(36.530457074064,13.4090293028634,-34.1397986558935));
#5557=CARTESIAN_POINT('Ctrl Pts',(36.5221996851233,13.4130339076934,-34.1486299913764));
#5558=CARTESIAN_POINT('Ctrl Pts',(36.5139451365515,13.4170371350232,-34.1574582890649));
#5559=CARTESIAN_POINT('Ctrl Pts',(36.5056936995986,13.4210619050321,-34.1662768418106));
#5560=CARTESIAN_POINT('Ctrl Pts',(36.497442835038,13.4251093919916,-34.175088390568));
#5561=CARTESIAN_POINT('',(34.5255133412096,15.2874238690771,-36.1661295762403));
#5562=CARTESIAN_POINT('Ctrl Pts',(36.497442835038,13.4251093919916,-34.175088390568));
#5563=CARTESIAN_POINT('Ctrl Pts',(36.4396884055923,13.4534410047966,-34.2367674991361));
#5564=CARTESIAN_POINT('Ctrl Pts',(36.3823303553445,13.4838643949011,-34.2977101800707));
#5565=CARTESIAN_POINT('Ctrl Pts',(36.2593451178042,13.5539806284273,-34.4277374639688));
#5566=CARTESIAN_POINT('Ctrl Pts',(36.1940066011249,13.5942795379626,-34.4964153610566));
#5567=CARTESIAN_POINT('Ctrl Pts',(35.9851424624614,13.7326429320065,-34.7147368383266));
#5568=CARTESIAN_POINT('Ctrl Pts',(35.8447876959263,13.8403847547104,-34.8595708216597));
#5569=CARTESIAN_POINT('Ctrl Pts',(35.3169573853747,14.295666732108,-35.3980755298244));
#5570=CARTESIAN_POINT('Ctrl Pts',(34.9297844066927,14.7367147005373,-35.7801975943536));
#5571=CARTESIAN_POINT('Ctrl Pts',(34.5255133412233,15.2874238690714,-36.1661295762349));
#5572=CARTESIAN_POINT('',(34.5506937769948,15.8037693961424,-36.1420746433893));
#5573=CARTESIAN_POINT('Ctrl Pts',(34.5255133412133,15.2874238690719,-36.1661295762267));
#5574=CARTESIAN_POINT('Ctrl Pts',(34.533361264621,15.4597181880179,-36.1586376036075));
#5575=CARTESIAN_POINT('Ctrl Pts',(34.5417835852076,15.6319453417401,-36.150570948217));
#5576=CARTESIAN_POINT('Ctrl Pts',(34.5507065471911,15.8037609867677,-36.1420053146562));
#5577=CARTESIAN_POINT('',(48.5298534548629,1.60253948619964,-12.0355026338526));
#5578=CARTESIAN_POINT('Ctrl Pts',(34.5506937769948,15.8037693961424,-36.1420746433894));
#5579=CARTESIAN_POINT('Ctrl Pts',(36.6732868711719,14.9566037667614,-34.1129419847447));
#5580=CARTESIAN_POINT('Ctrl Pts',(38.5836379429289,13.971315098702,-31.9276556560342));
#5581=CARTESIAN_POINT('Ctrl Pts',(42.7783570434887,11.1785670843598,-26.2287597000745));
#5582=CARTESIAN_POINT('Ctrl Pts',(44.7677811584399,9.22438472772219,-22.603193547172));
#5583=CARTESIAN_POINT('Ctrl Pts',(47.2293245806656,5.29368218233906,-16.6165963606781));
#5584=CARTESIAN_POINT('Ctrl Pts',(47.9730014131362,3.56170007267626,-14.2808553044636));
#5585=CARTESIAN_POINT('Ctrl Pts',(48.5298534548634,1.60253948619931,-12.035502633853));
#5586=CARTESIAN_POINT('Ctrl Pts',(48.529745103466,1.60263256214959,-12.0355167583837));
#5587=CARTESIAN_POINT('Ctrl Pts',(48.479224647274,1.54683668369594,-12.2394721718026));
#5588=CARTESIAN_POINT('Ctrl Pts',(48.4271662407465,1.49319762844636,-12.4440430568988));
#5589=CARTESIAN_POINT('Ctrl Pts',(48.3736048530499,1.44198134386771,-12.6488873636038));
#5590=CARTESIAN_POINT('Ctrl Pts',(35.9365748017981,12.9809376394727,-33.8332869963582));
#5591=CARTESIAN_POINT('Ctrl Pts',(35.9509654789088,12.9740707479198,-33.8184639638799));
#5592=CARTESIAN_POINT('Ctrl Pts',(35.9652231868581,12.9672202693372,-33.8034892544273));
#5593=CARTESIAN_POINT('Ctrl Pts',(35.9793457404228,12.960387023773,-33.7883643810838));
#5594=CARTESIAN_POINT('Ctrl Pts',(36.1235308128781,13.1289948903124,-33.9472207944282));
#5595=CARTESIAN_POINT('Ctrl Pts',(36.1386838707892,13.1217662816097,-33.9315016941777));
#5596=CARTESIAN_POINT('Ctrl Pts',(36.1537180495813,13.1145500498613,-33.9156475331428));
#5597=CARTESIAN_POINT('Ctrl Pts',(36.1686323257721,13.1073465389704,-33.8996586870846));
#5598=CARTESIAN_POINT('Ctrl Pts',(36.3104868239581,13.277052141152,-34.0611545924981));
#5599=CARTESIAN_POINT('Ctrl Pts',(36.3264022626695,13.2694618152995,-34.0445394244755));
#5600=CARTESIAN_POINT('Ctrl Pts',(36.3422129123045,13.2618798303853,-34.0278058118583));
#5601=CARTESIAN_POINT('Ctrl Pts',(36.3579189111215,13.2543060541679,-34.0109529930854));
#5602=CARTESIAN_POINT('Ctrl Pts',(36.497442835038,13.4251093919916,-34.175088390568));
#5603=CARTESIAN_POINT('Ctrl Pts',(36.5141206545499,13.4171573489894,-34.1575771547734));
#5604=CARTESIAN_POINT('Ctrl Pts',(36.5307077750278,13.4092096109094,-34.1399640905738));
#5605=CARTESIAN_POINT('Ctrl Pts',(36.5472054964708,13.4012655693654,-34.1222472990862));
#5606=CARTESIAN_POINT('',(35.9793457404227,12.960387023773,-33.7883643810838));
#5607=CARTESIAN_POINT('',(35.9793457404227,12.960387023773,-33.7883643810838));
#5608=CARTESIAN_POINT('',(35.9365748017981,12.9809376394728,-33.8332869963582));
#5609=CARTESIAN_POINT('Ctrl Pts',(35.9793457404228,12.960387023773,-33.7883643810838));
#5610=CARTESIAN_POINT('Ctrl Pts',(35.9652231868581,12.9672202693372,-33.8034892544273));
#5611=CARTESIAN_POINT('Ctrl Pts',(35.9509654789088,12.9740707479198,-33.8184639638799));
#5612=CARTESIAN_POINT('Ctrl Pts',(35.9365748017981,12.9809376394727,-33.8332869963582));
#5613=CARTESIAN_POINT('',(37.4399676509031,14.1715290031022,-34.7494771541403));
#5614=CARTESIAN_POINT('Ctrl Pts',(46.9355158500067,3.8862744694632,-17.2353518064987));
#5615=CARTESIAN_POINT('Ctrl Pts',(46.0353578005663,5.68727085167516,-19.6997031281728));
#5616=CARTESIAN_POINT('Ctrl Pts',(43.3740049300408,9.33656551527983,-25.5652432541055));
#5617=CARTESIAN_POINT('Ctrl Pts',(39.3194385076728,12.0936694221969,-31.1835670379971));
#5618=CARTESIAN_POINT('Ctrl Pts',(36.5696289866025,13.4186748603234,-34.1354315760793));
#5619=CARTESIAN_POINT('Ctrl Pts',(46.6837838624082,3.77544337618901,-17.2240396587849));
#5620=CARTESIAN_POINT('Ctrl Pts',(45.7886478391632,5.56686421009799,-19.673893520848));
#5621=CARTESIAN_POINT('Ctrl Pts',(43.1420381774453,9.19809842321406,-25.5030508464318));
#5622=CARTESIAN_POINT('Ctrl Pts',(39.107845472781,11.9462502178179,-31.0860602030634));
#5623=CARTESIAN_POINT('Ctrl Pts',(36.3728679045426,13.2659122481399,-34.0197425110808));
#5624=CARTESIAN_POINT('Ctrl Pts',(46.4320518748097,3.66461228291481,-17.2127275110712));
#5625=CARTESIAN_POINT('Ctrl Pts',(45.5419378777602,5.44645756852082,-19.6480839135232));
#5626=CARTESIAN_POINT('Ctrl Pts',(42.9100714248497,9.05963133114829,-25.440858438758));
#5627=CARTESIAN_POINT('Ctrl Pts',(38.8962524378891,11.798831013439,-30.9885533681297));
#5628=CARTESIAN_POINT('Ctrl Pts',(36.1761068224827,13.1131496359564,-33.9040534460823));
#5629=CARTESIAN_POINT('Ctrl Pts',(46.1803198872112,3.55378118964061,-17.2014153633575));
#5630=CARTESIAN_POINT('Ctrl Pts',(45.2952279163572,5.32605092694366,-19.6222743061984));
#5631=CARTESIAN_POINT('Ctrl Pts',(42.6781046722542,8.92116423908252,-25.3786660310842));
#5632=CARTESIAN_POINT('Ctrl Pts',(38.6846594029972,11.6514118090601,-30.891046533196));
#5633=CARTESIAN_POINT('Ctrl Pts',(35.9793457404227,12.960387023773,-33.7883643810837));
#5634=CARTESIAN_POINT('',(46.1803198872111,3.55378118964062,-17.2014153633575));
#5635=CARTESIAN_POINT('',(48.1277060793411,4.41116503966238,-17.2889255779758));
#5636=CARTESIAN_POINT('Ctrl Pts',(46.1803198872112,3.55378118964061,-17.2014153633575));
#5637=CARTESIAN_POINT('Ctrl Pts',(45.2952279163572,5.32605092694366,-19.6222743061984));
#5638=CARTESIAN_POINT('Ctrl Pts',(42.6781046722542,8.92116423908252,-25.3786660310842));
#5639=CARTESIAN_POINT('Ctrl Pts',(38.6846594029972,11.6514118090601,-30.891046533196));
#5640=CARTESIAN_POINT('Ctrl Pts',(35.9793457404227,12.960387023773,-33.7883643810837));
#5641=CARTESIAN_POINT('Ctrl Pts',(46.1803198872111,3.55378118964061,-17.2014153633575));
#5642=CARTESIAN_POINT('Ctrl Pts',(46.2084569773663,3.49744070184967,-17.1244562127034));
#5643=CARTESIAN_POINT('Ctrl Pts',(46.235006003125,3.4412781409572,-17.0469368524359));
#5644=CARTESIAN_POINT('Ctrl Pts',(46.2599562775822,3.38531561089622,-16.968891765059));
#5645=CARTESIAN_POINT('Ctrl Pts',(46.4331576313137,3.66509911894788,-17.2127772007472));
#5646=CARTESIAN_POINT('Ctrl Pts',(46.4620380402713,3.60728792347241,-17.1337569318459));
#5647=CARTESIAN_POINT('Ctrl Pts',(46.4894901159309,3.54959753695296,-17.0542697895279));
#5648=CARTESIAN_POINT('Ctrl Pts',(46.5155084553006,3.49203536039002,-16.9743344030894));
#5649=CARTESIAN_POINT('Ctrl Pts',(46.6859953754162,3.77641704825515,-17.224139038137));
#5650=CARTESIAN_POINT('Ctrl Pts',(46.7156191031764,3.71713514509515,-17.1430576509884));
#5651=CARTESIAN_POINT('Ctrl Pts',(46.7439742287367,3.65791693294871,-17.0616027266199));
#5652=CARTESIAN_POINT('Ctrl Pts',(46.771060633019,3.59875510988383,-16.9797770411197));
#5653=CARTESIAN_POINT('Ctrl Pts',(46.9388331195188,3.88773497756241,-17.2355008755267));
#5654=CARTESIAN_POINT('Ctrl Pts',(46.9692001660815,3.82698236671789,-17.1523583701309));
#5655=CARTESIAN_POINT('Ctrl Pts',(46.9984583415426,3.76623632894447,-17.0689356637119));
#5656=CARTESIAN_POINT('Ctrl Pts',(47.0266128107375,3.70547485937763,-16.98521967915));
#5657=CARTESIAN_POINT('',(46.2599562775822,3.38531561089622,-16.968891765059));
#5658=CARTESIAN_POINT('',(46.2599562775822,3.38531561089622,-16.968891765059));
#5659=CARTESIAN_POINT('Ctrl Pts',(46.2599562775822,3.38531561089622,-16.968891765059));
#5660=CARTESIAN_POINT('Ctrl Pts',(46.235006003125,3.4412781409572,-17.0469368524359));
#5661=CARTESIAN_POINT('Ctrl Pts',(46.2084569773663,3.49744070184967,-17.1244562127034));
#5662=CARTESIAN_POINT('Ctrl Pts',(46.1803198872111,3.55378118964061,-17.2014153633575));
#5663=CARTESIAN_POINT('Ctrl Pts',(5.88789535244618,16.3766596073768,-8.08286386863023));
#5664=CARTESIAN_POINT('Ctrl Pts',(5.92693139444087,16.5022128098471,-7.980441417209));
#5665=CARTESIAN_POINT('Ctrl Pts',(5.96596743643556,16.6277660123175,-7.87801896578777));
#5666=CARTESIAN_POINT('Ctrl Pts',(6.00500347843025,16.7533192147879,-7.77559651436654));
#5667=CARTESIAN_POINT('Ctrl Pts',(10.5875040880646,16.4197634987851,-9.92685366722142));
#5668=CARTESIAN_POINT('Ctrl Pts',(10.6333812718927,16.5594500563758,-9.84502059277643));
#5669=CARTESIAN_POINT('Ctrl Pts',(10.6796134708212,16.6998404400177,-9.76221507431913));
#5670=CARTESIAN_POINT('Ctrl Pts',(10.7254906546493,16.8395269976084,-9.68038199987414));
#5671=CARTESIAN_POINT('Ctrl Pts',(20.7336681014235,16.4635722528504,-16.270093417187));
#5672=CARTESIAN_POINT('Ctrl Pts',(20.7841057782191,16.6182319541623,-16.2256581504466));
#5673=CARTESIAN_POINT('Ctrl Pts',(20.8343072130734,16.772484804431,-16.1814332939042));
#5674=CARTESIAN_POINT('Ctrl Pts',(20.884744889869,16.927144505743,-16.1369980271638));
#5675=CARTESIAN_POINT('Ctrl Pts',(27.3374318799596,16.4744540615193,-26.4003072951592));
#5676=CARTESIAN_POINT('Ctrl Pts',(27.3847411727939,16.6324786221241,-26.3754864251635));
#5677=CARTESIAN_POINT('Ctrl Pts',(27.4323198350526,16.7908835624771,-26.3510203497711));
#5678=CARTESIAN_POINT('Ctrl Pts',(27.4796291278869,16.9489081230819,-26.3261994797753));
#5679=CARTESIAN_POINT('Ctrl Pts',(29.4971070997204,16.478943935907,-32.742701578983));
#5680=CARTESIAN_POINT('Ctrl Pts',(29.5423751818689,16.6385919145573,-32.727174137732));
#5681=CARTESIAN_POINT('Ctrl Pts',(29.5876432640174,16.7982398932075,-32.7116466964811));
#5682=CARTESIAN_POINT('Ctrl Pts',(29.6329113461659,16.9578878718577,-32.6961192552301));
#5683=CARTESIAN_POINT('',(29.6329113461659,16.9578878718577,-32.6961192552301));
#5684=CARTESIAN_POINT('Ctrl Pts',(6.1926286985068,16.756723669161,-7.8518389862158));
#5685=CARTESIAN_POINT('Ctrl Pts',(10.8408662439424,16.8405209088055,-9.75390162267885));
#5686=CARTESIAN_POINT('Ctrl Pts',(20.9222303238523,16.9272682105135,-16.1949136212227));
#5687=CARTESIAN_POINT('Ctrl Pts',(27.4796291278869,16.9489081230819,-26.3261994797753));
#5688=CARTESIAN_POINT('Ctrl Pts',(29.6329113461659,16.9578878718577,-32.6961192552301));
#5689=CARTESIAN_POINT('',(29.4960928617337,16.4789418273924,-32.7397234115659));
#5690=CARTESIAN_POINT('Ctrl Pts',(29.4960928617337,16.4789418273924,-32.7397234115659));
#5691=CARTESIAN_POINT('Ctrl Pts',(29.5416932658185,16.6385905756741,-32.7251636867504));
#5692=CARTESIAN_POINT('Ctrl Pts',(29.5872994960751,16.7982392365968,-32.7106290215222));
#5693=CARTESIAN_POINT('Ctrl Pts',(29.6329113461409,16.9578878718661,-32.6961192552261));
#5694=CARTESIAN_POINT('',(29.4933069916486,16.4789360362757,-32.7315470129534));
#5695=CARTESIAN_POINT('Ctrl Pts',(29.4933069916486,16.4789360362757,-32.7315470129534));
#5696=CARTESIAN_POINT('Ctrl Pts',(29.4942359362769,16.4789379672136,-32.7342724651881));
#5697=CARTESIAN_POINT('Ctrl Pts',(29.4951645584222,16.4789398975978,-32.7369979278669));
#5698=CARTESIAN_POINT('Ctrl Pts',(29.4960928617337,16.4789418273924,-32.7397234115658));
#5699=CARTESIAN_POINT('Ctrl Pts',(5.88789535244618,16.3766596073768,-8.08286386863023));
#5700=CARTESIAN_POINT('Ctrl Pts',(10.5875040880646,16.4197634987851,-9.92685366722142));
#5701=CARTESIAN_POINT('Ctrl Pts',(20.7302690048602,16.4635575763495,-16.2679683495845));
#5702=CARTESIAN_POINT('Ctrl Pts',(27.3330067893197,16.4744467667297,-26.3935202140633));
#5703=CARTESIAN_POINT('Ctrl Pts',(29.4933069597639,16.4789360372507,-32.7315470321755));
#5704=CARTESIAN_POINT('Ctrl Pts',(46.8237558979398,-0.00730408805038128,
-9.45979096792649));
#5705=CARTESIAN_POINT('Ctrl Pts',(47.5566824963211,0.354743016900881,-10.4621898851382));
#5706=CARTESIAN_POINT('Ctrl Pts',(48.8114864037507,1.53332835100714,-13.0360159128327));
#5707=CARTESIAN_POINT('Ctrl Pts',(48.7057539360634,3.22449758950823,-15.6779754123035));
#5708=CARTESIAN_POINT('Ctrl Pts',(48.2282493582851,4.2072837364602,-17.0108116065234));
#5709=CARTESIAN_POINT('Ctrl Pts',(46.2317984548411,-0.00486939203358476,
-9.88943669387831));
#5710=CARTESIAN_POINT('Ctrl Pts',(46.9182160725691,0.334176583944436,-10.832854027855));
#5711=CARTESIAN_POINT('Ctrl Pts',(48.0934980283208,1.43311410806269,-13.2487198081296));
#5712=CARTESIAN_POINT('Ctrl Pts',(48.0101894569514,3.00961782900451,-15.7338518448854));
#5713=CARTESIAN_POINT('Ctrl Pts',(47.5721516647175,3.93329436127222,-16.9968383260353));
#5714=CARTESIAN_POINT('Ctrl Pts',(45.6398410117424,-0.00243469601678823,
-10.3190824198301));
#5715=CARTESIAN_POINT('Ctrl Pts',(46.2797496488171,0.31361015098799,-11.2035181705718));
#5716=CARTESIAN_POINT('Ctrl Pts',(47.375509652891,1.33289986511824,-13.4614237034265));
#5717=CARTESIAN_POINT('Ctrl Pts',(47.3146249778394,2.79473806850079,-15.7897282774673));
#5718=CARTESIAN_POINT('Ctrl Pts',(46.9160539711498,3.65930498608423,-16.9828650455472));
#5719=CARTESIAN_POINT('Ctrl Pts',(45.0478835686437,8.29197821516914E-15,
-10.7487281457819));
#5720=CARTESIAN_POINT('Ctrl Pts',(45.641283225065,0.293043718031544,-11.5741823132887));
#5721=CARTESIAN_POINT('Ctrl Pts',(46.6575212774611,1.23268562217379,-13.6741275987233));
#5722=CARTESIAN_POINT('Ctrl Pts',(46.6190604987274,2.57985830799707,-15.8456047100491));
#5723=CARTESIAN_POINT('Ctrl Pts',(46.2599562775821,3.38531561089625,-16.9688917650591));
#5724=CARTESIAN_POINT('Ctrl Pts',(48.3739991998664,1.44192537333421,-12.6488103724889));
#5725=CARTESIAN_POINT('Ctrl Pts',(48.0861059182822,0.854201992106548,-11.5516319781071));
#5726=CARTESIAN_POINT('Ctrl Pts',(47.5568950966187,0.358039404521554,-10.4673803114024));
#5727=CARTESIAN_POINT('Ctrl Pts',(46.8384775715306,3.57104020946679E-7,
-9.47997490910291));
#5728=CARTESIAN_POINT('Ctrl Pts',(45.0478835686437,8.29197821516914E-15,
-10.7487281457819));
#5729=CARTESIAN_POINT('Ctrl Pts',(45.641283225065,0.293043718031544,-11.5741823132887));
#5730=CARTESIAN_POINT('Ctrl Pts',(46.6575212774611,1.23268562217379,-13.6741275987233));
#5731=CARTESIAN_POINT('Ctrl Pts',(46.6190604987274,2.57985830799707,-15.8456047100491));
#5732=CARTESIAN_POINT('Ctrl Pts',(46.2599562775821,3.38531561089625,-16.9688917650591));
#5733=CARTESIAN_POINT('Ctrl Pts',(8.97663478428989,4.54836233884648E-7,
-0.647856853027544));
#5734=CARTESIAN_POINT('Ctrl Pts',(9.00177522528526,-0.000656574523514454,
-0.644504075407181));
#5735=CARTESIAN_POINT('Ctrl Pts',(9.02691754463392,-0.00131324469448248,
-0.641169476291014));
#5736=CARTESIAN_POINT('Ctrl Pts',(9.0948673885447,-0.00308684609811533,
-0.632207161857869));
#5737=CARTESIAN_POINT('Ctrl Pts',(9.13767850678628,-0.00420321132555761,
-0.626614416117361));
#5738=CARTESIAN_POINT('Ctrl Pts',(9.18049495786673,-0.00531861461220881,
-0.621074843775238));
#5739=CARTESIAN_POINT('Ctrl Pts',(8.97957688259877,0.00954746130776248,
-0.664197959263609));
#5740=CARTESIAN_POINT('Ctrl Pts',(9.00470945415691,0.00887987195051263,
-0.660852611675932));
#5741=CARTESIAN_POINT('Ctrl Pts',(9.02984389069715,0.00821265153523837,
-0.657525419448836));
#5742=CARTESIAN_POINT('Ctrl Pts',(9.09777239618765,0.00641056563747153,
-0.648583058973948));
#5743=CARTESIAN_POINT('Ctrl Pts',(9.1405700344201,0.00527628341793525,-0.643002821392836));
#5744=CARTESIAN_POINT('Ctrl Pts',(9.18337296831387,0.00414299057940607,
-0.637475695313264));
#5745=CARTESIAN_POINT('Ctrl Pts',(8.98251898090765,0.0190944677792911,-0.680539065499674));
#5746=CARTESIAN_POINT('Ctrl Pts',(9.00764368302861,0.018416318424695,-0.677201147944563));
#5747=CARTESIAN_POINT('Ctrl Pts',(9.03277023676037,0.0177385477649215,-0.673881362606685));
#5748=CARTESIAN_POINT('Ctrl Pts',(9.10067740383067,0.0159079773732221,-0.664958956089911));
#5749=CARTESIAN_POINT('Ctrl Pts',(9.1434615620541,0.0147557781619073,-0.659391226667977));
#5750=CARTESIAN_POINT('Ctrl Pts',(9.18625097876101,0.013604595771021,-0.65387654685129));
#5751=CARTESIAN_POINT('Ctrl Pts',(8.98546107921653,0.0286414742508197,-0.69688017173574));
#5752=CARTESIAN_POINT('Ctrl Pts',(9.01057791190025,0.0279527648987221,-0.693549684213314));
#5753=CARTESIAN_POINT('Ctrl Pts',(9.0356965828236,0.0272644439946423,-0.690237305764507));
#5754=CARTESIAN_POINT('Ctrl Pts',(9.10358241147362,0.025405389108809,-0.68133485320599));
#5755=CARTESIAN_POINT('Ctrl Pts',(9.14635308968793,0.0242352729054002,-0.675779631943452));
#5756=CARTESIAN_POINT('Ctrl Pts',(9.18912898920814,0.0230662009626358,-0.670277398389315));
#5757=CARTESIAN_POINT('Ctrl Pts',(5.8878654991787,14.2180733111751,-7.97095474283306));
#5758=CARTESIAN_POINT('Ctrl Pts',(10.7128803071731,14.2821003952524,-9.5469680087426));
#5759=CARTESIAN_POINT('Ctrl Pts',(21.2564322168417,14.4646054379014,-15.6276475912468));
#5760=CARTESIAN_POINT('Ctrl Pts',(28.1647019980596,14.5575042755935,-25.919801183472));
#5761=CARTESIAN_POINT('Ctrl Pts',(30.438231698546,14.5966063307257,-32.3996313175978));
#5762=CARTESIAN_POINT('Ctrl Pts',(5.88787545026961,14.9376020765814,-8.00825778476078));
#5763=CARTESIAN_POINT('Ctrl Pts',(10.6705634241753,14.9946499496487,-9.67339064139736));
#5764=CARTESIAN_POINT('Ctrl Pts',(21.0801261222272,15.1309514791819,-15.8410101076913));
#5765=CARTESIAN_POINT('Ctrl Pts',(27.8873013062516,15.1964843519136,-26.0771691000461));
#5766=CARTESIAN_POINT('Ctrl Pts',(30.1232567962469,15.224049565909,-32.5102698827163));
#5767=CARTESIAN_POINT('Ctrl Pts',(5.88788540136051,15.6571308419877,-8.04556082668849));
#5768=CARTESIAN_POINT('Ctrl Pts',(10.6282465411775,15.7071995040451,-9.79981327405213));
#5769=CARTESIAN_POINT('Ctrl Pts',(20.9038200276128,15.7972975204623,-16.0543726241358));
#5770=CARTESIAN_POINT('Ctrl Pts',(27.6099006144437,15.8354644282337,-26.2345370166201));
#5771=CARTESIAN_POINT('Ctrl Pts',(29.8082818939477,15.8514928010924,-32.6209084478349));
#5772=CARTESIAN_POINT('Ctrl Pts',(5.88789535245141,16.376659607394,-8.08286386861621));
#5773=CARTESIAN_POINT('Ctrl Pts',(10.5859296581797,16.4197490584415,-9.92623590670689));
#5774=CARTESIAN_POINT('Ctrl Pts',(20.7275139329983,16.4636435617427,-16.2677351405803));
#5775=CARTESIAN_POINT('Ctrl Pts',(27.3324999226357,16.4744445045539,-26.3919049331942));
#5776=CARTESIAN_POINT('Ctrl Pts',(29.4933069916486,16.4789360362757,-32.7315470129534));
#5777=CARTESIAN_POINT('',(30.438231698546,14.5966063307257,-32.3996313175978));
#5778=CARTESIAN_POINT('',(29.4933069916486,16.4789360362757,-32.7315470129534));
#5779=CARTESIAN_POINT('Ctrl Pts',(30.438231698546,14.5966063307257,-32.3996313175978));
#5780=CARTESIAN_POINT('Ctrl Pts',(28.1647019980596,14.5575042755935,-25.919801183472));
#5781=CARTESIAN_POINT('Ctrl Pts',(21.2779026699794,14.4648941614465,-15.6596349351673));
#5782=CARTESIAN_POINT('Ctrl Pts',(10.7783825401174,14.2832339573261,-9.58480540172367));
#5783=CARTESIAN_POINT('Ctrl Pts',(5.99278785450761,14.2194684822022,-8.00540417179467));
#5784=CARTESIAN_POINT('Ctrl Pts',(37.4399676509031,14.1715290031022,-34.7494771541403));
#5785=CARTESIAN_POINT('Ctrl Pts',(37.0481675774003,14.3581684892474,-35.1700568390361));
#5786=CARTESIAN_POINT('Ctrl Pts',(35.6427653787681,14.9486310081951,-36.2076391577156));
#5787=CARTESIAN_POINT('Ctrl Pts',(32.5843105700785,15.9155186962257,-36.3799547288786));
#5788=CARTESIAN_POINT('Ctrl Pts',(30.6219529429606,16.3491844415581,-34.8202555607548));
#5789=CARTESIAN_POINT('Ctrl Pts',(29.7917280217016,16.4645086994224,-33.4703876927922));
#5790=CARTESIAN_POINT('Ctrl Pts',(29.6232535448475,16.4792061741903,-33.1130651466163));
#5791=CARTESIAN_POINT('Ctrl Pts',(29.4960928617337,16.4789418273924,-32.7397234115658));
#5792=CARTESIAN_POINT('Ctrl Pts',(36.9388367012014,13.7746652152257,-34.4440804348796));
#5793=CARTESIAN_POINT('Ctrl Pts',(36.5858107303468,13.9429730479567,-34.8196399903248));
#5794=CARTESIAN_POINT('Ctrl Pts',(35.3251408221699,14.4741446928505,-35.7406716206234));
#5795=CARTESIAN_POINT('Ctrl Pts',(32.5889054356883,15.3451394473406,-35.8919356450998));
#5796=CARTESIAN_POINT('Ctrl Pts',(30.8264503590491,15.7365527363906,-34.4949104920212));
#5797=CARTESIAN_POINT('Ctrl Pts',(30.0777186844852,15.8392606214617,-33.2833890911566));
#5798=CARTESIAN_POINT('Ctrl Pts',(29.9259830704789,15.8521638157811,-32.9631125463129));
#5799=CARTESIAN_POINT('Ctrl Pts',(29.8108009650949,15.8515074519309,-32.6282408034128));
#5800=CARTESIAN_POINT('Ctrl Pts',(36.4377057514998,13.3778014273492,-34.1386837156189));
#5801=CARTESIAN_POINT('Ctrl Pts',(36.1241797170901,13.5272382195181,-34.4667104594662));
#5802=CARTESIAN_POINT('Ctrl Pts',(35.0068955863579,13.9998678764442,-35.274730414057));
#5803=CARTESIAN_POINT('Ctrl Pts',(32.5941990540525,14.7744630345513,-35.4031197141627));
#5804=CARTESIAN_POINT('Ctrl Pts',(31.0293830889,15.1237251686979,-34.1681746969685));
#5805=CARTESIAN_POINT('Ctrl Pts',(30.3642157355726,15.2140532171283,-33.0967381177339));
#5806=CARTESIAN_POINT('Ctrl Pts',(30.2283510566099,15.2250814882895,-32.8128696013296));
#5807=CARTESIAN_POINT('Ctrl Pts',(30.1255090684562,15.2240730764694,-32.5167581952598));
#5808=CARTESIAN_POINT('Ctrl Pts',(35.9365748017981,12.9809376394727,-33.8332869963582));
#5809=CARTESIAN_POINT('Ctrl Pts',(35.6618228700366,13.1120427782274,-34.116293610755));
#5810=CARTESIAN_POINT('Ctrl Pts',(34.6892710297597,13.5253815610996,-34.8077628769648));
#5811=CARTESIAN_POINT('Ctrl Pts',(32.5987939196622,14.2040837856662,-34.9151006303839));
#5812=CARTESIAN_POINT('Ctrl Pts',(31.2338805049886,14.5110934635304,-33.8428296282348));
#5813=CARTESIAN_POINT('Ctrl Pts',(30.6502063983562,14.5888051391675,-32.9097395160982));
#5814=CARTESIAN_POINT('Ctrl Pts',(30.5310805822413,14.5980391298802,-32.6629170010263));
#5815=CARTESIAN_POINT('Ctrl Pts',(30.4402171718175,14.5966387010079,-32.4052755871068));
#5816=CARTESIAN_POINT('',(30.4402171718175,14.5966387010079,-32.4052755871067));
#5817=CARTESIAN_POINT('Ctrl Pts',(35.9365748017981,12.9809376394727,-33.8332869963582));
#5818=CARTESIAN_POINT('Ctrl Pts',(35.6618228700366,13.1120427782274,-34.116293610755));
#5819=CARTESIAN_POINT('Ctrl Pts',(34.6892710297597,13.5253815610996,-34.8077628769648));
#5820=CARTESIAN_POINT('Ctrl Pts',(32.5987939196622,14.2040837856662,-34.9151006303839));
#5821=CARTESIAN_POINT('Ctrl Pts',(31.2338805049886,14.5110934635304,-33.8428296282348));
#5822=CARTESIAN_POINT('Ctrl Pts',(30.6502063983562,14.5888051391675,-32.9097395160982));
#5823=CARTESIAN_POINT('Ctrl Pts',(30.5310805822413,14.5980391298802,-32.6629170010263));
#5824=CARTESIAN_POINT('Ctrl Pts',(30.4402171718175,14.5966387010079,-32.4052755871068));
#5825=CARTESIAN_POINT('',(30.4402171718175,14.5966387010079,-32.4052755871067));
#5826=CARTESIAN_POINT('Ctrl Pts',(29.4960928617337,16.4789418273924,-32.7397234115658));
#5827=CARTESIAN_POINT('Ctrl Pts',(29.6232535448475,16.4792061741903,-33.1130651466163));
#5828=CARTESIAN_POINT('Ctrl Pts',(29.7917280217016,16.4645086994224,-33.4703876927922));
#5829=CARTESIAN_POINT('Ctrl Pts',(30.6219529429606,16.3491844415581,-34.8202555607548));
#5830=CARTESIAN_POINT('Ctrl Pts',(32.1264854980323,16.0166944698753,-36.0160713193772));
#5831=CARTESIAN_POINT('Ctrl Pts',(33.9157633597481,15.4844360076631,-36.2140265257838));
#5832=CARTESIAN_POINT('Ctrl Pts',(34.5252630432147,15.2873135684089,-36.1635385837615));
#5833=CARTESIAN_POINT('Ctrl Pts',(30.438231698546,14.5966063307257,-32.3996313175978));
#5834=CARTESIAN_POINT('Ctrl Pts',(30.4388920225313,14.5966176875269,-32.4015133195163));
#5835=CARTESIAN_POINT('Ctrl Pts',(30.4395538472526,14.5966284775432,-32.4033947433438));
#5836=CARTESIAN_POINT('Ctrl Pts',(30.4402171718175,14.5966387010079,-32.4052755871067));
#5837=CARTESIAN_POINT('Ctrl Pts',(30.1232567962469,15.224049565909,-32.5102698827163));
#5838=CARTESIAN_POINT('Ctrl Pts',(30.1240066604465,15.2240577807558,-32.5124330347402));
#5839=CARTESIAN_POINT('Ctrl Pts',(30.1247574176425,15.2240656175614,-32.5145958048515));
#5840=CARTESIAN_POINT('Ctrl Pts',(30.1255090684562,15.2240730764694,-32.5167581952598));
#5841=CARTESIAN_POINT('Ctrl Pts',(29.8082818939477,15.8514928010924,-32.6209084478349));
#5842=CARTESIAN_POINT('Ctrl Pts',(29.8091212983617,15.8514978739847,-32.6233527499642));
#5843=CARTESIAN_POINT('Ctrl Pts',(29.8099609880323,15.8515027575796,-32.6257968663592));
#5844=CARTESIAN_POINT('Ctrl Pts',(29.8108009650949,15.8515074519309,-32.6282408034128));
#5845=CARTESIAN_POINT('Ctrl Pts',(29.4933069916486,16.4789360362757,-32.7315470129534));
#5846=CARTESIAN_POINT('Ctrl Pts',(29.4942359362769,16.4789379672136,-32.7342724651881));
#5847=CARTESIAN_POINT('Ctrl Pts',(29.4951645584222,16.4789398975978,-32.7369979278669));
#5848=CARTESIAN_POINT('Ctrl Pts',(29.4960928617337,16.4789418273924,-32.7397234115658));
#5849=CARTESIAN_POINT('Ctrl Pts',(30.4402171718175,14.5966387010079,-32.4052755871067));
#5850=CARTESIAN_POINT('Ctrl Pts',(30.4395538472526,14.5966284775432,-32.4033947433438));
#5851=CARTESIAN_POINT('Ctrl Pts',(30.4388920225313,14.5966176875269,-32.4015133195163));
#5852=CARTESIAN_POINT('Ctrl Pts',(30.438231698546,14.5966063307257,-32.3996313175978));
#5853=CARTESIAN_POINT('Ctrl Pts',(9.52515603777088,0.0211944211323153,-0.868939983325532));
#5854=CARTESIAN_POINT('Ctrl Pts',(13.4036874133733,-0.0294581907132137,
-0.418205913857133));
#5855=CARTESIAN_POINT('Ctrl Pts',(21.2716190332792,-0.090264898412746,-0.439867797516685));
#5856=CARTESIAN_POINT('Ctrl Pts',(34.6556540836652,-0.0829172740632491,
-3.76382069863454));
#5857=CARTESIAN_POINT('Ctrl Pts',(43.1474690049757,-0.0211348167492955,
-8.91745612855462));
#5858=CARTESIAN_POINT('Ctrl Pts',(47.5176912981573,0.0237163081100457,-12.8010651045702));
#5859=CARTESIAN_POINT('Ctrl Pts',(9.47110970532387,2.46412930577974,-1.62374954513335));
#5860=CARTESIAN_POINT('Ctrl Pts',(13.3977276043817,2.48414922635867,-1.43578719981472));
#5861=CARTESIAN_POINT('Ctrl Pts',(21.2980554077786,2.55491313448454,-2.01660793010007));
#5862=CARTESIAN_POINT('Ctrl Pts',(34.4926274120177,2.79588853397522,-6.3404667756043));
#5863=CARTESIAN_POINT('Ctrl Pts',(42.5878103436623,3.02453029155295,-12.1492728781981));
#5864=CARTESIAN_POINT('Ctrl Pts',(46.6219546311356,3.17097034998271,-16.3500928446949));
#5865=CARTESIAN_POINT('Ctrl Pts',(9.24025288835835,6.40872390532773,-3.1536597334028));
#5866=CARTESIAN_POINT('Ctrl Pts',(13.162325095768,6.46263837239147,-3.39953134029269));
#5867=CARTESIAN_POINT('Ctrl Pts',(20.9940930155969,6.58860296181244,-4.9218529234139));
#5868=CARTESIAN_POINT('Ctrl Pts',(33.6663717190844,6.90738254633327,-11.0007045080275));
#5869=CARTESIAN_POINT('Ctrl Pts',(40.9304034137434,7.2003142692922,-17.9518921797962));
#5870=CARTESIAN_POINT('Ctrl Pts',(44.2837490545628,7.3958810379122,-22.6856476880478));
#5871=CARTESIAN_POINT('Ctrl Pts',(7.95892438887422,11.3330928279596,-5.83939535181342));
#5872=CARTESIAN_POINT('Ctrl Pts',(11.7961405662644,11.3381407370498,-6.62408971771569));
#5873=CARTESIAN_POINT('Ctrl Pts',(19.2966974353907,11.3867351472338,-9.31289067530393));
#5874=CARTESIAN_POINT('Ctrl Pts',(30.6848282208995,11.5551944727582,-17.5325559921913));
#5875=CARTESIAN_POINT('Ctrl Pts',(36.3712021591246,11.7220155119987,-25.8671531773133));
#5876=CARTESIAN_POINT('Ctrl Pts',(38.6074459908113,11.8404536710411,-31.2542751310783));
#5877=CARTESIAN_POINT('Ctrl Pts',(6.3556194988183,13.6805442847472,-7.53733249609861));
#5878=CARTESIAN_POINT('Ctrl Pts',(10.143636383079,13.6421669574215,-8.58766779627039));
#5879=CARTESIAN_POINT('Ctrl Pts',(17.43337807843,13.6240240199948,-11.8311829011034));
#5880=CARTESIAN_POINT('Ctrl Pts',(28.0139137602457,13.6762332563255,-21.0181874047905));
#5881=CARTESIAN_POINT('Ctrl Pts',(32.7605559604977,13.7459404411372,-29.9586760338456));
#5882=CARTESIAN_POINT('Ctrl Pts',(34.3358784104325,13.793199958868,-35.6501895163876));
#5883=CARTESIAN_POINT('Ctrl Pts',(5.19376361679742,14.7164202578412,-8.27359055934455));
#5884=CARTESIAN_POINT('Ctrl Pts',(8.96251984679684,14.6543796185389,-9.44198756501265));
#5885=CARTESIAN_POINT('Ctrl Pts',(16.1624560828027,14.5958214529857,-12.9458415723306));
#5886=CARTESIAN_POINT('Ctrl Pts',(26.3879268778954,14.5789078118239,-22.6023124751682));
#5887=CARTESIAN_POINT('Ctrl Pts',(30.6992219988767,14.5953910876174,-31.8376288554808));
#5888=CARTESIAN_POINT('Ctrl Pts',(31.9536113052477,14.6082583121783,-37.6626437355363));
#5889=CARTESIAN_POINT('Ctrl Pts',(48.3736048582251,1.44198135521004,-12.6488873889166));
#5890=CARTESIAN_POINT('Ctrl Pts',(48.4746079387314,1.5772981910789,-12.5358749034352));
#5891=CARTESIAN_POINT('Ctrl Pts',(48.5755230124725,1.71264075191785,-12.4229465346363));
#5892=CARTESIAN_POINT('Ctrl Pts',(48.6763554415047,1.8480083478423,-12.3100965020047));
#5893=CARTESIAN_POINT('Ctrl Pts',(47.917509230908,0.55648300617983,-11.2230232297592));
#5894=CARTESIAN_POINT('Ctrl Pts',(48.0197167835528,0.693016455843559,-11.1117706644446));
#5895=CARTESIAN_POINT('Ctrl Pts',(48.1218423044726,0.829525822431536,-11.0005677969307));
#5896=CARTESIAN_POINT('Ctrl Pts',(48.2238441313377,0.966062970092851,-10.8894213892972));
#5897=CARTESIAN_POINT('Ctrl Pts',(47.0773852206568,-0.0712604292849993,
-9.76251455604412));
#5898=CARTESIAN_POINT('Ctrl Pts',(47.1817805682563,0.0656142600209403,-9.65307567660394));
#5899=CARTESIAN_POINT('Ctrl Pts',(47.2860557237904,0.20245748367592,-9.54365178954279));
#5900=CARTESIAN_POINT('Ctrl Pts',(47.3901747416476,0.339323649886061,-9.43425718499085));
#5901=CARTESIAN_POINT('Ctrl Pts',(45.9631162756461,-0.359143675753496,-8.45838760580106));
#5902=CARTESIAN_POINT('Ctrl Pts',(46.0701064410617,-0.223064179230251,-8.35007512605971));
#5903=CARTESIAN_POINT('Ctrl Pts',(46.1769125397308,-0.0869725340732623,
-8.24176679614956));
#5904=CARTESIAN_POINT('Ctrl Pts',(46.2835444742267,0.0491313138989358,-8.13346136304522));
#5905=CARTESIAN_POINT('Ctrl Pts',(48.5297451034658,1.60263256214929,-12.0355167583836));
#5906=CARTESIAN_POINT('Ctrl Pts',(48.4646230824283,1.49232546306634,-11.8236534539333));
#5907=CARTESIAN_POINT('Ctrl Pts',(48.3907061408738,1.3857159568959,-11.6126686236371));
#5908=CARTESIAN_POINT('Ctrl Pts',(48.308238453555,1.28300127103147,-11.4029490068861));
#5909=CARTESIAN_POINT('Ctrl Pts',(48.2260893713365,1.18068341238337,-11.194039619471));
#5910=CARTESIAN_POINT('Ctrl Pts',(48.1354551639852,1.08223015633518,-10.9863851966906));
#5911=CARTESIAN_POINT('Ctrl Pts',(48.0365407291071,0.987871805513445,-10.7803757219312));
#5912=CARTESIAN_POINT('Ctrl Pts',(47.9529464187135,0.908127921048798,-10.6062735294833));
#5913=CARTESIAN_POINT('Ctrl Pts',(47.8634374666749,0.831309243752703,-10.4333461691386));
#5914=CARTESIAN_POINT('Ctrl Pts',(47.7681196119063,0.757576104818723,-10.2618372780662));
#5915=CARTESIAN_POINT('Ctrl Pts',(47.6545010794909,0.669686474314505,-10.057399310519));
#5916=CARTESIAN_POINT('Ctrl Pts',(47.5330766302017,0.586526625279611,-9.85577526077373));
#5917=CARTESIAN_POINT('Ctrl Pts',(47.4041773548989,0.508292817872119,-9.65732563835338));
#5918=CARTESIAN_POINT('Ctrl Pts',(47.2747656136349,0.429747975641418,-9.45808703805669));
#5919=CARTESIAN_POINT('Ctrl Pts',(47.1378191602259,0.356168230071368,-9.26204764218457));
#5920=CARTESIAN_POINT('Ctrl Pts',(46.9936339259576,0.287787180244695,-9.06957681692877));
#5921=CARTESIAN_POINT('Ctrl Pts',(46.8500827093704,0.219706818590863,-8.87795233288766));
#5922=CARTESIAN_POINT('Ctrl Pts',(46.6993558702846,0.156779385504237,-8.68986461414979));
#5923=CARTESIAN_POINT('Ctrl Pts',(46.541712036498,0.0992724903702922,-8.50569017329053));
#5924=CARTESIAN_POINT('Ctrl Pts',(46.445387904261,0.0641344095563257,-8.39315520906222));
#5925=CARTESIAN_POINT('Ctrl Pts',(46.3464806837646,0.0310208185067373,-8.28208153229454));
#5926=CARTESIAN_POINT('Ctrl Pts',(46.2450440524861,1.49372514357538E-10,
-8.17255844306897));
#5927=CARTESIAN_POINT('Ctrl Pts',(8.90801853073483,-0.497072879282992,1.30036611491981));
#5928=CARTESIAN_POINT('Ctrl Pts',(15.0267702945686,-0.341852841531746,2.15936375150003));
#5929=CARTESIAN_POINT('Ctrl Pts',(25.4676998335209,-0.171091754585159,1.68497326929241));
#5930=CARTESIAN_POINT('Ctrl Pts',(39.0795321645966,-0.0458174152962205,
-3.20667893162051));
#5931=CARTESIAN_POINT('Ctrl Pts',(45.9615476902216,-0.00111095298802559,
-7.76281880470214));
#5932=CARTESIAN_POINT('Ctrl Pts',(49.0788398748623,0.0173730107163915,-10.4172077402305));
#5933=CARTESIAN_POINT('Ctrl Pts',(9.00773626490485,2.34376016188062,0.531903385033857));
#5934=CARTESIAN_POINT('Ctrl Pts',(15.229169098569,2.63831446524709,0.913005308108762));
#5935=CARTESIAN_POINT('Ctrl Pts',(25.6683297881048,3.05740161277364,-0.431575190811265));
#5936=CARTESIAN_POINT('Ctrl Pts',(38.8719617327877,3.53093990536525,-6.47018470971112));
#5937=CARTESIAN_POINT('Ctrl Pts',(45.3243263953984,3.76907487682567,-11.58985996089));
#5938=CARTESIAN_POINT('Ctrl Pts',(48.1798912270366,3.8855393953018,-14.4857409691943));
#5939=CARTESIAN_POINT('Ctrl Pts',(9.03767825734806,6.9224053118791,-1.11921654049455));
#5940=CARTESIAN_POINT('Ctrl Pts',(15.2720160805749,7.29107671026125,-1.53004731888331));
#5941=CARTESIAN_POINT('Ctrl Pts',(25.5522915110531,7.82988389630763,-4.38543902984962));
#5942=CARTESIAN_POINT('Ctrl Pts',(37.7911457325732,8.44029256056235,-12.4858280605847));
#5943=CARTESIAN_POINT('Ctrl Pts',(43.3305951189529,8.77070133396052,-18.583722451017));
#5944=CARTESIAN_POINT('Ctrl Pts',(45.6365385758137,8.93529723101594,-21.8807069969296));
#5945=CARTESIAN_POINT('Ctrl Pts',(8.05026338903999,11.9344066056565,-3.84403379935441));
#5946=CARTESIAN_POINT('Ctrl Pts',(14.1312771812362,12.2119242656402,-5.11916295130883));
#5947=CARTESIAN_POINT('Ctrl Pts',(23.8119298548416,12.5545683669975,-9.4908438580764));
#5948=CARTESIAN_POINT('Ctrl Pts',(34.3255880824337,12.9314319657686,-19.6067709750379));
#5949=CARTESIAN_POINT('Ctrl Pts',(38.494314689238,13.1350791486355,-26.6767947569841));
#5950=CARTESIAN_POINT('Ctrl Pts',(40.0443643301252,13.240481328812,-30.3794058436191));
#5951=CARTESIAN_POINT('Ctrl Pts',(6.50444372239534,14.8644078661802,-5.87295515382232));
#5952=CARTESIAN_POINT('Ctrl Pts',(12.459905332311,15.0480582356243,-7.66031684263041));
#5953=CARTESIAN_POINT('Ctrl Pts',(21.6958330036604,15.234216604337,-12.8528144325755));
#5954=CARTESIAN_POINT('Ctrl Pts',(31.0264190168131,15.4271368894449,-24.0206388659623));
#5955=CARTESIAN_POINT('Ctrl Pts',(34.2807210172286,15.5231311285653,-31.6054295267066));
#5956=CARTESIAN_POINT('Ctrl Pts',(35.3256707470973,15.5713048187372,-35.5310177224016));
#5957=CARTESIAN_POINT('Ctrl Pts',(5.32655508628457,16.1430658952695,-6.83335662162249));
#5958=CARTESIAN_POINT('Ctrl Pts',(11.223470115464,16.2804144498717,-8.85198432449064));
#5959=CARTESIAN_POINT('Ctrl Pts',(20.2470785462193,16.3868436193452,-14.4203595227272));
#5960=CARTESIAN_POINT('Ctrl Pts',(29.0216647456387,16.478041738352,-26.0640725913827));
#5961=CARTESIAN_POINT('Ctrl Pts',(31.8389752442361,16.5160973254953,-33.872498638634));
#5962=CARTESIAN_POINT('Ctrl Pts',(32.637356510018,16.5341375024428,-37.8927072857283));
#5963=CARTESIAN_POINT('Ctrl Pts',(4.6242653151134,16.7267520582889,-7.24682058164075));
#5964=CARTESIAN_POINT('Ctrl Pts',(10.4956121574518,16.8456363365632,-9.37623836642375));
#5965=CARTESIAN_POINT('Ctrl Pts',(19.4186898433314,16.9123343417598,-15.1389233693231));
#5966=CARTESIAN_POINT('Ctrl Pts',(27.9302662669025,16.9526331795152,-27.0244353928751));
#5967=CARTESIAN_POINT('Ctrl Pts',(30.5374759430272,16.9613497976553,-34.9439674673435));
#5968=CARTESIAN_POINT('Ctrl Pts',(31.2154349111816,16.9651238059088,-39.007193379658));
#5969=CARTESIAN_POINT('Ctrl Pts',(29.6329113461659,16.9578878718577,-32.6961192552301));
#5970=CARTESIAN_POINT('Ctrl Pts',(29.8414947692707,16.9587577191645,-33.3131585176123));
#5971=CARTESIAN_POINT('Ctrl Pts',(30.1623376215071,16.9190145965874,-33.8857368025012));
#5972=CARTESIAN_POINT('Ctrl Pts',(30.9936113921669,16.7669341425677,-34.8768267247248));
#5973=CARTESIAN_POINT('Ctrl Pts',(31.4960125262797,16.6560106265767,-35.2859264232104));
#5974=CARTESIAN_POINT('Ctrl Pts',(32.6171765528732,16.3755651004804,-35.8851272204192));
#5975=CARTESIAN_POINT('Ctrl Pts',(33.2250992497533,16.2086664716919,-36.0696370571037));
#5976=CARTESIAN_POINT('Ctrl Pts',(34.0812606462678,15.9516012566277,-36.1514379048624));
#5977=CARTESIAN_POINT('Ctrl Pts',(34.3169019419695,15.878587830107,-36.1557434068201));
#5978=CARTESIAN_POINT('Ctrl Pts',(34.5506937769947,15.8037693961424,-36.1420746433892));
#5979=CARTESIAN_POINT('Ctrl Pts',(29.4960928617337,16.4789418273924,-32.7397234115659));
#5980=CARTESIAN_POINT('Ctrl Pts',(29.5486367802875,16.6629000838001,-32.7229466963103));
#5981=CARTESIAN_POINT('Ctrl Pts',(29.6011884343846,16.8468582242193,-32.7062032532493));
#5982=CARTESIAN_POINT('Ctrl Pts',(29.653747508312,17.030816343053,-32.6894928365976));
#5983=CARTESIAN_POINT('Ctrl Pts',(29.7962169947514,16.4520007007355,-33.64652833755));
#5984=CARTESIAN_POINT('Ctrl Pts',(29.8481105762026,16.6361394172479,-33.6305329485232));
#5985=CARTESIAN_POINT('Ctrl Pts',(29.9000250999157,16.8202748683489,-33.6145806349586));
#5986=CARTESIAN_POINT('Ctrl Pts',(29.9519340648522,17.004413312528,-33.5986422637435));
#5987=CARTESIAN_POINT('Ctrl Pts',(31.0915492343405,16.2008799376081,-35.5624584693495));
#5988=CARTESIAN_POINT('Ctrl Pts',(31.142826157202,16.3852216996813,-35.5486426433933));
#5989=CARTESIAN_POINT('Ctrl Pts',(31.1941007717694,16.5695665616522,-35.5348534357948));
#5990=CARTESIAN_POINT('Ctrl Pts',(31.2453851946208,16.7539105787283,-35.5210757850241));
#5991=CARTESIAN_POINT('Ctrl Pts',(33.2945897407144,15.6018035302823,-36.2729073908617));
#5992=CARTESIAN_POINT('Ctrl Pts',(33.3470103064638,15.7858760761771,-36.2604445231434));
#5993=CARTESIAN_POINT('Ctrl Pts',(33.3994471675479,15.9699451801374,-36.2479475148595));
#5994=CARTESIAN_POINT('Ctrl Pts',(33.4518580062329,16.154026534861,-36.2355205674199));
#5995=CARTESIAN_POINT('Ctrl Pts',(34.5110978053192,15.2375365823304,-36.1694733713897));
#5996=CARTESIAN_POINT('Ctrl Pts',(34.5642373475789,15.4214312703014,-36.157145574142));
#5997=CARTESIAN_POINT('Ctrl Pts',(34.6173682095729,15.6053320650333,-36.1448382543465));
#5998=CARTESIAN_POINT('Ctrl Pts',(34.6704904698431,15.7892388730302,-36.1325511554927));
#5999=CARTESIAN_POINT('Origin',(0.,0.,0.));
#6000=CARTESIAN_POINT('',(-9.89620505377355,16.7567215700794,-1.43705446891992));
#6001=CARTESIAN_POINT('Ctrl Pts',(-9.56266763480518,15.5116268457005,-2.92495943668446));
#6002=CARTESIAN_POINT('Ctrl Pts',(-9.70985563762944,15.9622972350386,-2.44375278021381));
#6003=CARTESIAN_POINT('Ctrl Pts',(-9.82221801865774,16.3738338094201,-1.94656254989538));
#6004=CARTESIAN_POINT('Ctrl Pts',(-9.89620505323692,16.7567215700545,-1.43705446810063));
#6005=CARTESIAN_POINT('',(-9.94391312177893,16.3766596073939,-1.05763501573957));
#6006=CARTESIAN_POINT('Ctrl Pts',(-9.89620636712491,16.7567236599982,-1.43705432839558));
#6007=CARTESIAN_POINT('Ctrl Pts',(-9.90708778845921,16.6797349823248,-1.36208796691859));
#6008=CARTESIAN_POINT('Ctrl Pts',(-9.9172090087241,16.6031436918089,-1.28642376745854));
#6009=CARTESIAN_POINT('Ctrl Pts',(-9.92651358668481,16.5270670823552,-1.21010042278234));
#6010=CARTESIAN_POINT('Ctrl Pts',(-9.93267409992262,16.4766971503062,-1.15956712861072));
#6011=CARTESIAN_POINT('Ctrl Pts',(-9.93847713302176,16.4265523216383,-1.10874428349616));
#6012=CARTESIAN_POINT('Ctrl Pts',(-9.94391312177899,16.376659607394,-1.0576350157395));
#6013=CARTESIAN_POINT('Ctrl Pts',(-9.94391312177869,16.3766596073939,-1.05763501573917));
#6014=CARTESIAN_POINT('Ctrl Pts',(-9.94216712366893,16.0882755239844,-1.07405093735283));
#6015=CARTESIAN_POINT('Ctrl Pts',(-9.94034225013418,15.7999524568395,-1.09082227257203));
#6016=CARTESIAN_POINT('Ctrl Pts',(-9.93843192970203,15.5116268457,-1.10795793181836));
#6017=CARTESIAN_POINT('Origin',(0.,0.,0.));
#6018=CARTESIAN_POINT('',(-35.1410602177098,1.44198133848193,-35.5683270001763));
#6019=CARTESIAN_POINT('',(-38.222938136372,3.70547485937763,-32.2336315084584));
#6020=CARTESIAN_POINT('Ctrl Pts',(-35.1410602559351,1.44198136348263,-35.5683269790517));
#6021=CARTESIAN_POINT('Ctrl Pts',(-35.267569968402,1.50753447679628,-35.443336972314));
#6022=CARTESIAN_POINT('Ctrl Pts',(-35.3929678650066,1.57487609914916,-35.3181109287897));
#6023=CARTESIAN_POINT('Ctrl Pts',(-36.0683481035349,1.95125883660272,-34.6365053731859));
#6024=CARTESIAN_POINT('Ctrl Pts',(-36.597213173859,2.29603039469302,-34.0763690416021));
#6025=CARTESIAN_POINT('Ctrl Pts',(-37.3423038775182,2.87953385210793,-33.2518653913727));
#6026=CARTESIAN_POINT('Ctrl Pts',(-37.5807581636901,3.08304529463341,-32.9819830938823));
#6027=CARTESIAN_POINT('Ctrl Pts',(-37.9517171536307,3.4299979134447,-32.5532325799327));
#6028=CARTESIAN_POINT('Ctrl Pts',(-38.0887830176318,3.56536207773645,-32.3927138880822));
#6029=CARTESIAN_POINT('Ctrl Pts',(-38.222938136372,3.70547485937764,-32.2336315084584));
#6030=CARTESIAN_POINT('',(-38.3940104325932,3.88627446946321,-32.0296731625836));
#6031=CARTESIAN_POINT('Ctrl Pts',(-38.222938136372,3.70547485937764,-32.2336315084584));
#6032=CARTESIAN_POINT('Ctrl Pts',(-38.2516244646617,3.73543511202763,-32.1996149952619));
#6033=CARTESIAN_POINT('Ctrl Pts',(-38.2801953695279,3.76544955068926,-32.1656434663598));
#6034=CARTESIAN_POINT('Ctrl Pts',(-38.3087133530344,3.79558799397455,-32.1316431115433));
#6035=CARTESIAN_POINT('Ctrl Pts',(-38.3372412342062,3.82573689733391,-32.0976309563088));
#6036=CARTESIAN_POINT('Ctrl Pts',(-38.3656528960643,3.85594303821355,-32.0636653781084));
#6037=CARTESIAN_POINT('Ctrl Pts',(-38.3940104325932,3.88627446946321,-32.0296731625836));
#6038=CARTESIAN_POINT('',(-47.8241040759365,13.401087344566,-14.5895534316165));
#6039=CARTESIAN_POINT('Ctrl Pts',(-38.3940104325932,3.88627446946321,-32.0296731625836));
#6040=CARTESIAN_POINT('Ctrl Pts',(-39.0280578469138,4.56456894761159,-31.2696397112082));
#6041=CARTESIAN_POINT('Ctrl Pts',(-39.6514455183622,5.20954144004836,-30.4759988552244));
#6042=CARTESIAN_POINT('Ctrl Pts',(-40.2593733525918,5.82508366084291,-29.650423682256));
#6043=CARTESIAN_POINT('Ctrl Pts',(-40.8390477618768,6.41201857834221,-28.8632170867275));
#6044=CARTESIAN_POINT('Ctrl Pts',(-41.4046661845161,6.9721951284119,-28.046975281884));
#6045=CARTESIAN_POINT('Ctrl Pts',(-41.9520305763486,7.50900662120974,-27.2031274070624));
#6046=CARTESIAN_POINT('Ctrl Pts',(-42.3498686464261,7.8991745814877,-26.5897977587197));
#6047=CARTESIAN_POINT('Ctrl Pts',(-42.73806287779,8.27699975879271,-25.9618840820902));
#6048=CARTESIAN_POINT('Ctrl Pts',(-43.1149869970834,8.64379234078169,-25.3199285001129));
#6049=CARTESIAN_POINT('Ctrl Pts',(-43.3545243591249,8.87689105484316,-24.9119621780241));
#6050=CARTESIAN_POINT('Ctrl Pts',(-43.5895097815901,9.10553431956011,-24.498324642564));
#6051=CARTESIAN_POINT('Ctrl Pts',(-43.8196604778708,9.32979905785822,-24.0792080591257));
#6052=CARTESIAN_POINT('Ctrl Pts',(-44.1679883805787,9.66921869553516,-23.4448845360672));
#6053=CARTESIAN_POINT('Ctrl Pts',(-44.5051292466033,9.99850036204541,-22.798193306554));
#6054=CARTESIAN_POINT('Ctrl Pts',(-44.8299763984423,10.3177928816525,-22.1400571319359));
#6055=CARTESIAN_POINT('Ctrl Pts',(-45.1537072020152,10.6359881416757,-21.4841826646262));
#6056=CARTESIAN_POINT('Ctrl Pts',(-45.4652282198617,10.944262898035,-20.8169421083357));
#6057=CARTESIAN_POINT('Ctrl Pts',(-45.7634747764301,11.2427886815311,-20.1392823046349));
#6058=CARTESIAN_POINT('Ctrl Pts',(-46.0598400347783,11.539431405482,-19.4658970856847));
#6059=CARTESIAN_POINT('Ctrl Pts',(-46.3430973779538,11.8264478847675,-18.782223984826));
#6060=CARTESIAN_POINT('Ctrl Pts',(-46.6122384975851,12.1040286575284,-18.0892202687687));
#6061=CARTESIAN_POINT('Ctrl Pts',(-46.8774291787438,12.3775351150547,-17.4063884229382));
#6062=CARTESIAN_POINT('Ctrl Pts',(-47.1289146831598,12.6418809835608,-16.7144982024612));
#6063=CARTESIAN_POINT('Ctrl Pts',(-47.3657709374162,12.8972680488142,-16.0144877767889));
#6064=CARTESIAN_POINT('Ctrl Pts',(-47.5252720617723,13.0692479873714,-15.5430944825472));
#6065=CARTESIAN_POINT('Ctrl Pts',(-47.6781399552582,13.2371656909068,-15.0680192963459));
#6066=CARTESIAN_POINT('Ctrl Pts',(-47.8241040759365,13.401087344566,-14.5895534316166));
#6067=CARTESIAN_POINT('',(-47.8452161403295,13.4251093919916,-14.5201684730293));
#6068=CARTESIAN_POINT('Ctrl Pts',(-47.8241040759365,13.401087344566,-14.5895534316165));
#6069=CARTESIAN_POINT('Ctrl Pts',(-47.8276362046575,13.4050475142826,-14.5779752231158));
#6070=CARTESIAN_POINT('Ctrl Pts',(-47.8311614531215,13.4090293028634,-14.5664045100496));
#6071=CARTESIAN_POINT('Ctrl Pts',(-47.8346809195288,13.4130339076934,-14.5548377337166));
#6072=CARTESIAN_POINT('Ctrl Pts',(-47.8381991753133,13.4170371350232,-14.5432749361124));
#6073=CARTESIAN_POINT('Ctrl Pts',(-47.8417105475393,13.4210619050321,-14.5317197057206));
#6074=CARTESIAN_POINT('Ctrl Pts',(-47.8452161403295,13.4251093919916,-14.5201684730293));
#6075=CARTESIAN_POINT('',(-48.5835436401887,15.2874238690771,-11.8169068440659));
#6076=CARTESIAN_POINT('Ctrl Pts',(-47.8452161403295,13.4251093919916,-14.5201684730293));
#6077=CARTESIAN_POINT('Ctrl Pts',(-47.8697546005094,13.4534410047966,-14.4393121156642));
#6078=CARTESIAN_POINT('Ctrl Pts',(-47.8938534852496,13.4838643949011,-14.3591672465707));
#6079=CARTESIAN_POINT('Ctrl Pts',(-47.9449677975204,13.5539806284273,-14.1876452646213));
#6080=CARTESIAN_POINT('Ctrl Pts',(-47.9717753427371,13.5942795379626,-14.0967215007875));
#6081=CARTESIAN_POINT('Ctrl Pts',(-48.056415218913,13.7326429320065,-13.8066791121304));
#6082=CARTESIAN_POINT('Ctrl Pts',(-48.1116677445433,13.8403847547104,-13.6127113271022));
#6083=CARTESIAN_POINT('Ctrl Pts',(-48.3141113465956,14.295666732108,-12.8863445151948));
#6084=CARTESIAN_POINT('Ctrl Pts',(-48.4514522724834,14.7367147005373,-12.3599818477327));
#6085=CARTESIAN_POINT('Ctrl Pts',(-48.5835436401908,15.2874238690714,-11.8169068440805));
#6086=CARTESIAN_POINT('',(-48.5753016751459,15.8037693961424,-11.8507412075597));
#6087=CARTESIAN_POINT('Ctrl Pts',(-48.5835436401787,15.2874238690719,-11.816906844076));
#6088=CARTESIAN_POINT('Ctrl Pts',(-48.580979370927,15.4597181898457,-11.8274493212835));
#6089=CARTESIAN_POINT('Ctrl Pts',(-48.5782041201099,15.6319452592141,-11.8387770502993));
#6090=CARTESIAN_POINT('Ctrl Pts',(-48.575246882748,15.8037608034437,-11.8507879194944));
#6091=CARTESIAN_POINT('',(-34.6879777556622,1.60253948619964,-36.010334616921));
#6092=CARTESIAN_POINT('Ctrl Pts',(-48.575301675146,15.8037693961424,-11.8507412075598));
#6093=CARTESIAN_POINT('Ctrl Pts',(-47.8793177921996,14.9566037667615,-14.7035270783369));
#6094=CARTESIAN_POINT('Ctrl Pts',(-46.941979852872,13.971315098702,-17.4505828009805));
#6095=CARTESIAN_POINT('Ctrl Pts',(-44.1039507317663,11.1785670843598,-23.932764081785));
#6096=CARTESIAN_POINT('Ctrl Pts',(-41.9588303977274,9.22438472772219,-27.4684389806853));
#6097=CARTESIAN_POINT('Ctrl Pts',(-38.0050568631121,5.29368218233906,-32.5934967100982));
#6098=CARTESIAN_POINT('Ctrl Pts',(-36.3540841880033,3.56170007267627,-34.4054102673309));
#6099=CARTESIAN_POINT('Ctrl Pts',(-34.6879777556629,1.60253948619932,-36.0103346169212));
#6100=CARTESIAN_POINT('Ctrl Pts',(-34.6879358121666,1.60263256214958,-36.0102337195931));
#6101=CARTESIAN_POINT('Ctrl Pts',(-34.8393061533308,1.54683668369593,-35.8645040144107));
#6102=CARTESIAN_POINT('Ctrl Pts',(-34.990440533435,1.49319762844635,-35.7171346693293));
#6103=CARTESIAN_POINT('Ctrl Pts',(-35.1410602130138,1.44198134386772,-35.5683269935695));
#6104=CARTESIAN_POINT('Ctrl Pts',(-47.268773433275,12.9809376394728,-14.2053432051778));
#6105=CARTESIAN_POINT('Ctrl Pts',(-47.263131649143,12.9740707479198,-14.2252174133725));
#6106=CARTESIAN_POINT('Ctrl Pts',(-47.2572920243173,12.9672202693372,-14.2450523053826));
#6107=CARTESIAN_POINT('Ctrl Pts',(-47.2512547765552,12.960387023773,-14.2648452322076));
#6108=CARTESIAN_POINT('Ctrl Pts',(-47.4609210022932,13.1289948903124,-14.3102849611283));
#6109=CARTESIAN_POINT('Ctrl Pts',(-47.4548843911072,13.1217662816097,-14.3312674443495));
#6110=CARTESIAN_POINT('Ctrl Pts',(-47.4486713742913,13.1145500498613,-14.352214505626));
#6111=CARTESIAN_POINT('Ctrl Pts',(-47.4422817655231,13.1073465389705,-14.3731250707154));
#6112=CARTESIAN_POINT('Ctrl Pts',(-47.6530685713113,13.277052141152,-14.4152267170788));
#6113=CARTESIAN_POINT('Ctrl Pts',(-47.6466371330714,13.2694618152996,-14.4373174753266));
#6114=CARTESIAN_POINT('Ctrl Pts',(-47.6400507242653,13.2618798303853,-14.4593767058694));
#6115=CARTESIAN_POINT('Ctrl Pts',(-47.6333087544911,13.2543060541679,-14.4814049092231));
#6116=CARTESIAN_POINT('Ctrl Pts',(-47.8452161403295,13.4251093919916,-14.5201684730293));
#6117=CARTESIAN_POINT('Ctrl Pts',(-47.8383898750357,13.4171573489894,-14.5433675063036));
#6118=CARTESIAN_POINT('Ctrl Pts',(-47.8314300742393,13.4092096109094,-14.5665389061129));
#6119=CARTESIAN_POINT('Ctrl Pts',(-47.824335743459,13.4012655693654,-14.5896847477309));
#6120=CARTESIAN_POINT('',(-47.2512547765552,12.960387023773,-14.2648452322077));
#6121=CARTESIAN_POINT('',(-47.2512547765552,12.960387023773,-14.2648452322077));
#6122=CARTESIAN_POINT('',(-47.268773433275,12.9809376394728,-14.2053432051778));
#6123=CARTESIAN_POINT('Ctrl Pts',(-47.2512547765552,12.960387023773,-14.2648452322076));
#6124=CARTESIAN_POINT('Ctrl Pts',(-47.2572920243173,12.9672202693372,-14.2450523053826));
#6125=CARTESIAN_POINT('Ctrl Pts',(-47.263131649143,12.9740707479198,-14.2252174133725));
#6126=CARTESIAN_POINT('Ctrl Pts',(-47.268773433275,12.9809376394728,-14.2053432051778));
#6127=CARTESIAN_POINT('',(-48.813913809164,14.1715290031022,-15.0492245254795));
#6128=CARTESIAN_POINT('Ctrl Pts',(-38.3940104325932,3.88627446946321,-32.0296731625836));
#6129=CARTESIAN_POINT('Ctrl Pts',(-40.0781222562925,5.68727085167516,-30.0179377635101));
#6130=CARTESIAN_POINT('Ctrl Pts',(-43.8271734932171,9.33652821711091,-24.780383206551));
#6131=CARTESIAN_POINT('Ctrl Pts',(-46.665480489357,12.0936694221969,-18.4598490911862));
#6132=CARTESIAN_POINT('Ctrl Pts',(-47.8469654073314,13.4186748603234,-14.6025119213299));
#6133=CARTESIAN_POINT('Ctrl Pts',(-38.2583478315025,3.77544337618901,-31.817322940235));
#6134=CARTESIAN_POINT('Ctrl Pts',(-39.932415499986,5.56686421009799,-29.8171854732308));
#6135=CARTESIAN_POINT('Ctrl Pts',(-43.657329798813,9.19805965028753,-24.6105910091414));
#6136=CARTESIAN_POINT('Ctrl Pts',(-46.4752405758158,11.946250217818,-18.3253575651729));
#6137=CARTESIAN_POINT('Ctrl Pts',(-47.6483951970726,13.2659122481399,-14.4899563582891));
#6138=CARTESIAN_POINT('Ctrl Pts',(-38.1226852304118,3.66461228291482,-31.6049727178864));
#6139=CARTESIAN_POINT('Ctrl Pts',(-39.7867087436795,5.44645756852082,-29.6164331829515));
#6140=CARTESIAN_POINT('Ctrl Pts',(-43.487486104409,9.05959108346415,-24.4407988117318));
#6141=CARTESIAN_POINT('Ctrl Pts',(-46.2850006622747,11.798831013439,-18.1908660391595));
#6142=CARTESIAN_POINT('Ctrl Pts',(-47.4498249868139,13.1131496359564,-14.3774007952484));
#6143=CARTESIAN_POINT('Ctrl Pts',(-37.9870226293211,3.55378118964062,-31.3926224955378));
#6144=CARTESIAN_POINT('Ctrl Pts',(-39.641001987373,5.32605092694366,-29.4156808926722));
#6145=CARTESIAN_POINT('Ctrl Pts',(-43.317642410005,8.92112251664077,-24.2710066143222));
#6146=CARTESIAN_POINT('Ctrl Pts',(-46.0947607487336,11.6514118090601,-18.0563745131462));
#6147=CARTESIAN_POINT('Ctrl Pts',(-47.2512547765552,12.960387023773,-14.2648452322077));
#6148=CARTESIAN_POINT('',(-37.987022629321,3.55378118964062,-31.3926224955378));
#6149=CARTESIAN_POINT('',(-39.0365017943361,4.41116503966238,-33.0353533015923));
#6150=CARTESIAN_POINT('Ctrl Pts',(-37.9870226293211,3.55378118964062,-31.3926224955378));
#6151=CARTESIAN_POINT('Ctrl Pts',(-39.641001987373,5.32605092694366,-29.4156808926722));
#6152=CARTESIAN_POINT('Ctrl Pts',(-43.317642410005,8.92112251664077,-24.2710066143222));
#6153=CARTESIAN_POINT('Ctrl Pts',(-46.0947607487336,11.6514118090601,-18.0563745131462));
#6154=CARTESIAN_POINT('Ctrl Pts',(-47.2512547765552,12.960387023773,-14.2648452322077));
#6155=CARTESIAN_POINT('Ctrl Pts',(-37.9870226293211,3.55378118964062,-31.3926224955378));
#6156=CARTESIAN_POINT('Ctrl Pts',(-37.9344425948786,3.49744070184967,-31.4554695057278));
#6157=CARTESIAN_POINT('Ctrl Pts',(-37.8805833724811,3.44127814095721,-31.5172213166143));
#6158=CARTESIAN_POINT('Ctrl Pts',(-37.8254694814008,3.38531561089623,-31.5778514318141));
#6159=CARTESIAN_POINT('Ctrl Pts',(-38.1232811411855,3.66509911894789,-31.6059054862713));
#6160=CARTESIAN_POINT('Ctrl Pts',(-38.0692877853819,3.60728792347241,-31.670426788551));
#6161=CARTESIAN_POINT('Ctrl Pts',(-38.0141759386901,3.54959753695297,-31.7339445546177));
#6162=CARTESIAN_POINT('Ctrl Pts',(-37.9579590330578,3.49203536039003,-31.7964447906955));
#6163=CARTESIAN_POINT('Ctrl Pts',(-38.25953965305,3.77641704825515,-31.8191884770048));
#6164=CARTESIAN_POINT('Ctrl Pts',(-38.2041329758853,3.71713514509516,-31.8853840713742));
#6165=CARTESIAN_POINT('Ctrl Pts',(-38.1477685048991,3.65791693294872,-31.9506677926212));
#6166=CARTESIAN_POINT('Ctrl Pts',(-38.0904485847149,3.59875510988383,-32.0150381495769));
#6167=CARTESIAN_POINT('Ctrl Pts',(-38.3957981649145,3.88773497756242,-32.0324714677383));
#6168=CARTESIAN_POINT('Ctrl Pts',(-38.3389781663887,3.8269823667179,-32.1003413541975));
#6169=CARTESIAN_POINT('Ctrl Pts',(-38.281361071108,3.76623632894448,-32.1673910306246));
#6170=CARTESIAN_POINT('Ctrl Pts',(-38.222938136372,3.70547485937764,-32.2336315084584));
#6171=CARTESIAN_POINT('',(-37.8254694814008,3.38531561089622,-31.5778514318141));
#6172=CARTESIAN_POINT('',(-37.8254694814008,3.38531561089622,-31.5778514318141));
#6173=CARTESIAN_POINT('Ctrl Pts',(-37.8254694814008,3.38531561089623,-31.5778514318141));
#6174=CARTESIAN_POINT('Ctrl Pts',(-37.8805833724811,3.44127814095721,-31.5172213166143));
#6175=CARTESIAN_POINT('Ctrl Pts',(-37.9344425948786,3.49744070184967,-31.4554695057278));
#6176=CARTESIAN_POINT('Ctrl Pts',(-37.9870226293211,3.55378118964062,-31.3926224955378));
#6177=CARTESIAN_POINT('Ctrl Pts',(-9.94391312178823,16.3766596073768,-1.05763501572761));
#6178=CARTESIAN_POINT('Ctrl Pts',(-9.87473069793691,16.5022128098471,-1.14265244546882));
#6179=CARTESIAN_POINT('Ctrl Pts',(-9.80554827408559,16.6277660123175,-1.22766987521003));
#6180=CARTESIAN_POINT('Ctrl Pts',(-9.73636585023428,16.7533192147879,-1.31268730495125));
#6181=CARTESIAN_POINT('Ctrl Pts',(-13.8906594994967,16.4197634987851,-4.2056206693248));
#6182=CARTESIAN_POINT('Ctrl Pts',(-13.8427285700717,16.5594500563758,-4.28626801319657));
#6183=CARTESIAN_POINT('Ctrl Pts',(-13.7941329869783,16.6998404400177,-4.36770903117008));
#6184=CARTESIAN_POINT('Ctrl Pts',(-13.7462020575533,16.8395269976084,-4.44835637504185));
#6185=CARTESIAN_POINT('Ctrl Pts',(-24.4571035637846,16.4635518620353,-9.82108701065906));
#6186=CARTESIAN_POINT('Ctrl Pts',(-24.4438403323612,16.6182115633473,-9.88698495344207));
#6187=CARTESIAN_POINT('Ctrl Pts',(-24.430641841883,16.7724440228009,-9.95255877771789));
#6188=CARTESIAN_POINT('Ctrl Pts',(-24.4173786104596,16.9271037241129,-10.0184567205009));
#6189=CARTESIAN_POINT('Ctrl Pts',(-36.5320527253034,16.4744540615193,-10.474756834692));
#6190=CARTESIAN_POINT('Ctrl Pts',(-36.5342118677601,16.6324786221241,-10.5281383191194));
#6191=CARTESIAN_POINT('Ctrl Pts',(-36.5368129560687,16.7908835624771,-10.5815756870098));
#6192=CARTESIAN_POINT('Ctrl Pts',(-36.5389720985255,16.9489081230819,-10.6349571714372));
#6193=CARTESIAN_POINT('Ctrl Pts',(-43.1045649057923,16.478943935907,-9.17389329701672));
#6194=CARTESIAN_POINT('Ctrl Pts',(-43.1137517882875,16.6385919145573,-9.22086032676339));
#6195=CARTESIAN_POINT('Ctrl Pts',(-43.1229386707826,16.7982398932075,-9.26782735651007));
#6196=CARTESIAN_POINT('Ctrl Pts',(-43.1321255532777,16.9578878718577,-9.31479438625674));
#6197=CARTESIAN_POINT('',(-43.1321255532777,16.9578878718577,-9.31479438625673));
#6198=CARTESIAN_POINT('Ctrl Pts',(-9.89620636785716,16.7567236600137,-1.43705432896245));
#6199=CARTESIAN_POINT('Ctrl Pts',(-13.8675592151197,16.8405204478337,-4.51151742377015));
#6200=CARTESIAN_POINT('Ctrl Pts',(-24.4862779536582,16.9272276606868,-10.0219609195316));
#6201=CARTESIAN_POINT('Ctrl Pts',(-36.5389720985255,16.9489081230819,-10.6349571714372));
#6202=CARTESIAN_POINT('Ctrl Pts',(-43.1321255532777,16.9578878718577,-9.31479438625674));
#6203=CARTESIAN_POINT('',(-43.101478618159,16.4789418273924,-9.17450402486329));
#6204=CARTESIAN_POINT('Ctrl Pts',(-43.101478618159,16.4789418273924,-9.1745040248633));
#6205=CARTESIAN_POINT('Ctrl Pts',(-43.1116697286391,16.6385905756741,-9.22127499563134));
#6206=CARTESIAN_POINT('Ctrl Pts',(-43.1218854544443,16.7982392365968,-9.26803848221848));
#6207=CARTESIAN_POINT('Ctrl Pts',(-43.1321255532617,16.9578878718661,-9.31479438623708));
#6208=CARTESIAN_POINT('',(-43.0930047142066,16.4789360362757,-9.17617958990424));
#6209=CARTESIAN_POINT('Ctrl Pts',(-43.0930047142066,16.4789360362757,-9.17617958990421));
#6210=CARTESIAN_POINT('Ctrl Pts',(-43.0958294973928,16.4789379672136,-9.17562135343362));
#6211=CARTESIAN_POINT('Ctrl Pts',(-43.0986541283823,16.4789398975978,-9.17506283246259));
#6212=CARTESIAN_POINT('Ctrl Pts',(-43.101478618159,16.4789418273924,-9.1745040248633));
#6213=CARTESIAN_POINT('Ctrl Pts',(-9.94391312178823,16.3766596073768,-1.05763501572761));
#6214=CARTESIAN_POINT('Ctrl Pts',(-13.8906594994967,16.4197634987851,-4.2056206693248));
#6215=CARTESIAN_POINT('Ctrl Pts',(-24.4535636679523,16.4635371923656,-9.81920575658935));
#6216=CARTESIAN_POINT('Ctrl Pts',(-36.5239623653911,16.4744467530719,-10.47431830207));
#6217=CARTESIAN_POINT('Ctrl Pts',(-43.0930047148848,16.4789360372387,-9.17617955282769));
#6218=CARTESIAN_POINT('Ctrl Pts',(-31.6042972416848,-0.00730408805037157,
-35.8206666242541));
#6219=CARTESIAN_POINT('Ctrl Pts',(-32.8388634679068,0.354743016900889,-35.9542002189558));
#6220=CARTESIAN_POINT('Ctrl Pts',(-35.6952719970276,1.53333541506507,-35.753971116657));
#6221=CARTESIAN_POINT('Ctrl Pts',(-37.9304019549944,3.22449758950824,-34.3414325129531));
#6222=CARTESIAN_POINT('Ctrl Pts',(-38.845919669383,4.20728373646021,-33.2614833210638));
#6223=CARTESIAN_POINT('Ctrl Pts',(-31.6804026334372,-0.00486939203358064,
-35.0931935775954));
#6224=CARTESIAN_POINT('Ctrl Pts',(-32.8406348198956,0.334176583944439,-35.2159400051647));
#6225=CARTESIAN_POINT('Ctrl Pts',(-35.5204846686683,1.43312037391336,-35.0258241018933));
#6226=CARTESIAN_POINT('Ctrl Pts',(-37.6310101255271,3.00961782900452,-33.7111177877811));
#6227=CARTESIAN_POINT('Ctrl Pts',(-38.5057696067223,3.93329436127223,-32.7002726913139));
#6228=CARTESIAN_POINT('Ctrl Pts',(-31.7565080251895,-0.00243469601678971,
-34.3657205309368));
#6229=CARTESIAN_POINT('Ctrl Pts',(-32.8424061718843,0.313610150987989,-34.4776797913736));
#6230=CARTESIAN_POINT('Ctrl Pts',(-35.345697340309,1.33290533276164,-34.2976770871296));
#6231=CARTESIAN_POINT('Ctrl Pts',(-37.3316182960598,2.79473806850079,-33.0808030626091));
#6232=CARTESIAN_POINT('Ctrl Pts',(-38.1656195440615,3.65930498608424,-32.1390620615639));
#6233=CARTESIAN_POINT('Ctrl Pts',(-31.8326134169418,1.21430643318376E-15,
-33.6382474842781));
#6234=CARTESIAN_POINT('Ctrl Pts',(-32.844177523873,0.293043718031539,-33.7394195775826));
#6235=CARTESIAN_POINT('Ctrl Pts',(-35.1709100119497,1.23269029160993,-33.5695300723659));
#6236=CARTESIAN_POINT('Ctrl Pts',(-37.0322264665926,2.57985830799707,-32.4504883374371));
#6237=CARTESIAN_POINT('Ctrl Pts',(-37.8254694814008,3.38531561089625,-31.577851431814));
#6238=CARTESIAN_POINT('Ctrl Pts',(-35.1411895929638,1.44192616241979,-35.5687043805657));
#6239=CARTESIAN_POINT('Ctrl Pts',(-34.0470593826872,0.854203469235768,-35.867970128337));
#6240=CARTESIAN_POINT('Ctrl Pts',(-32.8434630228892,0.358038904807554,-35.951788883191));
#6241=CARTESIAN_POINT('Ctrl Pts',(-31.6291378842638,3.57370632727508E-7,
-35.823323996462));
#6242=CARTESIAN_POINT('Ctrl Pts',(-31.8326134169418,1.21430643318376E-15,
-33.6382474842781));
#6243=CARTESIAN_POINT('Ctrl Pts',(-32.844177523873,0.293043718031539,-33.7394195775826));
#6244=CARTESIAN_POINT('Ctrl Pts',(-35.1709100119497,1.23269029160993,-33.5695300723659));
#6245=CARTESIAN_POINT('Ctrl Pts',(-37.0322264665926,2.57985830799707,-32.4504883374371));
#6246=CARTESIAN_POINT('Ctrl Pts',(-37.8254694814008,3.38531561089625,-31.577851431814));
#6247=CARTESIAN_POINT('Ctrl Pts',(-5.04938457672336,-1.2490009027033E-15,
-7.450081569778));
#6248=CARTESIAN_POINT('Ctrl Pts',(-5.05904898371309,-0.000656877581925476,
-7.47352480484166));
#6249=CARTESIAN_POINT('Ctrl Pts',(-5.06873006522593,-0.0013133961391676,
-7.4969605807935));
#6250=CARTESIAN_POINT('Ctrl Pts',(-5.09494115689572,-0.00308684609812218,
-7.56028262160142));
#6251=CARTESIAN_POINT('Ctrl Pts',(-5.11150325612831,-0.00420321132556827,
-7.6001545104333));
#6252=CARTESIAN_POINT('Ctrl Pts',(-5.12811407129416,-0.00531861461221946,
-7.64000443093993));
#6253=CARTESIAN_POINT('Ctrl Pts',(-5.06500744260843,0.00954700030624626,
-7.44445894057193));
#6254=CARTESIAN_POINT('Ctrl Pts',(-5.07467434888771,0.00887956516681494,
-7.4678916479153));
#6255=CARTESIAN_POINT('Ctrl Pts',(-5.08435790297391,0.00821249880078131,
-7.4913168961389));
#6256=CARTESIAN_POINT('Ctrl Pts',(-5.11057560550457,0.00641056677651688,
-7.55461048278009));
#6257=CARTESIAN_POINT('Ctrl Pts',(-5.12714179711687,0.00527628455482823,
-7.59446444349977));
#6258=CARTESIAN_POINT('Ctrl Pts',(-5.14375663246941,0.00414299171415331,
-7.63429643464592));
#6259=CARTESIAN_POINT('Ctrl Pts',(-5.08063030849351,0.0190940006124938,
-7.43883631136586));
#6260=CARTESIAN_POINT('Ctrl Pts',(-5.09029971406226,0.0184160079157112,
-7.46225849098904));
#6261=CARTESIAN_POINT('Ctrl Pts',(-5.0999857407219,0.0177383937406919,-7.48567321148426));
#6262=CARTESIAN_POINT('Ctrl Pts',(-5.12621005411334,0.0159079796513202,
-7.54893834395887));
#6263=CARTESIAN_POINT('Ctrl Pts',(-5.14278033810523,0.0147557804357034,
-7.58877437656656));
#6264=CARTESIAN_POINT('Ctrl Pts',(-5.15939919364466,0.0136045980405261,
-7.6285884383519));
#6265=CARTESIAN_POINT('Ctrl Pts',(-5.09625317437858,0.0286410009187413,
-7.43321368215979));
#6266=CARTESIAN_POINT('Ctrl Pts',(-5.10592507923688,0.0279524506644516,
-7.45662533406268));
#6267=CARTESIAN_POINT('Ctrl Pts',(-5.11561357846987,0.0272642886806408,
-7.48002952682965));
#6268=CARTESIAN_POINT('Ctrl Pts',(-5.14184450272219,0.0254053925259592,
-7.54326620513754));
#6269=CARTESIAN_POINT('Ctrl Pts',(-5.1584188790938,0.0242352763160999,-7.58308430963304));
#6270=CARTESIAN_POINT('Ctrl Pts',(-5.17504175481992,0.0230662043668989,
-7.62288044205789));
#6271=CARTESIAN_POINT('Ctrl Pts',(-9.84698204929883,14.2180733111751,-1.11356372493818));
#6272=CARTESIAN_POINT('Ctrl Pts',(-13.624356978275,14.2821003952524,-4.50414248934268));
#6273=CARTESIAN_POINT('Ctrl Pts',(-24.1621660866072,14.4646892664432,-10.5950165918127));
#6274=CARTESIAN_POINT('Ctrl Pts',(-36.5295572849585,14.5575042755935,-11.4314468286019));
#6275=CARTESIAN_POINT('Ctrl Pts',(-43.2780196435626,14.5966063307257,-10.1604662384187));
#6276=CARTESIAN_POINT('Ctrl Pts',(-9.87929240679212,14.9376020765814,-1.09492082187183));
#6277=CARTESIAN_POINT('Ctrl Pts',(-13.7126837482684,14.9946499496487,-4.40428367733022));
#6278=CARTESIAN_POINT('Ctrl Pts',(-24.2587715233649,15.1310004928633,-10.3356258660825));
#6279=CARTESIAN_POINT('Ctrl Pts',(-36.5271415525483,15.1964843519136,-11.1125268241818));
#6280=CARTESIAN_POINT('Ctrl Pts',(-43.2163480004439,15.224049565909,-9.83237068891389));
#6281=CARTESIAN_POINT('Ctrl Pts',(-9.91160276428541,15.6571308419877,-1.07627791880549));
#6282=CARTESIAN_POINT('Ctrl Pts',(-13.8010105182619,15.7071995040451,-4.30442486531777));
#6283=CARTESIAN_POINT('Ctrl Pts',(-24.3553769601225,15.7973117192833,-10.0762351403523));
#6284=CARTESIAN_POINT('Ctrl Pts',(-36.5247258201381,15.8354644282337,-10.7936068197618));
#6285=CARTESIAN_POINT('Ctrl Pts',(-43.1546763573253,15.8514928010924,-9.50427513940906));
#6286=CARTESIAN_POINT('Ctrl Pts',(-9.9439131217787,16.376659607394,-1.05763501573915));
#6287=CARTESIAN_POINT('Ctrl Pts',(-13.8893372882553,16.4197490584415,-4.20456605330531));
#6288=CARTESIAN_POINT('Ctrl Pts',(-24.4519823968801,16.4636229457034,-9.81684441462205));
#6289=CARTESIAN_POINT('Ctrl Pts',(-36.5223100877279,16.4744445045539,-10.4746868153417));
#6290=CARTESIAN_POINT('Ctrl Pts',(-43.0930047142066,16.4789360362757,-9.17617958990422));
#6291=CARTESIAN_POINT('',(-43.2780196435625,14.5966063307257,-10.1604662384187));
#6292=CARTESIAN_POINT('',(-43.0930047142066,16.4789360362757,-9.17617958990424));
#6293=CARTESIAN_POINT('Ctrl Pts',(-43.2780196435626,14.5966063307257,-10.1604662384187));
#6294=CARTESIAN_POINT('Ctrl Pts',(-36.5295572849585,14.5575042755935,-11.4314468286019));
#6295=CARTESIAN_POINT('Ctrl Pts',(-24.2006031340256,14.4649777294546,-10.5976161625838));
#6296=CARTESIAN_POINT('Ctrl Pts',(-13.6898763012558,14.283234476774,-4.5419518163747));
#6297=CARTESIAN_POINT('Ctrl Pts',(-9.92927730827397,14.2194684878448,-1.18720445108502));
#6298=CARTESIAN_POINT('Ctrl Pts',(-48.813913809164,14.1715290031022,-15.0492245254795));
#6299=CARTESIAN_POINT('Ctrl Pts',(-48.982246463848,14.3581684892474,-14.4996258661736));
#6300=CARTESIAN_POINT('Ctrl Pts',(-49.1781056682075,14.9486268875508,-12.7637285132563));
#6301=CARTESIAN_POINT('Ctrl Pts',(-47.798091273523,15.9155152309199,-10.0288423823454));
#6302=CARTESIAN_POINT('Ctrl Pts',(-45.4661852084936,16.3491826053854,-9.10925267471982));
#6303=CARTESIAN_POINT('Ctrl Pts',(-43.8820701547602,16.4645086328491,-9.06519986483596));
#6304=CARTESIAN_POINT('Ctrl Pts',(-43.4883823865625,16.4792061741903,-9.09795753927729));
#6305=CARTESIAN_POINT('Ctrl Pts',(-43.101478618159,16.4789418273924,-9.1745040248633));
#6306=CARTESIAN_POINT('Ctrl Pts',(-48.298867017201,13.7746652152257,-14.7679307520456));
#6307=CARTESIAN_POINT('Ctrl Pts',(-48.4475981474232,13.9429730479568,-14.2744215153672));
#6308=CARTESIAN_POINT('Ctrl Pts',(-48.6148876400439,14.4741405722062,-12.7221413469226));
#6309=CARTESIAN_POINT('Ctrl Pts',(-47.3777517822438,15.3451359820348,-10.2768311945799));
#6310=CARTESIAN_POINT('Ctrl Pts',(-45.2866768220185,15.7365509002179,-9.44902516642758));
#6311=CARTESIAN_POINT('Ctrl Pts',(-43.8631199466634,15.8392605548883,-9.40637434486955));
#6312=CARTESIAN_POINT('Ctrl Pts',(-43.509884388152,15.8521638157811,-9.43510529910133));
#6313=CARTESIAN_POINT('Ctrl Pts',(-43.1622858990989,15.8515074519309,-9.50279054122749));
#6314=CARTESIAN_POINT('Ctrl Pts',(-47.783820225238,13.3778014273492,-14.4866369786117));
#6315=CARTESIAN_POINT('Ctrl Pts',(-47.9111367013256,13.5272382195181,-14.0511020961414));
#6316=CARTESIAN_POINT('Ctrl Pts',(-48.052254174038,13.9998658287245,-12.6794991237309));
#6317=CARTESIAN_POINT('Ctrl Pts',(-46.9570921056091,14.7744641528727,-10.5258233804772));
#6318=CARTESIAN_POINT('Ctrl Pts',(-45.1051926104606,15.1237256135251,-9.78813727219588));
#6319=CARTESIAN_POINT('Ctrl Pts',(-43.8447238670692,15.2140531536173,-9.7478134522386));
#6320=CARTESIAN_POINT('Ctrl Pts',(-43.5309541741225,15.2250814882895,-9.77208512887362));
#6321=CARTESIAN_POINT('Ctrl Pts',(-43.2230931800389,15.2240730764694,-9.83107705759168));
#6322=CARTESIAN_POINT('Ctrl Pts',(-47.268773433275,12.9809376394728,-14.2053432051778));
#6323=CARTESIAN_POINT('Ctrl Pts',(-47.3764883849009,13.1120427782274,-13.825897745335));
#6324=CARTESIAN_POINT('Ctrl Pts',(-47.4890361458744,13.52537951338,-12.6379119573973));
#6325=CARTESIAN_POINT('Ctrl Pts',(-46.53675261433,14.2040849039876,-10.7738121927116));
#6326=CARTESIAN_POINT('Ctrl Pts',(-44.9256842239856,14.5110939083576,-10.1279097639036));
#6327=CARTESIAN_POINT('Ctrl Pts',(-43.8257736589723,14.5888050756565,-10.0889879322722));
#6328=CARTESIAN_POINT('Ctrl Pts',(-43.552456175712,14.5980391298802,-10.1092328886977));
#6329=CARTESIAN_POINT('Ctrl Pts',(-43.2839004609789,14.5966387010079,-10.1593635739559));
#6330=CARTESIAN_POINT('',(-43.2839004609789,14.5966387010079,-10.1593635739559));
#6331=CARTESIAN_POINT('Ctrl Pts',(-47.268773433275,12.9809376394728,-14.2053432051778));
#6332=CARTESIAN_POINT('Ctrl Pts',(-47.3764883849009,13.1120427782274,-13.825897745335));
#6333=CARTESIAN_POINT('Ctrl Pts',(-47.4890361458744,13.52537951338,-12.6379119573973));
#6334=CARTESIAN_POINT('Ctrl Pts',(-46.53675261433,14.2040849039876,-10.7738121927116));
#6335=CARTESIAN_POINT('Ctrl Pts',(-44.9256842239856,14.5110939083576,-10.1279097639036));
#6336=CARTESIAN_POINT('Ctrl Pts',(-43.8257736589723,14.5888050756565,-10.0889879322722));
#6337=CARTESIAN_POINT('Ctrl Pts',(-43.552456175712,14.5980391298802,-10.1092328886977));
#6338=CARTESIAN_POINT('Ctrl Pts',(-43.2839004609789,14.5966387010079,-10.1593635739559));
#6339=CARTESIAN_POINT('',(-43.2839004609789,14.5966387010079,-10.1593635739559));
#6340=CARTESIAN_POINT('Ctrl Pts',(-43.101478618159,16.4789418273924,-9.1745040248633));
#6341=CARTESIAN_POINT('Ctrl Pts',(-43.4883823865625,16.4792061741903,-9.09795753927729));
#6342=CARTESIAN_POINT('Ctrl Pts',(-43.8820701547602,16.4645086328491,-9.06519986483596));
#6343=CARTESIAN_POINT('Ctrl Pts',(-45.4661852084936,16.3491826053854,-9.10925267471982));
#6344=CARTESIAN_POINT('Ctrl Pts',(-47.2540521010506,16.0166908498999,-9.81429993955435));
#6345=CARTESIAN_POINT('Ctrl Pts',(-48.3201315344385,15.4844306107673,-11.2648972935459));
#6346=CARTESIAN_POINT('Ctrl Pts',(-48.5811607079477,15.2873072819089,-11.817989904732));
#6347=CARTESIAN_POINT('Ctrl Pts',(-43.2780196435625,14.5966063307257,-10.1604662384187));
#6348=CARTESIAN_POINT('Ctrl Pts',(-43.2799796670265,14.5966176875269,-10.1600970948055));
#6349=CARTESIAN_POINT('Ctrl Pts',(-43.2819399402172,14.5966284775432,-10.1597295399132));
#6350=CARTESIAN_POINT('Ctrl Pts',(-43.2839004609789,14.5966387010079,-10.1593635739559));
#6351=CARTESIAN_POINT('Ctrl Pts',(-43.2163480004439,15.224049565909,-9.83237068891389));
#6352=CARTESIAN_POINT('Ctrl Pts',(-43.2185962771486,15.2240577807558,-9.83193851434818));
#6353=CARTESIAN_POINT('Ctrl Pts',(-43.2208446696056,15.2240656175614,-9.83150730409634));
#6354=CARTESIAN_POINT('Ctrl Pts',(-43.2230931800389,15.2240730764694,-9.83107705759167));
#6355=CARTESIAN_POINT('Ctrl Pts',(-43.1546763573252,15.8514928010924,-9.50427513940905));
#6356=CARTESIAN_POINT('Ctrl Pts',(-43.1572128872707,15.8514978739847,-9.5037799338909));
#6357=CARTESIAN_POINT('Ctrl Pts',(-43.1597493989939,15.8515027575796,-9.50328506827946));
#6358=CARTESIAN_POINT('Ctrl Pts',(-43.1622858990989,15.8515074519309,-9.50279054122749));
#6359=CARTESIAN_POINT('Ctrl Pts',(-43.0930047142066,16.4789360362757,-9.17617958990421));
#6360=CARTESIAN_POINT('Ctrl Pts',(-43.0958294973928,16.4789379672136,-9.17562135343362));
#6361=CARTESIAN_POINT('Ctrl Pts',(-43.0986541283823,16.4789398975978,-9.17506283246259));
#6362=CARTESIAN_POINT('Ctrl Pts',(-43.101478618159,16.4789418273924,-9.1745040248633));
#6363=CARTESIAN_POINT('Ctrl Pts',(-43.2839004609789,14.5966387010079,-10.1593635739559));
#6364=CARTESIAN_POINT('Ctrl Pts',(-43.2819399402172,14.5966284775432,-10.1597295399132));
#6365=CARTESIAN_POINT('Ctrl Pts',(-43.2799796670265,14.5966176875269,-10.1600970948055));
#6366=CARTESIAN_POINT('Ctrl Pts',(-43.2780196435625,14.5966063307257,-10.1604662384187));
#6367=CARTESIAN_POINT('Ctrl Pts',(-5.51510211880934,0.0211944211323178,
-7.81455711205747));
#6368=CARTESIAN_POINT('Ctrl Pts',(-6.67679101877717,-0.0167950377518273,
-10.5027624135932));
#6369=CARTESIAN_POINT('Ctrl Pts',(-9.47912173993106,-0.0705873215853639,
-15.6743523026938));
#6370=CARTESIAN_POINT('Ctrl Pts',(-15.624715498928,-0.0931251687527358,
-23.3259886141873));
#6371=CARTESIAN_POINT('Ctrl Pts',(-24.0312780083942,-0.0586038918286551,
-30.1619956972229));
#6372=CARTESIAN_POINT('Ctrl Pts',(-31.1459497730112,-0.00618444179617921,
-33.5223825490575));
#6373=CARTESIAN_POINT('Ctrl Pts',(-34.8448932251349,0.0237163081100479,
-34.7509952411059));
#6374=CARTESIAN_POINT('Ctrl Pts',(-6.14176320813083,2.46412930577974,-7.39034683427316));
#6375=CARTESIAN_POINT('Ctrl Pts',(-7.49215979577688,2.47914424621393,-10.0112458524217));
#6376=CARTESIAN_POINT('Ctrl Pts',(-10.670403546992,2.52548422621898,-15.0075199832116));
#6377=CARTESIAN_POINT('Ctrl Pts',(-17.3989994438093,2.66841707837611,-22.2443263892552));
#6378=CARTESIAN_POINT('Ctrl Pts',(-26.3417315345026,2.88690676797544,-28.4699353938901));
#6379=CARTESIAN_POINT('Ctrl Pts',(-33.7005137723425,3.07334364436287,-31.2719096941446));
#6380=CARTESIAN_POINT('Ctrl Pts',(-37.4705730733077,3.17097034998271,-32.2007506623015));
#6381=CARTESIAN_POINT('Ctrl Pts',(-7.35121876138931,6.40863737954144,-6.42546657768847));
#6382=CARTESIAN_POINT('Ctrl Pts',(-8.98169413239489,6.44907322983924,-8.880725350425));
#6383=CARTESIAN_POINT('Ctrl Pts',(-12.739450884845,6.53922203604586,-13.4966771800486));
#6384=CARTESIAN_POINT('Ctrl Pts',(-20.4068883725386,6.74159119536951,-19.8935339441186));
#6385=CARTESIAN_POINT('Ctrl Pts',(-30.2202742670704,7.02288891679551,-24.919385374377));
#6386=CARTESIAN_POINT('Ctrl Pts',(-37.937396003828,7.26549632516601,-26.6501258398706));
#6387=CARTESIAN_POINT('Ctrl Pts',(-41.7882129010681,7.39587417091268,-27.008262345533));
#6388=CARTESIAN_POINT('Ctrl Pts',(-9.03640457697017,11.3331163013354,-3.97306376574652));
#6389=CARTESIAN_POINT('Ctrl Pts',(-10.9850345847999,11.3369022331531,-6.17114839560756));
#6390=CARTESIAN_POINT('Ctrl Pts',(-15.3765036520224,11.3659373645149,-10.1707387336357));
#6391=CARTESIAN_POINT('Ctrl Pts',(-23.993296654819,11.466420340037,-15.1825344169533));
#6392=CARTESIAN_POINT('Ctrl Pts',(-34.5788703715815,11.62040983947,-18.2585411606799));
#6393=CARTESIAN_POINT('Ctrl Pts',(-42.5150468693901,11.7614955125805,-18.3125450326217));
#6394=CARTESIAN_POINT('Ctrl Pts',(-46.3707177901159,11.8404542852754,-17.807933692898));
#6395=CARTESIAN_POINT('Ctrl Pts',(-9.70533116780048,13.6805442847472,-1.73546169471504));
#6396=CARTESIAN_POINT('Ctrl Pts',(-11.8080502887285,13.6517612892529,-3.80197509595123));
#6397=CARTESIAN_POINT('Ctrl Pts',(-16.4880383092921,13.6279131446778,-7.4777618403609));
#6398=CARTESIAN_POINT('Ctrl Pts',(-25.4776790308968,13.6461722701823,-11.7437153121227));
#6399=CARTESIAN_POINT('Ctrl Pts',(-36.2963468398301,13.7041388798916,-13.7628846263359));
#6400=CARTESIAN_POINT('Ctrl Pts',(-44.230804651584,13.7616936137142,-12.8983065268114));
#6401=CARTESIAN_POINT('Ctrl Pts',(-48.0419089761376,13.793199958868,-11.9106482064944));
#6402=CARTESIAN_POINT('Ctrl Pts',(-9.76202141330215,14.7164202578412,-0.361135953725607));
#6403=CARTESIAN_POINT('Ctrl Pts',(-11.9342011160126,14.6698897783645,-2.37086605348785));
#6404=CARTESIAN_POINT('Ctrl Pts',(-16.750264903096,14.6145207393474,-5.90166622901802));
#6405=CARTESIAN_POINT('Ctrl Pts',(-25.9299968487788,14.5835454381132,-9.82666865224725));
#6406=CARTESIAN_POINT('Ctrl Pts',(-36.8779431468069,14.5857959923294,-11.3564801857908));
#6407=CARTESIAN_POINT('Ctrl Pts',(-44.8124082234572,14.599680162471,-10.0587668882133));
#6408=CARTESIAN_POINT('Ctrl Pts',(-48.5936119012812,14.6082583121783,-8.84131726523004));
#6409=CARTESIAN_POINT('Ctrl Pts',(-35.1410602375229,1.44198135521005,-35.568326985395));
#6410=CARTESIAN_POINT('Ctrl Pts',(-35.0936900944044,1.57729819107889,-35.7123044617146));
#6411=CARTESIAN_POINT('Ctrl Pts',(-35.0463487950871,1.71264075191784,-35.8561636635987));
#6412=CARTESIAN_POINT('Ctrl Pts',(-34.9990340145264,1.8480083478423,-35.9999121249816));
#6413=CARTESIAN_POINT('Ctrl Pts',(-33.6781778396883,0.55648300617984,-35.8862686651621));
#6414=CARTESIAN_POINT('Ctrl Pts',(-33.6329340682121,0.693016455843543,-36.0304092848684));
#6415=CARTESIAN_POINT('Ctrl Pts',(-33.5876923204313,0.829525822431522,-36.1744540141166));
#6416=CARTESIAN_POINT('Ctrl Pts',(-33.5424376213139,0.966062970092845,-36.318363391231));
#6417=CARTESIAN_POINT('Ctrl Pts',(-31.993278220678,-0.071260429284988,-35.8889542668128));
#6418=CARTESIAN_POINT('Ctrl Pts',(-31.9506990447208,0.0656142600209197,
-36.0340827295909));
#6419=CARTESIAN_POINT('Ctrl Pts',(-31.9080727565121,0.202457483675903,-36.1790996067976));
#6420=CARTESIAN_POINT('Ctrl Pts',(-31.8653937588617,0.339323649886054,-36.323966623555));
#6421=CARTESIAN_POINT('Ctrl Pts',(-30.3067366795022,-0.359143675753483,
-35.576032528907));
#6422=CARTESIAN_POINT('Ctrl Pts',(-30.2664304032071,-0.223064179230274,
-35.7228449699826));
#6423=CARTESIAN_POINT('Ctrl Pts',(-30.226035687398,-0.0869725340732806,
-35.8694959296643));
#6424=CARTESIAN_POINT('Ctrl Pts',(-30.1855563982097,0.049131313898928,-36.0159946103445));
#6425=CARTESIAN_POINT('Ctrl Pts',(-34.6879358121664,1.60263256214928,-36.010233719593));
#6426=CARTESIAN_POINT('Ctrl Pts',(-34.4718957978639,1.49232546306629,-36.059768047254));
#6427=CARTESIAN_POINT('Ctrl Pts',(-34.2522191042369,1.38571595689581,-36.1012465132458));
#6428=CARTESIAN_POINT('Ctrl Pts',(-34.0293627447991,1.28300127103135,-36.1346872094119));
#6429=CARTESIAN_POINT('Ctrl Pts',(-33.8073673670993,1.18068341238321,-36.1679987110206));
#6430=CARTESIAN_POINT('Ctrl Pts',(-33.5822162580875,1.08223015633499,-36.1933343963928));
#6431=CARTESIAN_POINT('Ctrl Pts',(-33.3543496020865,0.987871805513226,-36.210676720367));
#6432=CARTESIAN_POINT('Ctrl Pts',(-33.1617755253754,0.908127921048655,-36.2253330201783));
#6433=CARTESIAN_POINT('Ctrl Pts',(-32.9672615622884,0.831309243752631,-36.2342796740191));
#6434=CARTESIAN_POINT('Ctrl Pts',(-32.7710715782607,0.757576104818716,-36.2374864358914));
#6435=CARTESIAN_POINT('Ctrl Pts',(-32.5372138386588,0.669686474314459,-36.2413088842526));
#6436=CARTESIAN_POINT('Ctrl Pts',(-32.3018900649209,0.586526625279531,-36.2369642514003));
#6437=CARTESIAN_POINT('Ctrl Pts',(-32.0655780128819,0.508292817872009,-36.2245590156688));
#6438=CARTESIAN_POINT('Ctrl Pts',(-31.8283264529785,0.429747975641295,-36.2121044603345));
#6439=CARTESIAN_POINT('Ctrl Pts',(-31.5900781293061,0.356168230071234,-36.1915250506601));
#6440=CARTESIAN_POINT('Ctrl Pts',(-31.351300888013,0.287787180244553,-36.1628923875611));
#6441=CARTESIAN_POINT('Ctrl Pts',(-31.1135736085528,0.219706818590731,-36.1343856292729));
#6442=CARTESIAN_POINT('Ctrl Pts',(-30.875321446443,0.156779385504113,-36.0978962169614));
#6443=CARTESIAN_POINT('Ctrl Pts',(-30.6369997850378,0.0992724903701769,
-36.0534598725819));
#6444=CARTESIAN_POINT('Ctrl Pts',(-30.4913795810838,0.0641344095562489,
-36.0263082091814));
#6445=CARTESIAN_POINT('Ctrl Pts',(-30.3457333450631,0.0310208185066958,
-35.9961888819976));
#6446=CARTESIAN_POINT('Ctrl Pts',(-30.2001652518538,1.49361412127291E-10,
-35.9631037270489));
#6447=CARTESIAN_POINT('Ctrl Pts',(-3.32785918323887,-0.49707287877268,-8.36475342129222));
#6448=CARTESIAN_POINT('Ctrl Pts',(-5.64332129131925,-0.341852841202116,
-14.0932467028651));
#6449=CARTESIAN_POINT('Ctrl Pts',(-11.2745910652326,-0.171076631263478,
-22.8982158198096));
#6450=CARTESIAN_POINT('Ctrl Pts',(-22.3168171459904,-0.0458126497229876,
-32.2405568759194));
#6451=CARTESIAN_POINT('Ctrl Pts',(-29.7035721367701,-0.00111095297934413,
-35.9224584952754));
#6452=CARTESIAN_POINT('Ctrl Pts',(-33.5609864769706,0.0173730107163916,
-37.2949182497842));
#6453=CARTESIAN_POINT('Ctrl Pts',(-4.04322629779706,2.34376016284947,-8.06688014685561));
#6454=CARTESIAN_POINT('Ctrl Pts',(-6.82389876879477,2.63831446601,-13.6453499864746));
#6455=CARTESIAN_POINT('Ctrl Pts',(-13.2078973044047,3.05753105379946,-22.0137839712174));
#6456=CARTESIAN_POINT('Ctrl Pts',(-25.0393202826691,3.53092082789219,-30.429008818835));
#6457=CARTESIAN_POINT('Ctrl Pts',(-32.6992763519825,3.76907487688037,-33.457088087869));
#6458=CARTESIAN_POINT('Ctrl Pts',(-36.6349652854815,3.8855393953018,-34.4821392695876));
#6459=CARTESIAN_POINT('Ctrl Pts',(-5.48818112425967,6.92228566086607,-7.26705948714062));
#6460=CARTESIAN_POINT('Ctrl Pts',(-8.96113992736925,7.29095705899267,-12.4607390246749));
#6461=CARTESIAN_POINT('Ctrl Pts',(-16.5740414043022,7.83002179630957,-19.9363426907345));
#6462=CARTESIAN_POINT('Ctrl Pts',(-29.708636886628,8.4404887568452,-26.4853536343766));
#6463=CARTESIAN_POINT('Ctrl Pts',(-37.759283758964,8.77102874661641,-28.2338186484998));
#6464=CARTESIAN_POINT('Ctrl Pts',(-41.7675278581568,8.93562464359453,-28.5823319887118));
#6465=CARTESIAN_POINT('Ctrl Pts',(-7.35411563098732,11.9343806001867,-5.04969784113386));
#6466=CARTESIAN_POINT('Ctrl Pts',(-11.4989167660902,12.2118982598884,-9.67844568583475));
#6467=CARTESIAN_POINT('Ctrl Pts',(-20.1252548670538,12.5545623695057,-15.8764425024581));
#6468=CARTESIAN_POINT('Ctrl Pts',(-34.142740637388,12.9314110869007,-19.9235023306733));
#6469=CARTESIAN_POINT('Ctrl Pts',(-42.349953973554,13.1350683747497,-19.998673912042));
#6470=CARTESIAN_POINT('Ctrl Pts',(-46.3315340534874,13.2404705548767,-19.4897507350988));
#6471=CARTESIAN_POINT('Ctrl Pts',(-8.33835459225046,14.8643775426558,-2.69650018602567));
#6472=CARTESIAN_POINT('Ctrl Pts',(-12.8639860253939,15.0480279118451,-6.96040038286514));
#6473=CARTESIAN_POINT('Ctrl Pts',(-21.9787345535264,15.2342099835211,-12.3628713953571));
#6474=CARTESIAN_POINT('Ctrl Pts',(-36.3156973106617,15.4271565199764,-14.8594366117607));
#6475=CARTESIAN_POINT('Ctrl Pts',(-44.5114725090337,15.5231968778703,-13.8853244470111));
#6476=CARTESIAN_POINT('Ctrl Pts',(-48.4336064743941,15.5713705680195,-12.8274833614043));
#6477=CARTESIAN_POINT('Ctrl Pts',(-8.58113798602652,16.1430658957203,-1.19625372203977));
#6478=CARTESIAN_POINT('Ctrl Pts',(-13.277778371846,16.2804144500793,-5.29381808557592));
#6479=CARTESIAN_POINT('Ctrl Pts',(-22.6119004069211,16.3867769412134,-10.3244048256695));
#6480=CARTESIAN_POINT('Ctrl Pts',(-37.0829646631934,16.4780258984149,-12.1015282574496));
#6481=CARTESIAN_POINT('Ctrl Pts',(-45.2539319346516,16.5160973255038,-10.637112072036));
#6482=CARTESIAN_POINT('Ctrl Pts',(-49.1347253826174,16.5341375024428,-9.3184262071809));
#6483=CARTESIAN_POINT('Ctrl Pts',(-8.58806339363995,16.7267520586798,-0.381320959123628));
#6484=CARTESIAN_POINT('Ctrl Pts',(-13.3678667113976,16.8456363367057,-4.40134758233043));
#6485=CARTESIAN_POINT('Ctrl Pts',(-22.8199911849431,16.9122767146691,-9.24771777603246));
#6486=CARTESIAN_POINT('Ctrl Pts',(-37.3689728452875,16.952613305121,-10.6761594239106));
#6487=CARTESIAN_POINT('Ctrl Pts',(-45.531101509062,16.9613497976571,-8.9742461997676));
#6488=CARTESIAN_POINT('Ctrl Pts',(-49.3889378527068,16.9651238059088,-7.52976293343392));
#6489=CARTESIAN_POINT('Ctrl Pts',(-43.1321255532777,16.9578878718577,-9.31479438625673));
#6490=CARTESIAN_POINT('Ctrl Pts',(-43.7707889411855,16.9587577191645,-9.18691329828274));
#6491=CARTESIAN_POINT('Ctrl Pts',(-44.4270777076728,16.9190145965874,-9.1784822164977));
#6492=CARTESIAN_POINT('Ctrl Pts',(-45.7010236430832,16.7669341425677,-9.40284145827697));
#6493=CARTESIAN_POINT('Ctrl Pts',(-46.3065149417086,16.6560106265767,-9.63338375406591));
#6494=CARTESIAN_POINT('Ctrl Pts',(-47.386020067356,16.3755651004804,-10.3047398843007));
#6495=CARTESIAN_POINT('Ctrl Pts',(-47.8497716216131,16.2086664716919,-10.7389614649938));
#6496=CARTESIAN_POINT('Ctrl Pts',(-48.3486939320805,15.9516012566277,-11.4395185602356));
#6497=CARTESIAN_POINT('Ctrl Pts',(-48.4702432540027,15.878587830107,-11.6414371575151));
#6498=CARTESIAN_POINT('Ctrl Pts',(-48.5753016751459,15.8037693961424,-11.8507412075597));
#6499=CARTESIAN_POINT('Ctrl Pts',(-43.101478618159,16.4789418273924,-9.1745040248633));
#6500=CARTESIAN_POINT('Ctrl Pts',(-43.1132215158326,16.6629000838001,-9.22839675077309));
#6501=CARTESIAN_POINT('Ctrl Pts',(-43.1249970958434,16.8468582242193,-9.28227953976249));
#6502=CARTESIAN_POINT('Ctrl Pts',(-43.1368049874789,17.030816343053,-9.33615224130889));
#6503=CARTESIAN_POINT('Ctrl Pts',(-44.0368567868469,16.4520007007355,-8.98101668535336));
#6504=CARTESIAN_POINT('Ctrl Pts',(-44.0489517798122,16.6361395642957,-9.03395472400941));
#6505=CARTESIAN_POINT('Ctrl Pts',(-44.0610927086073,16.8202747217877,-9.08689180535376));
#6506=CARTESIAN_POINT('Ctrl Pts',(-44.0732447654934,17.004413312528,-9.13981466076679));
#6507=CARTESIAN_POINT('Ctrl Pts',(-46.3430798017599,16.20076976335,-9.14543554061337));
#6508=CARTESIAN_POINT('Ctrl Pts',(-46.3567521556826,16.3851112264788,-9.19675222968913));
#6509=CARTESIAN_POINT('Ctrl Pts',(-46.3704461328032,16.569455883574,-9.24805337079199));
#6510=CARTESIAN_POINT('Ctrl Pts',(-46.3841553110122,16.7537996026949,-9.29935746100481));
#6511=CARTESIAN_POINT('Ctrl Pts',(-48.0605541399638,15.6018035302824,-10.6975068286085));
#6512=CARTESIAN_POINT('Ctrl Pts',(-48.075972455524,15.7858763611396,-10.7491342233742));
#6513=CARTESIAN_POINT('Ctrl Pts',(-48.091365786928,15.9699448961177,-10.800797536586));
#6514=CARTESIAN_POINT('Ctrl Pts',(-48.1068103338556,16.154026534861,-10.8523985534776));
#6515=CARTESIAN_POINT('Ctrl Pts',(-48.5792316837879,15.2375365823304,-11.802750726201));
#6516=CARTESIAN_POINT('Ctrl Pts',(-48.5951252693285,15.4214312703013,-11.8549348183672));
#6517=CARTESIAN_POINT('Ctrl Pts',(-48.6110322487301,15.6053320650333,-11.9071011544767));
#6518=CARTESIAN_POINT('Ctrl Pts',(-48.626952439119,15.7892388730302,-11.959249930804));
#6519=UNCERTAINTY_MEASURE_WITH_UNIT(LENGTH_MEASURE(0.01),#6523,
'DISTANCE_ACCURACY_VALUE',
'Maximum model space distance between geometric entities at asserted c
onnectivities');
#6520=UNCERTAINTY_MEASURE_WITH_UNIT(LENGTH_MEASURE(0.01),#6523,
'DISTANCE_ACCURACY_VALUE',
'Maximum model space distance between geometric entities at asserted c
onnectivities');
#6521=(
GEOMETRIC_REPRESENTATION_CONTEXT(3)
GLOBAL_UNCERTAINTY_ASSIGNED_CONTEXT((#6519))
GLOBAL_UNIT_ASSIGNED_CONTEXT((#6523,#6525,#6526))
REPRESENTATION_CONTEXT('','3D')
);
#6522=(
GEOMETRIC_REPRESENTATION_CONTEXT(3)
GLOBAL_UNCERTAINTY_ASSIGNED_CONTEXT((#6520))
GLOBAL_UNIT_ASSIGNED_CONTEXT((#6523,#6525,#6526))
REPRESENTATION_CONTEXT('','3D')
);
#6523=(
LENGTH_UNIT()
NAMED_UNIT(*)
SI_UNIT(.MILLI.,.METRE.)
);
#6524=(
LENGTH_UNIT()
NAMED_UNIT(*)
SI_UNIT($,.METRE.)
);
#6525=(
NAMED_UNIT(*)
PLANE_ANGLE_UNIT()
SI_UNIT($,.RADIAN.)
);
#6526=(
NAMED_UNIT(*)
SI_UNIT($,.STERADIAN.)
SOLID_ANGLE_UNIT()
);
#6527=SHAPE_DEFINITION_REPRESENTATION(#6528,#6529);
#6528=PRODUCT_DEFINITION_SHAPE('',$,#6531);
#6529=SHAPE_REPRESENTATION('',(#2039),#6521);
#6530=PRODUCT_DEFINITION_CONTEXT('part definition',#6535,'design');
#6531=PRODUCT_DEFINITION('2026-04-22-11-23-02-881',
'Fume Extractor_Blade',#6532,#6530);
#6532=PRODUCT_DEFINITION_FORMATION('',$,#6537);
#6533=PRODUCT_RELATED_PRODUCT_CATEGORY('Fume Extractor_Blade',
'Fume Extractor_Blade',(#6537));
#6534=APPLICATION_PROTOCOL_DEFINITION('international standard',
'automotive_design',2009,#6535);
#6535=APPLICATION_CONTEXT(
'Core Data for Automotive Mechanical Design Process');
#6536=PRODUCT_CONTEXT('part definition',#6535,'mechanical');
#6537=PRODUCT('2026-04-22-11-23-02-881','Fume Extractor_Blade',$,(#6536));
#6538=PRESENTATION_STYLE_ASSIGNMENT((#6539));
#6539=SURFACE_STYLE_USAGE(.BOTH.,#6540);
#6540=SURFACE_SIDE_STYLE('',(#6541));
#6541=SURFACE_STYLE_FILL_AREA(#6542);
#6542=FILL_AREA_STYLE('Steel - Satin',(#6543));
#6543=FILL_AREA_STYLE_COLOUR('Steel - Satin',#6544);
#6544=COLOUR_RGB('Steel - Satin',0.627450980392157,0.627450980392157,0.627450980392157);
ENDSEC;
END-ISO-10303-21;
